mut,protein_start,subpool,ref_aa,alt_aa,condition,replicate,drug,concentration,ct,depth,maf,log2fc,net_growth_rate,net_growth_rate_neg,rel_via
L354A,354,S15,L,A,a_5,1,Asciminib,5,8804,465856,0.018898544,0.472621236,0.03839239,0.03585403,1.200528515
L354A,354,S15,L,A,a_10,1,Asciminib,10,20352,736805,0.027621962,1.020161984,0.037286532,0.03585403,1.108646712
L354A,354,S15,L,A,a_50,1,Asciminib,50,13542,364815,0.037120184,1.446550035,0.020182945,0.03585403,0.323577006
L354A,354,S15,L,A,a_89,1,Asciminib,89,12500,363702,0.034368796,1.335445496,0.016180509,0.03585403,0.242563065
L354A,354,S15,L,A,a_128,1,Asciminib,128,7224,237662,0.030396109,1.15823281,0.014149424,0.03585403,0.209562834
L354A,354,S15,L,A,a_250,1,Asciminib,250,13263,453294,0.029259156,1.103234335,0.011826086,0.03585403,0.177282277
L354A,354,S15,L,A,a_363,1,Asciminib,363,13563,412243,0.032900498,1.272455587,0.013778348,0.03585403,0.204037975
L354A,354,S15,L,A,a_500,1,Asciminib,500,9703,263369,0.036841845,1.435691496,0.01375101,0.03585403,0.203636765
L354A,354,S15,L,A,a_638,1,Asciminib,638,20311,650734,0.031212446,1.196467597,0.009129844,0.03585403,0.146001053
L354A,354,S15,L,A,a_750,1,Asciminib,750,27685,906324,0.030546471,1.165351893,0.011574055,0.03585403,0.174094294
L354A,354,S15,L,A,a_1151,1,Asciminib,1151,6973,270466,0.025781429,0.920678401,0.010247772,0.03585403,0.158238701
L354A,354,S15,L,A,D0,1,D0,,1062,86876,0.01222432,-0.155899653,,0.03585403,
L354A,354,S15,L,A,D0,1,D0,,1062,86876,0.01222432,-0.155899653,,0.03585403,
L354A,354,S15,L,A,D0,2,D0,,698,46489,0.015014304,0.140683809,,0.03585403,
L354A,354,S15,L,A,D0,2,D0,,698,46489,0.015014304,0.140683809,,0.03585403,
L354A,354,S15,L,A,i_50,1,Imatinib,50,23802,1433607,0.016602877,0.285779382,0.037721345,0.03585403,1.143903636
L354A,354,S15,L,A,i_100,1,Imatinib,100,2618,136108,0.019234725,0.498059396,0.037958109,0.03585403,1.163570919
L354A,354,S15,L,A,i_200,1,Imatinib,200,21791,847842,0.025701723,0.916211228,0.034792712,0.03585403,0.926431754
L354A,354,S15,L,A,i_300,1,Imatinib,300,1670,57840,0.028872752,1.084054811,0.027554967,0.03585403,0.55016745
L354A,354,S15,L,A,i_444,1,Imatinib,444,7451,254313,0.029298542,1.105175016,0.018378356,0.03585403,0.284151272
L354A,354,S15,L,A,i_500,1,Imatinib,500,1564,44660,0.035020152,1.362531522,0.018635236,0.03585403,0.289455656
L354A,354,S15,L,A,i_579,1,Imatinib,579,3388,110676,0.030611876,1.168437631,0.016219449,0.03585403,0.243244081
L354A,354,S15,L,A,i_750,1,Imatinib,750,9193,284854,0.032272673,1.244659241,0.012675727,0.03585403,0.188465962
L354A,354,S15,L,A,i_1000,1,Imatinib,1000,8483,311421,0.027239653,1.000054494,0.008125828,0.03585403,0.135819213
L354A,354,S15,L,A,i_1250,1,Imatinib,1250,10947,448879,0.024387418,0.840483213,0.004121088,0.03585403,0.101797284
L354A,354,S15,L,A,i_2500,1,Imatinib,2500,1980,119408,0.016581804,0.283947099,-0.005507334,0.03585403,0.050893593
L354A,354,S15,L,A,i_5000,1,Imatinib,5000,6496,251745,0.025803889,0.921934673,-0.00117099,0.03585403,0.069543595
L354A,354,S15,L,A,N,1,None,0,8414,548120,0.015350653,0.172646206,0.03585403,0.03585403,1
L354C,354,S15,L,C,a_5,1,Asciminib,5,939,465856,0.002015644,0.393596262,0.037566207,0.036974024,1.043559186
L354C,354,S15,L,C,a_10,1,Asciminib,10,1729,736805,0.002346618,0.612938291,0.033029127,0.036974024,0.752742095
L354C,354,S15,L,C,a_50,1,Asciminib,50,1348,364815,0.003695024,1.26793872,0.018315616,0.036974024,0.260955495
L354C,354,S15,L,C,a_89,1,Asciminib,89,1295,363702,0.003560607,1.214478512,0.014915834,0.036974024,0.204295122
L354C,354,S15,L,C,a_128,1,Asciminib,128,717,237662,0.00301689,0.97541705,0.012238138,0.036974024,0.168472329
L354C,354,S15,L,C,a_250,1,Asciminib,250,1221,453294,0.002693616,0.811899409,0.008780264,0.036974024,0.131341991
L354C,354,S15,L,C,a_363,1,Asciminib,363,1256,412243,0.003046747,0.989624741,0.010821434,0.036974024,0.152135074
L354C,354,S15,L,C,a_500,1,Asciminib,500,800,263369,0.003037563,0.985269636,0.009041981,0.036974024,0.13384042
L354C,354,S15,L,C,a_638,1,Asciminib,638,1916,650734,0.002944367,0.9403129,0.006451821,0.036974024,0.111069558
L354C,354,S15,L,C,a_750,1,Asciminib,750,2541,906324,0.002803633,0.86965276,0.008482607,0.036974024,0.128557112
L354C,354,S15,L,C,a_1151,1,Asciminib,1151,715,270466,0.002643586,0.784851175,0.008827738,0.036974024,0.131791702
L354C,354,S15,L,C,D0,1,D0,,147,86876,0.001692067,0.141141749,,0.036974024,
L354C,354,S15,L,C,D0,1,D0,,147,86876,0.001692067,0.141141749,,0.036974024,
L354C,354,S15,L,C,D0,2,D0,,64,46489,0.00137667,-0.15646231,,0.036974024,
L354C,354,S15,L,C,D0,2,D0,,64,46489,0.00137667,-0.15646231,,0.036974024,
L354C,354,S15,L,C,i_50,1,Imatinib,50,2791,1433607,0.001946838,0.343487716,0.038324669,0.036974024,1.102131936
L354C,354,S15,L,C,i_100,1,Imatinib,100,291,136108,0.002138008,0.478622465,0.037754901,0.036974024,1.057833739
L354C,354,S15,L,C,i_200,1,Imatinib,200,2066,847842,0.002436775,0.667328092,0.032190712,0.036974024,0.708646485
L354C,354,S15,L,C,i_300,1,Imatinib,300,165,57840,0.002852697,0.894681746,0.025575126,0.036974024,0.44011438
L354C,354,S15,L,C,i_444,1,Imatinib,444,685,254313,0.002693531,0.811853955,0.01531177,0.036974024,0.210202845
L354C,354,S15,L,C,i_500,1,Imatinib,500,144,44660,0.003224362,1.071368834,0.015591215,0.036974024,0.214474972
L354C,354,S15,L,C,i_579,1,Imatinib,579,278,110676,0.002511836,0.711097653,0.011438092,0.036974024,0.159041981
L354C,354,S15,L,C,i_750,1,Imatinib,750,774,284854,0.002717181,0.82446608,0.00828273,0.036974024,0.126720273
L354C,354,S15,L,C,i_1000,1,Imatinib,1000,816,311421,0.002620247,0.772058098,0.005742192,0.036974024,0.105537185
L354C,354,S15,L,C,i_1250,1,Imatinib,1250,1162,448879,0.002588671,0.754566738,0.003222856,0.036974024,0.088029431
L354C,354,S15,L,C,i_2500,1,Imatinib,2500,240,119408,0.002009916,0.389490088,-0.004403913,0.036974024,0.050832902
L354C,354,S15,L,C,i_5000,1,Imatinib,5000,538,251745,0.002137083,0.477998227,-0.005812216,0.036974024,0.045931263
L354C,354,S15,L,C,N,1,None,0,1021,548120,0.001862731,0.279774362,0.036974024,0.036974024,1
L354D,354,S15,L,D,a_5,1,Asciminib,5,1928,465856,0.004138618,-0.08307735,0.032582723,0.034347864,0.880654277
L354D,354,S15,L,D,a_10,1,Asciminib,10,3014,736805,0.004090635,-0.099901762,0.025576592,0.034347864,0.531776695
L354D,354,S15,L,D,a_50,1,Asciminib,50,1254,364815,0.003437359,-0.350926028,0.001390856,0.034347864,0.0932096
L354D,354,S15,L,D,a_89,1,Asciminib,89,1483,363702,0.004077514,-0.104536588,0.001125916,0.034347864,0.091448411
L354D,354,S15,L,D,a_128,1,Asciminib,128,854,237662,0.003593338,-0.2869016,-0.000959035,0.034347864,0.07870121
L354D,354,S15,L,D,a_250,1,Asciminib,250,1988,453294,0.004385675,0.000572365,0.000298076,0.034347864,0.086156941
L354D,354,S15,L,D,a_363,1,Asciminib,363,1444,412243,0.003502788,-0.323722581,-0.00290923,0.034347864,0.068391224
L354D,354,S15,L,D,a_500,1,Asciminib,500,1036,263369,0.003933644,-0.156359866,-0.002893423,0.034347864,0.068469106
L354D,354,S15,L,D,a_638,1,Asciminib,638,2972,650734,0.00456715,0.059067854,-0.002761339,0.034347864,0.069123353
L354D,354,S15,L,D,a_750,1,Asciminib,750,3298,906324,0.003638875,-0.268733817,-0.003418893,0.034347864,0.065927046
L354D,354,S15,L,D,a_1151,1,Asciminib,1151,1172,270466,0.004333262,-0.016773003,0.00044699,0.034347864,0.087085672
L354D,354,S15,L,D,D0,1,D0,,416,86876,0.004788434,0.127327522,,0.034347864,
L354D,354,S15,L,D,D0,1,D0,,416,86876,0.004788434,0.127327522,,0.034347864,
L354D,354,S15,L,D,D0,2,D0,,185,46489,0.003979436,-0.139662449,,0.034347864,
L354D,354,S15,L,D,D0,2,D0,,185,46489,0.003979436,-0.139662449,,0.034347864,
L354D,354,S15,L,D,i_50,1,Imatinib,50,6623,1433607,0.004619816,0.075608849,0.035524073,0.034347864,1.088376421
L354D,354,S15,L,D,i_100,1,Imatinib,100,663,136108,0.004871132,0.152030582,0.034340479,0.034347864,0.999468374
L354D,354,S15,L,D,i_200,1,Imatinib,200,3594,847842,0.004238997,-0.048503354,0.024706903,0.034347864,0.499499223
L354D,354,S15,L,D,i_300,1,Imatinib,300,256,57840,0.004426003,0.013777931,0.016365534,0.034347864,0.273972432
L354D,354,S15,L,D,i_444,1,Imatinib,444,1133,254313,0.00445514,0.023244322,0.007067086,0.034347864,0.140265809
L354D,354,S15,L,D,i_500,1,Imatinib,500,170,44660,0.003806538,-0.203746832,0.002260253,0.034347864,0.099230681
L354D,354,S15,L,D,i_579,1,Imatinib,579,507,110676,0.004580939,0.063416917,0.004666779,0.034347864,0.118003838
L354D,354,S15,L,D,i_750,1,Imatinib,750,1214,284854,0.004261832,-0.04075257,-0.000762879,0.034347864,0.079820611
L354D,354,S15,L,D,i_1000,1,Imatinib,1000,1435,311421,0.00460791,0.071886177,-0.001577902,0.034347864,0.075271392
L354D,354,S15,L,D,i_1250,1,Imatinib,1250,2020,448879,0.004500099,0.037730362,-0.004271459,0.034347864,0.062001836
L354D,354,S15,L,D,i_2500,1,Imatinib,2500,562,119408,0.004706552,0.102444212,-0.007404894,0.034347864,0.049479414
L354D,354,S15,L,D,i_5000,1,Imatinib,5000,1107,251745,0.004397307,0.00439377,-0.010763613,0.034347864,0.038850811
L354D,354,S15,L,D,N,1,None,0,2451,548120,0.004471649,0.02858038,0.034347864,0.034347864,1
L354E,354,S15,L,E,a_5,1,Asciminib,5,1870,465856,0.004014116,-0.301194409,0.030302373,0.034563022,0.735822213
L354E,354,S15,L,E,a_10,1,Asciminib,10,3061,736805,0.004154423,-0.251628411,0.023990334,0.034563022,0.467089884
L354E,354,S15,L,E,a_50,1,Asciminib,50,1420,364815,0.003892384,-0.345622724,0.001446301,0.034563022,0.092143888
L354E,354,S15,L,E,a_89,1,Asciminib,89,1522,363702,0.004184745,-0.241137105,-0.000302203,0.034563022,0.081244172
L354E,354,S15,L,E,a_128,1,Asciminib,128,1089,237662,0.004582138,-0.110255898,0.000887744,0.034563022,0.088511746
L354E,354,S15,L,E,a_250,1,Asciminib,250,1834,453294,0.004045939,-0.289802031,-0.002737704,0.034563022,0.06817671
L354E,354,S15,L,E,a_363,1,Asciminib,363,1821,412243,0.004417298,-0.163112679,-0.0012301,0.034563022,0.075993702
L354E,354,S15,L,E,a_500,1,Asciminib,500,934,263369,0.003546355,-0.479939692,-0.006276355,0.034563022,0.052842727
L354E,354,S15,L,E,a_638,1,Asciminib,638,2453,650734,0.003769589,-0.391869305,-0.007475756,0.034563022,0.048470883
L354E,354,S15,L,E,a_750,1,Asciminib,750,3838,906324,0.004234689,-0.224020782,-0.002951431,0.034563022,0.067135613
L354E,354,S15,L,E,a_1151,1,Asciminib,1151,1079,270466,0.003989411,-0.310100985,-0.002619668,0.034563022,0.068758584
L354E,354,S15,L,E,D0,1,D0,,452,86876,0.005202818,0.073016489,,0.034563022,
L354E,354,S15,L,E,D0,1,D0,,452,86876,0.005202818,0.073016489,,0.034563022,
L354E,354,S15,L,E,D0,2,D0,,218,46489,0.004689281,-0.076909863,,0.034563022,
L354E,354,S15,L,E,D0,2,D0,,218,46489,0.004689281,-0.076909863,,0.034563022,
L354E,354,S15,L,E,i_50,1,Imatinib,50,7714,1433607,0.005380833,0.12155286,0.036004405,0.034563022,1.109355856
L354E,354,S15,L,E,i_100,1,Imatinib,100,671,136108,0.004929909,-0.004715799,0.032701741,0.034563022,0.874579342
L354E,354,S15,L,E,i_200,1,Imatinib,200,3751,847842,0.004424173,-0.160868777,0.023532155,0.034563022,0.451932498
L354E,354,S15,L,E,i_300,1,Imatinib,300,326,57840,0.005636238,0.188455808,0.01819174,0.034563022,0.307668519
L354E,354,S15,L,E,i_444,1,Imatinib,444,1237,254313,0.004864085,-0.024108316,0.006572028,0.034563022,0.13327354
L354E,354,S15,L,E,i_500,1,Imatinib,500,187,44660,0.004187192,-0.240293586,0.001878167,0.034563022,0.095054052
L354E,354,S15,L,E,i_579,1,Imatinib,579,447,110676,0.004038816,-0.292344277,0.000947399,0.034563022,0.088892737
L354E,354,S15,L,E,i_750,1,Imatinib,750,1314,284854,0.004612889,-0.100605994,-0.001388629,0.034563022,0.075131234
L354E,354,S15,L,E,i_1000,1,Imatinib,1000,1558,311421,0.005002874,0.016480396,-0.002157153,0.034563022,0.071086872
L354E,354,S15,L,E,i_1250,1,Imatinib,1250,2327,448879,0.005184025,0.067796002,-0.003957132,0.034563022,0.062446126
L354E,354,S15,L,E,i_2500,1,Imatinib,2500,716,119408,0.005996248,0.277783392,-0.005571774,0.034563022,0.055592593
L354E,354,S15,L,E,i_5000,1,Imatinib,5000,1096,251745,0.004353612,-0.184063931,-0.012733883,0.034563022,0.033194298
L354E,354,S15,L,E,N,1,None,0,2805,548120,0.005117493,0.049160389,0.034563022,0.034563022,1
L354F,354,S15,L,F,a_5,1,Asciminib,5,2953,465856,0.006338869,0.20944401,0.035640949,0.033250501,1.187811122
L354F,354,S15,L,F,a_10,1,Asciminib,10,6677,736805,0.009062099,0.725063917,0.034201367,0.033250501,1.070860319
L354F,354,S15,L,F,a_50,1,Asciminib,50,4014,364815,0.011002837,1.005022296,0.015566901,0.033250501,0.279929019
L354F,354,S15,L,F,a_89,1,Asciminib,89,4375,363702,0.012029079,1.133672886,0.014071035,0.033250501,0.251346815
L354F,354,S15,L,F,a_128,1,Asciminib,128,2597,237662,0.010927283,0.995081495,0.012443725,0.033250501,0.22355721
L354F,354,S15,L,F,a_250,1,Asciminib,250,5215,453294,0.011504675,1.069366916,0.011472012,0.033250501,0.208451003
L354F,354,S15,L,F,a_363,1,Asciminib,363,4836,412243,0.011730945,1.097465977,0.011948882,0.033250501,0.215732393
L354F,354,S15,L,F,a_500,1,Asciminib,500,3311,263369,0.012571715,1.197328197,0.011258992,0.033250501,0.205278293
L354F,354,S15,L,F,a_638,1,Asciminib,638,7826,650734,0.012026419,1.133353904,0.008470008,0.033250501,0.16793211
L354F,354,S15,L,F,a_750,1,Asciminib,750,9892,906324,0.010914419,0.993382079,0.009776161,0.033250501,0.184491388
L354F,354,S15,L,F,a_1151,1,Asciminib,1151,2696,270466,0.009967981,0.862519979,0.009639742,0.033250501,0.182688157
L354F,354,S15,L,F,D0,1,D0,,448,86876,0.005156775,-0.088312218,,0.033250501,
L354F,354,S15,L,F,D0,1,D0,,448,86876,0.005156775,-0.088312218,,0.033250501,
L354F,354,S15,L,F,D0,2,D0,,270,46489,0.005807826,0.083216743,,0.033250501,
L354F,354,S15,L,F,D0,2,D0,,270,46489,0.005807826,0.083216743,,0.033250501,
L354F,354,S15,L,F,i_50,1,Imatinib,50,9081,1433607,0.006334372,0.208420223,0.036912578,0.033250501,1.301697909
L354F,354,S15,L,F,i_100,1,Imatinib,100,868,136108,0.006377289,0.21816181,0.035031861,0.033250501,1.136846178
L354F,354,S15,L,F,i_200,1,Imatinib,200,5273,847842,0.006219319,0.181975289,0.02711649,0.033250501,0.642975384
L354F,354,S15,L,F,i_300,1,Imatinib,300,331,57840,0.005722683,0.061910393,0.016868745,0.033250501,0.307436573
L354F,354,S15,L,F,i_444,1,Imatinib,444,1363,254313,0.005359537,-0.032672921,0.006482488,0.033250501,0.145541068
L354F,354,S15,L,F,i_500,1,Imatinib,500,234,44660,0.005239588,-0.065327993,0.003707381,0.033250501,0.119181869
L354F,354,S15,L,F,i_579,1,Imatinib,579,533,110676,0.004815859,-0.186988242,0.002048866,0.033250501,0.105766892
L354F,354,S15,L,F,i_750,1,Imatinib,750,1418,284854,0.004977989,-0.139218404,-0.001792311,0.033250501,0.080211975
L354F,354,S15,L,F,i_1000,1,Imatinib,1000,1709,311421,0.005487748,0.001432893,-0.00231447,0.033250501,0.07725235
L354F,354,S15,L,F,i_1250,1,Imatinib,1250,2552,448879,0.005685274,0.052448454,-0.004117586,0.033250501,0.067846854
L354F,354,S15,L,F,i_2500,1,Imatinib,2500,643,119408,0.005384899,-0.025862125,-0.008746299,0.033250501,0.048617602
L354F,354,S15,L,F,i_5000,1,Imatinib,5000,2282,251745,0.009064728,0.725482395,-0.003224841,0.033250501,0.072351098
L354F,354,S15,L,F,N,1,None,0,2850,548120,0.005199591,-0.076383129,0.033250501,0.033250501,1
L354G,354,S15,L,G,a_5,1,Asciminib,5,9077,465856,0.019484562,0.196495643,0.035505577,0.034747953,1.056064185
L354G,354,S15,L,G,a_10,1,Asciminib,10,16638,736805,0.02258128,0.409291426,0.030900058,0.034747953,0.758017787
L354G,354,S15,L,G,a_50,1,Asciminib,50,9698,364815,0.026583337,0.644686364,0.011799694,0.034747953,0.19161356
L354G,354,S15,L,G,a_89,1,Asciminib,89,9839,363702,0.027052367,0.669918994,0.009222623,0.034747953,0.159163433
L354G,354,S15,L,G,a_128,1,Asciminib,128,6506,237662,0.027375012,0.687023735,0.00922307,0.034747953,0.159168557
L354G,354,S15,L,G,a_250,1,Asciminib,250,11903,453294,0.026258896,0.626970422,0.006846885,0.034747953,0.134139245
L354G,354,S15,L,G,a_363,1,Asciminib,363,13472,412243,0.032679754,0.942561302,0.010329399,0.034747953,0.172365878
L354G,354,S15,L,G,a_500,1,Asciminib,500,8367,263369,0.031769115,0.901789053,0.008169216,0.034747953,0.147538068
L354G,354,S15,L,G,a_638,1,Asciminib,638,18845,650734,0.028959606,0.768206116,0.004652495,0.034747953,0.11453521
L354G,354,S15,L,G,a_750,1,Asciminib,750,26838,906324,0.029611927,0.800342531,0.007757989,0.034747953,0.143233744
L354G,354,S15,L,G,a_1151,1,Asciminib,1151,6937,270466,0.025648325,0.593028799,0.006822291,0.034747953,0.133901921
L354G,354,S15,L,G,D0,1,D0,,1394,86876,0.016045858,-0.083634863,,0.034747953,
L354G,354,S15,L,G,D0,1,D0,,1394,86876,0.016045858,-0.083634863,,0.034747953,
L354G,354,S15,L,G,D0,2,D0,,835,46489,0.017961238,0.079050965,,0.034747953,
L354G,354,S15,L,G,D0,2,D0,,835,46489,0.017961238,0.079050965,,0.034747953,
L354G,354,S15,L,G,i_50,1,Imatinib,50,26605,1433607,0.018558085,0.126211977,0.036053114,0.034747953,1.098528577
L354G,354,S15,L,G,i_100,1,Imatinib,100,2596,136108,0.019073089,0.165702677,0.034483416,0.034747953,0.981133609
L354G,354,S15,L,G,i_200,1,Imatinib,200,17247,847842,0.020342234,0.258642256,0.02791802,0.034747953,0.611552095
L354G,354,S15,L,G,i_300,1,Imatinib,300,1513,57840,0.026158368,0.621436691,0.022718429,0.034747953,0.420577834
L354G,354,S15,L,G,i_444,1,Imatinib,444,5721,254313,0.022495901,0.403826293,0.01104596,0.034747953,0.181492036
L354G,354,S15,L,G,i_500,1,Imatinib,500,1396,44660,0.031258397,0.878407946,0.013573865,0.034747953,0.217722429
L354G,354,S15,L,G,i_579,1,Imatinib,579,2565,110676,0.023175756,0.446780577,0.008674734,0.034747953,0.153006981
L354G,354,S15,L,G,i_750,1,Imatinib,750,7537,284854,0.026459169,0.637931888,0.006332569,0.034747953,0.129262814
L354G,354,S15,L,G,i_1000,1,Imatinib,1000,8361,311421,0.0268479,0.658973431,0.004559925,0.034747953,0.113774366
L354G,354,S15,L,G,i_1250,1,Imatinib,1250,11907,448879,0.026526079,0.641575619,0.002041567,0.034747953,0.094906814
L354G,354,S15,L,G,i_2500,1,Imatinib,2500,2599,119408,0.021765711,0.356221298,-0.004751728,0.034747953,0.058193766
L354G,354,S15,L,G,i_5000,1,Imatinib,5000,6066,251745,0.024095811,0.502946534,-0.005551389,0.034747953,0.054937858
L354G,354,S15,L,G,N,1,None,0,9762,548120,0.017809969,0.066849135,0.034747953,0.034747953,1
L354H,354,S15,L,H,a_5,1,Asciminib,5,2841,465856,0.006098451,-0.284278269,0.030479226,0.035270194,0.708256007
L354H,354,S15,L,H,a_10,1,Asciminib,10,4778,736805,0.006484755,-0.195669023,0.024575373,0.035270194,0.463000519
L354H,354,S15,L,H,a_50,1,Asciminib,50,2226,364815,0.006101723,-0.283504483,0.002095729,0.035270194,0.091761593
L354H,354,S15,L,H,a_89,1,Asciminib,89,2388,363702,0.006565815,-0.177747048,0.000360522,0.035270194,0.080984591
L354H,354,S15,L,H,a_128,1,Asciminib,128,1614,237662,0.006791157,-0.129063695,0.000691114,0.035270194,0.082935364
L354H,354,S15,L,H,a_250,1,Asciminib,250,3157,453294,0.006964575,-0.09268583,-0.000676911,0.035270194,0.075155832
L354H,354,S15,L,H,a_363,1,Asciminib,363,2664,412243,0.006462208,-0.20069394,-0.001623001,0.035270194,0.070206805
L354H,354,S15,L,H,a_500,1,Asciminib,500,1468,263369,0.005573929,-0.4140266,-0.005587253,0.035270194,0.052774024
L354H,354,S15,L,H,a_638,1,Asciminib,638,4306,650734,0.006617143,-0.166512641,-0.005119718,0.035270194,0.054580773
L354H,354,S15,L,H,a_750,1,Asciminib,750,5793,906324,0.006391754,-0.216509249,-0.0028729,0.035270194,0.064164655
L354H,354,S15,L,H,a_1151,1,Asciminib,1151,2016,270466,0.007453802,0.005255367,0.000677291,0.035270194,0.08285286
L354H,354,S15,L,H,D0,1,D0,,627,86876,0.007217183,-0.041285262,,0.035270194,
L354H,354,S15,L,H,D0,1,D0,,627,86876,0.007217183,-0.041285262,,0.035270194,
L354H,354,S15,L,H,D0,2,D0,,355,46489,0.007636215,0.040136606,,0.035270194,
L354H,354,S15,L,H,D0,2,D0,,355,46489,0.007636215,0.040136606,,0.035270194,
L354H,354,S15,L,H,i_50,1,Imatinib,50,11461,1433607,0.00799452,0.106290316,0.035844839,0.035270194,1.042242327
L354H,354,S15,L,H,i_100,1,Imatinib,100,965,136108,0.007089958,-0.066944045,0.032051163,0.035270194,0.793128333
L354H,354,S15,L,H,i_200,1,Imatinib,200,6102,847842,0.007197096,-0.045306281,0.024740327,0.035270194,0.468532223
L354H,354,S15,L,H,i_300,1,Imatinib,300,434,57840,0.007503458,0.014834465,0.016376579,0.035270194,0.25657347
L354H,354,S15,L,H,i_444,1,Imatinib,444,1917,254313,0.007537955,0.0214521,0.007048349,0.035270194,0.131076675
L354H,354,S15,L,H,i_500,1,Imatinib,500,287,44660,0.006426332,-0.20872554,0.002208202,0.035270194,0.092507697
L354H,354,S15,L,H,i_579,1,Imatinib,579,748,110676,0.006758466,-0.136025259,0.002581669,0.035270194,0.095028944
L354H,354,S15,L,H,i_750,1,Imatinib,750,2208,284854,0.007751339,0.061724481,0.000308489,0.035270194,0.080681759
L354H,354,S15,L,H,i_1000,1,Imatinib,1000,2186,311421,0.007019437,-0.081365857,-0.003180107,0.035270194,0.062760986
L354H,354,S15,L,H,i_1250,1,Imatinib,1250,3624,448879,0.008073445,0.120463326,-0.00340651,0.035270194,0.061746211
L354H,354,S15,L,H,i_2500,1,Imatinib,2500,926,119408,0.007754924,0.062391577,-0.007823632,0.035270194,0.044925241
L354H,354,S15,L,H,i_5000,1,Imatinib,5000,1948,251745,0.007737989,0.059237527,-0.010190237,0.035270194,0.037886857
L354H,354,S15,L,H,N,1,None,0,4414,548120,0.008052981,0.116801827,0.035270194,0.035270194,1
L354I,354,S15,L,I,a_5,1,Asciminib,5,3984,465856,0.008551999,0.149368459,0.035012876,0.033097217,1.14789229
L354I,354,S15,L,I,a_10,1,Asciminib,10,7566,736805,0.01026866,0.413282811,0.030941787,0.033097217,0.856251633
L354I,354,S15,L,I,a_50,1,Asciminib,50,2697,364815,0.007392788,-0.060774642,0.004424305,0.033097217,0.126888099
L354I,354,S15,L,I,a_89,1,Asciminib,89,2386,363702,0.006560316,-0.23312793,-0.000218469,0.033097217,0.090833292
L354I,354,S15,L,I,a_128,1,Asciminib,128,1472,237662,0.00619367,-0.31609869,-0.001264282,0.033097217,0.084244841
L354I,354,S15,L,I,a_250,1,Asciminib,250,2849,453294,0.006285104,-0.294956557,-0.002791593,0.033097217,0.075471942
L354I,354,S15,L,I,a_363,1,Asciminib,363,2321,412243,0.005630174,-0.453713588,-0.004268248,0.033097217,0.067859663
L354I,354,S15,L,I,a_500,1,Asciminib,500,1642,263369,0.006234599,-0.306596529,-0.004464103,0.033097217,0.066909451
L354I,354,S15,L,I,a_638,1,Asciminib,638,4115,650734,0.006323628,-0.286140618,-0.006370393,0.033097217,0.058328297
L354I,354,S15,L,I,a_750,1,Asciminib,750,5853,906324,0.006457955,-0.255815724,-0.003283838,0.033097217,0.072843938
L354I,354,S15,L,I,a_1151,1,Asciminib,1151,2193,270466,0.008108228,0.072493452,0.001380245,0.033097217,0.101914407
L354I,354,S15,L,I,D0,1,D0,,639,86876,0.007355311,-0.068106862,,0.033097217,
L354I,354,S15,L,I,D0,1,D0,,639,86876,0.007355311,-0.068106862,,0.033097217,
L354I,354,S15,L,I,D0,2,D0,,375,46489,0.008066424,0.065036089,,0.033097217,
L354I,354,S15,L,I,D0,2,D0,,375,46489,0.008066424,0.065036089,,0.033097217,
L354I,354,S15,L,I,i_50,1,Imatinib,50,11764,1433607,0.008205875,0.089763989,0.035672061,0.033097217,1.203686318
L354I,354,S15,L,I,i_100,1,Imatinib,100,1108,136108,0.008140594,0.078240901,0.033569029,0.033097217,1.034554036
L354I,354,S15,L,I,i_200,1,Imatinib,200,5800,847842,0.006840897,-0.172707649,0.023408383,0.033097217,0.497780498
L354I,354,S15,L,I,i_300,1,Imatinib,300,353,57840,0.006103043,-0.337364483,0.012694442,0.033097217,0.230155572
L354I,354,S15,L,I,i_444,1,Imatinib,444,1962,254313,0.007714903,0.000754716,0.006831964,0.033097217,0.150905988
L354I,354,S15,L,I,i_500,1,Imatinib,500,296,44660,0.006627855,-0.218351189,0.002107568,0.033097217,0.107393598
L354I,354,S15,L,I,i_579,1,Imatinib,579,750,110676,0.006776537,-0.186345022,0.002055591,0.033097217,0.10699244
L354I,354,S15,L,I,i_750,1,Imatinib,750,1920,284854,0.006740295,-0.194081468,-0.002365888,0.033097217,0.07782103
L354I,354,S15,L,I,i_1000,1,Imatinib,1000,2313,311421,0.007427245,-0.054066081,-0.002894696,0.033097217,0.074913758
L354I,354,S15,L,I,i_1250,1,Imatinib,1250,3219,448879,0.007171198,-0.104679141,-0.005760309,0.033097217,0.060947534
L354I,354,S15,L,I,i_2500,1,Imatinib,2500,977,119408,0.008182031,0.085565857,-0.007581352,0.033097217,0.053458107
L354I,354,S15,L,I,i_5000,1,Imatinib,5000,1794,251745,0.007126259,-0.113748348,-0.011998754,0.033097217,0.038894209
L354I,354,S15,L,I,N,1,None,0,3968,548120,0.007239291,-0.091044865,0.033097217,0.033097217,1
L354K,354,S15,L,K,a_5,1,Asciminib,5,3665,465856,0.007867238,-0.167206801,0.031703174,0.034206843,0.835049624
L354K,354,S15,L,K,a_10,1,Asciminib,10,5055,736805,0.006860703,-0.364707684,0.022808123,0.034206843,0.440120014
L354K,354,S15,L,K,a_50,1,Asciminib,50,2618,364815,0.00717624,-0.299835877,0.001924989,0.034206843,0.097852557
L354K,354,S15,L,K,a_89,1,Asciminib,89,2677,363702,0.007360421,-0.263275645,-0.000533655,0.034206843,0.081977061
L354K,354,S15,L,K,a_128,1,Asciminib,128,1989,237662,0.008369028,-0.078003896,0.001224929,0.034206843,0.093042607
L354K,354,S15,L,K,a_250,1,Asciminib,250,3461,453294,0.007635221,-0.210394048,-0.001907516,0.034206843,0.074256211
L354K,354,S15,L,K,a_363,1,Asciminib,363,2816,412243,0.006830923,-0.370983587,-0.00340333,0.034206843,0.066674519
L354K,354,S15,L,K,a_500,1,Asciminib,500,1643,263369,0.006238396,-0.501888987,-0.006505829,0.034206843,0.053327008
L354K,354,S15,L,K,a_638,1,Asciminib,638,4467,650734,0.006864556,-0.363897604,-0.00718332,0.034206843,0.050788176
L354K,354,S15,L,K,a_750,1,Asciminib,750,6280,906324,0.006929089,-0.350398254,-0.004272671,0.034206843,0.062629118
L354K,354,S15,L,K,a_1151,1,Asciminib,1151,2282,270466,0.00843729,-0.066284379,-7.06E-05,0.034206843,0.08475602
L354K,354,S15,L,K,D0,1,D0,,765,86876,0.008805654,-0.004633856,,0.034206843,
L354K,354,S15,L,K,D0,1,D0,,765,86876,0.008805654,-0.004633856,,0.034206843,
L354K,354,S15,L,K,D0,2,D0,,412,46489,0.008862312,0.00461902,,0.034206843,
L354K,354,S15,L,K,D0,2,D0,,412,46489,0.008862312,0.00461902,,0.034206843,
L354K,354,S15,L,K,i_50,1,Imatinib,50,12266,1433607,0.008556041,-0.046120655,0.034251427,0.034206843,1.003215219
L354K,354,S15,L,K,i_100,1,Imatinib,100,1137,136108,0.00835366,-0.080655537,0.031907813,0.034206843,0.847444319
L354K,354,S15,L,K,i_200,1,Imatinib,200,6757,847842,0.007969645,-0.148548505,0.02366096,0.034206843,0.467992233
L354K,354,S15,L,K,i_300,1,Imatinib,300,496,57840,0.00857538,-0.042863356,0.015773366,0.034206843,0.265216089
L354K,354,S15,L,K,i_444,1,Imatinib,444,2477,254313,0.009739966,0.140852732,0.008296648,0.034206843,0.154813512
L354K,354,S15,L,K,i_500,1,Imatinib,500,381,44660,0.008531124,-0.050328178,0.0038642,0.034206843,0.112514826
L354K,354,S15,L,K,i_579,1,Imatinib,579,951,110676,0.008592649,-0.039961087,0.003585992,0.034206843,0.110283468
L354K,354,S15,L,K,i_750,1,Imatinib,750,2379,284854,0.008351647,-0.081003318,-0.001183689,0.034206843,0.078228732
L354K,354,S15,L,K,i_1000,1,Imatinib,1000,2763,311421,0.008872234,0.006233405,-0.002264282,0.034206843,0.072373071
L354K,354,S15,L,K,i_1250,1,Imatinib,1250,3893,448879,0.008672716,-0.026580184,-0.004943807,0.034206843,0.059674721
L354K,354,S15,L,K,i_2500,1,Imatinib,2500,1168,119408,0.009781589,0.147004853,-0.006939025,0.034206843,0.051689403
L354K,354,S15,L,K,i_5000,1,Imatinib,5000,2238,251745,0.008889948,0.009110987,-0.010714295,0.034206843,0.039386902
L354K,354,S15,L,K,N,1,None,0,4893,548120,0.008926877,0.015091581,0.034206843,0.034206843,1
L354M,354,S15,L,M,a_5,1,Asciminib,5,330,465856,0.000708373,0.235594188,0.035914341,0.035455329,1.033601053
L354M,354,S15,L,M,a_10,1,Asciminib,10,527,736805,0.00071525,0.249532349,0.029229823,0.035455329,0.638753657
L354M,354,S15,L,M,a_50,1,Asciminib,50,268,364815,0.000734619,0.28808019,0.00807148,0.035455329,0.139228736
L354M,354,S15,L,M,a_89,1,Asciminib,89,275,363702,0.000756114,0.329686998,0.005665597,0.035455329,0.117084344
L354M,354,S15,L,M,a_128,1,Asciminib,128,219,237662,0.000921477,0.615031861,0.008470416,0.035455329,0.143285846
L354M,354,S15,L,M,a_250,1,Asciminib,250,347,453294,0.000765508,0.347500836,0.003925112,0.035455329,0.103294037
L354M,354,S15,L,M,a_363,1,Asciminib,363,253,412243,0.000613716,0.028654627,0.000774771,0.035455329,0.082331609
L354M,354,S15,L,M,a_500,1,Asciminib,500,169,263369,0.000641685,0.092949943,-0.000286961,0.035455329,0.076272341
L354M,354,S15,L,M,a_638,1,Asciminib,638,325,650734,0.000499436,-0.268615978,-0.006187178,0.035455329,0.049873747
L354M,354,S15,L,M,a_750,1,Asciminib,750,592,906324,0.000653188,0.118582526,0.000630387,0.035455329,0.081480149
L354M,354,S15,L,M,a_1151,1,Asciminib,1151,196,270466,0.000724675,0.268418647,0.003428586,0.035455329,0.099666517
L354M,354,S15,L,M,D0,1,D0,,41,86876,0.000471937,-0.350321531,,0.035455329,
L354M,354,S15,L,M,D0,1,D0,,41,86876,0.000471937,-0.350321531,,0.035455329,
L354M,354,S15,L,M,D0,2,D0,,34,46489,0.000731356,0.281657592,,0.035455329,
L354M,354,S15,L,M,D0,2,D0,,34,46489,0.000731356,0.281657592,,0.035455329,
L354M,354,S15,L,M,i_50,1,Imatinib,50,943,1433607,0.000657781,0.128692328,0.036079046,0.035455329,1.045931203
L354M,354,S15,L,M,i_100,1,Imatinib,100,73,136108,0.000536339,-0.165771259,0.031017953,0.035455329,0.726518675
L354M,354,S15,L,M,i_200,1,Imatinib,200,517,847842,0.000609783,0.019381083,0.025416615,0.035455329,0.485397348
L354M,354,S15,L,M,i_300,1,Imatinib,300,17,57840,0.000293914,-1.033520567,0.005416333,0.035455329,0.115001775
L354M,354,S15,L,M,i_444,1,Imatinib,444,178,254313,0.000699925,0.218284268,0.009106172,0.035455329,0.1499971
L354M,354,S15,L,M,i_500,1,Imatinib,500,26,44660,0.000582176,-0.047459389,0.003894192,0.035455329,0.103064337
L354M,354,S15,L,M,i_579,1,Imatinib,579,112,110676,0.001011963,0.750168562,0.011846567,0.035455329,0.182714428
L354M,354,S15,L,M,i_750,1,Imatinib,750,168,284854,0.000589776,-0.028749194,-0.000637387,0.035455329,0.074372012
L354M,354,S15,L,M,i_1000,1,Imatinib,1000,146,311421,0.000468819,-0.359885625,-0.00609195,0.035455329,0.050216878
L354M,354,S15,L,M,i_1250,1,Imatinib,1250,299,448879,0.000666104,0.146831119,-0.003130843,0.035455329,0.062150006
L354M,354,S15,L,M,i_2500,1,Imatinib,2500,58,119408,0.00048573,-0.308762452,-0.01170394,0.035455329,0.033524883
L354M,354,S15,L,M,i_5000,1,Imatinib,5000,171,251745,0.000679259,0.175045439,-0.008979499,0.035455329,0.040790436
L354M,354,S15,L,M,N,1,None,0,362,548120,0.000660439,0.134510159,0.035455329,0.035455329,1
L354N,354,S15,L,N,a_5,1,Asciminib,5,2312,465856,0.004962907,-0.508250547,0.028137661,0.031930105,0.761050204
L354N,354,S15,L,N,a_10,1,Asciminib,10,3936,736805,0.005341983,-0.402060501,0.02241761,0.031930105,0.504140821
L354N,354,S15,L,N,a_50,1,Asciminib,50,1700,364815,0.004659896,-0.599138174,-0.001204129,0.031930105,0.092027773
L354N,354,S15,L,N,a_89,1,Asciminib,89,1712,363702,0.00470715,-0.584582028,-0.003892819,0.031930105,0.075830814
L354N,354,S15,L,N,a_128,1,Asciminib,128,1311,237662,0.005516237,-0.355751433,-0.00167884,0.031930105,0.088935486
L354N,354,S15,L,N,a_250,1,Asciminib,250,2311,453294,0.005098236,-0.469437676,-0.004615742,0.031930105,0.071984749
L354N,354,S15,L,N,a_363,1,Asciminib,363,2021,412243,0.004902448,-0.525933545,-0.005023287,0.031930105,0.069903176
L354N,354,S15,L,N,a_500,1,Asciminib,500,1447,263369,0.005494193,-0.361528491,-0.005038401,0.031930105,0.069827147
L354N,354,S15,L,N,a_638,1,Asciminib,638,3468,650734,0.005329367,-0.405471906,-0.007617967,0.031930105,0.057991363
L354N,354,S15,L,N,a_750,1,Asciminib,750,5046,906324,0.005567545,-0.342394553,-0.004188994,0.031930105,0.074230871
L354N,354,S15,L,N,a_1151,1,Asciminib,1151,1700,270466,0.006285448,-0.16742037,-0.001127984,0.031930105,0.092533698
L354N,354,S15,L,N,D0,1,D0,,664,86876,0.007643077,0.114717692,,0.031930105,
L354N,354,S15,L,N,D0,1,D0,,664,86876,0.007643077,0.114717692,,0.031930105,
L354N,354,S15,L,N,D0,2,D0,,301,46489,0.00647465,-0.124633776,,0.031930105,
L354N,354,S15,L,N,D0,2,D0,,301,46489,0.00647465,-0.124633776,,0.031930105,
L354N,354,S15,L,N,i_50,1,Imatinib,50,8951,1433607,0.006243692,-0.177036684,0.032882738,0.031930105,1.070996546
L354N,354,S15,L,N,i_100,1,Imatinib,100,735,136108,0.005400123,-0.386443582,0.028710888,0.031930105,0.793117714
L354N,354,S15,L,N,i_200,1,Imatinib,200,4901,847842,0.005780558,-0.288227159,0.02220066,0.031930105,0.496327124
L354N,354,S15,L,N,i_300,1,Imatinib,300,364,57840,0.006293223,-0.165636972,0.014489803,0.031930105,0.28487587
L354N,354,S15,L,N,i_444,1,Imatinib,444,1505,254313,0.005917904,-0.254349595,0.004164923,0.031930105,0.135458069
L354N,354,S15,L,N,i_500,1,Imatinib,500,256,44660,0.005732199,-0.300347311,0.001250323,0.031930105,0.109816517
L354N,354,S15,L,N,i_579,1,Imatinib,579,627,110676,0.005665185,-0.317312931,0.000686359,0.031930105,0.105446698
L354N,354,S15,L,N,i_750,1,Imatinib,750,1647,284854,0.005781909,-0.28788998,-0.003346629,0.031930105,0.078872328
L354N,354,S15,L,N,i_1000,1,Imatinib,1000,1905,311421,0.006117121,-0.206583105,-0.004489217,0.031930105,0.072643513
L354N,354,S15,L,N,i_1250,1,Imatinib,1250,2692,448879,0.005997162,-0.235156064,-0.007124407,0.031930105,0.060089216
L354N,354,S15,L,N,i_2500,1,Imatinib,2500,748,119408,0.006264237,-0.172297191,-0.010277235,0.031930105,0.047886172
L354N,354,S15,L,N,i_5000,1,Imatinib,5000,1424,251745,0.005656518,-0.319521849,-0.014150056,0.031930105,0.036233485
L354N,354,S15,L,N,N,1,None,0,3362,548120,0.006133693,-0.202679923,0.031930105,0.031930105,1
L354P,354,S15,L,P,a_5,1,Asciminib,5,1891,465856,0.004059194,-0.204641537,0.031311805,0.034822989,0.776619129
L354P,354,S15,L,P,a_10,1,Asciminib,10,2554,736805,0.003466317,-0.432431152,0.022100094,0.034822989,0.400096927
L354P,354,S15,L,P,a_50,1,Asciminib,50,1627,364815,0.004459795,-0.068857624,0.004339799,0.034822989,0.11138199
L354P,354,S15,L,P,a_89,1,Asciminib,89,1615,363702,0.004440448,-0.07512952,0.001433358,0.034822989,0.090350981
L354P,354,S15,L,P,a_128,1,Asciminib,128,1119,237662,0.004708367,0.009391963,0.002138628,0.034822989,0.095057434
L354P,354,S15,L,P,a_250,1,Asciminib,250,2089,453294,0.004608488,-0.021541398,6.69E-05,0.034822989,0.081884987
L354P,354,S15,L,P,a_363,1,Asciminib,363,1753,412243,0.004252346,-0.137575826,-0.00096312,0.034822989,0.076032088
L354P,354,S15,L,P,a_500,1,Asciminib,500,1154,263369,0.004381685,-0.094349144,-0.002245119,0.034822989,0.069328186
L354P,354,S15,L,P,a_638,1,Asciminib,638,2947,650734,0.004528732,-0.046727699,-0.003867401,0.034822989,0.061685397
L354P,354,S15,L,P,a_750,1,Asciminib,750,3722,906324,0.004106699,-0.187855659,-0.002573335,0.034822989,0.067709056
L354P,354,S15,L,P,a_1151,1,Asciminib,1151,1281,270466,0.00473627,0.017916405,0.000809658,0.034822989,0.086383395
L354P,354,S15,L,P,D0,1,D0,,411,86876,0.004730881,0.016273889,,0.034822989,
L354P,354,S15,L,P,D0,1,D0,,411,86876,0.004730881,0.016273889,,0.034822989,
L354P,354,S15,L,P,D0,2,D0,,215,46489,0.00462475,-0.016459559,,0.034822989,
L354P,354,S15,L,P,D0,2,D0,,215,46489,0.00462475,-0.016459559,,0.034822989,
L354P,354,S15,L,P,i_50,1,Imatinib,50,6802,1433607,0.004744675,0.020474499,0.03494766,0.034822989,1.009016722
L354P,354,S15,L,P,i_100,1,Imatinib,100,628,136108,0.004613983,-0.019822227,0.032543807,0.034822989,0.848656256
L354P,354,S15,L,P,i_200,1,Imatinib,200,4164,847842,0.004911292,0.070267808,0.02594862,0.034822989,0.527843985
L354P,354,S15,L,P,i_300,1,Imatinib,300,258,57840,0.004460581,-0.068603312,0.015504262,0.034822989,0.248839208
L354P,354,S15,L,P,i_444,1,Imatinib,444,1330,254313,0.005229776,0.160914209,0.008506385,0.034822989,0.150349079
L354P,354,S15,L,P,i_500,1,Imatinib,500,223,44660,0.004993283,0.094153634,0.005374715,0.034822989,0.11999854
L354P,354,S15,L,P,i_579,1,Imatinib,579,506,110676,0.004571904,-0.033039944,0.003658351,0.034822989,0.106049009
L354P,354,S15,L,P,i_750,1,Imatinib,750,1371,284854,0.004812992,0.041099081,9.29E-05,0.034822989,0.08203826
L354P,354,S15,L,P,i_1000,1,Imatinib,1000,1499,311421,0.00481342,0.041227325,-0.001898431,0.034822989,0.071080501
L354P,354,S15,L,P,i_1250,1,Imatinib,1250,2199,448879,0.00489887,0.066614175,-0.003969487,0.034822989,0.061233658
L354P,354,S15,L,P,i_2500,1,Imatinib,2500,640,119408,0.005359775,0.196337489,-0.006423267,0.034822989,0.051317143
L354P,354,S15,L,P,i_5000,1,Imatinib,5000,1114,251745,0.004425113,-0.080120717,-0.011647187,0.034822989,0.035230163
L354P,354,S15,L,P,N,1,None,0,2699,548120,0.004924104,0.074026374,0.034822989,0.034822989,1
L354Q,354,S15,L,Q,a_5,1,Asciminib,5,3107,465856,0.006669443,-0.136468292,0.032024536,0.033010672,0.931460261
L354Q,354,S15,L,Q,a_10,1,Asciminib,10,4472,736805,0.006069448,-0.272469123,0.02377245,0.033010672,0.514195382
L354Q,354,S15,L,Q,a_50,1,Asciminib,50,2451,364815,0.006718474,-0.125901025,0.003743427,0.033010672,0.12157285
L354Q,354,S15,L,Q,a_89,1,Asciminib,89,2360,363702,0.006488829,-0.176076459,0.000377987,0.033010672,0.095411775
L354Q,354,S15,L,Q,a_128,1,Asciminib,128,1646,237662,0.006925802,-0.082053371,0.001182593,0.033010672,0.101102376
L354Q,354,S15,L,Q,a_250,1,Asciminib,250,2994,453294,0.006604985,-0.150479303,-0.001281125,0.033010672,0.084668691
L354Q,354,S15,L,Q,a_363,1,Asciminib,363,2461,412243,0.00596978,-0.296356798,-0.002623129,0.033010672,0.076870458
L354Q,354,S15,L,Q,a_500,1,Asciminib,500,1479,263369,0.005615695,-0.384569949,-0.005279293,0.033010672,0.06348971
L354Q,354,S15,L,Q,a_638,1,Asciminib,638,4115,650734,0.006323628,-0.213281963,-0.005608677,0.033010672,0.062001721
L354Q,354,S15,L,Q,a_750,1,Asciminib,750,5511,906324,0.006080607,-0.269819221,-0.00343024,0.033010672,0.072530676
L354Q,354,S15,L,Q,a_1151,1,Asciminib,1151,1725,270466,0.006377881,-0.200957343,-0.001478603,0.033010672,0.083473355
L354Q,354,S15,L,Q,D0,1,D0,,616,86876,0.007090566,-0.048133788,,0.033010672,
L354Q,354,S15,L,Q,D0,1,D0,,616,86876,0.007090566,-0.048133788,,0.033010672,
L354Q,354,S15,L,Q,D0,2,D0,,352,46489,0.007571684,0.046579576,,0.033010672,
L354Q,354,S15,L,Q,D0,2,D0,,352,46489,0.007571684,0.046579576,,0.033010672,
L354Q,354,S15,L,Q,i_50,1,Imatinib,50,11002,1433607,0.007674349,0.066009762,0.035423718,0.033010672,1.18974536
L354Q,354,S15,L,Q,i_100,1,Imatinib,100,951,136108,0.006987098,-0.06934108,0.032026102,0.033010672,0.931565281
L354Q,354,S15,L,Q,i_200,1,Imatinib,200,5955,847842,0.007023714,-0.061800387,0.024567886,0.033010672,0.544503675
L354Q,354,S15,L,Q,i_300,1,Imatinib,300,408,57840,0.007053942,-0.055604859,0.015640157,0.033010672,0.286310876
L354Q,354,S15,L,Q,i_444,1,Imatinib,444,1790,254313,0.007038571,-0.058752084,0.006209838,0.033010672,0.145197548
L354Q,354,S15,L,Q,i_500,1,Imatinib,500,330,44660,0.007389163,0.011376314,0.004509302,0.033010672,0.128465024
L354Q,354,S15,L,Q,i_579,1,Imatinib,579,702,110676,0.006342839,-0.208905932,0.001819723,0.033010672,0.105848302
L354Q,354,S15,L,Q,i_750,1,Imatinib,750,1992,284854,0.006993056,-0.068111477,-0.001048909,0.033010672,0.086096218
L354Q,354,S15,L,Q,i_1000,1,Imatinib,1000,2406,311421,0.007725876,0.075663951,-0.001538406,0.033010672,0.083114707
L354Q,354,S15,L,Q,i_1250,1,Imatinib,1250,3493,448879,0.007781607,0.08603358,-0.003766463,0.033010672,0.070795934
L354Q,354,S15,L,Q,i_2500,1,Imatinib,2500,975,119408,0.008165282,0.155468168,-0.006850544,0.033010672,0.0566985
L354Q,354,S15,L,Q,i_5000,1,Imatinib,5000,1739,251745,0.006907784,-0.085811651,-0.011706684,0.033010672,0.03996906
L354Q,354,S15,L,Q,N,1,None,0,3751,548120,0.006843392,-0.099322974,0.033010672,0.033010672,1
L354R,354,S15,L,R,a_5,1,Asciminib,5,2946,465856,0.006323843,-0.307223418,0.030239341,0.032700417,0.837614354
L354R,354,S15,L,R,a_10,1,Asciminib,10,4069,736805,0.005522492,-0.502705345,0.021365398,0.032700417,0.442143213
L354R,354,S15,L,R,a_50,1,Asciminib,50,2048,364815,0.005613804,-0.479046108,5.14E-05,0.032700417,0.095299627
L354R,354,S15,L,R,a_89,1,Asciminib,89,2167,363702,0.005958175,-0.39315448,-0.0018915,0.032700417,0.082858739
L354R,354,S15,L,R,a_128,1,Asciminib,128,1704,237662,0.007169846,-0.126082686,0.00072228,0.032700417,0.100015919
L354R,354,S15,L,R,a_250,1,Asciminib,250,3000,453294,0.006618221,-0.241581338,-0.00223357,0.032700417,0.080842931
L354R,354,S15,L,R,a_363,1,Asciminib,363,2571,412243,0.006236613,-0.32726216,-0.002946235,0.032700417,0.076799359
L354R,354,S15,L,R,a_500,1,Asciminib,500,1535,263369,0.005828325,-0.42494366,-0.005701388,0.032700417,0.062980509
L354R,354,S15,L,R,a_638,1,Asciminib,638,4151,650734,0.006378951,-0.294705776,-0.006459939,0.032700417,0.059633028
L354R,354,S15,L,R,a_750,1,Asciminib,750,5934,906324,0.006547327,-0.257118736,-0.003297461,0.032700417,0.074881589
L354R,354,S15,L,R,a_1151,1,Asciminib,1151,1864,270466,0.006891809,-0.18314216,-0.001292351,0.032700417,0.086511381
L354R,354,S15,L,R,D0,1,D0,,627,86876,0.007217183,-0.11658901,,0.032700417,
L354R,354,S15,L,R,D0,1,D0,,627,86876,0.007217183,-0.11658901,,0.032700417,
L354R,354,S15,L,R,D0,2,D0,,392,46489,0.008432102,0.107867487,,0.032700417,
L354R,354,S15,L,R,D0,2,D0,,392,46489,0.008432102,0.107867487,,0.032700417,
L354R,354,S15,L,R,i_50,1,Imatinib,50,10996,1433607,0.007670163,-0.028767549,0.034432849,0.032700417,1.132848249
L354R,354,S15,L,R,i_100,1,Imatinib,100,937,136108,0.006884239,-0.184727687,0.030819769,0.032700417,0.873360647
L354R,354,S15,L,R,i_200,1,Imatinib,200,5750,847842,0.006781924,-0.206330253,0.023056868,0.032700417,0.499406172
L354R,354,S15,L,R,i_300,1,Imatinib,300,346,57840,0.005982019,-0.387392288,0.012171416,0.032700417,0.228073323
L354R,354,S15,L,R,i_444,1,Imatinib,444,1909,254313,0.007506498,-0.059884883,0.006197995,0.032700417,0.148350961
L354R,354,S15,L,R,i_500,1,Imatinib,500,313,44660,0.007008509,-0.158917368,0.002728932,0.032700417,0.115562128
L354R,354,S15,L,R,i_579,1,Imatinib,579,749,110676,0.006767502,-0.209401559,0.001814541,0.032700417,0.108199008
L354R,354,S15,L,R,i_750,1,Imatinib,750,2079,284854,0.007298476,-0.100429681,-0.001386786,0.032700417,0.085925155
L354R,354,S15,L,R,i_1000,1,Imatinib,1000,2325,311421,0.007465778,-0.06773229,-0.003037572,0.032700417,0.076295963
L354R,354,S15,L,R,i_1250,1,Imatinib,1250,3418,448879,0.007614524,-0.039270981,-0.005076486,0.032700417,0.065878903
L354R,354,S15,L,R,i_2500,1,Imatinib,2500,931,119408,0.007796798,-0.005143197,-0.008529689,0.032700417,0.051376847
L354R,354,S15,L,R,i_5000,1,Imatinib,5000,1791,251745,0.007114342,-0.137294561,-0.012244923,0.032700417,0.039318328
L354R,354,S15,L,R,N,1,None,0,3922,548120,0.007155367,-0.128999015,0.032700417,0.032700417,1
L354S,354,S15,L,S,a_5,1,Asciminib,5,2657,465856,0.005703479,-0.000610683,0.033444888,0.034968073,0.896130435
L354S,354,S15,L,S,a_10,1,Asciminib,10,4772,736805,0.006476612,0.182786355,0.028532013,0.034968073,0.629143268
L354S,354,S15,L,S,a_50,1,Asciminib,50,2527,364815,0.006926799,0.279735778,0.007984242,0.034968073,0.143297007
L354S,354,S15,L,S,a_89,1,Asciminib,89,2725,363702,0.007492398,0.392974534,0.00632725,0.034968073,0.127181603
L354S,354,S15,L,S,a_128,1,Asciminib,128,1508,237662,0.006345146,0.153200344,0.003642102,0.034968073,0.104824278
L354S,354,S15,L,S,a_250,1,Asciminib,250,3265,453294,0.007202831,0.33611109,0.003806036,0.034968073,0.106068869
L354S,354,S15,L,S,a_363,1,Asciminib,363,2821,412243,0.006843051,0.262186833,0.003216282,0.034968073,0.101659232
L354S,354,S15,L,S,a_500,1,Asciminib,500,1984,263369,0.007533157,0.400801647,0.002931539,0.034968073,0.09959628
L354S,354,S15,L,S,a_638,1,Asciminib,638,4444,650734,0.006829211,0.259266046,-0.000668325,0.034968073,0.076856081
L354S,354,S15,L,S,a_750,1,Asciminib,750,6317,906324,0.006969914,0.288687847,0.002408788,0.034968073,0.09591734
L354S,354,S15,L,S,a_1151,1,Asciminib,1151,1802,270466,0.006662575,0.223626929,0.002960302,0.034968073,0.099802752
L354S,354,S15,L,S,D0,1,D0,,442,86876,0.005087711,-0.165436146,,0.034968073,
L354S,354,S15,L,S,D0,1,D0,,442,86876,0.005087711,-0.165436146,,0.034968073,
L354S,354,S15,L,S,D0,2,D0,,294,46489,0.006324077,0.148401926,,0.034968073,
L354S,354,S15,L,S,D0,2,D0,,294,46489,0.006324077,0.148401926,,0.034968073,
L354S,354,S15,L,S,i_50,1,Imatinib,50,8897,1433607,0.006206024,0.121216434,0.036000887,0.034968073,1.077197373
L354S,354,S15,L,S,i_100,1,Imatinib,100,828,136108,0.006083404,0.09242597,0.03371733,0.034968073,0.913882279
L354S,354,S15,L,S,i_200,1,Imatinib,200,5614,847842,0.006621517,0.214708792,0.027458709,0.034968073,0.582355488
L354S,354,S15,L,S,i_300,1,Imatinib,300,387,57840,0.006690871,0.229741178,0.018623367,0.034968073,0.308257792
L354S,354,S15,L,S,i_444,1,Imatinib,444,1905,254313,0.007490769,0.39266095,0.010929229,0.034968073,0.177143217
L354S,354,S15,L,S,i_500,1,Imatinib,500,318,44660,0.007120466,0.319518678,0.007730841,0.034968073,0.140706278
L354S,354,S15,L,S,i_579,1,Imatinib,579,825,110676,0.007454191,0.385598779,0.008035096,0.034968073,0.143822655
L354S,354,S15,L,S,i_750,1,Imatinib,750,2227,284854,0.00781804,0.454354057,0.004413316,0.034968073,0.110809533
L354S,354,S15,L,S,i_1000,1,Imatinib,1000,2207,311421,0.00708687,0.312695561,0.00093969,0.034968073,0.086289829
L354S,354,S15,L,S,i_1250,1,Imatinib,1250,3059,448879,0.006814754,0.256208667,-0.001987332,0.034968073,0.069893043
L354S,354,S15,L,S,i_2500,1,Imatinib,2500,707,119408,0.005920876,0.053357788,-0.007918078,0.034968073,0.045602038
L354S,354,S15,L,S,i_5000,1,Imatinib,5000,1577,251745,0.006264275,0.134694699,-0.009401354,0.034968073,0.040982966
L354S,354,S15,L,S,N,1,None,0,3324,548120,0.006064365,0.087903769,0.034968073,0.034968073,1
L354T,354,S15,L,T,a_5,1,Asciminib,5,3788,465856,0.008131268,0.063389324,0.03411399,0.032817935,1.097808477
L354T,354,S15,L,T,a_10,1,Asciminib,10,9510,736805,0.012907079,0.729999557,0.034252968,0.032817935,1.108848789
L354T,354,S15,L,T,a_50,1,Asciminib,50,5110,364815,0.014007099,0.847995309,0.01392523,0.032817935,0.256590253
L354T,354,S15,L,T,a_89,1,Asciminib,89,4900,363702,0.013472568,0.791861958,0.010497501,0.032817935,0.200473894
L354T,354,S15,L,T,a_128,1,Asciminib,128,2923,237662,0.012298979,0.660375649,0.008944472,0.032817935,0.179265141
L354T,354,S15,L,T,a_250,1,Asciminib,250,5213,453294,0.011500263,0.563503862,0.006183361,0.032817935,0.146946107
L354T,354,S15,L,T,a_363,1,Asciminib,363,5631,412243,0.013659419,0.811733222,0.00896163,0.032817935,0.179486728
L354T,354,S15,L,T,a_500,1,Asciminib,500,3762,263369,0.014284141,0.876251374,0.007902227,0.032817935,0.166305137
L354T,354,S15,L,T,a_638,1,Asciminib,638,7373,650734,0.011330282,0.54202089,0.002287794,0.032817935,0.111006094
L354T,354,S15,L,T,a_750,1,Asciminib,750,10305,906324,0.011370106,0.547082779,0.005110232,0.032817935,0.136019822
L354T,354,S15,L,T,a_1151,1,Asciminib,1151,2609,270466,0.009646314,0.309886766,0.003862123,0.032817935,0.124329686
L354T,354,S15,L,T,D0,1,D0,,670,86876,0.007712141,-0.012959516,,0.032817935,
L354T,354,S15,L,T,D0,1,D0,,670,86876,0.007712141,-0.012959516,,0.032817935,
L354T,354,S15,L,T,D0,2,D0,,365,46489,0.00785132,0.012844138,,0.032817935,
L354T,354,S15,L,T,D0,2,D0,,365,46489,0.00785132,0.012844138,,0.032817935,
L354T,354,S15,L,T,i_50,1,Imatinib,50,10949,1433607,0.007637379,-0.027013409,0.034451188,0.032817935,1.124787529
L354T,354,S15,L,T,i_100,1,Imatinib,100,1206,136108,0.008860611,0.187315108,0.034709368,0.032817935,1.145891735
L354T,354,S15,L,T,i_200,1,Imatinib,200,10619,847842,0.012524739,0.686617639,0.032392378,0.032817935,0.969824539
L354T,354,S15,L,T,i_300,1,Imatinib,300,870,57840,0.015041494,0.950784916,0.026161669,0.032817935,0.619246908
L354T,354,S15,L,T,i_444,1,Imatinib,444,3124,254313,0.012284075,0.658626309,0.01370982,0.032817935,0.252641363
L354T,354,S15,L,T,i_500,1,Imatinib,500,853,44660,0.019099866,1.295399558,0.017933391,0.032817935,0.342430288
L354T,354,S15,L,T,i_579,1,Imatinib,579,1837,110676,0.016597998,1.092846285,0.015429163,0.032817935,0.285934759
L354T,354,S15,L,T,i_750,1,Imatinib,750,4653,284854,0.016334684,1.06977559,0.010847369,0.032817935,0.20558807
L354T,354,S15,L,T,i_1000,1,Imatinib,1000,4874,311421,0.015650839,1.008077086,0.008209702,0.032817935,0.170027882
L354T,354,S15,L,T,i_1250,1,Imatinib,1250,6680,448879,0.014881516,0.935358566,0.005112982,0.032817935,0.13604676
L354T,354,S15,L,T,i_2500,1,Imatinib,2500,1032,119408,0.008642637,0.151380542,-0.006893279,0.032817935,0.057314168
L354T,354,S15,L,T,i_5000,1,Imatinib,5000,2770,251745,0.011003198,0.499759919,-0.005584704,0.032817935,0.062976727
L354T,354,S15,L,T,N,1,None,0,3931,548120,0.007171787,-0.117758346,0.032817935,0.032817935,1
L354V,354,S15,L,V,a_5,1,Asciminib,5,3307,465856,0.00709876,0.236400948,0.035922776,0.034414977,1.114673466
L354V,354,S15,L,V,a_10,1,Asciminib,10,6052,736805,0.008213842,0.446891113,0.031293152,0.034414977,0.798698768
L354V,354,S15,L,V,a_50,1,Asciminib,50,2317,364815,0.006351164,0.075854972,0.005852727,0.034414977,0.127903147
L354V,354,S15,L,V,a_89,1,Asciminib,89,1958,363702,0.005383528,-0.162614117,0.000518732,0.034414977,0.087114701
L354V,354,S15,L,V,a_128,1,Asciminib,128,1241,237662,0.005221701,-0.206646155,-0.000119988,0.034414977,0.083199206
L354V,354,S15,L,V,a_250,1,Asciminib,250,2359,453294,0.005204128,-0.21150967,-0.00191918,0.034414977,0.073090323
L354V,354,S15,L,V,a_363,1,Asciminib,363,1992,412243,0.004832101,-0.318515372,-0.00285479,0.034414977,0.068328848
L354V,354,S15,L,V,a_500,1,Asciminib,500,1240,263369,0.004708223,-0.355983445,-0.004980429,0.034414977,0.058632318
L354V,354,S15,L,V,a_638,1,Asciminib,638,2819,650734,0.004332031,-0.47612248,-0.008356598,0.034414977,0.045979786
L354V,354,S15,L,V,a_750,1,Asciminib,750,4822,906324,0.005320393,-0.179633261,-0.002487373,0.034414977,0.070160545
L354V,354,S15,L,V,a_1151,1,Asciminib,1151,1394,270466,0.005154067,-0.225454708,-0.001734716,0.034414977,0.074067541
L354V,354,S15,L,V,D0,1,D0,,563,86876,0.006480501,0.10493922,,0.034414977,
L354V,354,S15,L,V,D0,1,D0,,563,86876,0.006480501,0.10493922,,0.034414977,
L354V,354,S15,L,V,D0,2,D0,,259,46489,0.00557121,-0.113175318,,0.034414977,
L354V,354,S15,L,V,D0,2,D0,,259,46489,0.00557121,-0.113175318,,0.034414977,
L354V,354,S15,L,V,i_50,1,Imatinib,50,9095,1433607,0.006344138,0.074257933,0.03550995,0.034414977,1.082029076
L354V,354,S15,L,V,i_100,1,Imatinib,100,781,136108,0.00573809,-0.070595436,0.032012988,0.034414977,0.841185408
L354V,354,S15,L,V,i_200,1,Imatinib,200,4876,847842,0.005751072,-0.067335333,0.02451002,0.034414977,0.490094561
L354V,354,S15,L,V,i_300,1,Imatinib,300,296,57840,0.005117566,-0.2357084,0.013757227,0.034414977,0.225968875
L354V,354,S15,L,V,i_444,1,Imatinib,444,1491,254313,0.005862854,-0.039562977,0.006410454,0.034414977,0.133143785
L354V,354,S15,L,V,i_500,1,Imatinib,500,218,44660,0.004881326,-0.303893139,0.001213252,0.034414977,0.091581665
L354V,354,S15,L,V,i_579,1,Imatinib,579,567,110676,0.005123062,-0.234159792,0.001555701,0.034414977,0.093867801
L354V,354,S15,L,V,i_750,1,Imatinib,750,1544,284854,0.005420321,-0.152787936,-0.001934176,0.034414977,0.073011448
L354V,354,S15,L,V,i_1000,1,Imatinib,1000,1754,311421,0.005632247,-0.097455508,-0.00334832,0.034414977,0.065943474
L354V,354,S15,L,V,i_1250,1,Imatinib,1250,2624,448879,0.005845673,-0.043796907,-0.005123803,0.034414977,0.058030174
L354V,354,S15,L,V,i_2500,1,Imatinib,2500,730,119408,0.006113493,0.02083085,-0.008258138,0.034414977,0.046306902
L354V,354,S15,L,V,i_5000,1,Imatinib,5000,1211,251745,0.004810423,-0.325002283,-0.014207352,0.034414977,0.030173002
L354V,354,S15,L,V,N,1,None,0,3384,548120,0.006173831,0.034999768,0.034414977,0.034414977,1
L354W,354,S15,L,W,a_5,1,Asciminib,5,3714,465856,0.007972421,-0.113998851,0.032259448,0.035080913,0.81615947
L354W,354,S15,L,W,a_10,1,Asciminib,10,5681,736805,0.007710317,-0.16222654,0.024925004,0.035080913,0.481318792
L354W,354,S15,L,W,a_50,1,Asciminib,50,2587,364815,0.007091265,-0.282973587,0.002101279,0.035080913,0.093057877
L354W,354,S15,L,W,a_89,1,Asciminib,89,2564,363702,0.007049728,-0.291449189,-0.000828201,0.035080913,0.07536169
L354W,354,S15,L,W,a_128,1,Asciminib,128,1924,237662,0.008095531,-0.09189104,0.001079743,0.035080913,0.086459063
L354W,354,S15,L,W,a_250,1,Asciminib,250,3425,453294,0.007555803,-0.191431669,-0.00170927,0.035080913,0.070729451
L354W,354,S15,L,W,a_363,1,Asciminib,363,2882,412243,0.006991022,-0.303513252,-0.002697947,0.035080913,0.065869619
L354W,354,S15,L,W,a_500,1,Asciminib,500,1917,263369,0.007278761,-0.245323797,-0.003823515,0.035080913,0.060742066
L354W,354,S15,L,W,a_638,1,Asciminib,638,4614,650734,0.007090455,-0.283138522,-0.006339007,0.035080913,0.050679475
L354W,354,S15,L,W,a_750,1,Asciminib,750,7094,906324,0.007827223,-0.14051615,-0.002078415,0.035080913,0.068874339
L354W,354,S15,L,W,a_1151,1,Asciminib,1151,2175,270466,0.008041676,-0.101520436,-0.000439019,0.035080913,0.07750327
L354W,354,S15,L,W,D0,1,D0,,789,86876,0.00908191,0.07397903,,0.035080913,
L354W,354,S15,L,W,D0,1,D0,,789,86876,0.00908191,0.07397903,,0.035080913,
L354W,354,S15,L,W,D0,2,D0,,380,46489,0.008173977,-0.077978566,,0.035080913,
L354W,354,S15,L,W,D0,2,D0,,380,46489,0.008173977,-0.077978566,,0.035080913,
L354W,354,S15,L,W,i_50,1,Imatinib,50,13583,1433607,0.009474703,0.135063976,0.036145659,0.035080913,1.079676776
L354W,354,S15,L,W,i_100,1,Imatinib,100,1135,136108,0.008338966,-0.04914816,0.032237213,0.035080913,0.814853938
L354W,354,S15,L,W,i_200,1,Imatinib,200,6754,847842,0.007966107,-0.115141848,0.024010217,0.035080913,0.450638338
L354W,354,S15,L,W,i_300,1,Imatinib,300,470,57840,0.008125864,-0.086495387,0.015317205,0.035080913,0.240993101
L354W,354,S15,L,W,i_444,1,Imatinib,444,2219,254313,0.008725468,0.016215864,0.006993606,0.035080913,0.13235254
L354W,354,S15,L,W,i_500,1,Imatinib,500,358,44660,0.008016122,-0.106112255,0.003280994,0.035080913,0.101307562
L354W,354,S15,L,W,i_579,1,Imatinib,579,932,110676,0.008420977,-0.03502914,0.003637554,0.035080913,0.103942038
L354W,354,S15,L,W,i_750,1,Imatinib,750,2510,284854,0.008811532,0.030376108,-1.92E-05,0.035080913,0.079881441
L354W,354,S15,L,W,i_1000,1,Imatinib,1000,2794,311421,0.008971778,0.056377197,-0.001740044,0.035080913,0.070572912
L354W,354,S15,L,W,i_1250,1,Imatinib,1250,3799,448879,0.008463305,-0.027795483,-0.004956513,0.035080913,0.055983701
L354W,354,S15,L,W,i_2500,1,Imatinib,2500,1059,119408,0.008868753,0.039714502,-0.008060715,0.035080913,0.044770886
L354W,354,S15,L,W,i_5000,1,Imatinib,5000,2029,251745,0.008059743,-0.098282851,-0.011837067,0.035080913,0.034112392
L354W,354,S15,L,W,N,1,None,0,5064,548120,0.009238853,0.098697036,0.035080913,0.035080913,1
L354Y,354,S15,L,Y,a_5,1,Asciminib,5,4147,465856,0.008901892,-0.36090823,0.029678082,0.033492097,0.759869115
L354Y,354,S15,L,Y,a_10,1,Asciminib,10,6636,736805,0.009006454,-0.344061168,0.023023976,0.033492097,0.470619805
L354Y,354,S15,L,Y,a_50,1,Asciminib,50,3476,364815,0.009528117,-0.26282917,0.002311883,0.033492097,0.105930147
L354Y,354,S15,L,Y,a_89,1,Asciminib,89,3246,363702,0.008924889,-0.357186062,-0.001515461,0.033492097,0.080415834
L354Y,354,S15,L,Y,a_128,1,Asciminib,128,2386,237662,0.010039468,-0.187409407,8.11E-05,0.033492097,0.090212266
L354Y,354,S15,L,Y,a_250,1,Asciminib,250,4419,453294,0.00974864,-0.229819337,-0.002110602,0.033492097,0.077042785
L354Y,354,S15,L,Y,a_363,1,Asciminib,363,3260,412243,0.007907957,-0.531715235,-0.005083732,0.033492097,0.062196302
L354Y,354,S15,L,Y,a_500,1,Asciminib,500,2332,263369,0.008854497,-0.368609956,-0.005112435,0.033492097,0.062067899
L354Y,354,S15,L,Y,a_638,1,Asciminib,638,5711,650734,0.008776243,-0.381416753,-0.007366477,0.033492097,0.052769739
L354Y,354,S15,L,Y,a_750,1,Asciminib,750,7994,906324,0.008820245,-0.374201518,-0.004521527,0.033492097,0.064765583
L354Y,354,S15,L,Y,a_1151,1,Asciminib,1151,2712,270466,0.010027138,-0.18918227,-0.001355498,0.033492097,0.081347362
L354Y,354,S15,L,Y,D0,1,D0,,1009,86876,0.011614255,0.022804388,,0.033492097,
L354Y,354,S15,L,Y,D0,1,D0,,1009,86876,0.011614255,0.022804388,,0.033492097,
L354Y,354,S15,L,Y,D0,2,D0,,523,46489,0.011249973,-0.023170649,,0.033492097,
L354Y,354,S15,L,Y,D0,2,D0,,523,46489,0.011249973,-0.023170649,,0.033492097,
L354Y,354,S15,L,Y,i_50,1,Imatinib,50,15358,1433607,0.010712838,-0.093751436,0.033753461,0.033492097,1.018996363
L354Y,354,S15,L,Y,i_100,1,Imatinib,100,1251,136108,0.00919123,-0.314762279,0.029460295,0.033492097,0.748046789
L354Y,354,S15,L,Y,i_200,1,Imatinib,200,9069,847842,0.010696568,-0.095944159,0.024210923,0.033492097,0.512607638
L354Y,354,S15,L,Y,i_300,1,Imatinib,300,557,57840,0.009630014,-0.247482427,0.013634133,0.033492097,0.239363146
L354Y,354,S15,L,Y,i_444,1,Imatinib,444,2730,254313,0.010734803,-0.090796463,0.005874823,0.033492097,0.136908323
L354Y,354,S15,L,Y,i_500,1,Imatinib,500,502,44660,0.011240484,-0.024388089,0.004135396,0.033492097,0.12079233
L354Y,354,S15,L,Y,i_579,1,Imatinib,579,1117,110676,0.010092522,-0.179805425,0.00212396,0.033492097,0.104506515
L354Y,354,S15,L,Y,i_750,1,Imatinib,750,2723,284854,0.009559283,-0.258117885,-0.00303537,0.033492097,0.072080073
L354Y,354,S15,L,Y,i_1000,1,Imatinib,1000,3298,311421,0.010590166,-0.110367036,-0.003483306,0.033492097,0.069792479
L354Y,354,S15,L,Y,i_1250,1,Imatinib,1250,4898,448879,0.010911627,-0.067226033,-0.005368748,0.033492097,0.060932972
L354Y,354,S15,L,Y,i_2500,1,Imatinib,2500,1263,119408,0.010577181,-0.11213706,-0.009648278,0.033492097,0.044774923
L354Y,354,S15,L,Y,i_5000,1,Imatinib,5000,2554,251745,0.010145187,-0.172296802,-0.012610861,0.033492097,0.03617406
L354Y,354,S15,L,Y,N,1,None,0,6039,548120,0.01101766,-0.053274307,0.033492097,0.033492097,1
E355A,355,S15,E,A,a_5,1,Asciminib,5,965,465856,0.002071456,0.163392353,0.035159492,0.032892574,1.17729345
E355A,355,S15,E,A,a_10,1,Asciminib,10,1520,736805,0.002062961,0.157464052,0.028267276,0.032892574,0.716754836
E355A,355,S15,E,A,a_50,1,Asciminib,50,1419,364815,0.003889643,1.07238512,0.01627116,0.032892574,0.30217716
E355A,355,S15,E,A,a_89,1,Asciminib,89,1075,363702,0.002955716,0.676255381,0.009288868,0.032892574,0.182780959
E355A,355,S15,E,A,a_128,1,Asciminib,128,489,237662,0.002057544,0.153670702,0.00364702,0.032892574,0.121762862
E355A,355,S15,E,A,a_250,1,Asciminib,250,1083,453294,0.002389178,0.369261758,0.004152616,0.032892574,0.126277053
E355A,355,S15,E,A,a_363,1,Asciminib,363,1264,412243,0.003066153,0.729177047,0.008098529,0.032892574,0.167768332
E355A,355,S15,E,A,a_500,1,Asciminib,500,647,263369,0.002456629,0.409427655,0.003021721,0.032892574,0.116402485
E355A,355,S15,E,A,a_638,1,Asciminib,638,1302,650734,0.002000818,0.113337094,-0.00219397,0.032892574,0.079959809
E355A,355,S15,E,A,a_750,1,Asciminib,750,1440,906324,0.001588836,-0.219282497,-0.002901894,0.032892574,0.075986342
E355A,355,S15,E,A,a_1151,1,Asciminib,1151,432,270466,0.001597243,-0.211668448,-0.001590585,0.032892574,0.083510124
E355A,355,S15,E,A,D0,1,D0,,99,86876,0.001139555,-0.698781669,,0.032892574,
E355A,355,S15,E,A,D0,1,D0,,99,86876,0.001139555,-0.698781669,,0.032892574,
E355A,355,S15,E,A,D0,2,D0,,119,46489,0.002559745,0.46874776,,0.032892574,
E355A,355,S15,E,A,D0,2,D0,,119,46489,0.002559745,0.46874776,,0.032892574,
E355A,355,S15,E,A,i_50,1,Imatinib,50,2372,1433607,0.001654568,-0.160798092,0.033052508,0.032892574,1.011581796
E355A,355,S15,E,A,i_100,1,Imatinib,100,244,136108,0.001792694,-0.045123233,0.032279293,0.032892574,0.956804463
E355A,355,S15,E,A,i_200,1,Imatinib,200,2118,847842,0.002498107,0.433582734,0.029746972,0.032892574,0.797332641
E355A,355,S15,E,A,i_300,1,Imatinib,300,123,57840,0.002126556,0.201266343,0.01832567,0.032892574,0.350351956
E355A,355,S15,E,A,i_444,1,Imatinib,444,554,254313,0.002178418,0.23602825,0.00929168,0.032892574,0.182817965
E355A,355,S15,E,A,i_500,1,Imatinib,500,98,44660,0.002194357,0.246545983,0.006967933,0.032892574,0.154652571
E355A,355,S15,E,A,i_579,1,Imatinib,579,184,110676,0.00166251,-0.153889157,0.002394907,0.032892574,0.111265951
E355A,355,S15,E,A,i_750,1,Imatinib,750,447,284854,0.001569225,-0.237200349,-0.002816683,0.032892574,0.076453962
E355A,355,S15,E,A,i_1000,1,Imatinib,1000,523,311421,0.001679399,-0.139307801,-0.003785873,0.032892574,0.071300768
E355A,355,S15,E,A,i_1250,1,Imatinib,1250,908,448879,0.002022817,0.129113179,-0.003316078,0.032892574,0.073753785
E355A,355,S15,E,A,i_2500,1,Imatinib,2500,223,119408,0.001867547,0.013891699,-0.008330685,0.032892574,0.051402185
E355A,355,S15,E,A,i_5000,1,Imatinib,5000,459,251745,0.001823274,-0.020721486,-0.011026185,0.032892574,0.042334596
E355A,355,S15,E,A,N,1,None,0,939,548120,0.001713129,-0.110619134,0.032892574,0.032892574,1
E355C,355,S15,E,C,a_5,1,Asciminib,5,636,465856,0.001365229,-0.351386112,0.029777633,0.030549588,0.945935614
E355C,355,S15,E,C,a_10,1,Asciminib,10,1234,736805,0.001674799,-0.056541165,0.026029914,0.030549588,0.722226441
E355C,355,S15,E,C,a_50,1,Asciminib,50,753,364815,0.00206406,0.244956012,0.00762063,0.030549588,0.191880012
E355C,355,S15,E,C,a_89,1,Asciminib,89,673,363702,0.001850416,0.087320843,0.003131729,0.030549588,0.138888219
E355C,355,S15,E,C,a_128,1,Asciminib,128,486,237662,0.002044921,0.231516263,0.004460873,0.030549588,0.152836349
E355C,355,S15,E,C,a_250,1,Asciminib,250,778,453294,0.001716325,-0.021205713,7.04E-05,0.030549588,0.11141402
E355C,355,S15,E,C,a_363,1,Asciminib,363,750,412243,0.001819315,0.062866796,0.001132449,0.030549588,0.120267842
E355C,355,S15,E,C,a_500,1,Asciminib,500,455,263369,0.001727614,-0.0117478,-0.001381546,0.030549588,0.100354973
E355C,355,S15,E,C,a_638,1,Asciminib,638,864,650734,0.001327731,-0.391565425,-0.007472579,0.030549588,0.064725758
E355C,355,S15,E,C,a_750,1,Asciminib,750,1522,906324,0.001679311,-0.052659238,-0.001159896,0.030549588,0.101969361
E355C,355,S15,E,C,a_1151,1,Asciminib,1151,372,270466,0.001375404,-0.340673427,-0.002939294,0.030549588,0.089707622
E355C,355,S15,E,C,D0,1,D0,,155,86876,0.001784152,0.034709828,,0.030549588,
E355C,355,S15,E,C,D0,1,D0,,155,86876,0.001784152,0.034709828,,0.030549588,
E355C,355,S15,E,C,D0,2,D0,,79,46489,0.001699327,-0.035565543,,0.030549588,
E355C,355,S15,E,C,D0,2,D0,,79,46489,0.001699327,-0.035565543,,0.030549588,
E355C,355,S15,E,C,i_50,1,Imatinib,50,1698,1433607,0.001184425,-0.556341931,0.028917212,0.030549588,0.889112864
E355C,355,S15,E,C,i_100,1,Imatinib,100,161,136108,0.001182884,-0.558219981,0.026915016,0.030549588,0.769750204
E355C,355,S15,E,C,i_200,1,Imatinib,200,1444,847842,0.001703148,-0.032325401,0.024876038,0.030549588,0.664649391
E355C,355,S15,E,C,i_300,1,Imatinib,300,107,57840,0.001849931,0.086942536,0.017130448,0.030549588,0.380534633
E355C,355,S15,E,C,i_444,1,Imatinib,444,452,254313,0.001777337,0.029188758,0.007129233,0.030549588,0.18520989
E355C,355,S15,E,C,i_500,1,Imatinib,500,89,44660,0.001992835,0.194293282,0.006421646,0.030549588,0.17601046
E355C,355,S15,E,C,i_579,1,Imatinib,579,118,110676,0.001066175,-0.708084352,-0.003399042,0.030549588,0.086786744
E355C,355,S15,E,C,i_750,1,Imatinib,750,338,284854,0.001186573,-0.553728221,-0.00612589,0.030549588,0.071316008
E355C,355,S15,E,C,i_1000,1,Imatinib,1000,352,311421,0.001130303,-0.623819607,-0.008851303,0.030549588,0.058609166
E355C,355,S15,E,C,i_1250,1,Imatinib,1250,632,448879,0.001407952,-0.306930848,-0.007874792,0.030549588,0.062878225
E355C,355,S15,E,C,i_2500,1,Imatinib,2500,178,119408,0.001490687,-0.224551058,-0.010823534,0.030549588,0.050850526
E355C,355,S15,E,C,i_5000,1,Imatinib,5000,363,251745,0.001441935,-0.272522379,-0.01365869,0.030549588,0.041461248
E355C,355,S15,E,C,N,1,None,0,757,548120,0.001381084,-0.33472728,0.030549588,0.030549588,1
E355D,355,S15,E,D,a_5,1,Asciminib,5,1421,465856,0.003050299,0.053948141,0.034015285,0.034505069,0.965350084
E355D,355,S15,E,D,a_10,1,Asciminib,10,2649,736805,0.003595252,0.291090653,0.029664303,0.034505069,0.705721128
E355D,355,S15,E,D,a_50,1,Asciminib,50,1158,364815,0.003174212,0.111395865,0.006224297,0.034505069,0.130521728
E355D,355,S15,E,D,a_89,1,Asciminib,89,992,363702,0.002727508,-0.107419173,0.001095779,0.034505069,0.090223184
E355D,355,S15,E,D,a_128,1,Asciminib,128,740,237662,0.003113666,0.083611589,0.002914572,0.034505069,0.102846699
E355D,355,S15,E,D,a_250,1,Asciminib,250,1149,453294,0.002534779,-0.213142606,-0.001936252,0.034505069,0.072528543
E355D,355,S15,E,D,a_363,1,Asciminib,363,834,412243,0.002023079,-0.538450047,-0.005154143,0.034505069,0.057529164
E355D,355,S15,E,D,a_500,1,Asciminib,500,559,263369,0.002122497,-0.469239693,-0.00616449,0.034505069,0.053492798
E355D,355,S15,E,D,a_638,1,Asciminib,638,1349,650734,0.002073044,-0.503251925,-0.008640229,0.034505069,0.044759059
E355D,355,S15,E,D,a_750,1,Asciminib,750,2122,906324,0.002341326,-0.327676572,-0.004035122,0.034505069,0.062356101
E355D,355,S15,E,D,a_1151,1,Asciminib,1151,676,270466,0.00249939,-0.233426433,-0.001818058,0.034505069,0.073148392
E355D,355,S15,E,D,D0,1,D0,,262,86876,0.003015793,0.037534793,,0.034505069,
E355D,355,S15,E,D,D0,1,D0,,262,86876,0.003015793,0.037534793,,0.034505069,
E355D,355,S15,E,D,D0,2,D0,,133,46489,0.002860892,-0.038537487,,0.034505069,
E355D,355,S15,E,D,D0,2,D0,,133,46489,0.002860892,-0.038537487,,0.034505069,
E355D,355,S15,E,D,i_50,1,Imatinib,50,4462,1433607,0.003112429,0.083038493,0.035601748,0.034505069,1.08216201
E355D,355,S15,E,D,i_100,1,Imatinib,100,454,136108,0.003335586,0.182937997,0.034663607,0.034505069,1.011480102
E355D,355,S15,E,D,i_200,1,Imatinib,200,2462,847842,0.002903843,-0.017039013,0.025035853,0.034505069,0.505714224
E355D,355,S15,E,D,i_300,1,Imatinib,300,172,57840,0.002973721,0.017266674,0.016402007,0.034505069,0.271601211
E355D,355,S15,E,D,i_444,1,Imatinib,444,759,254313,0.002984511,0.02249224,0.007059223,0.034505069,0.138608636
E355D,355,S15,E,D,i_500,1,Imatinib,500,143,44660,0.00320197,0.123957557,0.005686306,0.034505069,0.125562593
E355D,355,S15,E,D,i_579,1,Imatinib,579,300,110676,0.002710615,-0.116382342,0.00278703,0.034505069,0.101906577
E355D,355,S15,E,D,i_750,1,Imatinib,750,683,284854,0.00239772,-0.293339521,-0.003403602,0.034505069,0.065256846
E355D,355,S15,E,D,i_1000,1,Imatinib,1000,838,311421,0.002690891,-0.126918423,-0.003656346,0.034505069,0.064080071
E355D,355,S15,E,D,i_1250,1,Imatinib,1250,1096,448879,0.002441638,-0.267153145,-0.007458927,0.034505069,0.048732568
E355D,355,S15,E,D,i_2500,1,Imatinib,2500,344,119408,0.002880879,-0.028493365,-0.008773808,0.034505069,0.044330642
E355D,355,S15,E,D,i_5000,1,Imatinib,5000,654,251745,0.002597867,-0.177674923,-0.012667088,0.034505069,0.033493788
E355D,355,S15,E,D,N,1,None,0,1660,548120,0.003028534,0.043617125,0.034505069,0.034505069,1
E355F,355,S15,E,F,a_5,1,Asciminib,5,2893,465856,0.006210073,0.16829794,0.035210779,0.034310336,1.066979622
E355F,355,S15,E,F,a_10,1,Asciminib,10,5825,736805,0.007905755,0.516590889,0.032021843,0.034310336,0.848087457
E355F,355,S15,E,F,a_50,1,Asciminib,50,4024,364815,0.011030248,0.997080947,0.015483877,0.034310336,0.257817046
E355F,355,S15,E,F,a_89,1,Asciminib,89,3558,363702,0.009782734,0.823925343,0.010832715,0.034310336,0.184447812
E355F,355,S15,E,F,a_128,1,Asciminib,128,2123,237662,0.008932854,0.692808815,0.009283552,0.034310336,0.164980423
E355F,355,S15,E,F,a_250,1,Asciminib,250,4109,453294,0.009064757,0.713955956,0.007756293,0.034310336,0.147800623
E355F,355,S15,E,F,a_363,1,Asciminib,363,4030,412243,0.009775788,0.822900533,0.009078381,0.034310336,0.162561193
E355F,355,S15,E,F,a_500,1,Asciminib,500,2415,263369,0.009169644,0.730553338,0.006378997,0.034310336,0.133847199
E355F,355,S15,E,F,a_638,1,Asciminib,638,5318,650734,0.00817231,0.564431534,0.002522091,0.034310336,0.101392754
E355F,355,S15,E,F,a_750,1,Asciminib,750,7827,906324,0.008635984,0.644048247,0.006123978,0.034310336,0.131412007
E355F,355,S15,E,F,a_1151,1,Asciminib,1151,1989,270466,0.007353974,0.412211722,0.004931901,0.034310336,0.120603457
E355F,355,S15,E,F,D0,1,D0,,536,86876,0.006169713,0.158891013,,0.034310336,
E355F,355,S15,E,F,D0,1,D0,,536,86876,0.006169713,0.158891013,,0.034310336,
E355F,355,S15,E,F,D0,2,D0,,227,46489,0.004882876,-0.178581405,,0.034310336,
E355F,355,S15,E,F,D0,2,D0,,227,46489,0.004882876,-0.178581405,,0.034310336,
E355F,355,S15,E,F,i_50,1,Imatinib,50,8752,1433607,0.006104881,0.143650747,0.036235432,0.034310336,1.148672457
E355F,355,S15,E,F,i_100,1,Imatinib,100,842,136108,0.006186264,0.162755963,0.034452609,0.034310336,1.010296327
E355F,355,S15,E,F,i_200,1,Imatinib,200,5058,847842,0.005965734,0.110387292,0.026368058,0.034310336,0.564483564
E355F,355,S15,E,F,i_300,1,Imatinib,300,309,57840,0.005342324,-0.048845023,0.015710829,0.034310336,0.262064533
E355F,355,S15,E,F,i_444,1,Imatinib,444,1376,254313,0.005410655,-0.030509051,0.00650511,0.034310336,0.135068092
E355F,355,S15,E,F,i_500,1,Imatinib,500,251,44660,0.005620242,0.024319804,0.004644623,0.034310336,0.118134516
E355F,355,S15,E,F,i_579,1,Imatinib,579,616,110676,0.005565796,0.010275538,0.004111201,0.034310336,0.113683423
E355F,355,S15,E,F,i_750,1,Imatinib,750,1493,284854,0.005241281,-0.076392808,-0.001135487,0.034310336,0.077917923
E355F,355,S15,E,F,i_1000,1,Imatinib,1000,1868,311421,0.005998311,0.118243913,-0.001093245,0.034310336,0.078155267
E355F,355,S15,E,F,i_1250,1,Imatinib,1250,2200,448879,0.004901098,-0.173207389,-0.006476752,0.034310336,0.053042048
E355F,355,S15,E,F,i_2500,1,Imatinib,2500,672,119408,0.005627764,0.026249333,-0.008201489,0.034310336,0.046847792
E355F,355,S15,E,F,i_5000,1,Imatinib,5000,1645,251745,0.00653439,0.24174015,-0.008282225,0.034310336,0.046576255
E355F,355,S15,E,F,N,1,None,0,3082,548120,0.005622856,0.024990776,0.034310336,0.034310336,1
E355G,355,S15,E,G,a_5,1,Asciminib,5,632,465856,0.001356642,0.300576459,0.036593712,0.034857606,1.133148002
E355G,355,S15,E,G,a_10,1,Asciminib,10,1098,736805,0.001490218,0.436059273,0.031179908,0.034857606,0.767363796
E355G,355,S15,E,G,a_50,1,Asciminib,50,727,364815,0.001992791,0.85532629,0.014001873,0.034857606,0.222770584
E355G,355,S15,E,G,a_89,1,Asciminib,89,694,363702,0.001908156,0.792714779,0.010506417,0.034857606,0.173203929
E355G,355,S15,E,G,a_128,1,Asciminib,128,375,237662,0.001577871,0.518515323,0.007461364,0.034857606,0.139104553
E355G,355,S15,E,G,a_250,1,Asciminib,250,874,453294,0.001928108,0.80772219,0.008736592,0.034857606,0.152481344
E355G,355,S15,E,G,a_363,1,Asciminib,363,737,412243,0.001787781,0.698705598,0.007779959,0.034857606,0.142332327
E355G,355,S15,E,G,a_500,1,Asciminib,500,637,263369,0.00241866,1.134743805,0.01060469,0.034857606,0.174433801
E355G,355,S15,E,G,a_638,1,Asciminib,638,1221,650734,0.001876343,0.768459336,0.004655142,0.034857606,0.113656171
E355G,355,S15,E,G,a_750,1,Asciminib,750,1641,906324,0.001810611,0.71701242,0.006886797,0.034857606,0.133467364
E355G,355,S15,E,G,a_1151,1,Asciminib,1151,441,270466,0.001630519,0.565867385,0.006538326,0.034857606,0.130160342
E355G,355,S15,E,G,D0,1,D0,,83,86876,0.000955385,-0.205310368,,0.034857606,
E355G,355,S15,E,G,D0,1,D0,,83,86876,0.000955385,-0.205310368,,0.034857606,
E355G,355,S15,E,G,D0,2,D0,,58,46489,0.001247607,0.179699482,,0.034857606,
E355G,355,S15,E,G,D0,2,D0,,58,46489,0.001247607,0.179699482,,0.034857606,
E355G,355,S15,E,G,i_50,1,Imatinib,50,2007,1433607,0.001399965,0.345927005,0.038350171,0.034857606,1.285907439
E355G,355,S15,E,G,i_100,1,Imatinib,100,196,136108,0.001440033,0.386637763,0.036793228,0.034857606,1.149543346
E355G,355,S15,E,G,i_200,1,Imatinib,200,1319,847842,0.001555714,0.498113199,0.030421619,0.034857606,0.726591347
E355G,355,S15,E,G,i_300,1,Imatinib,300,121,57840,0.002091978,0.925403565,0.025896314,0.034857606,0.524550777
E355G,355,S15,E,G,i_444,1,Imatinib,444,579,254313,0.002276722,1.047494112,0.017775319,0.034857606,0.292314595
E355G,355,S15,E,G,i_500,1,Imatinib,500,83,44660,0.001858486,0.75466406,0.012280159,0.034857606,0.196798248
E355G,355,S15,E,G,i_579,1,Imatinib,579,169,110676,0.00152698,0.471216813,0.008930208,0.034857606,0.154621872
E355G,355,S15,E,G,i_750,1,Imatinib,750,663,284854,0.002327508,1.07932218,0.010947176,0.034857606,0.178788634
E355G,355,S15,E,G,i_1000,1,Imatinib,1000,615,311421,0.001974819,0.842256153,0.006476092,0.034857606,0.129578418
E355G,355,S15,E,G,i_1250,1,Imatinib,1250,808,448879,0.00180004,0.708564664,0.002741918,0.034857606,0.099030286
E355G,355,S15,E,G,i_2500,1,Imatinib,2500,166,119408,0.001390192,0.33581972,-0.004965021,0.034857606,0.056856248
E355G,355,S15,E,G,i_5000,1,Imatinib,5000,482,251745,0.001914636,0.797605997,-0.00247081,0.034857606,0.068040921
E355G,355,S15,E,G,N,1,None,0,637,548120,0.001162154,0.07733757,0.034857606,0.034857606,1
E355H,355,S15,E,H,a_5,1,Asciminib,5,697,465856,0.00149617,-0.139157958,0.031996417,0.033346127,0.907393434
E355H,355,S15,E,H,a_10,1,Asciminib,10,1329,736805,0.001803734,0.130553809,0.027985937,0.033346127,0.679815624
E355H,355,S15,E,H,a_50,1,Asciminib,50,748,364815,0.002050354,0.315440681,0.008357526,0.033346127,0.16543461
E355H,355,S15,E,H,a_89,1,Asciminib,89,609,363702,0.001674448,0.02325283,0.002461917,0.033346127,0.108211987
E355H,355,S15,E,H,a_128,1,Asciminib,128,398,237662,0.001674647,0.023424644,0.002285335,0.033346127,0.106844902
E355H,355,S15,E,H,a_250,1,Asciminib,250,762,453294,0.001681028,0.028911393,0.000594352,0.033346127,0.094597163
E355H,355,S15,E,H,a_363,1,Asciminib,363,816,412243,0.001979415,0.264641617,0.003241946,0.033346127,0.114463302
E355H,355,S15,E,H,a_500,1,Asciminib,500,375,263369,0.001423858,-0.210627486,-0.003460775,0.033346127,0.070644365
E355H,355,S15,E,H,a_638,1,Asciminib,638,1001,650734,0.001538263,-0.099130405,-0.004415256,0.033346127,0.06595256
E355H,355,S15,E,H,a_750,1,Asciminib,750,1257,906324,0.001386921,-0.248546683,-0.003207842,0.033346127,0.071942665
E355H,355,S15,E,H,a_1151,1,Asciminib,1151,388,270466,0.001434561,-0.199823132,-0.001466745,0.033346127,0.08155099
E355H,355,S15,E,H,D0,1,D0,,148,86876,0.001703578,0.048135053,,0.033346127,
E355H,355,S15,E,H,D0,1,D0,,148,86876,0.001703578,0.048135053,,0.033346127,
E355H,355,S15,E,H,D0,2,D0,,74,46489,0.001591774,-0.049796661,,0.033346127,
E355H,355,S15,E,H,D0,2,D0,,74,46489,0.001591774,-0.049796661,,0.033346127,
E355H,355,S15,E,H,i_50,1,Imatinib,50,2110,1433607,0.001471812,-0.162839127,0.033031169,0.033346127,0.977578222
E355H,355,S15,E,H,i_100,1,Imatinib,100,252,136108,0.001851471,0.168239328,0.034509936,0.033346127,1.087405141
E355H,355,S15,E,H,i_200,1,Imatinib,200,1404,847842,0.001655969,0.007243056,0.025289715,0.033346127,0.559863837
E355H,355,S15,E,H,i_300,1,Imatinib,300,127,57840,0.002195712,0.414256501,0.02055242,0.033346127,0.398062249
E355H,355,S15,E,H,i_444,1,Imatinib,444,452,254313,0.001777337,0.109285022,0.007966617,0.033346127,0.160843287
E355H,355,S15,E,H,i_500,1,Imatinib,500,78,44660,0.001746529,0.084058334,0.005269172,0.033346127,0.132451228
E355H,355,S15,E,H,i_579,1,Imatinib,579,154,110676,0.001391449,-0.243844597,0.001454449,0.033346127,0.100640472
E355H,355,S15,E,H,i_750,1,Imatinib,750,481,284854,0.001688584,0.03538169,3.31E-05,0.033346127,0.090850569
E355H,355,S15,E,H,i_1000,1,Imatinib,1000,416,311421,0.001335812,-0.302715243,-0.00549425,0.033346127,0.061022833
E355H,355,S15,E,H,i_1250,1,Imatinib,1250,700,448879,0.00155944,-0.079404221,-0.005496067,0.033346127,0.061014851
E355H,355,S15,E,H,i_2500,1,Imatinib,2500,185,119408,0.00154931,-0.088806765,-0.009404367,0.033346127,0.046049629
E355H,355,S15,E,H,i_5000,1,Imatinib,5000,405,251745,0.001608771,-0.034473756,-0.011169961,0.033346127,0.040552479
E355H,355,S15,E,H,N,1,None,0,862,548120,0.001572648,-0.067236447,0.033346127,0.033346127,1
E355I,355,S15,E,I,a_5,1,Asciminib,5,6616,465856,0.014201813,0.363462659,0.037251169,0.036006085,1.093787083
E355I,355,S15,E,I,a_10,1,Asciminib,10,14398,736805,0.019541127,0.823901165,0.035234682,0.036006085,0.945973248
E355I,355,S15,E,I,a_50,1,Asciminib,50,15028,364815,0.041193482,1.899803565,0.024921579,0.036006085,0.450190505
E355I,355,S15,E,I,a_89,1,Asciminib,89,15796,363702,0.043431161,1.976118007,0.022878553,0.036006085,0.38860874
E355I,355,S15,E,I,a_128,1,Asciminib,128,10074,237662,0.042387929,1.941040982,0.022333455,0.036006085,0.373652405
E355I,355,S15,E,I,a_250,1,Asciminib,250,23140,453294,0.051048547,2.209257393,0.023389234,0.036006085,0.403163446
E355I,355,S15,E,I,a_363,1,Asciminib,363,25083,412243,0.060845181,2.462530506,0.026220234,0.036006085,0.494315537
E355I,355,S15,E,I,a_500,1,Asciminib,500,18435,263369,0.069996849,2.664677468,0.026599701,0.036006085,0.508007207
E355I,355,S15,E,I,a_638,1,Asciminib,638,40570,650734,0.062344983,2.497660962,0.022733441,0.036006085,0.384569661
E355I,355,S15,E,I,a_750,1,Asciminib,750,52699,906324,0.058145873,2.397064291,0.02445125,0.036006085,0.435200633
E355I,355,S15,E,I,a_1151,1,Asciminib,1151,13053,270466,0.048261149,2.128249771,0.022872579,0.036006085,0.388441601
E355I,355,S15,E,I,D0,1,D0,,851,86876,0.009795571,-0.172411048,,0.036006085,
E355I,355,S15,E,I,D0,1,D0,,851,86876,0.009795571,-0.172411048,,0.036006085,
E355I,355,S15,E,I,D0,2,D0,,571,46489,0.012282475,0.153988851,,0.036006085,
E355I,355,S15,E,I,D0,2,D0,,571,46489,0.012282475,0.153988851,,0.036006085,
E355I,355,S15,E,I,i_50,1,Imatinib,50,18200,1433607,0.012695251,0.201676362,0.036842072,0.036006085,1.062039509
E355I,355,S15,E,I,i_100,1,Imatinib,100,1865,136108,0.013702354,0.311811263,0.036010939,0.036006085,1.000349572
E355I,355,S15,E,I,i_200,1,Imatinib,200,13764,847842,0.016234157,0.556419955,0.031031199,0.036006085,0.698939053
E355I,355,S15,E,I,i_300,1,Imatinib,300,932,57840,0.016113416,0.545649901,0.0219261,0.036006085,0.362852493
E355I,355,S15,E,I,i_444,1,Imatinib,444,3683,254313,0.014482154,0.391663684,0.010918803,0.036006085,0.164263364
E355I,355,S15,E,I,i_500,1,Imatinib,500,647,44660,0.014487237,0.39216996,0.008490389,0.036006085,0.137913295
E355I,355,S15,E,I,i_579,1,Imatinib,579,1374,110676,0.012414616,0.169427094,0.005775085,0.036006085,0.113422895
E355I,355,S15,E,I,i_750,1,Imatinib,750,3735,284854,0.01311198,0.248273077,0.0022588,0.036006085,0.088054044
E355I,355,S15,E,I,i_1000,1,Imatinib,1000,4076,311421,0.013088392,0.245675318,0.000239013,0.036006085,0.076136375
E355I,355,S15,E,I,i_1250,1,Imatinib,1250,5754,448879,0.012818599,0.215626116,-0.002411611,0.036006085,0.062908495
E355I,355,S15,E,I,i_2500,1,Imatinib,2500,1614,119408,0.013516682,0.292128581,-0.005421799,0.036006085,0.050650427
E355I,355,S15,E,I,i_5000,1,Imatinib,5000,11439,251745,0.045438837,2.041313406,0.010531789,0.036006085,0.159749341
E355I,355,S15,E,I,N,1,None,0,6889,548120,0.012568416,0.1871903,0.036006085,0.036006085,1
E355K,355,S15,E,K,a_5,1,Asciminib,5,4114,465856,0.008831055,-0.038989549,0.033043648,0.032399913,1.047439805
E355K,355,S15,E,K,a_10,1,Asciminib,10,6986,736805,0.009481477,0.063536522,0.027285291,0.032399913,0.691942236
E355K,355,S15,E,K,a_50,1,Asciminib,50,4503,364815,0.012343242,0.444074159,0.009702352,0.032399913,0.195103627
E355K,355,S15,E,K,a_89,1,Asciminib,89,5185,363702,0.014256177,0.651939861,0.009034657,0.032399913,0.18594609
E355K,355,S15,E,K,a_128,1,Asciminib,128,3370,237662,0.014179802,0.644190075,0.008775257,0.032399913,0.182505446
E355K,355,S15,E,K,a_250,1,Asciminib,250,7969,453294,0.017580202,0.954304363,0.010269066,0.032399913,0.203229171
E355K,355,S15,E,K,a_363,1,Asciminib,363,8303,412243,0.020141033,1.150490433,0.012503238,0.032399913,0.238696917
E355K,355,S15,E,K,a_500,1,Asciminib,500,6384,263369,0.024239755,1.417727841,0.013563206,0.032399913,0.257626875
E355K,355,S15,E,K,a_638,1,Asciminib,638,14018,650734,0.021541828,1.247493421,0.009663304,0.032399913,0.194555872
E355K,355,S15,E,K,a_750,1,Asciminib,750,19106,906324,0.021080761,1.216279707,0.012106491,0.032399913,0.231974823
E355K,355,S15,E,K,a_1151,1,Asciminib,1151,4635,270466,0.017137089,0.917474824,0.010214279,0.032399913,0.202429083
E355K,355,S15,E,K,a_2500,1,Asciminib,2500,2,8,0.25,4.784208921,0.049548062,0.032399913,3.437232801
E355K,355,S15,E,K,D0,1,D0,,814,86876,0.009369676,0.046423847,,0.032399913,
E355K,355,S15,E,K,D0,1,D0,,814,86876,0.009369676,0.046423847,,0.032399913,
E355K,355,S15,E,K,D0,2,D0,,408,46489,0.00877627,-0.04796751,,0.032399913,
E355K,355,S15,E,K,D0,2,D0,,408,46489,0.00877627,-0.04796751,,0.032399913,
E355K,355,S15,E,K,i_50,1,Imatinib,50,12699,1433607,0.008858076,-0.034581961,0.034372061,0.032399913,1.152570413
E355K,355,S15,E,K,i_100,1,Imatinib,100,1157,136108,0.008500602,-0.094010271,0.031768193,0.032399913,0.955535017
E355K,355,S15,E,K,i_200,1,Imatinib,200,7326,847842,0.008640761,-0.070417003,0.024477802,0.032399913,0.56530377
E355K,355,S15,E,K,i_300,1,Imatinib,300,442,57840,0.00764177,-0.247668451,0.013632188,0.032399913,0.25890962
E355K,355,S15,E,K,i_444,1,Imatinib,444,2128,254313,0.008367641,-0.11675433,0.005603441,0.032399913,0.145243154
E355K,355,S15,E,K,i_500,1,Imatinib,500,308,44660,0.006896552,-0.395700169,0.000253436,0.032399913,0.098810999
E355K,355,S15,E,K,i_579,1,Imatinib,579,796,110676,0.007192165,-0.335149342,0.000499885,0.032399913,0.100579979
E355K,355,S15,E,K,i_750,1,Imatinib,750,2330,284854,0.008179629,-0.149539979,-0.00190022,0.032399913,0.084617888
E355K,355,S15,E,K,i_1000,1,Imatinib,1000,2310,311421,0.007417612,-0.29062065,-0.005367805,0.032399913,0.065922483
E355K,355,S15,E,K,i_1250,1,Imatinib,1250,4017,448879,0.00894896,-0.019855411,-0.004873502,0.032399913,0.068310903
E355K,355,S15,E,K,i_2500,1,Imatinib,2500,991,119408,0.008299276,-0.128589802,-0.009820287,0.032399913,0.047841853
E355K,355,S15,E,K,i_5000,1,Imatinib,5000,4225,251745,0.016782856,0.887340948,-0.001532657,0.032399913,0.086887154
E355K,355,S15,E,K,N,1,None,0,4458,548120,0.008133255,-0.157742429,0.032399913,0.032399913,1
E355L,355,S15,E,L,a_5,1,Asciminib,5,4291,465856,0.009211001,-0.103291266,0.032371393,0.034480957,0.85908396
E355L,355,S15,E,L,a_10,1,Asciminib,10,7691,736805,0.010438311,0.077167248,0.027427797,0.034480957,0.601801551
E355L,355,S15,E,L,a_50,1,Asciminib,50,4128,364815,0.011315324,0.193556829,0.007083266,0.034480957,0.139090048
E355L,355,S15,E,L,a_89,1,Asciminib,89,4473,363702,0.01229853,0.313764807,0.005499135,0.034480957,0.124097075
E355L,355,S15,E,L,a_128,1,Asciminib,128,2697,237662,0.011348049,0.197723181,0.004107576,0.034480957,0.112266089
E355L,355,S15,E,L,a_250,1,Asciminib,250,5804,453294,0.012804052,0.371879362,0.004179982,0.034480957,0.112852891
E355L,355,S15,E,L,a_363,1,Asciminib,363,5341,412243,0.012955951,0.388893795,0.004540967,0.034480957,0.115824486
E355L,355,S15,E,L,a_500,1,Asciminib,500,3754,263369,0.014253766,0.526622015,0.004246954,0.034480957,0.113398377
E355L,355,S15,E,L,a_638,1,Asciminib,638,8686,650734,0.013348004,0.431902926,0.001136543,0.034480957,0.090645607
E355L,355,S15,E,L,a_750,1,Asciminib,750,12211,906324,0.013473107,0.445361466,0.004046765,0.034480957,0.111775622
E355L,355,S15,E,L,a_1151,1,Asciminib,1151,3077,270466,0.011376661,0.201356105,0.002727467,0.034480957,0.101646794
E355L,355,S15,E,L,D0,1,D0,,925,86876,0.010647359,0.105774594,,0.034480957,
E355L,355,S15,E,L,D0,1,D0,,925,86876,0.010647359,0.105774594,,0.034480957,
E355L,355,S15,E,L,D0,2,D0,,425,46489,0.009141948,-0.114147644,,0.034480957,
E355L,355,S15,E,L,D0,2,D0,,425,46489,0.009141948,-0.114147644,,0.034480957,
E355L,355,S15,E,L,i_50,1,Imatinib,50,14943,1433607,0.010423359,0.075099137,0.035518744,0.034480957,1.077583159
E355L,355,S15,E,L,i_100,1,Imatinib,100,1316,136108,0.009668792,-0.03331347,0.03240276,0.034480957,0.861026383
E355L,355,S15,E,L,i_200,1,Imatinib,200,8433,847842,0.009946429,0.007529426,0.025292709,0.034480957,0.516048853
E355L,355,S15,E,L,i_300,1,Imatinib,300,475,57840,0.00821231,-0.268861131,0.013410625,0.034480957,0.219354989
E355L,355,S15,E,L,i_444,1,Imatinib,444,2481,254313,0.009755695,-0.020404569,0.00661075,0.034480957,0.13443763
E355L,355,S15,E,L,i_500,1,Imatinib,500,450,44660,0.010076131,0.026220658,0.004664496,0.034480957,0.116859234
E355L,355,S15,E,L,i_579,1,Imatinib,579,1023,110676,0.009243196,-0.098257356,0.002976522,0.034480957,0.10348596
E355L,355,S15,E,L,i_750,1,Imatinib,750,2548,284854,0.008944933,-0.14557848,-0.001858804,0.034480957,0.073060842
E355L,355,S15,E,L,i_1000,1,Imatinib,1000,2790,311421,0.008958933,-0.143322203,-0.003827843,0.034480957,0.063403669
E355L,355,S15,E,L,i_1250,1,Imatinib,1250,3949,448879,0.008797471,-0.169560329,-0.006438623,0.034480957,0.052538464
E355L,355,S15,E,L,i_2500,1,Imatinib,2500,1172,119408,0.009815088,-0.011648019,-0.008597695,0.034480957,0.044974352
E355L,355,S15,E,L,i_5000,1,Imatinib,5000,2877,251745,0.011428231,0.207881004,-0.008636213,0.034480957,0.044849797
E355L,355,S15,E,L,N,1,None,0,5581,548120,0.010182077,0.041310777,0.034480957,0.034480957,1
E355M,355,S15,E,M,a_5,1,Asciminib,5,925,465856,0.001985592,0.078717372,0.03427424,0.035518445,0.914312584
E355M,355,S15,E,M,a_10,1,Asciminib,10,1624,736805,0.002204111,0.229344957,0.02901877,0.035518445,0.626268184
E355M,355,S15,E,M,a_50,1,Asciminib,50,1074,364815,0.002943958,0.64690512,0.01182289,0.035518445,0.18157619
E355M,355,S15,E,M,a_89,1,Asciminib,89,727,363702,0.001998889,0.088346586,0.003142453,0.035518445,0.09719156
E355M,355,S15,E,M,a_128,1,Asciminib,128,449,237662,0.001889238,0.006952278,0.002113122,0.035518445,0.090248952
E355M,355,S15,E,M,a_250,1,Asciminib,250,949,453294,0.002093564,0.155109103,0.001913712,0.035518445,0.088962465
E355M,355,S15,E,M,a_363,1,Asciminib,363,915,412243,0.002219565,0.239424828,0.002978312,0.035518445,0.096049695
E355M,355,S15,E,M,a_500,1,Asciminib,500,470,263369,0.001784568,-0.075276704,-0.002045722,0.035518445,0.066895739
E355M,355,S15,E,M,a_638,1,Asciminib,638,1290,650734,0.001982377,0.076379307,-0.002580353,0.035518445,0.064369623
E355M,355,S15,E,M,a_750,1,Asciminib,750,1833,906324,0.002022456,0.105256073,0.000491062,0.035518445,0.080301133
E355M,355,S15,E,M,a_1151,1,Asciminib,1151,552,270466,0.002040922,0.118369102,0.001859862,0.035518445,0.088618203
E355M,355,S15,E,M,D0,1,D0,,194,86876,0.002233068,0.248175149,,0.035518445,
E355M,355,S15,E,M,D0,1,D0,,194,86876,0.002233068,0.248175149,,0.035518445,
E355M,355,S15,E,M,D0,2,D0,,71,46489,0.001527243,-0.299922287,,0.035518445,
E355M,355,S15,E,M,D0,2,D0,,71,46489,0.001527243,-0.299922287,,0.035518445,
E355M,355,S15,E,M,i_50,1,Imatinib,50,2336,1433607,0.001629456,-0.206461232,0.032575113,0.035518445,0.809029489
E355M,355,S15,E,M,i_100,1,Imatinib,100,253,136108,0.001858818,-0.0164664,0.032578892,0.035518445,0.809249633
E355M,355,S15,E,M,i_200,1,Imatinib,200,2199,847842,0.002593644,0.464128344,0.030066318,0.035518445,0.675330436
E355M,355,S15,E,M,i_300,1,Imatinib,300,134,57840,0.002316736,0.301241624,0.019370883,0.035518445,0.312664524
E355M,355,S15,E,M,i_444,1,Imatinib,444,474,254313,0.001863845,-0.012570072,0.006692657,0.035518445,0.125499095
E355M,355,S15,E,M,i_500,1,Imatinib,500,111,44660,0.002485446,0.402652601,0.008599982,0.035518445,0.143973023
E355M,355,S15,E,M,i_579,1,Imatinib,579,229,110676,0.002069103,0.138153271,0.005448126,0.035518445,0.114742708
E355M,355,S15,E,M,i_750,1,Imatinib,750,585,284854,0.002053684,0.127362041,0.00099471,0.035518445,0.083266505
E355M,355,S15,E,M,i_1000,1,Imatinib,1000,511,311421,0.001640866,-0.19639486,-0.004382702,0.035518445,0.056535724
E355M,355,S15,E,M,i_1250,1,Imatinib,1250,696,448879,0.001550529,-0.278091217,-0.007573282,0.035518445,0.044932032
E355M,355,S15,E,M,i_2500,1,Imatinib,2500,203,119408,0.001700054,-0.145271688,-0.009994691,0.035518445,0.037743356
E355M,355,S15,E,M,i_5000,1,Imatinib,5000,407,251745,0.001616715,-0.217786249,-0.01308644,0.035518445,0.030210923
E355M,355,S15,E,M,N,1,None,0,1136,548120,0.002072539,0.140547234,0.035518445,0.035518445,1
E355N,355,S15,E,N,a_5,1,Asciminib,5,674,465856,0.001446799,-0.208486645,0.031271606,0.032465711,0.917616605
E355N,355,S15,E,N,a_10,1,Asciminib,10,1767,736805,0.002398192,0.520596121,0.032063716,0.032465711,0.971471203
E355N,355,S15,E,N,a_50,1,Asciminib,50,1082,364815,0.002965887,0.827112382,0.013706905,0.032465711,0.259075936
E355N,355,S15,E,N,a_89,1,Asciminib,89,984,363702,0.002705512,0.694550294,0.009480136,0.032465711,0.191099433
E355N,355,S15,E,N,a_128,1,Asciminib,128,594,237662,0.002499348,0.580200521,0.008106265,0.032465711,0.173100982
E355N,355,S15,E,N,a_250,1,Asciminib,250,1045,453294,0.002305347,0.46363281,0.005139238,0.032465711,0.139805084
E355N,355,S15,E,N,a_363,1,Asciminib,363,850,412243,0.002061891,0.302616683,0.003638965,0.032465711,0.125490432
E355N,355,S15,E,N,a_500,1,Asciminib,500,672,263369,0.002551553,0.610024528,0.005118903,0.032465711,0.139600542
E355N,355,S15,E,N,a_638,1,Asciminib,638,1476,650734,0.002268208,0.440201719,0.001223304,0.032465711,0.105456861
E355N,355,S15,E,N,a_750,1,Asciminib,750,2616,906324,0.002886385,0.787912585,0.007628037,0.032465711,0.167242148
E355N,355,S15,E,N,a_1151,1,Asciminib,1151,534,270466,0.00197437,0.240041334,0.00313191,0.032465711,0.120991652
E355N,355,S15,E,N,D0,1,D0,,169,86876,0.001945301,0.2186425,,0.032465711,
E355N,355,S15,E,N,D0,1,D0,,169,86876,0.001945301,0.2186425,,0.032465711,
E355N,355,S15,E,N,D0,2,D0,,65,46489,0.00139818,-0.257800837,,0.032465711,
E355N,355,S15,E,N,D0,2,D0,,65,46489,0.00139818,-0.257800837,,0.032465711,
E355N,355,S15,E,N,i_50,1,Imatinib,50,2006,1433607,0.001399268,-0.256679143,0.032050099,0.032465711,0.970519222
E355N,355,S15,E,N,i_100,1,Imatinib,100,236,136108,0.001733917,0.052683831,0.033301837,0.032465711,1.062050062
E355N,355,S15,E,N,i_200,1,Imatinib,200,1414,847842,0.001667764,-0.003436383,0.025178065,0.032465711,0.591726606
E355N,355,S15,E,N,i_300,1,Imatinib,300,85,57840,0.001469571,-0.185955873,0.014277375,0.032465711,0.269938745
E355N,355,S15,E,N,i_444,1,Imatinib,444,398,254313,0.001565001,-0.095187943,0.005828911,0.032465711,0.146922565
E355N,355,S15,E,N,i_500,1,Imatinib,500,68,44660,0.001522615,-0.134799667,0.002981075,0.032465711,0.119684782
E355N,355,S15,E,N,i_579,1,Imatinib,579,137,110676,0.001237847,-0.433517678,-0.000528527,0.032465711,0.092960074
E355N,355,S15,E,N,i_750,1,Imatinib,750,385,284854,0.00135157,-0.306715381,-0.003543443,0.032465711,0.074820819
E355N,355,S15,E,N,i_1000,1,Imatinib,1000,558,311421,0.001791787,0.100047727,-0.001283481,0.032465711,0.088041953
E355N,355,S15,E,N,i_1250,1,Imatinib,1250,694,448879,0.001546074,-0.112742103,-0.005844605,0.032465711,0.063396744
E355N,355,S15,E,N,i_2500,1,Imatinib,2500,185,119408,0.00154931,-0.109725388,-0.009623065,0.032465711,0.048296707
E355N,355,S15,E,N,i_5000,1,Imatinib,5000,427,251745,0.001696161,0.020921783,-0.010590817,0.032465711,0.045046047
E355N,355,S15,E,N,N,1,None,0,825,548120,0.001505145,-0.15144882,0.032465711,0.032465711,1
E355P,355,S15,E,P,a_5,1,Asciminib,5,2339,465856,0.005020865,-0.430364845,0.028951934,0.034672207,0.662417212
E355P,355,S15,E,P,a_10,1,Asciminib,10,4107,736805,0.005574066,-0.279570536,0.023698207,0.034672207,0.4537867
E355P,355,S15,E,P,a_50,1,Asciminib,50,1963,364815,0.005380809,-0.330477509,0.00160464,0.034672207,0.09247057
E355P,355,S15,E,P,a_89,1,Asciminib,89,2121,363702,0.005831697,-0.21438487,-2.25E-05,0.034672207,0.082247683
E355P,355,S15,E,P,a_128,1,Asciminib,128,1497,237662,0.006298861,-0.103209658,0.000961411,0.034672207,0.088285681
E355P,355,S15,E,P,a_250,1,Asciminib,250,3037,453294,0.006699846,-0.014172789,0.00014392,0.034672207,0.083239216
E355P,355,S15,E,P,a_363,1,Asciminib,363,2530,412243,0.006137157,-0.140730244,-0.000996098,0.034672207,0.076679722
E355P,355,S15,E,P,a_500,1,Asciminib,500,1570,263369,0.005961218,-0.182693615,-0.003168734,0.034672207,0.065575851
E355P,355,S15,E,P,a_638,1,Asciminib,638,3779,650734,0.005807288,-0.220436048,-0.005683471,0.034672207,0.054715468
E355P,355,S15,E,P,a_750,1,Asciminib,750,5737,906324,0.006329966,-0.096103003,-0.001614088,0.034672207,0.07334263
E355P,355,S15,E,P,a_1151,1,Asciminib,1151,1669,270466,0.006170831,-0.132835923,-0.000766414,0.034672207,0.077958341
E355P,355,S15,E,P,D0,1,D0,,572,86876,0.006584097,-0.039315164,,0.034672207,
E355P,355,S15,E,P,D0,1,D0,,572,86876,0.006584097,-0.039315164,,0.034672207,
E355P,355,S15,E,P,D0,2,D0,,323,46489,0.00694788,0.03827214,,0.034672207,
E355P,355,S15,E,P,D0,2,D0,,323,46489,0.00694788,0.03827214,,0.034672207,
E355P,355,S15,E,P,i_50,1,Imatinib,50,9725,1433607,0.006783589,0.003747936,0.034772788,0.034672207,1.007268143
E355P,355,S15,E,P,i_100,1,Imatinib,100,796,136108,0.005848297,-0.210284163,0.030552583,0.034672207,0.743331696
E355P,355,S15,E,P,i_200,1,Imatinib,200,5234,847842,0.00617332,-0.132254143,0.023831312,0.034672207,0.458156516
E355P,355,S15,E,P,i_300,1,Imatinib,300,424,57840,0.007330567,0.115624081,0.017430306,0.034672207,0.288974476
E355P,355,S15,E,P,i_444,1,Imatinib,444,1626,254313,0.006393696,-0.081650586,0.00597044,0.034672207,0.126624761
E355P,355,S15,E,P,i_500,1,Imatinib,500,295,44660,0.006605464,-0.034640929,0.004028206,0.034672207,0.110099793
E355P,355,S15,E,P,i_579,1,Imatinib,579,636,110676,0.005746503,-0.23561637,0.001540473,0.034672207,0.092044341
E355P,355,S15,E,P,i_750,1,Imatinib,750,1717,284854,0.006027649,-0.166705258,-0.002079678,0.034672207,0.070924758
E355P,355,S15,E,P,i_1000,1,Imatinib,1000,2043,311421,0.006560251,-0.044549661,-0.002795204,0.034672207,0.067363387
E355P,355,S15,E,P,i_1250,1,Imatinib,1250,2877,448879,0.0064093,-0.078134015,-0.005482787,0.034672207,0.055511803
E355P,355,S15,E,P,i_2500,1,Imatinib,2500,763,119408,0.006389857,-0.082517166,-0.009338611,0.034672207,0.042054919
E355P,355,S15,E,P,i_5000,1,Imatinib,5000,1591,251745,0.006319887,-0.098401921,-0.011838312,0.034672207,0.035127979
E355P,355,S15,E,P,N,1,None,0,3865,548120,0.007051376,0.059604005,0.034672207,0.034672207,1
E355Q,355,S15,E,Q,a_5,1,Asciminib,5,921,465856,0.001977006,-0.147286207,0.031911438,0.033497285,0.892096512
E355Q,355,S15,E,Q,a_10,1,Asciminib,10,2090,736805,0.002836571,0.373544897,0.030526338,0.033497285,0.807422549
E355Q,355,S15,E,Q,a_50,1,Asciminib,50,992,364815,0.002719186,0.312571782,0.008327533,0.033497285,0.163290876
E355Q,355,S15,E,Q,a_89,1,Asciminib,89,842,363702,0.002315082,0.080460085,0.003060002,0.033497285,0.111750748
E355Q,355,S15,E,Q,a_128,1,Asciminib,128,592,237662,0.002490933,0.186082639,0.003985877,0.033497285,0.119454307
E355Q,355,S15,E,Q,a_250,1,Asciminib,250,895,453294,0.001974436,-0.149162672,-0.00126736,0.033497285,0.081834657
E355Q,355,S15,E,Q,a_363,1,Asciminib,363,782,412243,0.001896939,-0.206929678,-0.001688194,0.033497285,0.079392253
E355Q,355,S15,E,Q,a_500,1,Asciminib,500,518,263369,0.001966822,-0.154736733,-0.002876453,0.033497285,0.072882324
E355Q,355,S15,E,Q,a_638,1,Asciminib,638,1219,650734,0.001873269,-0.225045003,-0.005731656,0.033497285,0.059339282
E355Q,355,S15,E,Q,a_750,1,Asciminib,750,1922,906324,0.002120654,-0.046093747,-0.001091256,0.033497285,0.082878887
E355Q,355,S15,E,Q,a_1151,1,Asciminib,1151,568,270466,0.002100079,-0.060159605,-6.60E-06,0.033497285,0.08961075
E355Q,355,S15,E,Q,D0,1,D0,,173,86876,0.001991344,-0.136860835,,0.033497285,
E355Q,355,S15,E,Q,D0,1,D0,,173,86876,0.001991344,-0.136860835,,0.033497285,
E355Q,355,S15,E,Q,D0,2,D0,,111,46489,0.002387662,0.12499509,,0.033497285,
E355Q,355,S15,E,Q,D0,2,D0,,111,46489,0.002387662,0.12499509,,0.033497285,
E355Q,355,S15,E,Q,i_50,1,Imatinib,50,3291,1433607,0.002295608,0.068273151,0.035447381,0.033497285,1.150741946
E355Q,355,S15,E,Q,i_100,1,Imatinib,100,337,136108,0.002475975,0.177393436,0.03460564,0.033497285,1.083072111
E355Q,355,S15,E,Q,i_200,1,Imatinib,200,2335,847842,0.002754051,0.33095192,0.028673997,0.033497285,0.706609756
E355Q,355,S15,E,Q,i_300,1,Imatinib,300,156,57840,0.002697095,0.300803283,0.0193663,0.033497285,0.361522535
E355Q,355,S15,E,Q,i_444,1,Imatinib,444,589,254313,0.002316044,0.081059134,0.007671523,0.033497285,0.155757519
E355Q,355,S15,E,Q,i_500,1,Imatinib,500,126,44660,0.002821317,0.365765289,0.008214336,0.033497285,0.161965435
E355Q,355,S15,E,Q,i_579,1,Imatinib,579,292,110676,0.002638332,0.269022672,0.006816327,0.033497285,0.146456189
E355Q,355,S15,E,Q,i_750,1,Imatinib,750,647,284854,0.002271339,0.052939758,0.000216647,0.033497285,0.091062796
E355Q,355,S15,E,Q,i_1000,1,Imatinib,1000,739,311421,0.002372993,0.116104843,-0.001115608,0.033497285,0.082733696
E355Q,355,S15,E,Q,i_1250,1,Imatinib,1250,1032,448879,0.002299061,0.070441173,-0.003929477,0.033497285,0.067560833
E355Q,355,S15,E,Q,i_2500,1,Imatinib,2500,262,119408,0.002194158,0.003064027,-0.008443885,0.033497285,0.048812727
E355Q,355,S15,E,Q,i_5000,1,Imatinib,5000,510,251745,0.00202586,-0.112069166,-0.011981199,0.033497285,0.037837643
E355Q,355,S15,E,Q,N,1,None,0,1157,548120,0.002110852,-0.052778107,0.033497285,0.033497285,1
E355R,355,S15,E,R,a_5,1,Asciminib,5,6443,465856,0.013830454,0.244885305,0.036011477,0.03293811,1.247675812
E355R,355,S15,E,R,a_10,1,Asciminib,10,13019,736805,0.017669533,0.598300666,0.032876095,0.03293811,0.995544875
E355R,355,S15,E,R,a_50,1,Asciminib,50,9641,364815,0.026427093,1.179054531,0.017386357,0.03293811,0.326369157
E355R,355,S15,E,R,a_89,1,Asciminib,89,10333,363702,0.028410622,1.283467196,0.015637091,0.03293811,0.287747093
E355R,355,S15,E,R,a_128,1,Asciminib,128,6370,237662,0.02680277,1.199418909,0.014580013,0.03293811,0.266659431
E355R,355,S15,E,R,a_250,1,Asciminib,250,12061,453294,0.026607456,1.188867343,0.012721354,0.03293811,0.233258868
E355R,355,S15,E,R,a_363,1,Asciminib,363,13870,412243,0.033645204,1.527437671,0.016444111,0.03293811,0.304962067
E355R,355,S15,E,R,a_500,1,Asciminib,500,9769,263369,0.037092444,1.668162131,0.016181423,0.03293811,0.299248361
E355R,355,S15,E,R,a_638,1,Asciminib,638,22076,650734,0.033924768,1.539375735,0.012714848,0.03293811,0.233149639
E355R,355,S15,E,R,a_750,1,Asciminib,750,28119,906324,0.031025329,1.410483279,0.014136833,0.03293811,0.258284925
E355R,355,S15,E,R,a_1151,1,Asciminib,1151,6705,270466,0.024790547,1.086826871,0.011984806,0.03293811,0.221211088
E355R,355,S15,E,R,D0,1,D0,,1030,86876,0.011855979,0.022651538,,0.03293811,
E355R,355,S15,E,R,D0,1,D0,,1030,86876,0.011855979,0.022651538,,0.03293811,
E355R,355,S15,E,R,D0,2,D0,,534,46489,0.011486588,-0.023012867,,0.03293811,
E355R,355,S15,E,R,D0,2,D0,,534,46489,0.011486588,-0.023012867,,0.03293811,
E355R,355,S15,E,R,i_50,1,Imatinib,50,17229,1433607,0.012017938,0.042226165,0.035175067,0.03293811,1.174756567
E355R,355,S15,E,R,i_100,1,Imatinib,100,1763,136108,0.012952949,0.150317393,0.034322568,0.03293811,1.104818406
E355R,355,S15,E,R,i_200,1,Imatinib,200,10904,847842,0.012860887,0.140026911,0.026677932,0.03293811,0.637161059
E355R,355,S15,E,R,i_300,1,Imatinib,300,656,57840,0.011341632,-0.041334953,0.015789345,0.03293811,0.290918804
E355R,355,S15,E,R,i_444,1,Imatinib,444,2808,254313,0.011041512,-0.080025492,0.00598743,0.03293811,0.143639455
E355R,355,S15,E,R,i_500,1,Imatinib,500,570,44660,0.012763099,0.129015453,0.005739185,0.03293811,0.141094903
E355R,355,S15,E,R,i_579,1,Imatinib,579,1329,110676,0.012008023,0.04103548,0.004432788,0.03293811,0.128428471
E355R,355,S15,E,R,i_750,1,Imatinib,750,3389,284854,0.011897323,0.027673756,-4.75E-05,0.03293811,0.093017836
E355R,355,S15,E,R,i_1000,1,Imatinib,1000,3785,311421,0.012153965,0.058463852,-0.001718228,0.03293811,0.082475309
E355R,355,S15,E,R,i_1250,1,Imatinib,1250,5358,448879,0.011936402,0.032404762,-0.004327137,0.03293811,0.068351093
E355R,355,S15,E,R,i_2500,1,Imatinib,2500,1476,119408,0.012360981,0.08283001,-0.007609955,0.03293811,0.053962786
E355R,355,S15,E,R,i_5000,1,Imatinib,5000,6216,251745,0.024691652,1.081060164,0.000492621,0.03293811,0.096706449
E355R,355,S15,E,R,N,1,None,0,5943,548120,0.010842516,-0.106263612,0.03293811,0.03293811,1
E355S,355,S15,E,S,a_5,1,Asciminib,5,1064,465856,0.002283968,0.019516367,0.033655311,0.033627182,1.002027293
E355S,355,S15,E,S,a_10,1,Asciminib,10,2064,736805,0.002801284,0.31406241,0.029904466,0.033627182,0.764880595
E355S,355,S15,E,S,a_50,1,Asciminib,50,1057,364815,0.002897359,0.362712618,0.008851741,0.033627182,0.167993196
E355S,355,S15,E,S,a_89,1,Asciminib,89,954,363702,0.002623027,0.219206603,0.004510557,0.033627182,0.122898429
E355S,355,S15,E,S,a_128,1,Asciminib,128,773,237662,0.003252518,0.529531362,0.007576534,0.033627182,0.153255823
E355S,355,S15,E,S,a_250,1,Asciminib,250,1057,453294,0.00233182,0.049430602,0.000808875,0.033627182,0.094145092
E355S,355,S15,E,S,a_363,1,Asciminib,363,949,412243,0.00230204,0.030887287,0.000798113,0.033627182,0.094072174
E355S,355,S15,E,S,a_500,1,Asciminib,500,688,263369,0.002612304,0.213297218,0.000971234,0.033627182,0.095252098
E355S,355,S15,E,S,a_638,1,Asciminib,638,1729,650734,0.002657,0.237772225,-0.000893037,0.033627182,0.083287584
E355S,355,S15,E,S,a_750,1,Asciminib,750,2302,906324,0.002539931,0.172763235,0.00119683,0.033627182,0.096811901
E355S,355,S15,E,S,a_1151,1,Asciminib,1151,509,270466,0.001881937,-0.259807394,-0.002093863,0.033627182,0.076389099
E355S,355,S15,E,S,D0,1,D0,,171,86876,0.001968323,-0.195059063,,0.033627182,
E355S,355,S15,E,S,D0,1,D0,,171,86876,0.001968323,-0.195059063,,0.033627182,
E355S,355,S15,E,S,D0,2,D0,,118,46489,0.002538235,0.171799757,,0.033627182,
E355S,355,S15,E,S,D0,2,D0,,118,46489,0.002538235,0.171799757,,0.033627182,
E355S,355,S15,E,S,i_50,1,Imatinib,50,3506,1433607,0.00244558,0.118150605,0.035968835,0.033627182,1.183645403
E355S,355,S15,E,S,i_100,1,Imatinib,100,300,136108,0.002204132,-0.03181517,0.032418425,0.033627182,0.9166491
E355S,355,S15,E,S,i_200,1,Imatinib,200,2572,847842,0.003033584,0.428997498,0.029699035,0.033627182,0.753650448
E355S,355,S15,E,S,i_300,1,Imatinib,300,164,57840,0.002835408,0.331530553,0.019687545,0.033627182,0.3665377
E355S,355,S15,E,S,i_444,1,Imatinib,444,647,254313,0.002544109,0.175134696,0.008655056,0.033627182,0.165630958
E355S,355,S15,E,S,i_500,1,Imatinib,500,119,44660,0.002664577,0.241880613,0.006919158,0.033627182,0.14617105
E355S,355,S15,E,S,i_579,1,Imatinib,579,288,110676,0.00260219,0.207700599,0.006175223,0.033627182,0.138547635
E355S,355,S15,E,S,i_750,1,Imatinib,750,649,284854,0.00227836,0.015970009,-0.000169861,0.033627182,0.087739145
E355S,355,S15,E,S,i_1000,1,Imatinib,1000,683,311421,0.002193173,-0.039006458,-0.002737252,0.033627182,0.072931163
E355S,355,S15,E,S,i_1250,1,Imatinib,1250,1056,448879,0.002352527,0.062185521,-0.004015788,0.033627182,0.066517259
E355S,355,S15,E,S,i_2500,1,Imatinib,2500,223,119408,0.001867547,-0.27088159,-0.011307906,0.033627182,0.039347361
E355S,355,S15,E,S,i_5000,1,Imatinib,5000,584,251745,0.002319808,0.04197944,-0.010370665,0.033627182,0.042094212
E355S,355,S15,E,S,N,1,None,0,1201,548120,0.002191126,-0.040353335,0.033627182,0.033627182,1
E355T,355,S15,E,T,a_5,1,Asciminib,5,1084,465856,0.002326899,0.298834334,0.036575499,0.037657165,0.925075471
E355T,355,S15,E,T,a_10,1,Asciminib,10,1925,736805,0.002612632,0.465929246,0.03149219,0.037657165,0.641543571
E355T,355,S15,E,T,a_50,1,Asciminib,50,1057,364815,0.002897359,0.615163979,0.011491046,0.037657165,0.151986962
E355T,355,S15,E,T,a_89,1,Asciminib,89,1231,363702,0.003384639,0.839427555,0.010994786,0.037657165,0.146652232
E355T,355,S15,E,T,a_128,1,Asciminib,128,520,237662,0.002187981,0.210025933,0.004236197,0.037657165,0.090147358
E355T,355,S15,E,T,a_250,1,Asciminib,250,1161,453294,0.002561252,0.437274559,0.00486367,0.037657165,0.094313437
E355T,355,S15,E,T,a_363,1,Asciminib,363,1088,412243,0.00263922,0.480537212,0.005499072,0.037657165,0.098728396
E355T,355,S15,E,T,a_500,1,Asciminib,500,691,263369,0.002623695,0.472025726,0.003676166,0.037657165,0.08658472
E355T,355,S15,E,T,a_638,1,Asciminib,638,1867,650734,0.002869068,0.601007645,0.002904483,0.037657165,0.08190518
E355T,355,S15,E,T,a_750,1,Asciminib,750,2625,906324,0.002896315,0.614644186,0.005816567,0.037657165,0.101011284
E355T,355,S15,E,T,a_1151,1,Asciminib,1151,669,270466,0.002473509,0.386984523,0.004668158,0.037657165,0.092995099
E355T,355,S15,E,T,D0,1,D0,,153,86876,0.001761131,-0.103072374,,0.037657165,
E355T,355,S15,E,T,D0,1,D0,,153,86876,0.001761131,-0.103072374,,0.037657165,
E355T,355,S15,E,T,D0,2,D0,,94,46489,0.002021984,0.096196921,,0.037657165,
E355T,355,S15,E,T,D0,2,D0,,94,46489,0.002021984,0.096196921,,0.037657165,
E355T,355,S15,E,T,i_50,1,Imatinib,50,3569,1433607,0.002489525,0.396295872,0.038876763,0.037657165,1.09178183
E355T,355,S15,E,T,i_100,1,Imatinib,100,320,136108,0.002351074,0.313745596,0.036031162,0.037657165,0.88952097
E355T,355,S15,E,T,i_200,1,Imatinib,200,2603,847842,0.003070148,0.698733528,0.032519046,0.037657165,0.690772661
E355T,355,S15,E,T,i_300,1,Imatinib,300,169,57840,0.002921853,0.627309347,0.022779826,0.037657165,0.342607985
E355T,355,S15,E,T,i_444,1,Imatinib,444,572,254313,0.002249197,0.249835493,0.009436031,0.037657165,0.131083385
E355T,355,S15,E,T,i_500,1,Imatinib,500,90,44660,0.002015226,0.091367308,0.005345585,0.037657165,0.097643349
E355T,355,S15,E,T,i_579,1,Imatinib,579,272,110676,0.002457624,0.3776898,0.00795241,0.037657165,0.117802911
E355T,355,S15,E,T,i_750,1,Imatinib,750,698,284854,0.002450378,0.373429929,0.003567278,0.037657165,0.085908558
E355T,355,S15,E,T,i_1000,1,Imatinib,1000,860,311421,0.002761535,0.545895985,0.003377733,0.037657165,0.084744105
E355T,355,S15,E,T,i_1250,1,Imatinib,1250,1046,448879,0.002330249,0.3009099,-0.001519994,0.037657165,0.059560933
E355T,355,S15,E,T,i_2500,1,Imatinib,2500,234,119408,0.001959668,0.051034591,-0.007942366,0.037657165,0.037509305
E355T,355,S15,E,T,i_5000,1,Imatinib,5000,730,251745,0.00289976,0.616358897,-0.004365696,0.037657165,0.048526467
E355T,355,S15,E,T,N,1,None,0,1317,548120,0.002402759,0.345117221,0.037657165,0.037657165,1
E355V,355,S15,E,V,a_5,1,Asciminib,5,2159,465856,0.004634479,0.326361164,0.036863284,0.035333143,1.116467955
E355V,355,S15,E,V,a_10,1,Asciminib,10,3792,736805,0.005146545,0.477558108,0.031613766,0.035333143,0.765064487
E355V,355,S15,E,V,a_50,1,Asciminib,50,2771,364815,0.007595631,1.039123656,0.015923421,0.035333143,0.247214222
E355V,355,S15,E,V,a_89,1,Asciminib,89,2451,363702,0.006739034,0.86649562,0.011277775,0.035333143,0.176932576
E355V,355,S15,E,V,a_128,1,Asciminib,128,1407,237662,0.005920172,0.679593076,0.009145385,0.035333143,0.151750341
E355V,355,S15,E,V,a_250,1,Asciminib,250,3024,453294,0.006671167,0.851893069,0.009198386,0.035333143,0.152330535
E355V,355,S15,E,V,a_363,1,Asciminib,363,2922,412243,0.007088052,0.939343177,0.010295755,0.035333143,0.164854503
E355V,355,S15,E,V,a_500,1,Asciminib,500,2133,263369,0.008098903,1.131680418,0.010572663,0.035333143,0.168174261
E355V,355,S15,E,V,a_638,1,Asciminib,638,4528,650734,0.006958296,0.912688019,0.006163011,0.035333143,0.122425874
E355V,355,S15,E,V,a_750,1,Asciminib,750,5817,906324,0.006418235,0.796130411,0.007713952,0.035333143,0.13688943
E355V,355,S15,E,V,a_1151,1,Asciminib,1151,1558,270466,0.005760428,0.640129983,0.00731472,0.035333143,0.133010594
E355V,355,S15,E,V,D0,1,D0,,261,86876,0.003004282,-0.299025877,,0.035333143,
E355V,355,S15,E,V,D0,1,D0,,261,86876,0.003004282,-0.299025877,,0.035333143,
E355V,355,S15,E,V,D0,2,D0,,204,46489,0.004388135,0.247561754,,0.035333143,
E355V,355,S15,E,V,D0,2,D0,,204,46489,0.004388135,0.247561754,,0.035333143,
E355V,355,S15,E,V,i_50,1,Imatinib,50,5936,1433607,0.004140605,0.163795405,0.036446038,0.035333143,1.083426194
E355V,355,S15,E,V,i_100,1,Imatinib,100,489,136108,0.003592735,-0.040963501,0.032322782,0.035333143,0.805134409
E355V,355,S15,E,V,i_200,1,Imatinib,200,4225,847842,0.00498324,0.431037901,0.029720367,0.035333143,0.667564058
E355V,355,S15,E,V,i_300,1,Imatinib,300,269,57840,0.004650761,0.331420616,0.019686395,0.035333143,0.324144507
E355V,355,S15,E,V,i_444,1,Imatinib,444,1104,254313,0.004341107,0.232016955,0.009249743,0.035333143,0.152894855
E355V,355,S15,E,V,i_500,1,Imatinib,500,242,44660,0.005418719,0.551905791,0.010160381,0.035333143,0.163255484
E355V,355,S15,E,V,i_579,1,Imatinib,579,583,110676,0.005267628,0.511107375,0.009347252,0.035333143,0.153972054
E355V,355,S15,E,V,i_750,1,Imatinib,750,1170,284854,0.004107367,0.15216786,0.001254048,0.035333143,0.08597533
E355V,355,S15,E,V,i_1000,1,Imatinib,1000,1187,311421,0.003811561,0.044335697,-0.001865934,0.035333143,0.068677506
E355V,355,S15,E,V,i_1250,1,Imatinib,1250,1758,448879,0.003916423,0.083490462,-0.003793051,0.035333143,0.05977989
E355V,355,S15,E,V,i_2500,1,Imatinib,2500,408,119408,0.003416856,-0.113376444,-0.009661236,0.035333143,0.039179748
E355V,355,S15,E,V,i_5000,1,Imatinib,5000,1455,251745,0.005779658,0.644938024,-0.004066909,0.035333143,0.058612706
E355V,355,S15,E,V,N,1,None,0,2206,548120,0.004024666,0.122823009,0.035333143,0.035333143,1
E355W,355,S15,E,W,a_5,1,Asciminib,5,1766,465856,0.003790871,0.208062161,0.035626502,0.034842871,1.058043511
E355W,355,S15,E,W,a_10,1,Asciminib,10,3936,736805,0.005341983,0.702908262,0.033969736,0.034842871,0.939069624
E355W,355,S15,E,W,a_50,1,Asciminib,50,2101,364815,0.005759083,0.811372005,0.013542344,0.034842871,0.215749356
E355W,355,S15,E,W,a_89,1,Asciminib,89,1982,363702,0.005449516,0.731660996,0.009868118,0.034842871,0.165599644
E355W,355,S15,E,W,a_128,1,Asciminib,128,1236,237662,0.005200663,0.664228388,0.008984752,0.034842871,0.155395071
E355W,355,S15,E,W,a_250,1,Asciminib,250,2091,453294,0.0046129,0.49120689,0.005427517,0.034842871,0.120283303
E355W,355,S15,E,W,a_363,1,Asciminib,363,2049,412243,0.004970369,0.598885881,0.006736373,0.034842871,0.132169797
E355W,355,S15,E,W,a_500,1,Asciminib,500,1146,263369,0.004351309,0.406982395,0.002996157,0.034842871,0.100966812
E355W,355,S15,E,W,a_638,1,Asciminib,638,2527,650734,0.003883307,0.242818623,-0.000840278,0.034842871,0.076597815
E355W,355,S15,E,W,a_750,1,Asciminib,750,3473,906324,0.003831963,0.223616415,0.001728485,0.034842871,0.092159387
E355W,355,S15,E,W,a_1151,1,Asciminib,1151,1072,270466,0.00396353,0.272318553,0.003469358,0.034842871,0.104466078
E355W,355,S15,E,W,D0,1,D0,,260,86876,0.002992771,-0.132985163,,0.034842871,
E355W,355,S15,E,W,D0,1,D0,,260,86876,0.002992771,-0.132985163,,0.034842871,
E355W,355,S15,E,W,D0,2,D0,,166,46489,0.003570737,0.121754741,,0.034842871,
E355W,355,S15,E,W,D0,2,D0,,166,46489,0.003570737,0.121754741,,0.034842871,
E355W,355,S15,E,W,i_50,1,Imatinib,50,5226,1433607,0.003645351,0.151590336,0.036318438,0.034842871,1.112089671
E355W,355,S15,E,W,i_100,1,Imatinib,100,456,136108,0.003350281,0.029814756,0.033062748,0.034842871,0.879704829
E355W,355,S15,E,W,i_200,1,Imatinib,200,3172,847842,0.003741263,0.189058228,0.02719054,0.034842871,0.576391694
E355W,355,S15,E,W,i_300,1,Imatinib,300,191,57840,0.003302213,0.008965979,0.016315226,0.034842871,0.263423995
E355W,355,S15,E,W,i_444,1,Imatinib,444,868,254313,0.003413117,0.056622629,0.007416047,0.034842871,0.138798599
E355W,355,S15,E,W,i_500,1,Imatinib,500,132,44660,0.002955665,-0.150984429,0.002811868,0.034842871,0.099635956
E355W,355,S15,E,W,i_579,1,Imatinib,579,388,110676,0.003505728,0.095247042,0.004999554,0.034842871,0.116633491
E355W,355,S15,E,W,i_750,1,Imatinib,750,897,284854,0.003148982,-0.059581882,-0.000959734,0.034842871,0.075941837
E355W,355,S15,E,W,i_1000,1,Imatinib,1000,967,311421,0.003105121,-0.079817545,-0.00316392,0.034842871,0.064797458
E355W,355,S15,E,W,i_1250,1,Imatinib,1250,1454,448879,0.00323918,-0.018838442,-0.004862869,0.034842871,0.057336762
E355W,355,S15,E,W,i_2500,1,Imatinib,2500,381,119408,0.003190741,-0.040575701,-0.008900125,0.034842871,0.042873743
E355W,355,S15,E,W,i_5000,1,Imatinib,5000,792,251745,0.003146041,-0.060929896,-0.011446553,0.034842871,0.035691652
E355W,355,S15,E,W,N,1,None,0,1896,548120,0.003459097,0.07592808,0.034842871,0.034842871,1
E355Y,355,S15,E,Y,a_5,1,Asciminib,5,2581,465856,0.005540339,-0.033968585,0.033096141,0.031576368,1.115634865
E355Y,355,S15,E,Y,a_10,1,Asciminib,10,7410,736805,0.010056935,0.826176039,0.035258465,0.031576368,1.303575622
E355Y,355,S15,E,Y,a_50,1,Asciminib,50,3448,364815,0.009451366,0.736580073,0.012760416,0.031576368,0.258012155
E355Y,355,S15,E,Y,a_89,1,Asciminib,89,2574,363702,0.007077223,0.319240543,0.005556382,0.031576368,0.153594541
E355Y,355,S15,E,Y,a_128,1,Asciminib,128,1499,237662,0.006307277,0.153074484,0.003640787,0.031576368,0.133806321
E355Y,355,S15,E,Y,a_250,1,Asciminib,250,2491,453294,0.00549533,-0.045736695,-0.000186072,0.031576368,0.101581312
E355Y,355,S15,E,Y,a_363,1,Asciminib,363,2388,412243,0.0057927,0.030293188,0.000791902,0.031576368,0.108991913
E355Y,355,S15,E,Y,a_500,1,Asciminib,500,1472,263369,0.005589116,-0.021322523,-0.001481647,0.031576368,0.092534191
E355Y,355,S15,E,Y,a_638,1,Asciminib,638,3413,650734,0.005244847,-0.113042172,-0.004560699,0.031576368,0.074134899
E355Y,355,S15,E,Y,a_750,1,Asciminib,750,4882,906324,0.005386595,-0.074569245,-0.001388959,0.031576368,0.093153784
E355Y,355,S15,E,Y,a_1151,1,Asciminib,1151,1246,270466,0.004606864,-0.300157829,-0.002515715,0.031576368,0.085894969
E355Y,355,S15,E,Y,D0,1,D0,,524,86876,0.006031585,0.088594481,,0.031576368,
E355Y,355,S15,E,Y,D0,1,D0,,524,86876,0.006031585,0.088594481,,0.031576368,
E355Y,355,S15,E,Y,D0,2,D0,,247,46489,0.005313085,-0.094393003,,0.031576368,
E355Y,355,S15,E,Y,D0,2,D0,,247,46489,0.005313085,-0.094393003,,0.031576368,
E355Y,355,S15,E,Y,i_50,1,Imatinib,50,7991,1433607,0.005574052,-0.025216279,0.034469976,0.031576368,1.231631546
E355Y,355,S15,E,Y,i_100,1,Imatinib,100,748,136108,0.005495636,-0.045656343,0.032273719,0.031576368,1.051491115
E355Y,355,S15,E,Y,i_200,1,Imatinib,200,4185,847842,0.004936061,-0.200582465,0.02311696,0.031576368,0.543852384
E355Y,355,S15,E,Y,i_300,1,Imatinib,300,244,57840,0.004218534,-0.427201056,0.011755227,0.031576368,0.2399986
E355Y,355,S15,E,Y,i_444,1,Imatinib,444,1191,254313,0.004683205,-0.27644645,0.003933906,0.031576368,0.136660264
E355Y,355,S15,E,Y,i_500,1,Imatinib,500,182,44660,0.004075235,-0.477059453,-0.000597151,0.031576368,0.098618796
E355Y,355,S15,E,Y,i_579,1,Imatinib,579,504,110676,0.004553833,-0.316861422,0.00069108,0.031576368,0.108203585
E355Y,355,S15,E,Y,i_750,1,Imatinib,750,1293,284854,0.004539167,-0.321515042,-0.003698169,0.031576368,0.078884802
E355Y,355,S15,E,Y,i_1000,1,Imatinib,1000,1398,311421,0.0044891,-0.337516524,-0.005858088,0.031576368,0.067523417
E355Y,355,S15,E,Y,i_1250,1,Imatinib,1250,2238,448879,0.004985753,-0.186131219,-0.006611867,0.031576368,0.063956448
E355Y,355,S15,E,Y,i_2500,1,Imatinib,2500,586,119408,0.004907544,-0.208941578,-0.010660341,0.031576368,0.047785018
E355Y,355,S15,E,Y,i_5000,1,Imatinib,5000,1159,251745,0.004603865,-0.30109721,-0.013957432,0.031576368,0.037687243
E355Y,355,S15,E,Y,N,1,None,0,2639,548120,0.004814639,-0.236515078,0.031576368,0.031576368,1
K356A,356,S15,K,A,a_5,1,Asciminib,5,1721,465856,0.003694275,0.523946247,0.038928978,0.03804142,1.065990248
K356A,356,S15,K,A,a_10,1,Asciminib,10,2736,736805,0.00371333,0.531368602,0.032176339,0.03804142,0.655546652
K356A,356,S15,K,A,a_50,1,Asciminib,50,1453,364815,0.003982841,0.632452877,0.011671796,0.03804142,0.14977623
K356A,356,S15,K,A,a_89,1,Asciminib,89,1388,363702,0.003816311,0.570833932,0.008186718,0.03804142,0.116537922
K356A,356,S15,K,A,a_128,1,Asciminib,128,736,237662,0.003096835,0.269449647,0.004857455,0.03804142,0.091698847
K356A,356,S15,K,A,a_250,1,Asciminib,250,1256,453294,0.002770829,0.108972623,0.001431369,0.03804142,0.071652755
K356A,356,S15,K,A,a_363,1,Asciminib,363,1141,412243,0.002767785,0.107387019,0.001597895,0.03804142,0.072517036
K356A,356,S15,K,A,a_500,1,Asciminib,500,664,263369,0.002521178,-0.027247172,-0.001543587,0.03804142,0.057837351
K356A,356,S15,K,A,a_638,1,Asciminib,638,1930,650734,0.002965882,0.207116137,-0.001213538,0.03804142,0.059228233
K356A,356,S15,K,A,a_750,1,Asciminib,750,2284,906324,0.00252007,-0.027881014,-0.000900847,0.03804142,0.060576804
K356A,356,S15,K,A,a_1151,1,Asciminib,1151,950,270466,0.003512456,0.451135397,0.005338836,0.03804142,0.094932799
K356A,356,S15,K,A,D0,1,D0,,196,86876,0.002256089,-0.187520801,,0.03804142,
K356A,356,S15,K,A,D0,1,D0,,196,86876,0.002256089,-0.187520801,,0.03804142,
K356A,356,S15,K,A,D0,2,D0,,134,46489,0.002882402,0.165926831,,0.03804142,
K356A,356,S15,K,A,D0,2,D0,,134,46489,0.002882402,0.165926831,,0.03804142,
K356A,356,S15,K,A,i_50,1,Imatinib,50,4955,1433607,0.003456317,0.427890599,0.039207076,0.03804142,1.087549787
K356A,356,S15,K,A,i_100,1,Imatinib,100,486,136108,0.003570694,0.474859576,0.037715562,0.03804142,0.976811283
K356A,356,S15,K,A,i_200,1,Imatinib,200,3239,847842,0.003820287,0.572336256,0.0311976,0.03804142,0.610940898
K356A,356,S15,K,A,i_300,1,Imatinib,300,194,57840,0.00335408,0.384572324,0.020242081,0.03804142,0.277606009
K356A,356,S15,K,A,i_444,1,Imatinib,444,969,254313,0.003810265,0.568546583,0.012768062,0.03804142,0.162077324
K356A,356,S15,K,A,i_500,1,Imatinib,500,182,44660,0.004075235,0.665538423,0.011348377,0.03804142,0.146328802
K356A,356,S15,K,A,i_579,1,Imatinib,579,393,110676,0.003550905,0.466842033,0.008884471,0.03804142,0.122542138
K356A,356,S15,K,A,i_750,1,Imatinib,750,931,284854,0.003268341,0.347213632,0.003293194,0.03804142,0.08193146
K356A,356,S15,K,A,i_1000,1,Imatinib,1000,1111,311421,0.003567518,0.473575808,0.002621646,0.03804142,0.078064201
K356A,356,S15,K,A,i_1250,1,Imatinib,1250,1777,448879,0.003958751,0.623700301,0.001854686,0.03804142,0.073870268
K356A,356,S15,K,A,i_2500,1,Imatinib,2500,453,119408,0.003793716,0.562266683,-0.002597584,0.03804142,0.05361061
K356A,356,S15,K,A,i_5000,1,Imatinib,5000,842,251745,0.003344654,0.380512238,-0.006831404,0.03804142,0.039524154
K356A,356,S15,K,A,N,1,None,0,1835,548120,0.003347807,0.38187151,0.03804142,0.03804142,1
K356C,356,S15,K,C,a_5,1,Asciminib,5,1201,465856,0.00257805,-0.055759281,0.032868326,0.034326188,0.900355052
K356C,356,S15,K,C,a_10,1,Asciminib,10,1840,736805,0.002497269,-0.101688443,0.025557912,0.034326188,0.531891454
K356C,356,S15,K,C,a_50,1,Asciminib,50,919,364815,0.002519085,-0.08913964,0.004127757,0.034326188,0.11368918
K356C,356,S15,K,C,a_89,1,Asciminib,89,869,363702,0.002389319,-0.165440134,0.000489187,0.034326188,0.087487088
K356C,356,S15,K,C,a_128,1,Asciminib,128,528,237662,0.002221643,-0.27041277,-0.000786649,0.034326188,0.079808578
K356C,356,S15,K,C,a_250,1,Asciminib,250,999,453294,0.002203868,-0.282001839,-0.002656155,0.034326188,0.069757614
K356C,356,S15,K,C,a_363,1,Asciminib,363,1035,412243,0.002510655,-0.093975586,-0.000507292,0.034326188,0.081430079
K356C,356,S15,K,C,a_500,1,Asciminib,500,644,263369,0.002445238,-0.132064306,-0.00263942,0.034326188,0.069841719
K356C,356,S15,K,C,a_638,1,Asciminib,638,1203,650734,0.001848682,-0.535542649,-0.008977819,0.034326188,0.044250505
K356C,356,S15,K,C,a_750,1,Asciminib,750,1988,906324,0.002193476,-0.288820489,-0.003628893,0.034326188,0.065039152
K356C,356,S15,K,C,a_1151,1,Asciminib,1151,755,270466,0.002791478,0.058989947,0.00123907,0.034326188,0.092340496
K356C,356,S15,K,C,D0,1,D0,,232,86876,0.002670473,-0.004944231,,0.034326188,
K356C,356,S15,K,C,D0,1,D0,,232,86876,0.002670473,-0.004944231,,0.034326188,
K356C,356,S15,K,C,D0,2,D0,,125,46489,0.002688808,0.004927345,,0.034326188,
K356C,356,S15,K,C,D0,2,D0,,125,46489,0.002688808,0.004927345,,0.034326188,
K356C,356,S15,K,C,i_50,1,Imatinib,50,3597,1433607,0.002509056,-0.094894879,0.033741507,0.034326188,0.958776715
K356C,356,S15,K,C,i_100,1,Imatinib,100,382,136108,0.002806595,0.06678132,0.033449222,0.034326188,0.938810595
K356C,356,S15,K,C,i_200,1,Imatinib,200,2255,847842,0.002659694,-0.010779359,0.025101296,0.034326188,0.51468911
K356C,356,S15,K,C,i_300,1,Imatinib,300,134,57840,0.002316736,-0.209945909,0.014026566,0.034326188,0.231871307
K356C,356,S15,K,C,i_444,1,Imatinib,444,628,254313,0.002469398,-0.117880105,0.005591671,0.034326188,0.126326532
K356C,356,S15,K,C,i_500,1,Imatinib,500,112,44660,0.002507837,-0.095595876,0.003390939,0.034326188,0.107815062
K356C,356,S15,K,C,i_579,1,Imatinib,579,221,110676,0.00199682,-0.424335491,-0.00043253,0.034326188,0.081869586
K356C,356,S15,K,C,i_750,1,Imatinib,750,614,284854,0.00215549,-0.314023462,-0.003619847,0.034326188,0.065081529
K356C,356,S15,K,C,i_1000,1,Imatinib,1000,819,311421,0.00262988,-0.027042233,-0.002612169,0.034326188,0.069978885
K356C,356,S15,K,C,i_1250,1,Imatinib,1250,1576,448879,0.003510968,0.389829574,-0.000590364,0.034326188,0.080944481
K356C,356,S15,K,C,i_2500,1,Imatinib,2500,381,119408,0.003190741,0.251852049,-0.005842878,0.034326188,0.055455589
K356C,356,S15,K,C,i_5000,1,Imatinib,5000,538,251745,0.002137083,-0.326396404,-0.014221927,0.034326188,0.03033466
K356C,356,S15,K,C,N,1,None,0,1496,548120,0.002729329,0.026507041,0.034326188,0.034326188,1
K356D,356,S15,K,D,a_5,1,Asciminib,5,2439,465856,0.005235523,0.165930554,0.035186028,0.034650667,1.039298556
K356D,356,S15,K,D,a_10,1,Asciminib,10,3965,736805,0.005381342,0.205562885,0.028770135,0.034650667,0.654817794
K356D,356,S15,K,D,a_50,1,Asciminib,50,1370,364815,0.003755328,-0.313464286,0.001782508,0.034650667,0.093807785
K356D,356,S15,K,D,a_89,1,Asciminib,89,1396,363702,0.003838307,-0.281933047,-0.000728712,0.034650667,0.078291573
K356D,356,S15,K,D,a_128,1,Asciminib,128,823,237662,0.003462901,-0.430422042,-0.0024595,0.034650667,0.06911856
K356D,356,S15,K,D,a_250,1,Asciminib,250,1818,453294,0.004010642,-0.218569995,-0.001992994,0.034650667,0.071479574
K356D,356,S15,K,D,a_363,1,Asciminib,363,1426,412243,0.003459125,-0.431996144,-0.004041198,0.034650667,0.061678844
K356D,356,S15,K,D,a_500,1,Asciminib,500,946,263369,0.003591919,-0.377648583,-0.005206932,0.034650667,0.056713268
K356D,356,S15,K,D,a_638,1,Asciminib,638,2259,650734,0.003471465,-0.426858793,-0.007841561,0.034650667,0.046913942
K356D,356,S15,K,D,a_750,1,Asciminib,750,3388,906324,0.003738178,-0.320068144,-0.003955578,0.034650667,0.062060246
K356D,356,S15,K,D,a_1151,1,Asciminib,1151,1106,270466,0.004089239,-0.19057099,-0.001370017,0.034650667,0.074758734
K356D,356,S15,K,D,D0,1,D0,,467,86876,0.005375478,0.203989741,,0.034650667,
K356D,356,S15,K,D,D0,1,D0,,467,86876,0.005375478,0.203989741,,0.034650667,
K356D,356,S15,K,D,D0,2,D0,,184,46489,0.003957926,-0.237658756,,0.034650667,
K356D,356,S15,K,D,D0,2,D0,,184,46489,0.003957926,-0.237658756,,0.034650667,
K356D,356,S15,K,D,i_50,1,Imatinib,50,6695,1433607,0.004670039,0.001031244,0.034744386,0.034650667,1.006770614
K356D,356,S15,K,D,i_100,1,Imatinib,100,673,136108,0.004944603,0.083451414,0.033623503,0.034650667,0.928712763
K356D,356,S15,K,D,i_200,1,Imatinib,200,4299,847842,0.00507052,0.119730545,0.026465739,0.034650667,0.554707234
K356D,356,S15,K,D,i_300,1,Imatinib,300,276,57840,0.004771784,0.032125585,0.016557353,0.034650667,0.271791897
K356D,356,S15,K,D,i_444,1,Imatinib,444,1197,254313,0.004706798,0.012342811,0.006953114,0.034650667,0.136119268
K356D,356,S15,K,D,i_500,1,Imatinib,500,161,44660,0.003605016,-0.372397692,0.000497057,0.034650667,0.085515305
K356D,356,S15,K,D,i_579,1,Imatinib,579,400,110676,0.003614153,-0.368745633,0.000148645,0.034650667,0.083396783
K356D,356,S15,K,D,i_750,1,Imatinib,750,1223,284854,0.004293428,-0.120273391,-0.001594246,0.034650667,0.073561482
K356D,356,S15,K,D,i_1000,1,Imatinib,1000,1376,311421,0.004418456,-0.078860892,-0.003153918,0.034650667,0.06574773
K356D,356,S15,K,D,i_1250,1,Imatinib,1250,2136,448879,0.004758521,0.028109914,-0.004372038,0.034650667,0.060226986
K356D,356,S15,K,D,i_2500,1,Imatinib,2500,538,119408,0.004505561,-0.050696548,-0.009005936,0.034650667,0.043141262
K356D,356,S15,K,D,i_5000,1,Imatinib,5000,1120,251745,0.004448946,-0.068939522,-0.011530291,0.034650667,0.035971477
K356D,356,S15,K,D,N,1,None,0,2662,548120,0.004856601,0.057543664,0.034650667,0.034650667,1
K356E,356,S15,K,E,a_5,1,Asciminib,5,1795,465856,0.003853122,0.087565486,0.034366744,0.033699011,1.049251227
K356E,356,S15,K,E,a_10,1,Asciminib,10,2926,736805,0.0039712,0.131112634,0.02799178,0.033699011,0.663039541
K356E,356,S15,K,E,a_50,1,Asciminib,50,1525,364815,0.004180201,0.205109909,0.00720405,0.033699011,0.148430687
K356E,356,S15,K,E,a_89,1,Asciminib,89,1196,363702,0.003288406,-0.141073754,0.00074393,0.033699011,0.093222534
K356E,356,S15,K,E,a_128,1,Asciminib,128,695,237662,0.002924321,-0.310360649,-0.001204293,0.033699011,0.081021732
K356E,356,S15,K,E,a_250,1,Asciminib,250,1383,453294,0.003051,-0.249180193,-0.002313014,0.033699011,0.074805353
K356E,356,S15,K,E,a_363,1,Asciminib,363,1095,412243,0.0026562,-0.449098411,-0.004219998,0.033699011,0.065208293
K356E,356,S15,K,E,a_500,1,Asciminib,500,632,263369,0.002399675,-0.595623363,-0.007485794,0.033699011,0.051544694
K356E,356,S15,K,E,a_638,1,Asciminib,638,1845,650734,0.00283526,-0.354981402,-0.007090104,0.033699011,0.053034308
K356E,356,S15,K,E,a_750,1,Asciminib,750,2515,906324,0.002774946,-0.386002773,-0.004644906,0.033699011,0.063243558
K356E,356,S15,K,E,a_1151,1,Asciminib,1151,840,270466,0.003105751,-0.223520297,-0.001714492,0.033699011,0.078099452
K356E,356,S15,K,E,D0,1,D0,,275,86876,0.003165431,-0.196060344,,0.033699011,
K356E,356,S15,K,E,D0,1,D0,,275,86876,0.003165431,-0.196060344,,0.033699011,
K356E,356,S15,K,E,D0,2,D0,,190,46489,0.004086988,0.172575742,,0.033699011,
K356E,356,S15,K,E,D0,2,D0,,190,46489,0.004086988,0.172575742,,0.033699011,
K356E,356,S15,K,E,i_50,1,Imatinib,50,5437,1433607,0.003792532,0.064698862,0.035410013,0.033699011,1.1311017
K356E,356,S15,K,E,i_100,1,Imatinib,100,533,136108,0.003916008,0.110921288,0.033910693,0.033699011,1.015357824
K356E,356,S15,K,E,i_200,1,Imatinib,200,3253,847842,0.0038368,0.081441103,0.026065434,0.033699011,0.577170507
K356E,356,S15,K,E,i_300,1,Imatinib,300,204,57840,0.003526971,-0.040032684,0.015802959,0.033699011,0.275679666
K356E,356,S15,K,E,i_444,1,Imatinib,444,907,254313,0.003566471,-0.02396504,0.006573526,0.033699011,0.141842935
K356E,356,S15,K,E,i_500,1,Imatinib,500,144,44660,0.003224362,-0.169448723,0.002618829,0.033699011,0.106695843
K356E,356,S15,K,E,i_579,1,Imatinib,579,310,110676,0.002800969,-0.372536572,0.000109012,0.033699011,0.089056889
K356E,356,S15,K,E,i_750,1,Imatinib,750,861,284854,0.003022601,-0.262671806,-0.00308298,0.033699011,0.070771184
K356E,356,S15,K,E,i_1000,1,Imatinib,1000,1014,311421,0.003256042,-0.155342864,-0.003953515,0.033699011,0.066471508
K356E,356,S15,K,E,i_1250,1,Imatinib,1250,1501,448879,0.003343886,-0.116936911,-0.00588846,0.033699011,0.057827089
K356E,356,S15,K,E,i_2500,1,Imatinib,2500,424,119408,0.003550851,-0.03029761,-0.008792671,0.033699011,0.046915785
K356E,356,S15,K,E,i_5000,1,Imatinib,5000,766,251745,0.003042762,-0.253081111,-0.013455437,0.033699011,0.03353652
K356E,356,S15,K,E,N,1,None,0,1942,548120,0.00354302,-0.03348286,0.033699011,0.033699011,1
K356F,356,S15,K,F,a_5,1,Asciminib,5,1273,465856,0.002732604,-0.053034412,0.032896813,0.034137336,0.914555018
K356F,356,S15,K,F,a_10,1,Asciminib,10,2309,736805,0.003133801,0.144602565,0.028132813,0.034137336,0.648997984
K356F,356,S15,K,F,a_50,1,Asciminib,50,934,364815,0.002560202,-0.147053351,0.003522286,0.034137336,0.110329534
K356F,356,S15,K,F,a_89,1,Asciminib,89,808,363702,0.002221599,-0.351712417,-0.001458235,0.034137336,0.077082334
K356F,356,S15,K,F,a_128,1,Asciminib,128,525,237662,0.00220902,-0.359904676,-0.001722261,0.034137336,0.07563085
K356F,356,S15,K,F,a_250,1,Asciminib,250,1047,453294,0.002309759,-0.295568379,-0.002797989,0.034137336,0.069994162
K356F,356,S15,K,F,a_363,1,Asciminib,363,908,412243,0.002202584,-0.36411355,-0.003331506,0.034137336,0.067356449
K356F,356,S15,K,F,a_500,1,Asciminib,500,515,263369,0.001955431,-0.535823961,-0.006860609,0.034137336,0.052242859
K356F,356,S15,K,F,a_638,1,Asciminib,638,1210,650734,0.001859439,-0.608443643,-0.009739977,0.034137336,0.042461114
K356F,356,S15,K,F,a_750,1,Asciminib,750,2135,906324,0.00235567,-0.267173575,-0.003402581,0.034137336,0.067012638
K356F,356,S15,K,F,a_1151,1,Asciminib,1151,596,270466,0.002203604,-0.363445766,-0.003177372,0.034137336,0.068108108
K356F,356,S15,K,F,D0,1,D0,,216,86876,0.002486302,-0.189309123,,0.034137336,
K356F,356,S15,K,F,D0,1,D0,,216,86876,0.002486302,-0.189309123,,0.034137336,
K356F,356,S15,K,F,D0,2,D0,,148,46489,0.003183549,0.167325026,,0.034137336,
K356F,356,S15,K,F,D0,2,D0,,148,46489,0.003183549,0.167325026,,0.034137336,
K356F,356,S15,K,F,i_50,1,Imatinib,50,3777,1433607,0.002634613,-0.105719654,0.033628337,0.034137336,0.964015439
K356F,356,S15,K,F,i_100,1,Imatinib,100,375,136108,0.002755165,-0.041172122,0.032320601,0.034137336,0.877388872
K356F,356,S15,K,F,i_200,1,Imatinib,200,2370,847842,0.002795332,-0.020291133,0.025001853,0.034137336,0.518013078
K356F,356,S15,K,F,i_300,1,Imatinib,300,166,57840,0.002869986,0.017732933,0.016406882,0.034137336,0.278986273
K356F,356,S15,K,F,i_444,1,Imatinib,444,831,254313,0.003267627,0.204932414,0.008966582,0.034137336,0.163279096
K356F,356,S15,K,F,i_500,1,Imatinib,500,141,44660,0.003157188,0.155329155,0.006014287,0.034137336,0.132012387
K356F,356,S15,K,F,i_579,1,Imatinib,579,274,110676,0.002475695,-0.195477367,0.001960115,0.034137336,0.098592513
K356F,356,S15,K,F,i_750,1,Imatinib,750,736,284854,0.00258378,-0.13382775,-0.001735953,0.034137336,0.075556328
K356F,356,S15,K,F,i_1000,1,Imatinib,1000,667,311421,0.002141795,-0.404490322,-0.006558279,0.034137336,0.053392536
K356F,356,S15,K,F,i_1250,1,Imatinib,1250,1210,448879,0.002695604,-0.072702313,-0.005426001,0.034137336,0.057927662
K356F,356,S15,K,F,i_2500,1,Imatinib,2500,343,119408,0.002872504,0.018998229,-0.008277297,0.034137336,0.047176773
K356F,356,S15,K,F,i_5000,1,Imatinib,5000,661,251745,0.002625673,-0.110623704,-0.011966087,0.034137336,0.036172849
K356F,356,S15,K,F,N,1,None,0,1563,548120,0.002851565,0.008443245,0.034137336,0.034137336,1
K356G,356,S15,K,G,a_5,1,Asciminib,5,1131,465856,0.002427789,0.643849793,0.040182535,0.03882601,1.102598609
K356G,356,S15,K,G,a_10,1,Asciminib,10,2112,736805,0.00286643,0.883461922,0.035857372,0.03882601,0.807556774
K356G,356,S15,K,G,a_50,1,Asciminib,50,872,364815,0.002390253,0.621369929,0.011555927,0.03882601,0.140373864
K356G,356,S15,K,G,a_89,1,Asciminib,89,702,363702,0.001930152,0.312921015,0.005490313,0.03882601,0.090702518
K356G,356,S15,K,G,a_128,1,Asciminib,128,415,237662,0.001746177,0.168406932,0.003801083,0.03882601,0.08031533
K356G,356,S15,K,G,a_250,1,Asciminib,250,839,453294,0.001850896,0.252430589,0.00293118,0.03882601,0.075439237
K356G,356,S15,K,G,a_363,1,Asciminib,363,680,412243,0.001649513,0.086246594,0.001376878,0.03882601,0.067452105
K356G,356,S15,K,G,a_500,1,Asciminib,500,375,263369,0.001423858,-0.125988103,-0.002575895,0.03882601,0.050745256
K356G,356,S15,K,G,a_638,1,Asciminib,638,1003,650734,0.001541336,-0.01161139,-0.00350027,0.03882601,0.047477841
K356G,356,S15,K,G,a_750,1,Asciminib,750,1753,906324,0.001934187,0.315934046,0.002693639,0.03882601,0.074159974
K356G,356,S15,K,G,a_1151,1,Asciminib,1151,451,270466,0.001667492,0.101887032,0.001687547,0.03882601,0.068977882
K356G,356,S15,K,G,D0,1,D0,,113,86876,0.001300704,-0.256499968,,0.03882601,
K356G,356,S15,K,G,D0,1,D0,,113,86876,0.001300704,-0.256499968,,0.03882601,
K356G,356,S15,K,G,D0,2,D0,,84,46489,0.001806879,0.217706779,,0.03882601,
K356G,356,S15,K,G,D0,2,D0,,84,46489,0.001806879,0.217706779,,0.03882601,
K356G,356,S15,K,G,i_50,1,Imatinib,50,2975,1433607,0.002075185,0.417446925,0.039097891,0.03882601,1.019768268
K356G,356,S15,K,G,i_100,1,Imatinib,100,338,136108,0.002483322,0.676478224,0.039823426,0.03882601,1.074455399
K356G,356,S15,K,G,i_200,1,Imatinib,200,1922,847842,0.002266932,0.544947839,0.030911262,0.03882601,0.565603557
K356G,356,S15,K,G,i_300,1,Imatinib,300,98,57840,0.001694329,0.124921041,0.017527503,0.03882601,0.215780726
K356G,356,S15,K,G,i_444,1,Imatinib,444,469,254313,0.001844184,0.247189555,0.009408368,0.03882601,0.120263488
K356G,356,S15,K,G,i_500,1,Imatinib,500,74,44660,0.001656964,0.092748863,0.005360029,0.03882601,0.089855661
K356G,356,S15,K,G,i_579,1,Imatinib,579,178,110676,0.001608298,0.049741676,0.004523808,0.03882601,0.084605286
K356G,356,S15,K,G,i_750,1,Imatinib,750,459,284854,0.001611352,0.052478332,0.000211823,0.03882601,0.062024768
K356G,356,S15,K,G,i_1000,1,Imatinib,1000,531,311421,0.001705087,0.134052472,-0.000927971,0.03882601,0.057137956
K356G,356,S15,K,G,i_1250,1,Imatinib,1250,804,448879,0.001791129,0.205075741,-0.002521912,0.03882601,0.050942874
K356G,356,S15,K,G,i_2500,1,Imatinib,2500,224,119408,0.001875921,0.27180608,-0.005634265,0.03882601,0.04071577
K356G,356,S15,K,G,i_5000,1,Imatinib,5000,380,251745,0.001509464,-0.041756862,-0.011246104,0.03882601,0.027182219
K356G,356,S15,K,G,N,1,None,0,1169,548120,0.002132745,0.456918091,0.03882601,0.03882601,1
K356H,356,S15,K,H,a_5,1,Asciminib,5,907,465856,0.001946954,-0.248428432,0.030854026,0.028965767,1.145629931
K356H,356,S15,K,H,a_10,1,Asciminib,10,1307,736805,0.001773875,-0.382742524,0.022619574,0.028965767,0.633227263
K356H,356,S15,K,H,a_50,1,Asciminib,50,559,364815,0.001532283,-0.593963675,-0.001150031,0.028965767,0.114367599
K356H,356,S15,K,H,a_89,1,Asciminib,89,801,363702,0.002202352,-0.070601525,0.001480697,0.028965767,0.138217738
K356H,356,S15,K,H,a_128,1,Asciminib,128,469,237662,0.001973391,-0.228970233,-0.00035338,0.028965767,0.121119388
K356H,356,S15,K,H,a_250,1,Asciminib,250,1060,453294,0.002338438,0.015898386,0.000458305,0.028965767,0.128408685
K356H,356,S15,K,H,a_363,1,Asciminib,363,897,412243,0.002175901,-0.088033919,-0.000445174,0.028965767,0.120321529
K356H,356,S15,K,H,a_500,1,Asciminib,500,456,263369,0.001731411,-0.417698626,-0.005625643,0.028965767,0.082861767
K356H,356,S15,K,H,a_638,1,Asciminib,638,1330,650734,0.002043846,-0.178360502,-0.005243583,0.028965767,0.085172793
K356H,356,S15,K,H,a_750,1,Asciminib,750,1511,906324,0.001667174,-0.472242041,-0.005546512,0.028965767,0.083335214
K356H,356,S15,K,H,a_1151,1,Asciminib,1151,432,270466,0.001597243,-0.534062841,-0.004961124,0.028965767,0.086922693
K356H,356,S15,K,H,D0,1,D0,,172,86876,0.001979833,-0.224267927,,0.028965767,
K356H,356,S15,K,H,D0,1,D0,,172,86876,0.001979833,-0.224267927,,0.028965767,
K356H,356,S15,K,H,D0,2,D0,,123,46489,0.002645787,0.194050109,,0.028965767,
K356H,356,S15,K,H,D0,2,D0,,123,46489,0.002645787,0.194050109,,0.028965767,
K356H,356,S15,K,H,i_50,1,Imatinib,50,2404,1433607,0.001676889,-0.463859599,0.029884088,0.028965767,1.06835397
K356H,356,S15,K,H,i_100,1,Imatinib,100,316,136108,0.002321686,0.005525784,0.032808814,0.028965767,1.318769837
K356H,356,S15,K,H,i_200,1,Imatinib,200,1590,847842,0.001875349,-0.302487483,0.022051572,0.028965767,0.607853126
K356H,356,S15,K,H,i_300,1,Imatinib,300,98,57840,0.001694329,-0.448932711,0.011528029,0.028965767,0.284928462
K356H,356,S15,K,H,i_444,1,Imatinib,444,459,254313,0.001804863,-0.357757966,0.003083818,0.028965767,0.155128682
K356H,356,S15,K,H,i_500,1,Imatinib,500,89,44660,0.001992835,-0.214824823,0.002144435,0.028965767,0.144983424
K356H,356,S15,K,H,i_579,1,Imatinib,579,194,110676,0.001752864,-0.399932664,-0.000177406,0.028965767,0.122663747
K356H,356,S15,K,H,i_750,1,Imatinib,750,366,284854,0.001284869,-0.848025925,-0.009202687,0.028965767,0.064047604
K356H,356,S15,K,H,i_1000,1,Imatinib,1000,639,311421,0.002051885,-0.17269721,-0.00413495,0.028965767,0.09225013
K356H,356,S15,K,H,i_1250,1,Imatinib,1250,792,448879,0.001764395,-0.390473082,-0.008748201,0.028965767,0.066178098
K356H,356,S15,K,H,i_2500,1,Imatinib,2500,231,119408,0.001934544,-0.257653553,-0.011169611,0.028965767,0.055590264
K356H,356,S15,K,H,i_5000,1,Imatinib,5000,396,251745,0.00157302,-0.556109602,-0.016623512,0.028965767,0.037537003
K356H,356,S15,K,H,N,1,None,0,905,548120,0.001651098,-0.486220893,0.028965767,0.028965767,1
K356I,356,S15,K,I,a_5,1,Asciminib,5,1403,465856,0.00301166,0.474821504,0.038415393,0.034721971,1.304639013
K356I,356,S15,K,I,a_10,1,Asciminib,10,1896,736805,0.002573272,0.247866682,0.029212409,0.034721971,0.672543525
K356I,356,S15,K,I,a_50,1,Asciminib,50,772,364815,0.002116141,-0.034301728,0.004701071,0.034721971,0.115151712
K356I,356,S15,K,I,a_89,1,Asciminib,89,659,363702,0.001811923,-0.258215919,-0.000480757,0.034721971,0.079293715
K356I,356,S15,K,I,a_128,1,Asciminib,128,502,237662,0.002112243,-0.036961409,0.001654017,0.034721971,0.092467993
K356I,356,S15,K,I,a_250,1,Asciminib,250,1014,453294,0.002236959,0.045801157,0.00077093,0.034721971,0.08677168
K356I,356,S15,K,I,a_363,1,Asciminib,363,804,412243,0.001950306,-0.152037021,-0.001114307,0.034721971,0.075757938
K356I,356,S15,K,I,a_500,1,Asciminib,500,515,263369,0.001955431,-0.148250636,-0.002808643,0.034721971,0.067057541
K356I,356,S15,K,I,a_638,1,Asciminib,638,1560,650734,0.002397293,0.145668664,-0.001855953,0.034721971,0.07181869
K356I,356,S15,K,I,a_750,1,Asciminib,750,2097,906324,0.002313742,0.094490542,0.000378512,0.034721971,0.084354336
K356I,356,S15,K,I,a_1151,1,Asciminib,1151,592,270466,0.002188815,0.014412405,0.000773025,0.034721971,0.08678477
K356I,356,S15,K,I,D0,1,D0,,199,86876,0.002290621,0.080001321,,0.034721971,
K356I,356,S15,K,I,D0,1,D0,,199,86876,0.002290621,0.080001321,,0.034721971,
K356I,356,S15,K,I,D0,2,D0,,95,46489,0.002043494,-0.084699405,,0.034721971,
K356I,356,S15,K,I,D0,2,D0,,95,46489,0.002043494,-0.084699405,,0.034721971,
K356I,356,S15,K,I,i_50,1,Imatinib,50,3170,1433607,0.002211206,0.029095728,0.035037792,0.034721971,1.022999626
K356I,356,S15,K,I,i_100,1,Imatinib,100,353,136108,0.002593529,0.259178792,0.035460682,0.034721971,1.054627021
K356I,356,S15,K,I,i_200,1,Imatinib,200,2101,847842,0.002478056,0.193471296,0.027236677,0.034721971,0.583365607
K356I,356,S15,K,I,i_300,1,Imatinib,300,127,57840,0.002195712,0.018951514,0.016419622,0.034721971,0.26773191
K356I,356,S15,K,I,i_444,1,Imatinib,444,644,254313,0.002532313,0.224717951,0.009173434,0.034721971,0.158897704
K356I,356,S15,K,I,i_500,1,Imatinib,500,110,44660,0.002463054,0.184710842,0.006321464,0.034721971,0.129401347
K356I,356,S15,K,I,i_579,1,Imatinib,579,305,110676,0.002755792,0.346729308,0.007628728,0.034721971,0.14217259
K356I,356,S15,K,I,i_750,1,Imatinib,750,592,284854,0.002078258,-0.060363015,-0.000967901,0.034721971,0.076560748
K356I,356,S15,K,I,i_1000,1,Imatinib,1000,628,311421,0.002016563,-0.103839199,-0.003415059,0.034721971,0.064192674
K356I,356,S15,K,I,i_1250,1,Imatinib,1250,901,448879,0.002007222,-0.110537023,-0.005821551,0.034721971,0.053980434
K356I,356,S15,K,I,i_2500,1,Imatinib,2500,323,119408,0.002705011,0.319897143,-0.005131487,0.034721971,0.056730178
K356I,356,S15,K,I,i_5000,1,Imatinib,5000,552,251745,0.002192695,0.016967617,-0.010632157,0.034721971,0.038177948
K356I,356,S15,K,I,N,1,None,0,1242,548120,0.002265927,0.064363966,0.034721971,0.034721971,1
K356L,356,S15,K,L,a_5,1,Asciminib,5,763,465856,0.001637845,-0.22963995,0.031050454,0.034394233,0.786036439
K356L,356,S15,K,L,a_10,1,Asciminib,10,1377,736805,0.00186888,-0.03926513,0.02621053,0.034394233,0.554756137
K356L,356,S15,K,L,a_50,1,Asciminib,50,608,364815,0.001666598,-0.204532659,0.002921356,0.034394233,0.103721367
K356L,356,S15,K,L,a_89,1,Asciminib,89,632,363702,0.001737686,-0.144271234,0.000710502,0.034394233,0.088457888
K356L,356,S15,K,L,a_128,1,Asciminib,128,396,237662,0.001666232,-0.20484975,-0.000101207,0.034394233,0.083436308
K356L,356,S15,K,L,a_250,1,Asciminib,250,750,453294,0.001654555,-0.214995402,-0.001955622,0.034394233,0.073007755
K356L,356,S15,K,L,a_363,1,Asciminib,363,652,412243,0.001581591,-0.280061965,-0.002452771,0.034394233,0.070440682
K356L,356,S15,K,L,a_500,1,Asciminib,500,389,263369,0.001477015,-0.37875432,-0.005218492,0.034394233,0.057722039
K356L,356,S15,K,L,a_638,1,Asciminib,638,1006,650734,0.001545947,-0.312948467,-0.006650661,0.034394233,0.052066557
K356L,356,S15,K,L,a_750,1,Asciminib,750,1471,906324,0.00162304,-0.24274048,-0.00314714,0.034394233,0.067005612
K356L,356,S15,K,L,a_1151,1,Asciminib,1151,428,270466,0.001582454,-0.279275382,-0.002297395,0.034394233,0.071233129
K356L,356,S15,K,L,D0,1,D0,,201,86876,0.002313642,0.268726984,,0.034394233,
K356L,356,S15,K,L,D0,1,D0,,201,86876,0.002313642,0.268726984,,0.034394233,
K356L,356,S15,K,L,D0,2,D0,,71,46489,0.001527243,-0.330509301,,0.034394233,
K356L,356,S15,K,L,D0,2,D0,,71,46489,0.001527243,-0.330509301,,0.034394233,
K356L,356,S15,K,L,i_50,1,Imatinib,50,2860,1433607,0.001994968,0.054926627,0.035307847,0.034394233,1.067991903
K356L,356,S15,K,L,i_100,1,Imatinib,100,261,136108,0.001917595,-0.002140992,0.03272866,0.034394233,0.886990226
K356L,356,S15,K,L,i_200,1,Imatinib,200,1886,847842,0.002224471,0.212023402,0.027430634,0.034394233,0.605694727
K356L,356,S15,K,L,i_300,1,Imatinib,300,108,57840,0.00186722,-0.040547078,0.015797582,0.034394233,0.262118409
K356L,356,S15,K,L,i_444,1,Imatinib,444,489,254313,0.001922827,0.001790321,0.006842791,0.034394233,0.137558793
K356L,356,S15,K,L,i_500,1,Imatinib,500,99,44660,0.002216749,0.207006341,0.006554557,0.034394233,0.134733479
K356L,356,S15,K,L,i_579,1,Imatinib,579,218,110676,0.001969713,0.036546793,0.00438586,0.034394233,0.115255611
K356L,356,S15,K,L,i_750,1,Imatinib,750,641,284854,0.002250276,0.228662759,0.00205378,0.034394233,0.097440565
K356L,356,S15,K,L,i_1000,1,Imatinib,1000,558,311421,0.001791787,-0.100040043,-0.00337534,0.034394233,0.065913678
K356L,356,S15,K,L,i_1250,1,Imatinib,1250,892,448879,0.001987172,0.049278173,-0.00415073,0.034394233,0.062334678
K356L,356,S15,K,L,i_2500,1,Imatinib,2500,246,119408,0.002060163,0.101319886,-0.007416648,0.034394233,0.04927278
K356L,356,S15,K,L,i_5000,1,Imatinib,5000,413,251745,0.001640549,-0.227260276,-0.013185488,0.034394233,0.032525205
K356L,356,S15,K,L,N,1,None,0,1077,548120,0.001964898,0.033015635,0.034394233,0.034394233,1
K356M,356,S15,K,M,a_5,1,Asciminib,5,1853,465856,0.003977624,-0.107151091,0.032331039,0.033071941,0.94805294
K356M,356,S15,K,M,a_10,1,Asciminib,10,2982,736805,0.004047204,-0.082132492,0.025762364,0.033071941,0.590793021
K356M,356,S15,K,M,a_50,1,Asciminib,50,1292,364815,0.003541521,-0.274688877,0.002187894,0.033071941,0.108213255
K356M,356,S15,K,M,a_89,1,Asciminib,89,1154,363702,0.003172927,-0.433243533,-0.002310619,0.033071941,0.078273642
K356M,356,S15,K,M,a_128,1,Asciminib,128,810,237662,0.003408202,-0.330047333,-0.001410111,0.033071941,0.083516775
K356M,356,S15,K,M,a_250,1,Asciminib,250,1279,453294,0.002821568,-0.602560699,-0.006007505,0.033071941,0.059981441
K356M,356,S15,K,M,a_363,1,Asciminib,363,1389,412243,0.003369372,-0.346578295,-0.00314818,0.033071941,0.073692909
K356M,356,S15,K,M,a_500,1,Asciminib,500,673,263369,0.00255535,-0.74553703,-0.009053098,0.033071941,0.048170772
K356M,356,S15,K,M,a_638,1,Asciminib,638,2106,650734,0.003236345,-0.404692396,-0.007609817,0.033071941,0.053445832
K356M,356,S15,K,M,a_750,1,Asciminib,750,2492,906324,0.002749569,-0.639852718,-0.007298833,0.033071941,0.05465603
K356M,356,S15,K,M,a_1151,1,Asciminib,1151,974,270466,0.003601192,-0.250583466,-0.00199743,0.033071941,0.080058737
K356M,356,S15,K,M,D0,1,D0,,380,86876,0.00437405,0.029911841,,0.033071941,
K356M,356,S15,K,M,D0,1,D0,,380,86876,0.00437405,0.029911841,,0.033071941,
K356M,356,S15,K,M,D0,2,D0,,195,46489,0.004194541,-0.030545167,,0.033071941,
K356M,356,S15,K,M,D0,2,D0,,195,46489,0.004194541,-0.030545167,,0.033071941,
K356M,356,S15,K,M,i_50,1,Imatinib,50,5116,1433607,0.003568621,-0.263691315,0.031976789,0.033071941,0.924177664
K356M,356,S15,K,M,i_100,1,Imatinib,100,516,136108,0.003791107,-0.176438794,0.030906427,0.033071941,0.855630186
K356M,356,S15,K,M,i_200,1,Imatinib,200,3548,847842,0.004184742,-0.033919324,0.024859374,0.033071941,0.553604466
K356M,356,S15,K,M,i_300,1,Imatinib,300,185,57840,0.003198479,-0.421672179,0.01181303,0.033071941,0.216396778
K356M,356,S15,K,M,i_444,1,Imatinib,444,1000,254313,0.003932162,-0.12373511,0.005530459,0.033071941,0.13765748
K356M,356,S15,K,M,i_500,1,Imatinib,500,138,44660,0.003090013,-0.471444882,-0.000538453,0.033071941,0.088926211
K356M,356,S15,K,M,i_579,1,Imatinib,579,419,110676,0.003785825,-0.178450158,0.002138129,0.033071941,0.107826216
K356M,356,S15,K,M,i_750,1,Imatinib,750,1037,284854,0.003640461,-0.234936669,-0.002793017,0.033071941,0.075601662
K356M,356,S15,K,M,i_1000,1,Imatinib,1000,1064,311421,0.003416597,-0.32649798,-0.005742892,0.033071941,0.061135169
K356M,356,S15,K,M,i_1250,1,Imatinib,1250,1430,448879,0.003185714,-0.427441355,-0.009134694,0.033071941,0.047888604
K356M,356,S15,K,M,i_2500,1,Imatinib,2500,449,119408,0.003760217,-0.188242044,-0.010443934,0.033071941,0.043580608
K356M,356,S15,K,M,i_5000,1,Imatinib,5000,788,251745,0.003130152,-0.452825488,-0.015543707,0.033071941,0.030187521
K356M,356,S15,K,M,N,1,None,0,2201,548120,0.004015544,-0.09346253,0.033071941,0.033071941,1
K356N,356,S15,K,N,a_5,1,Asciminib,5,1590,465856,0.003413072,0.030216933,0.033767182,0.031332033,1.191640213
K356N,356,S15,K,N,a_10,1,Asciminib,10,2443,736805,0.003315667,-0.011554746,0.026500234,0.031332033,0.706176857
K356N,356,S15,K,N,a_50,1,Asciminib,50,1043,364815,0.002858983,-0.225351649,0.0027037,0.031332033,0.127296024
K356N,356,S15,K,N,a_89,1,Asciminib,89,1003,363702,0.002757752,-0.277361011,-0.000680913,0.031332033,0.099765569
K356N,356,S15,K,N,a_128,1,Asciminib,128,571,237662,0.002402572,-0.476274355,-0.002938872,0.031332033,0.084796145
K356N,356,S15,K,N,a_250,1,Asciminib,250,1132,453294,0.002497275,-0.420498865,-0.004104101,0.031332033,0.077972297
K356N,356,S15,K,N,a_363,1,Asciminib,363,836,412243,0.00202793,-0.720845907,-0.007061039,0.031332033,0.063020124
K356N,356,S15,K,N,a_500,1,Asciminib,500,613,263369,0.002327533,-0.522052321,-0.006716631,0.031332033,0.064602394
K356N,356,S15,K,N,a_638,1,Asciminib,638,1552,650734,0.002384999,-0.486865135,-0.00846891,0.031332033,0.056945085
K356N,356,S15,K,N,a_750,1,Asciminib,750,1747,906324,0.001927567,-0.794073038,-0.008911161,0.031332033,0.055160397
K356N,356,S15,K,N,a_1151,1,Asciminib,1151,640,270466,0.002366286,-0.498229193,-0.004586494,0.031332033,0.075310632
K356N,356,S15,K,N,D0,1,D0,,278,86876,0.003199963,-0.062798554,,0.031332033,
K356N,356,S15,K,N,D0,1,D0,,278,86876,0.003199963,-0.062798554,,0.031332033,
K356N,356,S15,K,N,D0,2,D0,,162,46489,0.003484695,0.060178662,,0.031332033,
K356N,356,S15,K,N,D0,2,D0,,162,46489,0.003484695,0.060178662,,0.031332033,
K356N,356,S15,K,N,i_50,1,Imatinib,50,3594,1433607,0.002506963,-0.414913031,0.03039581,0.031332033,0.934813641
K356N,356,S15,K,N,i_100,1,Imatinib,100,346,136108,0.002542099,-0.394833681,0.028623172,0.031332033,0.82280337
K356N,356,S15,K,N,i_200,1,Imatinib,200,2549,847842,0.003006456,-0.15278982,0.023616618,0.031332033,0.573779607
K356N,356,S15,K,N,i_300,1,Imatinib,300,188,57840,0.003250346,-0.040260648,0.015800576,0.031332033,0.326846405
K356N,356,S15,K,N,i_444,1,Imatinib,444,770,254313,0.003027765,-0.142600619,0.005333226,0.031332033,0.153828926
K356N,356,S15,K,N,i_500,1,Imatinib,500,107,44660,0.00239588,-0.480298212,-0.000631012,0.031332033,0.100124663
K356N,356,S15,K,N,i_579,1,Imatinib,579,271,110676,0.002448589,-0.44890341,-0.000689381,0.031332033,0.099704764
K356N,356,S15,K,N,i_750,1,Imatinib,750,653,284854,0.002292402,-0.543993526,-0.006024117,0.031332033,0.06790519
K356N,356,S15,K,N,i_1000,1,Imatinib,1000,762,311421,0.002446848,-0.449929088,-0.007033328,0.031332033,0.063145983
K356N,356,S15,K,N,i_1250,1,Imatinib,1250,1070,448879,0.002383716,-0.487641565,-0.00976407,0.031332033,0.051874942
K356N,356,S15,K,N,i_2500,1,Imatinib,2500,324,119408,0.002713386,-0.300759536,-0.011620271,0.031332033,0.045385348
K356N,356,S15,K,N,i_5000,1,Imatinib,5000,639,251745,0.002538283,-0.397001046,-0.014960078,0.031332033,0.035684743
K356N,356,S15,K,N,N,1,None,0,1530,548120,0.00279136,-0.259885882,0.031332033,0.031332033,1
K356P,356,S15,K,P,a_5,1,Asciminib,5,5133,465856,0.011018426,0.397350973,0.037605461,0.033945305,1.301517992
K356P,356,S15,K,P,a_10,1,Asciminib,10,9606,736805,0.013037371,0.640085744,0.033312945,0.033945305,0.955491053
K356P,356,S15,K,P,a_50,1,Asciminib,50,5063,364815,0.013878267,0.730260221,0.012694344,0.033945305,0.216520683
K356P,356,S15,K,P,a_89,1,Asciminib,89,4071,363702,0.01119323,0.420059149,0.006610411,0.033945305,0.139720355
K356P,356,S15,K,P,a_128,1,Asciminib,128,2588,237662,0.010889414,0.380359156,0.006016982,0.033945305,0.133876269
K356P,356,S15,K,P,a_250,1,Asciminib,250,5201,453294,0.01147379,0.455774759,0.005057084,0.033945305,0.124936225
K356P,356,S15,K,P,a_363,1,Asciminib,363,5033,412243,0.012208819,0.545356388,0.006176738,0.033945305,0.135425062
K356P,356,S15,K,P,a_500,1,Asciminib,500,3200,263369,0.012150253,0.538419149,0.00437029,0.033945305,0.118908487
K356P,356,S15,K,P,a_638,1,Asciminib,638,7532,650734,0.011574622,0.468397852,0.001518087,0.033945305,0.096833748
K356P,356,S15,K,P,a_750,1,Asciminib,750,9172,906324,0.010120001,0.274642253,0.002261946,0.033945305,0.102161349
K356P,356,S15,K,P,a_1151,1,Asciminib,1151,2616,270466,0.009672195,0.209348082,0.002811021,0.033945305,0.10628103
K356P,356,S15,K,P,D0,1,D0,,764,86876,0.008794143,0.072047746,,0.033945305,
K356P,356,S15,K,P,D0,1,D0,,764,86876,0.008794143,0.072047746,,0.033945305,
K356P,356,S15,K,P,D0,2,D0,,369,46489,0.007937362,-0.07583579,,0.033945305,
K356P,356,S15,K,P,D0,2,D0,,369,46489,0.007937362,-0.07583579,,0.033945305,
K356P,356,S15,K,P,i_50,1,Imatinib,50,13051,1433607,0.009103611,0.121943554,0.036008489,0.033945305,1.160149968
K356P,356,S15,K,P,i_100,1,Imatinib,100,1477,136108,0.010851677,0.375350746,0.036675226,0.033945305,1.217201425
K356P,356,S15,K,P,i_200,1,Imatinib,200,11932,847842,0.014073377,0.750401329,0.033059218,0.033945305,0.938194277
K356P,356,S15,K,P,i_300,1,Imatinib,300,924,57840,0.015975104,0.933258086,0.025978431,0.033945305,0.563484797
K356P,356,S15,K,P,i_444,1,Imatinib,444,4065,254313,0.01598424,0.934082927,0.016589638,0.033945305,0.286617133
K356P,356,S15,K,P,i_500,1,Imatinib,500,905,44660,0.020264219,1.276367328,0.017734415,0.033945305,0.311242143
K356P,356,S15,K,P,i_579,1,Imatinib,579,2138,110676,0.019317648,1.207352231,0.016626289,0.033945305,0.287374479
K356P,356,S15,K,P,i_750,1,Imatinib,750,5075,284854,0.017816144,1.090617944,0.01106527,0.033945305,0.192557107
K356P,356,S15,K,P,i_1000,1,Imatinib,1000,5695,311421,0.018287142,1.128262396,0.009466204,0.033945305,0.171616102
K356P,356,S15,K,P,i_1250,1,Imatinib,1250,7653,448879,0.017049138,1.027131582,0.006072442,0.033945305,0.134411929
K356P,356,S15,K,P,i_2500,1,Imatinib,2500,1145,119408,0.009588972,0.196880889,-0.006417586,0.033945305,0.054687062
K356P,356,S15,K,P,i_5000,1,Imatinib,5000,2458,251745,0.009763848,0.222954578,-0.008478623,0.033945305,0.047145213
K356P,356,S15,K,P,N,1,None,0,4554,548120,0.0083084,-0.009924699,0.033945305,0.033945305,1
K356Q,356,S15,K,Q,a_5,1,Asciminib,5,1362,465856,0.00292365,0.444394696,0.03809729,0.034741512,1.273305119
K356Q,356,S15,K,Q,a_10,1,Asciminib,10,2161,736805,0.002932933,0.448968288,0.031314868,0.034741512,0.781360706
K356Q,356,S15,K,Q,a_50,1,Asciminib,50,968,364815,0.0026534,0.30446597,0.008242789,0.034741512,0.148390482
K356Q,356,S15,K,Q,a_89,1,Asciminib,89,973,363702,0.002675267,0.316306918,0.005525712,0.034741512,0.12202399
K356Q,356,S15,K,Q,a_128,1,Asciminib,128,551,237662,0.002318419,0.109765043,0.003187999,0.034741512,0.103120925
K356Q,356,S15,K,Q,a_250,1,Asciminib,250,971,453294,0.002142098,-0.004351797,0.000246595,0.034741512,0.083439453
K356Q,356,S15,K,Q,a_363,1,Asciminib,363,867,412243,0.002103128,-0.030839031,0.000152782,0.034741512,0.082877758
K356Q,356,S15,K,Q,a_500,1,Asciminib,500,591,263369,0.002244,0.062696561,-0.000603251,0.034741512,0.078486944
K356Q,356,S15,K,Q,a_638,1,Asciminib,638,1401,650734,0.002152953,0.002941088,-0.003348128,0.034741512,0.064412078
K356Q,356,S15,K,Q,a_750,1,Asciminib,750,1787,906324,0.001971701,-0.123935187,-0.001905065,0.034741512,0.071464562
K356Q,356,S15,K,Q,a_1151,1,Asciminib,1151,579,270466,0.00214075,-0.005259925,0.000567356,0.034741512,0.085388895
K356Q,356,S15,K,Q,D0,1,D0,,207,86876,0.002382706,0.149225156,,0.034741512,
K356Q,356,S15,K,Q,D0,1,D0,,207,86876,0.002382706,0.149225156,,0.034741512,
K356Q,356,S15,K,Q,D0,2,D0,,89,46489,0.001914431,-0.166460085,,0.034741512,
K356Q,356,S15,K,Q,D0,2,D0,,89,46489,0.001914431,-0.166460085,,0.034741512,
K356Q,356,S15,K,Q,i_50,1,Imatinib,50,3717,1433607,0.002592761,0.271113074,0.037568013,0.034741512,1.225695034
K356Q,356,S15,K,Q,i_100,1,Imatinib,100,384,136108,0.002821289,0.392978417,0.036859518,0.034741512,1.164738276
K356Q,356,S15,K,Q,i_200,1,Imatinib,200,2406,847842,0.002837793,0.401393274,0.029410441,0.034741512,0.681242356
K356Q,356,S15,K,Q,i_300,1,Imatinib,300,186,57840,0.003215768,0.581787136,0.022303904,0.034741512,0.408400175
K356Q,356,S15,K,Q,i_444,1,Imatinib,444,748,254313,0.002941257,0.453057031,0.011560653,0.034741512,0.188431283
K356Q,356,S15,K,Q,i_500,1,Imatinib,500,140,44660,0.003134796,0.544995643,0.010088137,0.034741512,0.169476159
K356Q,356,S15,K,Q,i_579,1,Imatinib,579,266,110676,0.002403412,0.161707809,0.005694382,0.034741512,0.12351491
K356Q,356,S15,K,Q,i_750,1,Imatinib,750,707,284854,0.002481973,0.208111522,0.001838922,0.034741512,0.09357552
K356Q,356,S15,K,Q,i_1000,1,Imatinib,1000,757,311421,0.002430793,0.17805104,-0.000467979,0.034741512,0.079255112
K356Q,356,S15,K,Q,i_1250,1,Imatinib,1250,1000,448879,0.002227772,0.052225463,-0.004119917,0.034741512,0.060930408
K356Q,356,S15,K,Q,i_2500,1,Imatinib,2500,236,119408,0.001976417,-0.120488664,-0.009735592,0.034741512,0.040666464
K356Q,356,S15,K,Q,i_5000,1,Imatinib,5000,587,251745,0.002331725,0.118021351,-0.009575669,0.034741512,0.041137421
K356Q,356,S15,K,Q,N,1,None,0,1233,548120,0.002249507,0.06623309,0.034741512,0.034741512,1
K356R,356,S15,K,R,a_5,1,Asciminib,5,1736,465856,0.003726473,0.1183816,0.034688918,0.03550987,0.94260441
K356R,356,S15,K,R,a_10,1,Asciminib,10,3019,736805,0.004097421,0.255286632,0.029289983,0.03550987,0.639012088
K356R,356,S15,K,R,a_50,1,Asciminib,50,1967,364815,0.005391774,0.651330635,0.011869158,0.03550987,0.182294585
K356R,356,S15,K,R,a_89,1,Asciminib,89,1085,363702,0.002983212,-0.202563089,0.000101077,0.03550987,0.078125943
K356R,356,S15,K,R,a_128,1,Asciminib,128,881,237662,0.003706945,0.110801404,0.003198834,0.03550987,0.097647167
K356R,356,S15,K,R,a_250,1,Asciminib,250,1479,453294,0.003262783,-0.073326285,-0.000474513,0.03550987,0.074954381
K356R,356,S15,K,R,a_363,1,Asciminib,363,1196,412243,0.002901201,-0.24277888,-0.002062987,0.03550987,0.066853894
K356R,356,S15,K,R,a_500,1,Asciminib,500,761,263369,0.002889482,-0.248618456,-0.003857959,0.03550987,0.058748848
K356R,356,S15,K,R,a_638,1,Asciminib,638,2041,650734,0.003136458,-0.130293025,-0.004741052,0.03550987,0.055129715
K356R,356,S15,K,R,a_750,1,Asciminib,750,2876,906324,0.003173258,-0.113464486,-0.001795597,0.03550987,0.068153438
K356R,356,S15,K,R,a_1151,1,Asciminib,1151,865,270466,0.003198184,-0.102176481,-0.000445878,0.03550987,0.075109076
K356R,356,S15,K,R,D0,1,D0,,290,86876,0.003338091,-0.040406052,,0.03550987,
K356R,356,S15,K,R,D0,1,D0,,290,86876,0.003338091,-0.040406052,,0.03550987,
K356R,356,S15,K,R,D0,2,D0,,164,46489,0.003527716,0.039305149,,0.03550987,
K356R,356,S15,K,R,D0,2,D0,,164,46489,0.003527716,0.039305149,,0.03550987,
K356R,356,S15,K,R,i_50,1,Imatinib,50,5245,1433607,0.003658604,0.091863818,0.035694014,0.03550987,1.013346647
K356R,356,S15,K,R,i_100,1,Imatinib,100,606,136108,0.004452347,0.37513656,0.036672986,0.03550987,1.087350888
K356R,356,S15,K,R,i_200,1,Imatinib,200,4093,847842,0.00482755,0.491861958,0.030356264,0.03550987,0.690002797
K356R,356,S15,K,R,i_300,1,Imatinib,300,217,57840,0.003751729,0.128126218,0.017561012,0.03550987,0.274633493
K356R,356,S15,K,R,i_444,1,Imatinib,444,1117,254313,0.004392225,0.355522701,0.01054096,0.03550987,0.165669314
K356R,356,S15,K,R,i_500,1,Imatinib,500,213,44660,0.004769369,0.474368907,0.009349755,0.03550987,0.15205267
K356R,356,S15,K,R,i_579,1,Imatinib,579,402,110676,0.003632224,0.081423725,0.004855035,0.03550987,0.110013945
K356R,356,S15,K,R,i_750,1,Imatinib,750,1097,284854,0.003851096,0.165839588,0.001396982,0.03550987,0.085766397
K356R,356,S15,K,R,i_1000,1,Imatinib,1000,1166,311421,0.003744128,0.125200283,-0.001020518,0.03550987,0.072064914
K356R,356,S15,K,R,i_1250,1,Imatinib,1250,1474,448879,0.003283736,-0.064091352,-0.005335975,0.03550987,0.052818123
K356R,356,S15,K,R,i_2500,1,Imatinib,2500,366,119408,0.003065121,-0.163485215,-0.010185108,0.03550987,0.037252416
K356R,356,S15,K,R,i_5000,1,Imatinib,5000,837,251745,0.003324793,-0.046164869,-0.011292188,0.03550987,0.034398297
K356R,356,S15,K,R,N,1,None,0,2073,548120,0.003782019,0.139727067,0.03550987,0.03550987,1
K356S,356,S15,K,S,a_5,1,Asciminib,5,1140,465856,0.002447108,-0.334122619,0.029958118,0.032882304,0.810145549
K356S,356,S15,K,S,a_10,1,Asciminib,10,2205,736805,0.002992651,-0.043776565,0.026163364,0.032882304,0.616458894
K356S,356,S15,K,S,a_50,1,Asciminib,50,1067,364815,0.00292477,-0.076877242,0.004255957,0.032882304,0.127314233
K356S,356,S15,K,S,a_89,1,Asciminib,89,1076,363702,0.002958466,-0.06035115,0.001587862,0.032882304,0.105062506
K356S,356,S15,K,S,a_128,1,Asciminib,128,610,237662,0.00256667,-0.265302469,-0.000733223,0.032882304,0.088893356
K356S,356,S15,K,S,a_250,1,Asciminib,250,1313,453294,0.002896575,-0.090852518,-0.000657745,0.032882304,0.089377754
K356S,356,S15,K,S,a_363,1,Asciminib,363,1094,412243,0.002653775,-0.217154627,-0.001795093,0.032882304,0.082350352
K356S,356,S15,K,S,a_500,1,Asciminib,500,635,263369,0.002411066,-0.355529414,-0.004975682,0.032882304,0.065495426
K356S,356,S15,K,S,a_638,1,Asciminib,638,1609,650734,0.002472592,-0.319175977,-0.006715768,0.032882304,0.057782971
K356S,356,S15,K,S,a_750,1,Asciminib,750,2088,906324,0.002303812,-0.421177546,-0.005012648,0.032882304,0.065321341
K356S,356,S15,K,S,a_1151,1,Asciminib,1151,728,270466,0.002691651,-0.196709259,-0.001434191,0.032882304,0.084518268
K356S,356,S15,K,S,D0,1,D0,,237,86876,0.002728026,-0.177342989,,0.032882304,
K356S,356,S15,K,S,D0,1,D0,,237,86876,0.002728026,-0.177342989,,0.032882304,
K356S,356,S15,K,S,D0,2,D0,,160,46489,0.003441674,0.157910143,,0.032882304,
K356S,356,S15,K,S,D0,2,D0,,160,46489,0.003441674,0.157910143,,0.032882304,
K356S,356,S15,K,S,i_50,1,Imatinib,50,3755,1433607,0.002619267,-0.236037143,0.032265905,0.032882304,0.956589741
K356S,356,S15,K,S,i_100,1,Imatinib,100,371,136108,0.002725777,-0.178533143,0.030884531,0.032882304,0.866026631
K356S,356,S15,K,S,i_200,1,Imatinib,200,2426,847842,0.002861382,-0.108488254,0.024079778,0.032882304,0.530581423
K356S,356,S15,K,S,i_300,1,Imatinib,300,180,57840,0.003112033,0.012656986,0.016353815,0.032882304,0.304205686
K356S,356,S15,K,S,i_444,1,Imatinib,444,875,254313,0.003440642,0.157477342,0.008470453,0.032882304,0.172449089
K356S,356,S15,K,S,i_500,1,Imatinib,500,120,44660,0.002686968,-0.199221214,0.002307567,0.032882304,0.110650238
K356S,356,S15,K,S,i_579,1,Imatinib,579,258,110676,0.002331129,-0.404171807,-0.000221725,0.032882304,0.092228135
K356S,356,S15,K,S,i_750,1,Imatinib,750,863,284854,0.003029622,-0.026062569,-0.000609299,0.032882304,0.089690052
K356S,356,S15,K,S,i_1000,1,Imatinib,1000,843,311421,0.002706947,-0.188534065,-0.004300519,0.032882304,0.068757927
K356S,356,S15,K,S,i_1250,1,Imatinib,1250,978,448879,0.002178761,-0.501692602,-0.009910969,0.032882304,0.045908012
K356S,356,S15,K,S,i_2500,1,Imatinib,2500,311,119408,0.002604516,-0.24418538,-0.011028805,0.032882304,0.042357921
K356S,356,S15,K,S,i_5000,1,Imatinib,5000,776,251745,0.003082484,-0.001106936,-0.010821121,0.032882304,0.04299607
K356S,356,S15,K,S,N,1,None,0,1565,548120,0.002855214,-0.111601489,0.032882304,0.032882304,1
K356T,356,S15,K,T,a_5,1,Asciminib,5,1166,465856,0.002502919,-0.148501653,0.031898731,0.031189229,1.052411453
K356T,356,S15,K,T,a_10,1,Asciminib,10,1844,736805,0.002502697,-0.148629562,0.025067157,0.031189229,0.64352834
K356T,356,S15,K,T,a_50,1,Asciminib,50,562,364815,0.001540507,-0.84870838,-0.003813313,0.031189229,0.080444882
K356T,356,S15,K,T,a_89,1,Asciminib,89,916,363702,0.002518545,-0.139522722,0.000760146,0.031189229,0.111816743
K356T,356,S15,K,T,a_128,1,Asciminib,128,503,237662,0.002116451,-0.390466309,-0.002041774,0.031189229,0.091388812
K356T,356,S15,K,T,a_250,1,Asciminib,250,968,453294,0.002135479,-0.377553479,-0.00365512,0.031189229,0.081366381
K356T,356,S15,K,T,a_363,1,Asciminib,363,763,412243,0.00185085,-0.583925401,-0.005629575,0.031189229,0.070583854
K356T,356,S15,K,T,a_500,1,Asciminib,500,499,263369,0.00189468,-0.550159188,-0.00701048,0.031189229,0.063903635
K356T,356,S15,K,T,a_638,1,Asciminib,638,1342,650734,0.002062287,-0.427868629,-0.007852118,0.031189229,0.060146201
K356T,356,S15,K,T,a_750,1,Asciminib,750,1903,906324,0.002099691,-0.401936694,-0.00481149,0.031189229,0.074866273
K356T,356,S15,K,T,a_1151,1,Asciminib,1151,630,270466,0.002329313,-0.252208878,-0.002014423,0.031189229,0.091568959
K356T,356,S15,K,T,D0,1,D0,,269,86876,0.003096367,0.158463127,,0.031189229,
K356T,356,S15,K,T,D0,1,D0,,269,86876,0.003096367,0.158463127,,0.031189229,
K356T,356,S15,K,T,D0,2,D0,,114,46489,0.002452193,-0.178040935,,0.031189229,
K356T,356,S15,K,T,D0,2,D0,,114,46489,0.002452193,-0.178040935,,0.031189229,
K356T,356,S15,K,T,i_50,1,Imatinib,50,3497,1433607,0.002439302,-0.185645252,0.032792738,0.031189229,1.122381353
K356T,356,S15,K,T,i_100,1,Imatinib,100,373,136108,0.002740471,-0.017689697,0.032566102,0.031189229,1.104215232
K356T,356,S15,K,T,i_200,1,Imatinib,200,2327,847842,0.002744615,-0.015509591,0.025051843,0.031189229,0.642819175
K356T,356,S15,K,T,i_300,1,Imatinib,300,161,57840,0.002783541,0.00480777,0.016271753,0.031189229,0.341619323
K356T,356,S15,K,T,i_444,1,Imatinib,444,620,254313,0.002437941,-0.186450458,0.004874788,0.031189229,0.1503725
K356T,356,S15,K,T,i_500,1,Imatinib,500,101,44660,0.002261532,-0.294813325,0.001308179,0.031189229,0.116317052
K356T,356,S15,K,T,i_579,1,Imatinib,579,328,110676,0.002963605,0.095239945,0.004999479,0.031189229,0.151728587
K356T,356,S15,K,T,i_750,1,Imatinib,750,831,284854,0.002917284,0.072512351,0.000421273,0.031189229,0.109121552
K356T,356,S15,K,T,i_1000,1,Imatinib,1000,859,311421,0.002758324,-0.008321563,-0.00241645,0.031189229,0.088956401
K356T,356,S15,K,T,i_1250,1,Imatinib,1250,1235,448879,0.002751298,-0.012000929,-0.004791385,0.031189229,0.074974724
K356T,356,S15,K,T,i_2500,1,Imatinib,2500,282,119408,0.002361651,-0.232317795,-0.010904733,0.031189229,0.048278678
K356T,356,S15,K,T,i_5000,1,Imatinib,5000,542,251745,0.002152972,-0.365783734,-0.014633711,0.031189229,0.036910779
K356T,356,S15,K,T,N,1,None,0,1258,548120,0.002295118,-0.273545221,0.031189229,0.031189229,1
K356V,356,S15,K,V,a_5,1,Asciminib,5,1505,465856,0.003230612,-0.025771823,0.033181836,0.030848332,1.18295116
K356V,356,S15,K,V,a_10,1,Asciminib,10,2359,736805,0.003201661,-0.038758669,0.026215825,0.030848332,0.716382893
K356V,356,S15,K,V,a_50,1,Asciminib,50,934,364815,0.002560202,-0.36132183,0.001282171,0.030848332,0.118984323
K356V,356,S15,K,V,a_89,1,Asciminib,89,817,363702,0.002246345,-0.550000111,-0.003531275,0.030848332,0.084135077
K356V,356,S15,K,V,a_128,1,Asciminib,128,599,237662,0.002520386,-0.383934575,-0.001973487,0.030848332,0.094121299
K356V,356,S15,K,V,a_250,1,Asciminib,250,856,453294,0.001888399,-0.800415599,-0.00807602,0.030848332,0.060654994
K356V,356,S15,K,V,a_363,1,Asciminib,363,805,412243,0.001952732,-0.752085544,-0.00738764,0.030848332,0.063737006
K356V,356,S15,K,V,a_500,1,Asciminib,500,537,263369,0.002038964,-0.689742785,-0.008469786,0.030848332,0.058959504
K356V,356,S15,K,V,a_638,1,Asciminib,638,1344,650734,0.00206536,-0.671186032,-0.010395931,0.030848332,0.051324508
K356V,356,S15,K,V,a_750,1,Asciminib,750,1915,906324,0.002112931,-0.638333732,-0.007282952,0.030848332,0.064219239
K356V,356,S15,K,V,a_1151,1,Asciminib,1151,731,270466,0.002702743,-0.28315517,-0.002337957,0.030848332,0.091683504
K356V,356,S15,K,V,D0,1,D0,,293,86876,0.003372623,0.03629175,,0.030848332,
K356V,356,S15,K,V,D0,1,D0,,293,86876,0.003372623,0.03629175,,0.030848332,
K356V,356,S15,K,V,D0,2,D0,,149,46489,0.003205059,-0.037228298,,0.030848332,
K356V,356,S15,K,V,D0,2,D0,,149,46489,0.003205059,-0.037228298,,0.030848332,
K356V,356,S15,K,V,i_50,1,Imatinib,50,3885,1433607,0.002709948,-0.279314319,0.031813455,0.030848332,1.071960152
K356V,356,S15,K,V,i_100,1,Imatinib,100,348,136108,0.002556793,-0.363243891,0.028953434,0.030848332,0.872465101
K356V,356,S15,K,V,i_200,1,Imatinib,200,2283,847842,0.002692719,-0.288515812,0.022197642,0.030848332,0.536413675
K356V,356,S15,K,V,i_300,1,Imatinib,300,134,57840,0.002316736,-0.505485787,0.010936783,0.030848332,0.238441446
K356V,356,S15,K,V,i_444,1,Imatinib,444,680,254313,0.00267387,-0.298649796,0.003701777,0.030848332,0.141627921
K356V,356,S15,K,V,i_500,1,Imatinib,500,100,44660,0.00223914,-0.554634487,-0.001408176,0.030848332,0.098031295
K356V,356,S15,K,V,i_579,1,Imatinib,579,263,110676,0.002376306,-0.46885894,-0.00089801,0.030848332,0.101699124
K356V,356,S15,K,V,i_750,1,Imatinib,750,601,284854,0.002109853,-0.640437005,-0.007032405,0.030848332,0.065388227
K356V,356,S15,K,V,i_1000,1,Imatinib,1000,819,311421,0.00262988,-0.322582111,-0.005701953,0.030848332,0.071961756
K356V,356,S15,K,V,i_1250,1,Imatinib,1250,1009,448879,0.002247822,-0.549051665,-0.010406094,0.030848332,0.051286965
K356V,356,S15,K,V,i_2500,1,Imatinib,2500,282,119408,0.002361651,-0.477783664,-0.013471007,0.030848332,0.041131033
K356V,356,S15,K,V,i_5000,1,Imatinib,5000,596,251745,0.002367475,-0.474230124,-0.015767486,0.030848332,0.034862663
K356V,356,S15,K,V,N,1,None,0,1458,548120,0.002660001,-0.306152293,0.030848332,0.030848332,1
K356W,356,S15,K,W,a_5,1,Asciminib,5,1311,465856,0.002814174,0.32352105,0.036833591,0.037150045,0.977472935
K356W,356,S15,K,W,a_10,1,Asciminib,10,2163,736805,0.002935648,0.384488252,0.030640748,0.037150045,0.625834471
K356W,356,S15,K,W,a_50,1,Asciminib,50,852,364815,0.00233543,0.054497725,0.005629444,0.037150045,0.103365577
K356W,356,S15,K,W,a_89,1,Asciminib,89,895,363702,0.002460806,0.129940167,0.003577302,0.037150045,0.089167605
K356W,356,S15,K,W,a_128,1,Asciminib,128,574,237662,0.002415195,0.102948833,0.003116738,0.037150045,0.086259238
K356W,356,S15,K,W,a_250,1,Asciminib,250,1150,453294,0.002536985,0.173924235,0.002110419,0.037150045,0.080230379
K356W,356,S15,K,W,a_363,1,Asciminib,363,885,412243,0.002146792,-0.067008197,-0.000225356,0.037150045,0.067811137
K356W,356,S15,K,W,a_500,1,Asciminib,500,588,263369,0.002232609,-0.010460043,-0.001368082,0.037150045,0.062455238
K356W,356,S15,K,W,a_638,1,Asciminib,638,1601,650734,0.002460299,0.129642812,-0.002023499,0.037150045,0.059576438
K356W,356,S15,K,W,a_750,1,Asciminib,750,2057,906324,0.002269608,0.013252344,-0.00047081,0.037150045,0.066623259
K356W,356,S15,K,W,a_1151,1,Asciminib,1151,675,270466,0.002495693,0.1502496,0.002193163,0.037150045,0.080709783
K356W,356,S15,K,W,D0,1,D0,,202,86876,0.002325153,0.048135053,,0.037150045,
K356W,356,S15,K,W,D0,1,D0,,202,86876,0.002325153,0.048135053,,0.037150045,
K356W,356,S15,K,W,D0,2,D0,,101,46489,0.002172557,-0.049796661,,0.037150045,
K356W,356,S15,K,W,D0,2,D0,,101,46489,0.002172557,-0.049796661,,0.037150045,
K356W,356,S15,K,W,i_50,1,Imatinib,50,3854,1433607,0.002688324,0.257516329,0.037425863,0.037150045,1.020057416
K356W,356,S15,K,W,i_100,1,Imatinib,100,414,136108,0.003041702,0.435688245,0.037306037,0.037150045,1.011294728
K356W,356,S15,K,W,i_200,1,Imatinib,200,2465,847842,0.002907381,0.37052965,0.02908777,0.037150045,0.559627581
K356W,356,S15,K,W,i_300,1,Imatinib,300,148,57840,0.002558783,0.186267062,0.018168857,0.037150045,0.254960793
K356W,356,S15,K,W,i_444,1,Imatinib,444,656,254313,0.002579498,0.197899947,0.00889306,0.037150045,0.130745457
K356W,356,S15,K,W,i_500,1,Imatinib,500,112,44660,0.002507837,0.15725292,0.0060344,0.037150045,0.106423758
K356W,356,S15,K,W,i_579,1,Imatinib,579,221,110676,0.00199682,-0.171486695,0.00221093,0.037150045,0.080813096
K356W,356,S15,K,W,i_750,1,Imatinib,750,703,284854,0.002467931,0.134111368,0.001065272,0.037150045,0.074414563
K356W,356,S15,K,W,i_1000,1,Imatinib,1000,851,311421,0.002732635,0.281102243,0.000609391,0.037150045,0.072011673
K356W,356,S15,K,W,i_1250,1,Imatinib,1250,1051,448879,0.002341388,0.058173504,-0.004057732,0.037150045,0.051459513
K356W,356,S15,K,W,i_2500,1,Imatinib,2500,318,119408,0.002663138,0.243936613,-0.005925632,0.037150045,0.044983986
K356W,356,S15,K,W,i_5000,1,Imatinib,5000,716,251745,0.002844148,0.338805807,-0.007267432,0.037150045,0.040841427
K356W,356,S15,K,W,N,1,None,0,1514,548120,0.002762169,0.296610867,0.037150045,0.037150045,1
K356Y,356,S15,K,Y,a_5,1,Asciminib,5,1585,465856,0.003402339,-0.118761895,0.032209652,0.030832363,1.104248237
K356Y,356,S15,K,Y,a_10,1,Asciminib,10,2317,736805,0.003144658,-0.232385468,0.024191513,0.030832363,0.619934653
K356Y,356,S15,K,Y,a_50,1,Asciminib,50,1088,364815,0.002982334,-0.308847154,0.001830779,0.030832363,0.123920621
K356Y,356,S15,K,Y,a_89,1,Asciminib,89,1040,363702,0.002859484,-0.369533991,-0.001644555,0.030832363,0.09648786
K356Y,356,S15,K,Y,a_128,1,Asciminib,128,762,237662,0.003206234,-0.204409006,-9.66E-05,0.030832363,0.107863873
K356Y,356,S15,K,Y,a_250,1,Asciminib,250,1340,453294,0.002956139,-0.321574725,-0.003069878,0.030832363,0.087077099
K356Y,356,S15,K,Y,a_363,1,Asciminib,363,1065,412243,0.002583428,-0.516002227,-0.004919458,0.030832363,0.076220023
K356Y,356,S15,K,Y,a_500,1,Asciminib,500,747,263369,0.002836325,-0.381266055,-0.005244751,0.030832363,0.074455605
K356Y,356,S15,K,Y,a_638,1,Asciminib,638,1466,650734,0.002252841,-0.713543492,-0.010838766,0.030832363,0.049771076
K356Y,356,S15,K,Y,a_750,1,Asciminib,750,2505,906324,0.002763912,-0.418576946,-0.004985459,0.030832363,0.075858675
K356Y,356,S15,K,Y,a_1151,1,Asciminib,1151,768,270466,0.002839544,-0.37962969,-0.00334657,0.030832363,0.085359527
K356Y,356,S15,K,Y,D0,1,D0,,384,86876,0.004420093,0.258787971,,0.030832363,
K356Y,356,S15,K,Y,D0,1,D0,,384,86876,0.004420093,0.258787971,,0.030832363,
K356Y,356,S15,K,Y,D0,2,D0,,138,46489,0.002968444,-0.315581787,,0.030832363,
K356Y,356,S15,K,Y,D0,2,D0,,138,46489,0.002968444,-0.315581787,,0.030832363,
K356Y,356,S15,K,Y,i_50,1,Imatinib,50,4801,1433607,0.003348895,-0.141603406,0.033253183,0.030832363,1.190411444
K356Y,356,S15,K,Y,i_100,1,Imatinib,100,458,136108,0.003364975,-0.134693024,0.031342867,0.030832363,1.037440127
K356Y,356,S15,K,Y,i_200,1,Imatinib,200,3089,847842,0.003643368,-0.020016225,0.025004727,0.030832363,0.657316404
K356Y,356,S15,K,Y,i_300,1,Imatinib,300,208,57840,0.003596127,-0.038844685,0.01581538,0.030832363,0.339180518
K356Y,356,S15,K,Y,i_444,1,Imatinib,444,871,254313,0.003424913,-0.109221248,0.005682197,0.030832363,0.163521312
K356Y,356,S15,K,Y,i_500,1,Imatinib,500,130,44660,0.002910882,-0.343832289,0.0007957,0.030832363,0.115021093
K356Y,356,S15,K,Y,i_579,1,Imatinib,579,397,110676,0.003587047,-0.042492157,0.00355953,0.030832363,0.140346074
K356Y,356,S15,K,Y,i_750,1,Imatinib,750,883,284854,0.003099834,-0.253097983,-0.002982889,0.030832363,0.087624195
K356Y,356,S15,K,Y,i_1000,1,Imatinib,1000,885,311421,0.002841812,-0.378477533,-0.006286323,0.030832363,0.069076175
K356Y,356,S15,K,Y,i_1250,1,Imatinib,1250,1512,448879,0.003368391,-0.133229125,-0.006058791,0.030832363,0.070217123
K356Y,356,S15,K,Y,i_2500,1,Imatinib,2500,399,119408,0.003341485,-0.144799505,-0.009989755,0.030832363,0.052908436
K356Y,356,S15,K,Y,i_5000,1,Imatinib,5000,859,251745,0.003412183,-0.114593749,-0.012007592,0.030832363,0.045753966
K356Y,356,S15,K,Y,N,1,None,0,1636,548120,0.002984748,-0.30767969,0.030832363,0.030832363,1
K357A,357,S15,K,A,a_5,1,Asciminib,5,3347,465856,0.007184624,0.204825202,0.03559266,0.036055662,0.967213411
K357A,357,S15,K,A,a_10,1,Asciminib,10,5224,736805,0.007090071,0.185712771,0.028562608,0.036055662,0.583039776
K357A,357,S15,K,A,a_50,1,Asciminib,50,2343,364815,0.006422433,0.043032631,0.005509579,0.036055662,0.110878758
K357A,357,S15,K,A,a_89,1,Asciminib,89,2295,363702,0.006310111,0.017578021,0.002402589,0.036055662,0.088653365
K357A,357,S15,K,A,a_128,1,Asciminib,128,1453,237662,0.006113725,-0.028035819,0.001747331,0.036055662,0.084567959
K357A,357,S15,K,A,a_250,1,Asciminib,250,2645,453294,0.005835065,-0.095338617,-0.000704645,0.036055662,0.07088176
K357A,357,S15,K,A,a_363,1,Asciminib,363,2290,412243,0.005554976,-0.166306672,-0.001263492,0.036055662,0.06808631
K357A,357,S15,K,A,a_500,1,Asciminib,500,1155,263369,0.004385482,-0.507351965,-0.006562943,0.036055662,0.046489
K357A,357,S15,K,A,a_638,1,Asciminib,638,3672,650734,0.005642859,-0.14366115,-0.004880812,0.036055662,0.052474595
K357A,357,S15,K,A,a_750,1,Asciminib,750,5327,906324,0.005877589,-0.084862882,-0.001496576,0.036055662,0.066953219
K357A,357,S15,K,A,a_1151,1,Asciminib,1151,1672,270466,0.006181923,-0.012031672,0.00049656,0.036055662,0.077285002
K357A,357,S15,K,A,D0,1,D0,,558,86876,0.006422948,0.043148169,,0.036055662,
K357A,357,S15,K,A,D0,1,D0,,558,86876,0.006422948,0.043148169,,0.036055662,
K357A,357,S15,K,A,D0,2,D0,,281,46489,0.006044441,-0.044478537,,0.036055662,
K357A,357,S15,K,A,D0,2,D0,,281,46489,0.006044441,-0.044478537,,0.036055662,
K357A,357,S15,K,A,i_50,1,Imatinib,50,9768,1433607,0.006813583,0.128326245,0.036075218,0.036055662,1.001409048
K357A,357,S15,K,A,i_100,1,Imatinib,100,1078,136108,0.007920181,0.345446038,0.036362581,0.036055662,1.022344118
K357A,357,S15,K,A,i_200,1,Imatinib,200,7106,847842,0.008381279,0.427082979,0.029679019,0.036055662,0.631840497
K357A,357,S15,K,A,i_300,1,Imatinib,300,384,57840,0.006639004,0.090879485,0.017171608,0.036055662,0.256750138
K357A,357,S15,K,A,i_444,1,Imatinib,444,1833,254313,0.007207654,0.2094423,0.009013732,0.036055662,0.142698826
K357A,357,S15,K,A,i_500,1,Imatinib,500,383,44660,0.008575907,0.460201867,0.009201643,0.036055662,0.144642603
K357A,357,S15,K,A,i_579,1,Imatinib,579,711,110676,0.006424157,0.043419782,0.004457715,0.036055662,0.102791542
K357A,357,S15,K,A,i_750,1,Imatinib,750,1807,284854,0.006343601,0.025214567,-7.32E-05,0.036055662,0.074178648
K357A,357,S15,K,A,i_1000,1,Imatinib,1000,2094,311421,0.006724017,0.109235936,-0.001187421,0.036055662,0.068460252
K357A,357,S15,K,A,i_1250,1,Imatinib,1250,3294,448879,0.00733828,0.235354677,-0.002205354,0.036055662,0.063622176
K357A,357,S15,K,A,i_2500,1,Imatinib,2500,901,119408,0.007545558,0.275540241,-0.005595225,0.036055662,0.049843664
K357A,357,S15,K,A,i_5000,1,Imatinib,5000,1565,251745,0.006216608,-0.003959741,-0.010850946,0.036055662,0.034140334
K357A,357,S15,K,A,N,1,None,0,3903,548120,0.007120703,0.191932412,0.036055662,0.036055662,1
K357C,357,S15,K,C,a_5,1,Asciminib,5,1234,465856,0.002648887,-0.005591509,0.033392815,0.029652466,1.309054515
K357C,357,S15,K,C,a_10,1,Asciminib,10,1798,736805,0.002440266,-0.12393966,0.025325282,0.029652466,0.732305706
K357C,357,S15,K,C,a_50,1,Asciminib,50,591,364815,0.001619999,-0.714984843,-0.002415272,0.029652466,0.099372768
K357C,357,S15,K,C,a_89,1,Asciminib,89,583,363702,0.001602961,-0.7302389,-0.005415619,0.029652466,0.080066147
K357C,357,S15,K,C,a_128,1,Asciminib,128,372,237662,0.001565248,-0.76458655,-0.005953092,0.029652466,0.077026929
K357C,357,S15,K,C,a_250,1,Asciminib,250,883,453294,0.001947963,-0.449011551,-0.004402193,0.029652466,0.086126732
K357C,357,S15,K,C,a_363,1,Asciminib,363,791,412243,0.001918771,-0.470795226,-0.004446832,0.029652466,0.085850367
K357C,357,S15,K,C,a_500,1,Asciminib,500,558,263369,0.0021187,-0.327798344,-0.004685762,0.029652466,0.084386114
K357C,357,S15,K,C,a_638,1,Asciminib,638,1083,650734,0.001664274,-0.676084521,-0.010447143,0.029652466,0.055733613
K357C,357,S15,K,C,a_750,1,Asciminib,750,1845,906324,0.002035696,-0.385455901,-0.004639188,0.029652466,0.084669562
K357C,357,S15,K,C,a_1151,1,Asciminib,1151,570,270466,0.002107474,-0.33546325,-0.002884823,0.029652466,0.096069363
K357C,357,S15,K,C,D0,1,D0,,249,86876,0.002866154,0.108138234,,0.029652466,
K357C,357,S15,K,C,D0,1,D0,,249,86876,0.002866154,0.108138234,,0.029652466,
K357C,357,S15,K,C,D0,2,D0,,114,46489,0.002452193,-0.116905398,,0.029652466,
K357C,357,S15,K,C,D0,2,D0,,114,46489,0.002452193,-0.116905398,,0.029652466,
K357C,357,S15,K,C,i_50,1,Imatinib,50,2942,1433607,0.002052166,-0.373830264,0.030825318,0.029652466,1.088113403
K357C,357,S15,K,C,i_100,1,Imatinib,100,287,136108,0.00210862,-0.334679053,0.029252071,0.029652466,0.971583141
K357C,357,S15,K,C,i_200,1,Imatinib,200,1803,847842,0.002126575,-0.322445868,0.021842913,0.029652466,0.569903752
K357C,357,S15,K,C,i_300,1,Imatinib,300,130,57840,0.00224758,-0.242605758,0.013685117,0.029652466,0.316747887
K357C,357,S15,K,C,i_444,1,Imatinib,444,461,254313,0.001812727,-0.552816385,0.001044539,0.029652466,0.127483196
K357C,357,S15,K,C,i_500,1,Imatinib,500,85,44660,0.001903269,-0.482498334,-0.000654013,0.029652466,0.112808172
K357C,357,S15,K,C,i_579,1,Imatinib,579,230,110676,0.002078138,-0.355686471,0.000285175,0.029652466,0.120700267
K357C,357,S15,K,C,i_750,1,Imatinib,750,601,284854,0.002109853,-0.333835598,-0.003826977,0.029652466,0.089768613
K357C,357,S15,K,C,i_1000,1,Imatinib,1000,608,311421,0.001952341,-0.445772833,-0.006989876,0.029652466,0.071486361
K357C,357,S15,K,C,i_1250,1,Imatinib,1250,907,448879,0.002020589,-0.396201977,-0.008808095,0.029652466,0.062714637
K357C,357,S15,K,C,i_2500,1,Imatinib,2500,252,119408,0.002110411,-0.333453686,-0.011962079,0.029652466,0.049974257
K357C,357,S15,K,C,i_5000,1,Imatinib,5000,451,251745,0.001791495,-0.569813615,-0.016766783,0.029652466,0.035359578
K357C,357,S15,K,C,N,1,None,0,1089,548120,0.001986791,-0.420537652,0.029652466,0.029652466,1
K357D,357,S15,K,D,a_5,1,Asciminib,5,5055,465856,0.010850993,-0.02056752,0.033236245,0.034596412,0.906710519
K357D,357,S15,K,D,a_10,1,Asciminib,10,5954,736805,0.008080835,-0.445818168,0.021960136,0.034596412,0.402599954
K357D,357,S15,K,D,a_50,1,Asciminib,50,2736,364815,0.007499692,-0.553491357,-0.000726905,0.034596412,0.078608231
K357D,357,S15,K,D,a_89,1,Asciminib,89,2924,363702,0.008039549,-0.453208086,-0.002519343,0.034596412,0.069090752
K357D,357,S15,K,D,a_128,1,Asciminib,128,2182,237662,0.009181106,-0.261654684,-0.000695086,0.034596412,0.078788527
K357D,357,S15,K,D,a_250,1,Asciminib,250,4258,453294,0.009393462,-0.228665653,-0.002098541,0.034596412,0.071216081
K357D,357,S15,K,D,a_363,1,Asciminib,363,3496,412243,0.008480435,-0.37618435,-0.003457702,0.034596412,0.064577045
K357D,357,S15,K,D,a_500,1,Asciminib,500,2040,263369,0.007745786,-0.506910928,-0.006558332,0.034596412,0.051656379
K357D,357,S15,K,D,a_638,1,Asciminib,638,5484,650734,0.008427407,-0.385233901,-0.007406385,0.034596412,0.048596615
K357D,357,S15,K,D,a_750,1,Asciminib,750,8710,906324,0.00961025,-0.195748708,-0.002655855,0.034596412,0.068414995
K357D,357,S15,K,D,a_1151,1,Asciminib,1151,2705,270466,0.010001257,-0.13821319,-0.000822631,0.034596412,0.078068303
K357D,357,S15,K,D,D0,1,D0,,965,86876,0.011107786,0.013176725,,0.034596412,
K357D,357,S15,K,D,D0,1,D0,,965,86876,0.011107786,0.013176725,,0.034596412,
K357D,357,S15,K,D,D0,2,D0,,507,46489,0.010905806,-0.013298184,,0.034596412,
K357D,357,S15,K,D,D0,2,D0,,507,46489,0.010905806,-0.013298184,,0.034596412,
K357D,357,S15,K,D,i_50,1,Imatinib,50,17255,1433607,0.012036074,0.128970349,0.036081952,0.034596412,1.112888477
K357D,357,S15,K,D,i_100,1,Imatinib,100,1569,136108,0.01152761,0.066698948,0.033448361,0.034596412,0.920664398
K357D,357,S15,K,D,i_200,1,Imatinib,200,8531,847842,0.010062016,-0.12947511,0.023860366,0.034596412,0.461628273
K357D,357,S15,K,D,i_300,1,Imatinib,300,567,57840,0.009802905,-0.167113355,0.014474368,0.034596412,0.234854947
K357D,357,S15,K,D,i_444,1,Imatinib,444,2967,254313,0.011666726,0.084005177,0.007702323,0.034596412,0.144225904
K357D,357,S15,K,D,i_500,1,Imatinib,500,483,44660,0.010815047,-0.0253546,0.004125291,0.034596412,0.111478814
K357D,357,S15,K,D,i_579,1,Imatinib,579,1087,110676,0.009821461,-0.164385006,0.002285176,0.034596412,0.097645763
K357D,357,S15,K,D,i_750,1,Imatinib,750,2732,284854,0.009590878,-0.198659719,-0.002413752,0.034596412,0.069618018
K357D,357,S15,K,D,i_1000,1,Imatinib,1000,3291,311421,0.010567688,-0.058734744,-0.002943505,0.034596412,0.067012636
K357D,357,S15,K,D,i_1250,1,Imatinib,1250,4377,448879,0.009750957,-0.174778758,-0.00649318,0.034596412,0.051899264
K357D,357,S15,K,D,i_2500,1,Imatinib,2500,1381,119408,0.011565389,0.071419285,-0.00772925,0.034596412,0.047479952
K357D,357,S15,K,D,i_5000,1,Imatinib,5000,2207,251745,0.008766808,-0.328271033,-0.014241526,0.034596412,0.029708218
K357D,357,S15,K,D,N,1,None,0,6256,548120,0.011413559,0.052354197,0.034596412,0.034596412,1
K357E,357,S15,K,E,a_5,1,Asciminib,5,2583,465856,0.005544632,-0.050355696,0.032924819,0.033689807,0.946410246
K357E,357,S15,K,E,a_10,1,Asciminib,10,5260,736805,0.007138931,0.314260683,0.029906539,0.033689807,0.761553201
K357E,357,S15,K,E,a_50,1,Asciminib,50,2240,364815,0.006140098,0.096814418,0.006071852,0.033689807,0.136901621
K357E,357,S15,K,E,a_89,1,Asciminib,89,1923,363702,0.005287296,-0.118917362,0.000975569,0.033689807,0.094853176
K357E,357,S15,K,E,a_128,1,Asciminib,128,1190,237662,0.005007111,-0.197468939,-2.40E-05,0.033689807,0.088266278
K357E,357,S15,K,E,a_250,1,Asciminib,250,2479,453294,0.005468857,-0.070208059,-0.000441913,0.033689807,0.085650194
K357E,357,S15,K,E,a_363,1,Asciminib,363,2045,412243,0.004960666,-0.210913418,-0.001729843,0.033689807,0.078064899
K357E,357,S15,K,E,a_500,1,Asciminib,500,1190,263369,0.004518375,-0.345643234,-0.004872325,0.033689807,0.062257674
K357E,357,S15,K,E,a_638,1,Asciminib,638,3079,650734,0.00473158,-0.279125332,-0.00629705,0.033689807,0.056187908
K357E,357,S15,K,E,a_750,1,Asciminib,750,4269,906324,0.004710236,-0.285647991,-0.003595726,0.033689807,0.068251332
K357E,357,S15,K,E,a_1151,1,Asciminib,1151,1307,270466,0.0048324,-0.24870737,-0.001977816,0.033689807,0.076683493
K357E,357,S15,K,E,D0,1,D0,,508,86876,0.005847415,0.026351553,,0.033689807,
K357E,357,S15,K,E,D0,1,D0,,508,86876,0.005847415,0.026351553,,0.033689807,
K357E,357,S15,K,E,D0,2,D0,,262,46489,0.005635742,-0.026841846,,0.033689807,
K357E,357,S15,K,E,D0,2,D0,,262,46489,0.005635742,-0.026841846,,0.033689807,
K357E,357,S15,K,E,i_50,1,Imatinib,50,8719,1433607,0.006081862,0.083065732,0.035602033,0.033689807,1.147608596
K357E,357,S15,K,E,i_100,1,Imatinib,100,796,136108,0.005848297,0.026569204,0.033028816,0.033689807,0.953523416
K357E,357,S15,K,E,i_200,1,Imatinib,200,5221,847842,0.006157987,0.101011458,0.026270036,0.033689807,0.586124264
K357E,357,S15,K,E,i_300,1,Imatinib,300,287,57840,0.004961964,-0.21053608,0.014020396,0.033689807,0.242634871
K357E,357,S15,K,E,i_444,1,Imatinib,444,1451,254313,0.005705568,-0.009076957,0.006729177,0.033689807,0.14353658
K357E,357,S15,K,E,i_500,1,Imatinib,500,245,44660,0.005485893,-0.065720767,0.003703275,0.033689807,0.115437008
K357E,357,S15,K,E,i_579,1,Imatinib,579,619,110676,0.005592902,-0.037850359,0.003608059,0.033689807,0.114648332
K357E,357,S15,K,E,i_750,1,Imatinib,750,1636,284854,0.005743293,0.000430818,-0.000332319,0.033689807,0.086328713
K357E,357,S15,K,E,i_1000,1,Imatinib,1000,1640,311421,0.005266183,-0.124689683,-0.003633045,0.033689807,0.068068188
K357E,357,S15,K,E,i_1250,1,Imatinib,1250,2692,448879,0.005997162,0.062832541,-0.004009023,0.033689807,0.06625027
K357E,357,S15,K,E,i_2500,1,Imatinib,2500,653,119408,0.005468645,-0.070263865,-0.009210506,0.033689807,0.045555563
K357E,357,S15,K,E,i_5000,1,Imatinib,5000,1374,251745,0.005457904,-0.073100386,-0.011573791,0.033689807,0.03842761
K357E,357,S15,K,E,N,1,None,0,3073,548120,0.005606437,-0.034363275,0.033689807,0.033689807,1
K357F,357,S15,K,F,a_5,1,Asciminib,5,3550,465856,0.007620381,0.029281288,0.0337574,0.033106449,1.047984173
K357F,357,S15,K,F,a_10,1,Asciminib,10,5081,736805,0.00689599,-0.11482405,0.025420583,0.033106449,0.575001684
K357F,357,S15,K,F,a_50,1,Asciminib,50,2072,364815,0.005679591,-0.394794709,0.000932222,0.033106449,0.098613775
K357F,357,S15,K,F,a_89,1,Asciminib,89,2197,363702,0.00604066,-0.305875652,-0.000979025,0.033106449,0.085935854
K357F,357,S15,K,F,a_128,1,Asciminib,128,1569,237662,0.006601813,-0.177719558,0.000182431,0.033106449,0.093431263
K357F,357,S15,K,F,a_250,1,Asciminib,250,2817,453294,0.00621451,-0.264941164,-0.002477791,0.033106449,0.077145252
K357F,357,S15,K,F,a_363,1,Asciminib,363,2199,412243,0.005334232,-0.485301054,-0.004598486,0.033106449,0.066221156
K357F,357,S15,K,F,a_500,1,Asciminib,500,1238,263369,0.004700629,-0.66772789,-0.008239626,0.033106449,0.050949649
K357F,357,S15,K,F,a_638,1,Asciminib,638,3990,650734,0.006131538,-0.28433285,-0.006351494,0.033106449,0.058368913
K357F,357,S15,K,F,a_750,1,Asciminib,750,5728,906324,0.006320036,-0.240649058,-0.003125275,0.033106449,0.073631371
K357F,357,S15,K,F,a_1151,1,Asciminib,1151,1604,270466,0.005930505,-0.332426766,-0.002853078,0.033106449,0.075088647
K357F,357,S15,K,F,D0,1,D0,,649,86876,0.007470418,0.000607137,,0.033106449,
K357F,357,S15,K,F,D0,1,D0,,649,86876,0.007470418,0.000607137,,0.033106449,
K357F,357,S15,K,F,D0,2,D0,,347,46489,0.007464131,-0.000607392,,0.033106449,
K357F,357,S15,K,F,D0,2,D0,,347,46489,0.007464131,-0.000607392,,0.033106449,
K357F,357,S15,K,F,i_50,1,Imatinib,50,10930,1433607,0.007624126,0.029990152,0.035047143,0.033106449,1.149963259
K357F,357,S15,K,F,i_100,1,Imatinib,100,1064,136108,0.007817322,0.066092622,0.033442022,0.033106449,1.024455529
K357F,357,S15,K,F,i_200,1,Imatinib,200,6978,847842,0.008230307,0.1403645,0.026681461,0.033106449,0.629644988
K357F,357,S15,K,F,i_300,1,Imatinib,300,435,57840,0.007520747,0.010294187,0.016329112,0.033106449,0.298803761
K357F,357,S15,K,F,i_444,1,Imatinib,444,2004,254313,0.007880053,0.077623635,0.007635606,0.033106449,0.159789064
K357F,357,S15,K,F,i_500,1,Imatinib,500,355,44660,0.007948948,0.090182111,0.005333194,0.033106449,0.135379363
K357F,357,S15,K,F,i_579,1,Imatinib,579,876,110676,0.007914995,0.084006704,0.004882039,0.033106449,0.131052471
K357F,357,S15,K,F,i_750,1,Imatinib,750,1749,284854,0.006139988,-0.282346038,-0.003288668,0.033106449,0.072770222
K357F,357,S15,K,F,i_1000,1,Imatinib,1000,2105,311421,0.006759339,-0.143699662,-0.003831789,0.033106449,0.069979488
K357F,357,S15,K,F,i_1250,1,Imatinib,1250,2829,448879,0.006302367,-0.244688089,-0.007224062,0.033106449,0.054814706
K357F,357,S15,K,F,i_2500,1,Imatinib,2500,832,119408,0.006967707,-0.099897725,-0.00952032,0.033106449,0.046461682
K357F,357,S15,K,F,i_5000,1,Imatinib,5000,1558,251745,0.006188802,-0.270921553,-0.013641954,0.033106449,0.034531442
K357F,357,S15,K,F,N,1,None,0,3845,548120,0.007014887,-0.090161841,0.033106449,0.033106449,1
K357G,357,S15,K,G,a_5,1,Asciminib,5,963,465856,0.002067162,0.089876977,0.03439091,0.035613826,0.915715121
K357G,357,S15,K,G,a_10,1,Asciminib,10,1902,736805,0.002581416,0.410387742,0.03091152,0.035613826,0.712791671
K357G,357,S15,K,G,a_50,1,Asciminib,50,1064,364815,0.002916547,0.586486449,0.011191231,0.035613826,0.172315722
K357G,357,S15,K,G,a_89,1,Asciminib,89,700,363702,0.001924653,-0.013176684,0.002081057,0.035613826,0.089424606
K357G,357,S15,K,G,a_128,1,Asciminib,128,570,237662,0.002398364,0.304275925,0.005221554,0.035613826,0.112113487
K357G,357,S15,K,G,a_250,1,Asciminib,250,939,453294,0.002071503,0.092903346,0.001263369,0.035613826,0.084311846
K357G,357,S15,K,G,a_363,1,Asciminib,363,711,412243,0.001724711,-0.171420184,-0.001316953,0.035613826,0.070017078
K357G,357,S15,K,G,a_500,1,Asciminib,500,589,263369,0.002236406,0.203407345,0.000867839,0.035613826,0.081944662
K357G,357,S15,K,G,a_638,1,Asciminib,638,1219,650734,0.001873269,-0.052216461,-0.003924784,0.035613826,0.058030881
K357G,357,S15,K,G,a_750,1,Asciminib,750,1717,906324,0.001894466,-0.035983501,-0.000985556,0.035613826,0.071707814
K357G,357,S15,K,G,a_1151,1,Asciminib,1151,519,270466,0.00191891,-0.017487454,0.000439521,0.035613826,0.07945615
K357G,357,S15,K,G,D0,1,D0,,145,86876,0.001669046,-0.218751431,,0.035613826,
K357G,357,S15,K,G,D0,1,D0,,145,86876,0.001669046,-0.218751431,,0.035613826,
K357G,357,S15,K,G,D0,2,D0,,103,46489,0.002215578,0.189908292,,0.035613826,
K357G,357,S15,K,G,D0,2,D0,,103,46489,0.002215578,0.189908292,,0.035613826,
K357G,357,S15,K,G,i_50,1,Imatinib,50,3073,1433607,0.002143544,0.142223433,0.036220509,0.035613826,1.044649242
K357G,357,S15,K,G,i_100,1,Imatinib,100,300,136108,0.002204132,0.182435887,0.034658357,0.035613826,0.933519159
K357G,357,S15,K,G,i_200,1,Imatinib,200,2256,847842,0.002660873,0.45412498,0.029961735,0.035613826,0.665677099
K357G,357,S15,K,G,i_300,1,Imatinib,300,131,57840,0.002264869,0.221652607,0.018538803,0.035613826,0.29246751
K357G,357,S15,K,G,i_444,1,Imatinib,444,587,254313,0.002308179,0.248980545,0.009427093,0.035613826,0.151761535
K357G,357,S15,K,G,i_500,1,Imatinib,500,90,44660,0.002015226,0.053167003,0.004946212,0.035613826,0.109912768
K357G,357,S15,K,G,i_579,1,Imatinib,579,164,110676,0.001481803,-0.390421341,-7.80E-05,0.035613826,0.076550151
K357G,357,S15,K,G,i_750,1,Imatinib,750,569,284854,0.001997515,0.040431241,8.59E-05,0.035613826,0.07745853
K357G,357,S15,K,G,i_1000,1,Imatinib,1000,686,311421,0.002202806,0.181567597,-0.000431214,0.035613826,0.074627744
K357G,357,S15,K,G,i_1250,1,Imatinib,1250,775,448879,0.001726523,-0.16990504,-0.006442227,0.035613826,0.048410632
K357G,357,S15,K,G,i_2500,1,Imatinib,2500,253,119408,0.002118786,0.125463142,-0.007164238,0.035613826,0.045958309
K357G,357,S15,K,G,i_5000,1,Imatinib,5000,598,251745,0.00237542,0.290407613,-0.007773421,0.035613826,0.04398609
K357G,357,S15,K,G,N,1,None,0,1181,548120,0.002154638,0.149670535,0.035613826,0.035613826,1
K357H,357,S15,K,H,a_5,1,Asciminib,5,1148,465856,0.002464281,0.11124168,0.034614272,0.034681106,0.9951995
K357H,357,S15,K,H,a_10,1,Asciminib,10,2095,736805,0.002843357,0.317670505,0.029942188,0.034681106,0.710915211
K357H,357,S15,K,H,a_50,1,Asciminib,50,722,364815,0.001979085,-0.205091195,0.002915517,0.034681106,0.101558285
K357H,357,S15,K,H,a_89,1,Asciminib,89,630,363702,0.001732187,-0.397330013,-0.001935154,0.034681106,0.071620729
K357H,357,S15,K,H,a_128,1,Asciminib,128,449,237662,0.001889238,-0.272120786,-0.000804506,0.034681106,0.077695023
K357H,357,S15,K,H,a_250,1,Asciminib,250,1061,453294,0.002340644,0.036980703,0.000678714,0.034681106,0.086451458
K357H,357,S15,K,H,a_363,1,Asciminib,363,681,412243,0.001651938,-0.465765181,-0.004394244,0.034681106,0.059999131
K357H,357,S15,K,H,a_500,1,Asciminib,500,567,263369,0.002152873,-0.08366179,-0.002133385,0.034681106,0.070605771
K357H,357,S15,K,H,a_638,1,Asciminib,638,1195,650734,0.001836388,-0.313054204,-0.006651767,0.034681106,0.050998102
K357H,357,S15,K,H,a_750,1,Asciminib,750,2035,906324,0.002245334,-0.022994982,-0.000849765,0.034681106,0.077442255
K357H,357,S15,K,H,a_1151,1,Asciminib,1151,632,270466,0.002336708,0.03455233,0.000983582,0.034681106,0.088370087
K357H,357,S15,K,H,D0,1,D0,,217,86876,0.002497813,0.130740476,,0.034681106,
K357H,357,S15,K,H,D0,1,D0,,217,86876,0.002497813,0.130740476,,0.034681106,
K357H,357,S15,K,H,D0,2,D0,,96,46489,0.002065005,-0.14377997,,0.034681106,
K357H,357,S15,K,H,D0,2,D0,,96,46489,0.002065005,-0.14377997,,0.034681106,
K357H,357,S15,K,H,i_50,1,Imatinib,50,3241,1433607,0.002260731,-0.013135549,0.034596277,0.034681106,0.993910883
K357H,357,S15,K,H,i_100,1,Imatinib,100,351,136108,0.002578834,0.176794181,0.034599375,0.034681106,0.994132617
K357H,357,S15,K,H,i_200,1,Imatinib,200,2109,847842,0.002487492,0.124766772,0.026518391,0.034681106,0.555595106
K357H,357,S15,K,H,i_300,1,Imatinib,300,158,57840,0.002731674,0.259860118,0.018938251,0.034681106,0.321909267
K357H,357,S15,K,H,i_444,1,Imatinib,444,622,254313,0.002445805,0.100384386,0.007873563,0.034681106,0.145127428
K357H,357,S15,K,H,i_500,1,Imatinib,500,108,44660,0.002418271,0.084051173,0.005269097,0.034681106,0.12031227
K357H,357,S15,K,H,i_579,1,Imatinib,579,239,110676,0.002159456,-0.079256773,0.003175167,0.034681106,0.103474755
K357H,357,S15,K,H,i_750,1,Imatinib,750,622,284854,0.002183575,-0.063233067,-0.000997906,0.034681106,0.076620632
K357H,357,S15,K,H,i_1000,1,Imatinib,1000,749,311421,0.002405104,0.076174503,-0.001533068,0.034681106,0.073724466
K357H,357,S15,K,H,i_1250,1,Imatinib,1250,958,448879,0.002134205,-0.096225931,-0.005671933,0.034681106,0.054725865
K357H,357,S15,K,H,i_2500,1,Imatinib,2500,288,119408,0.002411899,0.080244333,-0.007636987,0.034681106,0.047505836
K357H,357,S15,K,H,i_5000,1,Imatinib,5000,576,251745,0.00228803,0.004180704,-0.01076584,0.034681106,0.037923658
K357H,357,S15,K,H,N,1,None,0,1304,548120,0.002379041,0.060455205,0.034681106,0.034681106,1
K357I,357,S15,K,I,a_5,1,Asciminib,5,1263,465856,0.002711138,0.112347444,0.034625832,0.034431501,1.014090236
K357I,357,S15,K,I,a_10,1,Asciminib,10,2119,736805,0.002875931,0.197477616,0.028685606,0.034431501,0.66119638
K357I,357,S15,K,I,a_50,1,Asciminib,50,835,364815,0.002288831,-0.131940067,0.003680291,0.034431501,0.109253206
K357I,357,S15,K,I,a_89,1,Asciminib,89,774,363702,0.002128116,-0.236974508,-0.000258684,0.034431501,0.082274563
K357I,357,S15,K,I,a_128,1,Asciminib,128,489,237662,0.002057544,-0.285627998,-0.00094572,0.034431501,0.078303742
K357I,357,S15,K,I,a_250,1,Asciminib,250,1041,453294,0.002296523,-0.127100117,-0.001036703,0.034431501,0.07779247
K357I,357,S15,K,I,a_363,1,Asciminib,363,971,412243,0.002355407,-0.090574916,-0.000471739,0.034431501,0.081022106
K357I,357,S15,K,I,a_500,1,Asciminib,500,555,263369,0.00210731,-0.251148986,-0.003884415,0.034431501,0.06337119
K357I,357,S15,K,I,a_638,1,Asciminib,638,1212,650734,0.001862512,-0.429301356,-0.007867097,0.034431501,0.047572566
K357I,357,S15,K,I,a_750,1,Asciminib,750,2078,906324,0.002292778,-0.129454355,-0.001962767,0.034431501,0.072774676
K357I,357,S15,K,I,a_1151,1,Asciminib,1151,667,270466,0.002466114,-0.0243117,0.000368176,0.034431501,0.086073009
K357I,357,S15,K,I,D0,1,D0,,219,86876,0.002520834,0.00735007,,0.034431501,
K357I,357,S15,K,I,D0,1,D0,,219,86876,0.002520834,0.00735007,,0.034431501,
K357I,357,S15,K,I,D0,2,D0,,116,46489,0.002495214,-0.007387708,,0.034431501,
K357I,357,S15,K,I,D0,2,D0,,116,46489,0.002495214,-0.007387708,,0.034431501,
K357I,357,S15,K,I,i_50,1,Imatinib,50,3887,1433607,0.002711343,0.112456305,0.035909303,0.034431501,1.112268648
K357I,357,S15,K,I,i_100,1,Imatinib,100,419,136108,0.003078438,0.295647162,0.035841948,0.034431501,1.106887709
K357I,357,S15,K,I,i_200,1,Imatinib,200,3041,847842,0.003586753,0.51612726,0.030609951,0.034431501,0.759457006
K357I,357,S15,K,I,i_300,1,Imatinib,300,190,57840,0.003284924,0.389308746,0.020291599,0.034431501,0.361290505
K357I,357,S15,K,I,i_444,1,Imatinib,444,800,254313,0.00314573,0.326843573,0.010241128,0.034431501,0.175221071
K357I,357,S15,K,I,i_500,1,Imatinib,500,142,44660,0.003179579,0.342284558,0.007968852,0.034431501,0.148776407
K357I,357,S15,K,I,i_579,1,Imatinib,579,321,110676,0.002900358,0.209679673,0.006195914,0.034431501,0.130947045
K357I,357,S15,K,I,i_750,1,Imatinib,750,935,284854,0.003282383,0.388192485,0.003721616,0.034431501,0.109578766
K357I,357,S15,K,I,i_1000,1,Imatinib,1000,791,311421,0.00253997,0.018260247,-0.002138545,0.034431501,0.07185944
K357I,357,S15,K,I,i_1250,1,Imatinib,1250,1047,448879,0.002332477,-0.104688282,-0.005760405,0.034431501,0.055364473
K357I,357,S15,K,I,i_2500,1,Imatinib,2500,333,119408,0.002788758,0.153071466,-0.006875601,0.034431501,0.051092821
K357I,357,S15,K,I,i_5000,1,Imatinib,5000,579,251745,0.002299946,-0.124950992,-0.012115874,0.034431501,0.035034885
K357I,357,S15,K,I,N,1,None,0,1410,548120,0.002572429,0.036580265,0.034431501,0.034431501,1
K357L,357,S15,K,L,a_5,1,Asciminib,5,1153,465856,0.002475014,0.125289185,0.034761135,0.035898352,0.921382861
K357L,357,S15,K,L,a_10,1,Asciminib,10,1872,736805,0.002540699,0.16307833,0.028325972,0.035898352,0.579719249
K357L,357,S15,K,L,a_50,1,Asciminib,50,683,364815,0.001872182,-0.277426819,0.002159269,0.035898352,0.088106063
K357L,357,S15,K,L,a_89,1,Asciminib,89,781,363702,0.002147362,-0.079581659,0.001386812,0.035898352,0.083339652
K357L,357,S15,K,L,a_128,1,Asciminib,128,367,237662,0.00154421,-0.555278533,-0.003764838,0.035898352,0.057512691
K357L,357,S15,K,L,a_250,1,Asciminib,250,990,453294,0.002184013,-0.055165888,-0.000284651,0.035898352,0.073890116
K357L,357,S15,K,L,a_363,1,Asciminib,363,751,412243,0.001821741,-0.316829437,-0.002837164,0.035898352,0.061485302
K357L,357,S15,K,L,a_500,1,Asciminib,500,487,263369,0.001849117,-0.295311118,-0.004346117,0.035898352,0.055155336
K357L,357,S15,K,L,a_638,1,Asciminib,638,1142,650734,0.001754941,-0.370724537,-0.007254693,0.035898352,0.044734098
K357L,357,S15,K,L,a_750,1,Asciminib,750,1609,906324,0.001775303,-0.354081816,-0.004311181,0.035898352,0.055294249
K357L,357,S15,K,L,a_1151,1,Asciminib,1151,474,270466,0.001752531,-0.372707535,-0.003274201,0.035898352,0.059580686
K357L,357,S15,K,L,D0,1,D0,,213,86876,0.00245177,0.111676498,,0.035898352,
K357L,357,S15,K,L,D0,1,D0,,213,86876,0.00245177,0.111676498,,0.035898352,
K357L,357,S15,K,L,D0,2,D0,,97,46489,0.002086515,-0.121051994,,0.035898352,
K357L,357,S15,K,L,D0,2,D0,,97,46489,0.002086515,-0.121051994,,0.035898352,
K357L,357,S15,K,L,i_50,1,Imatinib,50,3406,1433607,0.002375825,0.0662815,0.035426559,0.035898352,0.966601377
K357L,357,S15,K,L,i_100,1,Imatinib,100,315,136108,0.002314339,0.028452614,0.033048507,0.035898352,0.814493506
K357L,357,S15,K,L,i_200,1,Imatinib,200,1819,847842,0.002145447,-0.080869146,0.024368528,0.035898352,0.435985048
K357L,357,S15,K,L,i_300,1,Imatinib,300,132,57840,0.002282158,0.008251124,0.016307753,0.035898352,0.244015597
K357L,357,S15,K,L,i_444,1,Imatinib,444,521,254313,0.002048657,-0.147469187,0.005282326,0.035898352,0.110321788
K357L,357,S15,K,L,i_500,1,Imatinib,500,93,44660,0.0020824,-0.123899883,0.003095029,0.035898352,0.094246724
K357L,357,S15,K,L,i_579,1,Imatinib,579,182,110676,0.00164444,-0.464551306,-0.000852975,0.035898352,0.070927609
K357L,357,S15,K,L,i_750,1,Imatinib,750,597,284854,0.00209581,-0.114639082,-0.001535341,0.035898352,0.067527127
K357L,357,S15,K,L,i_1000,1,Imatinib,1000,578,311421,0.001856008,-0.289944088,-0.005360732,0.035898352,0.051269769
K357L,357,S15,K,L,i_1250,1,Imatinib,1250,925,448879,0.002060689,-0.139020586,-0.006119339,0.035898352,0.048544532
K357L,357,S15,K,L,i_2500,1,Imatinib,2500,240,119408,0.002009916,-0.175012439,-0.010305622,0.035898352,0.035911916
K357L,357,S15,K,L,i_5000,1,Imatinib,5000,463,251745,0.001839163,-0.303098279,-0.013978352,0.035898352,0.027567363
K357L,357,S15,K,L,N,1,None,0,1406,548120,0.002565132,0.176885564,0.035898352,0.035898352,1
K357M,357,S15,K,M,a_5,1,Asciminib,5,1523,465856,0.003269251,-0.127424885,0.032119083,0.031940167,1.012965253
K357M,357,S15,K,M,a_10,1,Asciminib,10,2595,736805,0.003521963,-0.020005065,0.026411888,0.031940167,0.671637802
K357M,357,S15,K,M,a_50,1,Asciminib,50,805,364815,0.002206598,-0.694561113,-0.002201748,0.031940167,0.085587341
K357M,357,S15,K,M,a_89,1,Asciminib,89,754,363702,0.002073126,-0.784577182,-0.00598371,0.031940167,0.065185438
K357M,357,S15,K,M,a_128,1,Asciminib,128,468,237662,0.001969183,-0.858787565,-0.006937936,0.031940167,0.060857304
K357M,357,S15,K,M,a_250,1,Asciminib,250,1062,453294,0.00234285,-0.608120051,-0.006065626,0.031940167,0.064802112
K357M,357,S15,K,M,a_363,1,Asciminib,363,860,412243,0.002086148,-0.775543183,-0.007632883,0.031940167,0.057887166
K357M,357,S15,K,M,a_500,1,Asciminib,500,594,263369,0.002255391,-0.663007458,-0.008190276,0.031940167,0.055610021
K357M,357,S15,K,M,a_638,1,Asciminib,638,1613,650734,0.002478739,-0.526778248,-0.00888619,0.031940167,0.052892292
K357M,357,S15,K,M,a_750,1,Asciminib,750,2316,906324,0.002555378,-0.482848387,-0.005657398,0.031940167,0.066735068
K357M,357,S15,K,M,a_1151,1,Asciminib,1151,646,270466,0.00238847,-0.580297927,-0.005444498,0.031940167,0.067765917
K357M,357,S15,K,M,D0,1,D0,,357,86876,0.004109305,0.202509643,,0.031940167,
K357M,357,S15,K,M,D0,1,D0,,357,86876,0.004109305,0.202509643,,0.031940167,
K357M,357,S15,K,M,D0,2,D0,,141,46489,0.003032976,-0.235650982,,0.031940167,
K357M,357,S15,K,M,D0,2,D0,,141,46489,0.003032976,-0.235650982,,0.031940167,
K357M,357,S15,K,M,i_50,1,Imatinib,50,4617,1433607,0.003220548,-0.149078701,0.033175031,0.031940167,1.092982471
K357M,357,S15,K,M,i_100,1,Imatinib,100,475,136108,0.003489876,-0.0332092,0.032403851,0.031940167,1.033948756
K357M,357,S15,K,M,i_200,1,Imatinib,200,2964,847842,0.003495934,-0.03070674,0.024892961,0.031940167,0.6020596
K357M,357,S15,K,M,i_300,1,Imatinib,300,213,57840,0.003682573,0.044329126,0.016684938,0.031940167,0.333411932
K357M,357,S15,K,M,i_444,1,Imatinib,444,721,254313,0.002835089,-0.332990799,0.003342752,0.031940167,0.127579714
K357M,357,S15,K,M,i_500,1,Imatinib,500,169,44660,0.003784147,0.083583244,0.005264205,0.031940167,0.146508874
K357M,357,S15,K,M,i_579,1,Imatinib,579,408,110676,0.003686436,0.045841897,0.004483037,0.031940167,0.138496069
K357M,357,S15,K,M,i_750,1,Imatinib,750,908,284854,0.003187598,-0.163915214,-0.002050509,0.031940167,0.086524415
K357M,357,S15,K,M,i_1000,1,Imatinib,1000,825,311421,0.002649147,-0.43085696,-0.006833935,0.031940167,0.061314721
K357M,357,S15,K,M,i_1250,1,Imatinib,1250,1342,448879,0.00298967,-0.256398684,-0.007346493,0.031940167,0.059093196
K357M,357,S15,K,M,i_2500,1,Imatinib,2500,329,119408,0.002755259,-0.374196759,-0.012388036,0.031940167,0.041104789
K357M,357,S15,K,M,i_5000,1,Imatinib,5000,688,251745,0.002732924,-0.385939406,-0.014844432,0.031940167,0.034441565
K357M,357,S15,K,M,N,1,None,0,1702,548120,0.003105159,-0.201717492,0.031940167,0.031940167,1
K357N,357,S15,K,N,a_5,1,Asciminib,5,1580,465856,0.003391606,0.250662128,0.036071872,0.033642899,1.19111047
K357N,357,S15,K,N,a_10,1,Asciminib,10,2161,736805,0.002932933,0.041037865,0.027050074,0.033642899,0.622081974
K357N,357,S15,K,N,a_50,1,Asciminib,50,880,364815,0.002412182,-0.240967976,0.002540436,0.033642899,0.106524809
K357N,357,S15,K,N,a_89,1,Asciminib,89,1008,363702,0.0027715,-0.040639576,0.001793941,0.033642899,0.100950494
K357N,357,S15,K,N,a_128,1,Asciminib,128,501,237662,0.002108036,-0.435407095,-0.002511617,0.033642899,0.074041823
K357N,357,S15,K,N,a_250,1,Asciminib,250,1022,453294,0.002254607,-0.338430224,-0.003246097,0.033642899,0.070228029
K357N,357,S15,K,N,a_363,1,Asciminib,363,941,412243,0.002282634,-0.320606724,-0.002876654,0.033642899,0.072121154
K357N,357,S15,K,N,a_500,1,Asciminib,500,464,263369,0.001761787,-0.694267187,-0.008517087,0.033642899,0.048049718
K357N,357,S15,K,N,a_638,1,Asciminib,638,1377,650734,0.002116072,-0.42991773,-0.007873541,0.033642899,0.050328503
K357N,357,S15,K,N,a_750,1,Asciminib,750,1769,906324,0.001951841,-0.546471196,-0.006322556,0.033642899,0.056274555
K357N,357,S15,K,N,a_1151,1,Asciminib,1151,723,270466,0.002673164,-0.092758049,-0.000347411,0.033642899,0.086526691
K357N,357,S15,K,N,D0,1,D0,,215,86876,0.002474792,-0.203999375,,0.033642899,
K357N,357,S15,K,N,D0,1,D0,,215,86876,0.002474792,-0.203999375,,0.033642899,
K357N,357,S15,K,N,D0,2,D0,,150,46489,0.00322657,0.178694752,,0.033642899,
K357N,357,S15,K,N,D0,2,D0,,150,46489,0.00322657,0.178694752,,0.033642899,
K357N,357,S15,K,N,i_50,1,Imatinib,50,4469,1433607,0.003117312,0.128996008,0.036082221,0.033642899,1.191998278
K357N,357,S15,K,N,i_100,1,Imatinib,100,419,136108,0.003078438,0.110891927,0.033910386,0.033642899,1.019445677
K357N,357,S15,K,N,i_200,1,Imatinib,200,2661,847842,0.003138556,0.138794719,0.026665049,0.033642899,0.605073582
K357N,357,S15,K,N,i_300,1,Imatinib,300,166,57840,0.002869986,0.009737334,0.01632329,0.033642899,0.287362198
K357N,357,S15,K,N,i_444,1,Imatinib,444,796,254313,0.003130001,0.134856769,0.008233962,0.033642899,0.160502861
K357N,357,S15,K,N,i_500,1,Imatinib,500,116,44660,0.002597403,-0.134236801,0.00298696,0.033642899,0.110005198
K357N,357,S15,K,N,i_579,1,Imatinib,579,292,110676,0.002638332,-0.11168049,0.002836187,0.033642899,0.108817478
K357N,357,S15,K,N,i_750,1,Imatinib,750,772,284854,0.00271016,-0.072928268,-0.001099267,0.033642899,0.081967212
K357N,357,S15,K,N,i_1000,1,Imatinib,1000,726,311421,0.002331249,-0.290203135,-0.00536344,0.033642899,0.060297995
K357N,357,S15,K,N,i_1250,1,Imatinib,1250,1268,448879,0.002824815,-0.013150214,-0.004803401,0.033642899,0.062779066
K357N,357,S15,K,N,i_2500,1,Imatinib,2500,348,119408,0.002914378,0.03188136,-0.008142608,0.033642899,0.049362882
K357N,357,S15,K,N,i_5000,1,Imatinib,5000,660,251745,0.002621701,-0.12080355,-0.012072514,0.033642899,0.037197647
K357N,357,S15,K,N,N,1,None,0,1521,548120,0.00277494,-0.038849979,0.033642899,0.033642899,1
K357P,357,S15,K,P,a_5,1,Asciminib,5,2782,465856,0.005971802,-0.086215441,0.032549915,0.034532431,0.866978476
K357P,357,S15,K,P,a_10,1,Asciminib,10,4669,736805,0.006336819,-0.000623049,0.026614522,0.034532431,0.565474839
K357P,357,S15,K,P,a_50,1,Asciminib,50,2025,364815,0.005550759,-0.191696928,0.00305555,0.034532431,0.103691471
K357P,357,S15,K,P,a_89,1,Asciminib,89,2171,363702,0.005969173,-0.086850919,0.001310814,0.034532431,0.091450595
K357P,357,S15,K,P,a_128,1,Asciminib,128,1276,237662,0.005368969,-0.239736705,-0.00046594,0.034532431,0.080469045
K357P,357,S15,K,P,a_250,1,Asciminib,250,2579,453294,0.005689464,-0.156089078,-0.001339774,0.034532431,0.075562228
K357P,357,S15,K,P,a_363,1,Asciminib,363,2074,412243,0.005031013,-0.333532888,-0.003011794,0.034532431,0.066991858
K357P,357,S15,K,P,a_500,1,Asciminib,500,1268,263369,0.004814538,-0.396984583,-0.005409084,0.034532431,0.056371641
K357P,357,S15,K,P,a_638,1,Asciminib,638,3452,650734,0.005304779,-0.257089256,-0.00606667,0.034532431,0.053764856
K357P,357,S15,K,P,a_750,1,Asciminib,750,5089,906324,0.00561499,-0.175098483,-0.002439963,0.034532431,0.069807603
K357P,357,S15,K,P,a_1151,1,Asciminib,1151,1662,270466,0.00614495,-0.04498065,0.000152088,0.034532431,0.084130618
K357P,357,S15,K,P,D0,1,D0,,582,86876,0.006699203,0.079607688,,0.034532431,
K357P,357,S15,K,P,D0,1,D0,,582,86876,0.006699203,0.079607688,,0.034532431,
K357P,357,S15,K,P,D0,2,D0,,278,46489,0.005979909,-0.084258296,,0.034532431,
K357P,357,S15,K,P,D0,2,D0,,278,46489,0.005979909,-0.084258296,,0.034532431,
K357P,357,S15,K,P,i_50,1,Imatinib,50,10848,1433607,0.007566927,0.255325711,0.037402961,0.034532431,1.229586757
K357P,357,S15,K,P,i_100,1,Imatinib,100,863,136108,0.006340553,0.000226812,0.032753414,0.034532431,0.879774897
K357P,357,S15,K,P,i_200,1,Imatinib,200,5065,847842,0.00597399,-0.085686953,0.024318159,0.034532431,0.479300468
K357P,357,S15,K,P,i_300,1,Imatinib,300,340,57840,0.005878285,-0.108986592,0.015082066,0.034532431,0.246491874
K357P,357,S15,K,P,i_444,1,Imatinib,444,1765,254313,0.006940267,0.130609186,0.008189554,0.034532431,0.150064945
K357P,357,S15,K,P,i_500,1,Imatinib,500,286,44660,0.006403941,0.01457811,0.004542776,0.034532431,0.115411054
K357P,357,S15,K,P,i_579,1,Imatinib,579,635,110676,0.005737468,-0.143967698,0.002498633,0.034532431,0.099615905
K357P,357,S15,K,P,i_750,1,Imatinib,750,1828,284854,0.006417323,0.017589619,-0.000152929,0.034532431,0.082303151
K357P,357,S15,K,P,i_1000,1,Imatinib,1000,1867,311421,0.0059951,-0.080598091,-0.00317208,0.034532431,0.066223174
K357P,357,S15,K,P,i_1250,1,Imatinib,1250,2849,448879,0.006346922,0.001675232,-0.004648405,0.034532431,0.059545164
K357P,357,S15,K,P,i_2500,1,Imatinib,2500,789,119408,0.006607597,0.059743923,-0.007851313,0.034532431,0.047281813
K357P,357,S15,K,P,i_5000,1,Imatinib,5000,1406,251745,0.005585017,-0.182820316,-0.012720881,0.034532431,0.033298648
K357P,357,S15,K,P,N,1,None,0,3588,548120,0.006546012,0.046234327,0.034532431,0.034532431,1
K357Q,357,S15,K,Q,a_5,1,Asciminib,5,2371,465856,0.005089556,-0.319974019,0.030106038,0.031567038,0.900151661
K357Q,357,S15,K,Q,a_10,1,Asciminib,10,3738,736805,0.005073255,-0.32460189,0.023227417,0.031567038,0.548563257
K357Q,357,S15,K,Q,a_50,1,Asciminib,50,1843,364815,0.005051876,-0.330694586,0.00160237,0.031567038,0.115618875
K357Q,357,S15,K,Q,a_89,1,Asciminib,89,1734,363702,0.004767639,-0.414238568,-0.002111928,0.031567038,0.088488247
K357Q,357,S15,K,Q,a_128,1,Asciminib,128,1126,237662,0.004737821,-0.423290027,-0.002384936,0.031567038,0.086765852
K357Q,357,S15,K,Q,a_250,1,Asciminib,250,2192,453294,0.004835714,-0.393784874,-0.003824814,0.031567038,0.078221297
K357Q,357,S15,K,Q,a_363,1,Asciminib,363,1863,412243,0.004519179,-0.491452929,-0.004662802,0.031567038,0.073641361
K357Q,357,S15,K,Q,a_500,1,Asciminib,500,1228,263369,0.00466266,-0.446360589,-0.005925296,0.031567038,0.06724262
K357Q,357,S15,K,Q,a_638,1,Asciminib,638,3363,650734,0.00516801,-0.297904763,-0.006493384,0.031567038,0.064547728
K357Q,357,S15,K,Q,a_750,1,Asciminib,750,4445,906324,0.004904427,-0.373429077,-0.004513451,0.031567038,0.074437516
K357Q,357,S15,K,Q,a_1151,1,Asciminib,1151,1462,270466,0.005405485,-0.233089541,-0.001814536,0.031567038,0.090403409
K357Q,357,S15,K,Q,D0,1,D0,,590,86876,0.006791289,0.096171668,,0.031567038,
K357Q,357,S15,K,Q,D0,1,D0,,590,86876,0.006791289,0.096171668,,0.031567038,
K357Q,357,S15,K,Q,D0,2,D0,,275,46489,0.005915378,-0.103043381,,0.031567038,
K357Q,357,S15,K,Q,D0,2,D0,,275,46489,0.005915378,-0.103043381,,0.031567038,
K357Q,357,S15,K,Q,i_50,1,Imatinib,50,8321,1433607,0.005804241,-0.13040637,0.033370244,0.031567038,1.138635789
K357Q,357,S15,K,Q,i_100,1,Imatinib,100,770,136108,0.005657272,-0.167407122,0.03100085,0.031567038,0.960054244
K357Q,357,S15,K,Q,i_200,1,Imatinib,200,5246,847842,0.006187474,-0.038163235,0.024815005,0.031567038,0.614991812
K357Q,357,S15,K,Q,i_300,1,Imatinib,300,332,57840,0.005739972,-0.146469918,0.014690189,0.031567038,0.296670525
K357Q,357,S15,K,Q,i_444,1,Imatinib,444,1455,254313,0.005721296,-0.151171666,0.005243618,0.031567038,0.150275314
K357Q,357,S15,K,Q,i_500,1,Imatinib,500,230,44660,0.005150022,-0.302934997,0.001223269,0.031567038,0.112505706
K357Q,357,S15,K,Q,i_579,1,Imatinib,579,572,110676,0.005168239,-0.297840964,0.000889933,0.031567038,0.109837692
K357Q,357,S15,K,Q,i_750,1,Imatinib,750,1596,284854,0.00560287,-0.18134762,-0.002232759,0.031567038,0.087721751
K357Q,357,S15,K,Q,i_1000,1,Imatinib,1000,1616,311421,0.005189117,-0.292024642,-0.005382483,0.031567038,0.06992266
K357Q,357,S15,K,Q,i_1250,1,Imatinib,1250,2520,448879,0.005613985,-0.178488477,-0.006531964,0.031567038,0.064368678
K357Q,357,S15,K,Q,i_2500,1,Imatinib,2500,672,119408,0.005627764,-0.174951965,-0.01030499,0.031567038,0.049056332
K357Q,357,S15,K,Q,i_5000,1,Imatinib,5000,1302,251745,0.0051719,-0.296819283,-0.013912707,0.031567038,0.037834207
K357Q,357,S15,K,Q,N,1,None,0,2954,548120,0.005389331,-0.237407558,0.031567038,0.031567038,1
K357R,357,S15,K,R,a_5,1,Asciminib,5,1244,465856,0.002670353,0.042135809,0.03389179,0.032642841,1.094091538
K357R,357,S15,K,R,a_10,1,Asciminib,10,1592,736805,0.00216068,-0.263409118,0.02386717,0.032642841,0.531608322
K357R,357,S15,K,R,a_50,1,Asciminib,50,836,364815,0.002291572,-0.178556804,0.003192926,0.032642841,0.119984367
K357R,357,S15,K,R,a_89,1,Asciminib,89,790,363702,0.002172108,-0.255798903,-0.000455488,0.032642841,0.092265995
K357R,357,S15,K,R,a_128,1,Asciminib,128,465,237662,0.00195656,-0.406575229,-0.002210188,0.032642841,0.081315546
K357R,357,S15,K,R,a_250,1,Asciminib,250,1037,453294,0.002287698,-0.180997773,-0.001600187,0.032642841,0.08496652
K357R,357,S15,K,R,a_363,1,Asciminib,363,697,412243,0.00169075,-0.617231037,-0.005977775,0.032642841,0.061996066
K357R,357,S15,K,R,a_500,1,Asciminib,500,460,263369,0.001746599,-0.570346378,-0.007221531,0.032642841,0.056685618
K357R,357,S15,K,R,a_638,1,Asciminib,638,1247,650734,0.001916298,-0.436573071,-0.007943121,0.032642841,0.053815744
K357R,357,S15,K,R,a_750,1,Asciminib,750,2240,906324,0.002471522,-0.069494758,-0.001335907,0.032642841,0.086598758
K357R,357,S15,K,R,a_1151,1,Asciminib,1151,530,270466,0.001959581,-0.404349583,-0.00360501,0.032642841,0.073545926
K357R,357,S15,K,R,D0,1,D0,,189,86876,0.002175515,-0.253538047,,0.032642841,
K357R,357,S15,K,R,D0,1,D0,,189,86876,0.002175515,-0.253538047,,0.032642841,
K357R,357,S15,K,R,D0,2,D0,,140,46489,0.003011465,0.215570832,,0.032642841,
K357R,357,S15,K,R,D0,2,D0,,140,46489,0.003011465,0.215570832,,0.032642841,
K357R,357,S15,K,R,i_50,1,Imatinib,50,3705,1433607,0.00258439,-0.005070741,0.034680592,0.032642841,1.158027448
K357R,357,S15,K,R,i_100,1,Imatinib,100,383,136108,0.002813942,0.117697829,0.03398154,0.032642841,1.101184395
K357R,357,S15,K,R,i_200,1,Imatinib,200,2712,847842,0.003198709,0.302595141,0.028377535,0.032642841,0.735575564
K357R,357,S15,K,R,i_300,1,Imatinib,300,159,57840,0.002748963,0.083992611,0.017099608,0.032642841,0.326569409
K357R,357,S15,K,R,i_444,1,Imatinib,444,741,254313,0.002913732,0.167973634,0.008580189,0.032642841,0.176839821
K357R,357,S15,K,R,i_500,1,Imatinib,500,106,44660,0.002373489,-0.127885588,0.00305336,0.032642841,0.118784706
K357R,357,S15,K,R,i_579,1,Imatinib,579,306,110676,0.002764827,0.092294547,0.004968686,0.032642841,0.13634878
K357R,357,S15,K,R,i_750,1,Imatinib,750,741,284854,0.002601333,0.004356181,-0.00029128,0.032642841,0.093363322
K357R,357,S15,K,R,i_1000,1,Imatinib,1000,682,311421,0.002189961,-0.24398919,-0.004880287,0.032642841,0.067093698
K357R,357,S15,K,R,i_1250,1,Imatinib,1250,1147,448879,0.002555254,-0.021427815,-0.004889941,0.032642841,0.067047078
K357R,357,S15,K,R,i_2500,1,Imatinib,2500,344,119408,0.002880879,0.151614372,-0.006890834,0.032642841,0.058051509
K357R,357,S15,K,R,i_5000,1,Imatinib,5000,607,251745,0.00241117,-0.105161305,-0.011908979,0.032642841,0.040448286
K357R,357,S15,K,R,N,1,None,0,1295,548120,0.002362621,-0.134506281,0.032642841,0.032642841,1
K357S,357,S15,K,S,a_5,1,Asciminib,5,2451,465856,0.005261282,0.058616135,0.034064087,0.033511253,1.040606863
K357S,357,S15,K,S,a_10,1,Asciminib,10,3699,736805,0.005020324,-0.009017826,0.026526757,0.033511253,0.604784104
K357S,357,S15,K,S,a_50,1,Asciminib,50,1676,364815,0.004594109,-0.137013176,0.003627253,0.033511253,0.11629235
K357S,357,S15,K,S,a_89,1,Asciminib,89,1752,363702,0.004817131,-0.068624359,0.001501368,0.033511253,0.099787561
K357S,357,S15,K,S,a_128,1,Asciminib,128,990,237662,0.00416558,-0.278281093,-0.00086891,0.033511253,0.084131708
K357S,357,S15,K,S,a_250,1,Asciminib,250,2060,453294,0.004544512,-0.152673003,-0.00130406,0.033511253,0.081536662
K357S,357,S15,K,S,a_363,1,Asciminib,363,1756,412243,0.004259624,-0.246072427,-0.00209742,0.033511253,0.077009656
K357S,357,S15,K,S,a_500,1,Asciminib,500,1055,263369,0.004005787,-0.334712818,-0.004758051,0.033511253,0.063584225
K357S,357,S15,K,S,a_638,1,Asciminib,638,3178,650734,0.004883716,-0.048819085,-0.003889266,0.033511253,0.06768861
K357S,357,S15,K,S,a_750,1,Asciminib,750,3938,906324,0.004345025,-0.217434053,-0.002882569,0.033511253,0.07277701
K357S,357,S15,K,S,a_1151,1,Asciminib,1151,1208,270466,0.004466365,-0.177697066,-0.001235424,0.033511253,0.081940597
K357S,357,S15,K,S,a_2500,1,Asciminib,2500,1,8,0.125,4.628985915,0.047925251,0.033511253,2.823021791
K357S,357,S15,K,S,D0,1,D0,,433,86876,0.004984115,-0.019460929,,0.033511253,
K357S,357,S15,K,S,D0,1,D0,,433,86876,0.004984115,-0.019460929,,0.033511253,
K357S,357,S15,K,S,D0,2,D0,,238,46489,0.005119491,0.019201905,,0.033511253,
K357S,357,S15,K,S,D0,2,D0,,238,46489,0.005119491,0.019201905,,0.033511253,
K357S,357,S15,K,S,i_50,1,Imatinib,50,7594,1433607,0.005297128,0.068412042,0.035448833,0.033511253,1.149705414
K357S,357,S15,K,S,i_100,1,Imatinib,100,734,136108,0.005392776,0.094229827,0.033736188,0.033511253,1.016327206
K357S,357,S15,K,S,i_200,1,Imatinib,200,4095,847842,0.004829909,-0.064802259,0.024536502,0.033511253,0.524042728
K357S,357,S15,K,S,i_300,1,Imatinib,300,289,57840,0.004996542,-0.015868335,0.016055591,0.033511253,0.284560985
K357S,357,S15,K,S,i_444,1,Imatinib,444,1223,254313,0.004809035,-0.071051083,0.006081255,0.033511253,0.138766884
K357S,357,S15,K,S,i_500,1,Imatinib,500,212,44660,0.004746977,-0.089789261,0.003451646,0.033511253,0.114831238
K357S,357,S15,K,S,i_579,1,Imatinib,579,418,110676,0.00377679,-0.419637836,-0.000383418,0.033511253,0.087124575
K357S,357,S15,K,S,i_750,1,Imatinib,750,1281,284854,0.004497041,-0.167822464,-0.002091358,0.033511253,0.077043276
K357S,357,S15,K,S,i_1000,1,Imatinib,1000,1255,311421,0.004029914,-0.326049144,-0.005738199,0.033511253,0.059251714
K357S,357,S15,K,S,i_1250,1,Imatinib,1250,1920,448879,0.004277322,-0.240090568,-0.007175996,0.033511253,0.053424709
K357S,357,S15,K,S,i_2500,1,Imatinib,2500,557,119408,0.004664679,-0.115020539,-0.009678424,0.033511253,0.044616266
K357S,357,S15,K,S,i_5000,1,Imatinib,5000,1166,251745,0.004631671,-0.125265611,-0.012119164,0.033511253,0.037425986
K357S,357,S15,K,S,N,1,None,0,2672,548120,0.004874845,-0.051442044,0.033511253,0.033511253,1
K357T,357,S15,K,T,a_5,1,Asciminib,5,1018,465856,0.002185225,-0.17523852,0.031619205,0.031524287,1.006857527
K357T,357,S15,K,T,a_10,1,Asciminib,10,1757,736805,0.00238462,-0.049260667,0.026106029,0.031524287,0.676979345
K357T,357,S15,K,T,a_50,1,Asciminib,50,467,364815,0.001280101,-0.946762601,-0.004838441,0.031524287,0.072940123
K357T,357,S15,K,T,a_89,1,Asciminib,89,683,363702,0.001877911,-0.393891382,-0.001899204,0.031524287,0.090130979
K357T,357,S15,K,T,a_128,1,Asciminib,128,455,237662,0.001914484,-0.366064804,-0.001786663,0.031524287,0.090864272
K357T,357,S15,K,T,a_250,1,Asciminib,250,792,453294,0.00174721,-0.497966736,-0.004914005,0.031524287,0.072544363
K357T,357,S15,K,T,a_363,1,Asciminib,363,645,412243,0.001564611,-0.657215937,-0.006395806,0.031524287,0.065203205
K357T,357,S15,K,T,a_500,1,Asciminib,500,307,263369,0.001165665,-1.081866988,-0.01256933,0.031524287,0.041804956
K357T,357,S15,K,T,a_638,1,Asciminib,638,1046,650734,0.001607416,-0.61827709,-0.009842783,0.031524287,0.050872691
K357T,357,S15,K,T,a_750,1,Asciminib,750,1174,906324,0.001295343,-0.929686487,-0.01032896,0.031524287,0.049122712
K357T,357,S15,K,T,a_1151,1,Asciminib,1151,499,270466,0.001844964,-0.419427532,-0.003762645,0.031524287,0.078814436
K357T,357,S15,K,T,D0,1,D0,,197,86876,0.0022676,-0.121854056,,0.031524287,
K357T,357,S15,K,T,D0,1,D0,,197,86876,0.0022676,-0.121854056,,0.031524287,
K357T,357,S15,K,T,D0,2,D0,,124,46489,0.002667298,0.112358721,,0.031524287,
K357T,357,S15,K,T,D0,2,D0,,124,46489,0.002667298,0.112358721,,0.031524287,
K357T,357,S15,K,T,i_50,1,Imatinib,50,3461,1433607,0.00241419,-0.031480747,0.034404483,0.031524287,1.230442827
K357T,357,S15,K,T,i_100,1,Imatinib,100,312,136108,0.002292297,-0.106225939,0.031640482,0.031524287,1.008401146
K357T,357,S15,K,T,i_200,1,Imatinib,200,2053,847842,0.002421442,-0.027153815,0.024930106,0.031524287,0.622021249
K357T,357,S15,K,T,i_300,1,Imatinib,300,131,57840,0.002264869,-0.123592747,0.014929363,0.031524287,0.302754062
K357T,357,S15,K,T,i_444,1,Imatinib,444,666,254313,0.00261882,0.085896864,0.0077221,0.031524287,0.180187478
K357T,357,S15,K,T,i_500,1,Imatinib,500,85,44660,0.001903269,-0.374540511,0.000474654,0.031524287,0.106930785
K357T,357,S15,K,T,i_579,1,Imatinib,579,186,110676,0.001680581,-0.554059889,-0.001788761,0.031524287,0.090850549
K357T,357,S15,K,T,i_750,1,Imatinib,750,529,284854,0.001857092,-0.409975044,-0.004622993,0.031524287,0.074080414
K357T,357,S15,K,T,i_1000,1,Imatinib,1000,572,311421,0.001836742,-0.425871187,-0.00678181,0.031524287,0.063416009
K357T,357,S15,K,T,i_1250,1,Imatinib,1250,938,448879,0.00208965,-0.239758783,-0.007172527,0.031524287,0.061656871
K357T,357,S15,K,T,i_2500,1,Imatinib,2500,259,119408,0.002169034,-0.1859675,-0.010420154,0.031524287,0.048801231
K357T,357,S15,K,T,i_5000,1,Imatinib,5000,453,251745,0.00179944,-0.455472176,-0.015571377,0.031524287,0.033678764
K357T,357,S15,K,T,N,1,None,0,1144,548120,0.002087134,-0.241496732,0.031524287,0.031524287,1
K357V,357,S15,K,V,a_5,1,Asciminib,5,1128,465856,0.002421349,-0.117079771,0.032227238,0.034890813,0.825490582
K357V,357,S15,K,V,a_10,1,Asciminib,10,1851,736805,0.002512198,-0.063940721,0.025952554,0.034890813,0.525421401
K357V,357,S15,K,V,a_50,1,Asciminib,50,896,364815,0.002456039,-0.096557177,0.004050209,0.034890813,0.108552265
K357V,357,S15,K,V,a_89,1,Asciminib,89,1022,363702,0.002809993,0.097675573,0.003239985,0.034890813,0.102400916
K357V,357,S15,K,V,a_128,1,Asciminib,128,591,237662,0.002486725,-0.078643977,0.001218238,0.034890813,0.08852897
K357V,357,S15,K,V,a_250,1,Asciminib,250,1219,453294,0.002689204,0.034288296,0.000650566,0.034890813,0.084983532
K357V,357,S15,K,V,a_363,1,Asciminib,363,970,412243,0.002352981,-0.158401108,-0.001180842,0.034890813,0.074484877
K357V,357,S15,K,V,a_500,1,Asciminib,500,728,263369,0.002764183,0.073962049,-0.000485474,0.034890813,0.078309005
K357V,357,S15,K,V,a_638,1,Asciminib,638,1541,650734,0.002368095,-0.149163837,-0.004938341,0.034890813,0.056829536
K357V,357,S15,K,V,a_750,1,Asciminib,750,2240,906324,0.002471522,-0.087490921,-0.001524051,0.034890813,0.072666832
K357V,357,S15,K,V,a_1151,1,Asciminib,1151,799,270466,0.002954161,0.169857398,0.002398157,0.034890813,0.096378586
K357V,357,S15,K,V,D0,1,D0,,204,86876,0.002348174,-0.161351291,,0.034890813,
K357V,357,S15,K,V,D0,1,D0,,204,86876,0.002348174,-0.161351291,,0.034890813,
K357V,357,S15,K,V,D0,2,D0,,135,46489,0.002903913,0.14510725,,0.034890813,
K357V,357,S15,K,V,D0,2,D0,,135,46489,0.002903913,0.14510725,,0.034890813,
K357V,357,S15,K,V,i_50,1,Imatinib,50,4337,1433607,0.003025236,0.204156997,0.036868007,0.034890813,1.152989282
K357V,357,S15,K,V,i_100,1,Imatinib,100,427,136108,0.003137215,0.256593344,0.035433652,0.034890813,1.039858223
K357V,357,S15,K,V,i_200,1,Imatinib,200,2719,847842,0.003206965,0.288317951,0.028228271,0.034890813,0.618967184
K357V,357,S15,K,V,i_300,1,Imatinib,300,202,57840,0.003492393,0.411324976,0.020521772,0.034890813,0.355378826
K357V,357,S15,K,V,i_444,1,Imatinib,444,881,254313,0.003464235,0.399645948,0.011002255,0.034890813,0.179070418
K357V,357,S15,K,V,i_500,1,Imatinib,500,145,44660,0.003246753,0.306106885,0.007590625,0.034890813,0.140069918
K357V,357,S15,K,V,i_579,1,Imatinib,579,312,110676,0.002819039,0.102312761,0.005073424,0.034890813,0.116851423
K357V,357,S15,K,V,i_750,1,Imatinib,750,909,284854,0.003191108,0.28116677,0.002602694,0.034890813,0.097808422
K357V,357,S15,K,V,i_1000,1,Imatinib,1000,802,311421,0.002575292,-0.028154855,-0.002623801,0.034890813,0.067134833
K357V,357,S15,K,V,i_1250,1,Imatinib,1250,1172,448879,0.002610949,-0.008316799,-0.004752869,0.034890813,0.057593527
K357V,357,S15,K,V,i_2500,1,Imatinib,2500,344,119408,0.002880879,0.133618209,-0.007078979,0.034890813,0.048712237
K357V,357,S15,K,V,i_5000,1,Imatinib,5000,700,251745,0.002780591,0.082500938,-0.009947025,0.034890813,0.039623839
K357V,357,S15,K,V,N,1,None,0,1522,548120,0.002776764,0.080513817,0.034890813,0.034890813,1
K357W,357,S15,K,W,a_5,1,Asciminib,5,3716,465856,0.007976714,-0.147827689,0.031905777,0.031438107,1.034245615
K357W,357,S15,K,W,a_10,1,Asciminib,10,5834,736805,0.00791797,-0.158491581,0.024964052,0.031438107,0.627424507
K357W,357,S15,K,W,a_50,1,Asciminib,50,2058,364815,0.005641215,-0.647616183,-0.001710953,0.031438107,0.091929595
K357W,357,S15,K,W,a_89,1,Asciminib,89,2179,363702,0.005991169,-0.560784779,-0.003644026,0.031438107,0.079985209
K357W,357,S15,K,W,a_128,1,Asciminib,128,1548,237662,0.006513452,-0.440199892,-0.002561724,0.031438107,0.0864674
K357W,357,S15,K,W,a_250,1,Asciminib,250,2885,453294,0.006364523,-0.473569862,-0.004658943,0.031438107,0.074348814
K357W,357,S15,K,W,a_363,1,Asciminib,363,2368,412243,0.005744185,-0.621520032,-0.006022615,0.031438107,0.06739584
K357W,357,S15,K,W,a_500,1,Asciminib,500,1349,263369,0.005122091,-0.78688931,-0.009485424,0.031438107,0.05252352
K357W,357,S15,K,W,a_638,1,Asciminib,638,3858,650734,0.00592869,-0.575908907,-0.009399836,0.031438107,0.052848186
K357W,357,S15,K,W,a_750,1,Asciminib,750,5696,906324,0.006284728,-0.491771858,-0.005750691,0.031438107,0.068728357
K357W,357,S15,K,W,a_1151,1,Asciminib,1151,1655,270466,0.006119069,-0.530310145,-0.004921891,0.031438107,0.072954465
K357W,357,S15,K,W,D0,1,D0,,831,86876,0.009565358,0.114196682,,0.031438107,
K357W,357,S15,K,W,D0,1,D0,,831,86876,0.009565358,0.114196682,,0.031438107,
K357W,357,S15,K,W,D0,2,D0,,377,46489,0.008109445,-0.124018986,,0.031438107,
K357W,357,S15,K,W,D0,2,D0,,377,46489,0.008109445,-0.124018986,,0.031438107,
K357W,357,S15,K,W,i_50,1,Imatinib,50,11198,1433607,0.007811067,-0.178102618,0.032871594,0.031438107,1.108725422
K357W,357,S15,K,W,i_100,1,Imatinib,100,1022,136108,0.007508743,-0.235050786,0.030293656,0.031438107,0.920903089
K357W,357,S15,K,W,i_200,1,Imatinib,200,6209,847842,0.007323298,-0.27112862,0.02237942,0.031438107,0.520885299
K357W,357,S15,K,W,i_300,1,Imatinib,300,420,57840,0.007261411,-0.28337234,0.013258914,0.031438107,0.270116522
K357W,357,S15,K,W,i_444,1,Imatinib,444,1928,254313,0.007581209,-0.221194276,0.004511552,0.031438107,0.143889168
K357W,357,S15,K,W,i_500,1,Imatinib,500,330,44660,0.007389163,-0.258211343,0.001690842,0.031438107,0.117442897
K357W,357,S15,K,W,i_579,1,Imatinib,579,911,110676,0.008231234,-0.102513566,0.002932024,0.031438107,0.128421439
K357W,357,S15,K,W,i_750,1,Imatinib,750,1802,284854,0.006326048,-0.48231777,-0.005379315,0.031438107,0.070590879
K357W,357,S15,K,W,i_1000,1,Imatinib,1000,2114,311421,0.006788238,-0.380584972,-0.006308356,0.031438107,0.066023451
K357W,357,S15,K,W,i_1250,1,Imatinib,1250,2793,448879,0.006222167,-0.506205146,-0.009958146,0.031438107,0.05076591
K357W,357,S15,K,W,i_2500,1,Imatinib,2500,829,119408,0.006942583,-0.348149606,-0.012115721,0.031438107,0.043461683
K357W,357,S15,K,W,i_5000,1,Imatinib,5000,1606,251745,0.006379471,-0.470185348,-0.015725199,0.031438107,0.03351514
K357W,357,S15,K,W,N,1,None,0,4074,548120,0.007432679,-0.249739913,0.031438107,0.031438107,1
K357Y,357,S15,K,Y,a_5,1,Asciminib,5,2395,465856,0.005141074,-0.184688002,0.031520413,0.032509569,0.931257739
K357Y,357,S15,K,Y,a_10,1,Asciminib,10,4226,736805,0.005735575,-0.026819667,0.026340644,0.032509569,0.641361111
K357Y,357,S15,K,Y,a_50,1,Asciminib,50,1599,364815,0.004383043,-0.414824694,0.000722815,0.032509569,0.101403637
K357Y,357,S15,K,Y,a_89,1,Asciminib,89,1607,363702,0.004418452,-0.403216513,-0.001996696,0.032509569,0.083371308
K357Y,357,S15,K,Y,a_128,1,Asciminib,128,1173,237662,0.004935581,-0.243537817,-0.000505679,0.032509569,0.09281956
K357Y,357,S15,K,Y,a_250,1,Asciminib,250,2029,453294,0.004476124,-0.384507783,-0.003727825,0.032509569,0.073601318
K357Y,357,S15,K,Y,a_363,1,Asciminib,363,1888,412243,0.004579823,-0.351465815,-0.003199277,0.032509569,0.076456225
K357Y,357,S15,K,Y,a_500,1,Asciminib,500,1003,263369,0.003808345,-0.617593519,-0.007715486,0.032509569,0.055232487
K357Y,357,S15,K,Y,a_638,1,Asciminib,638,2939,650734,0.004516438,-0.371572159,-0.007263555,0.032509569,0.057059258
K357Y,357,S15,K,Y,a_750,1,Asciminib,750,4032,906324,0.00444874,-0.393360833,-0.004721832,0.032509569,0.068517858
K357Y,357,S15,K,Y,a_1151,1,Asciminib,1151,1374,270466,0.005080121,-0.201894825,-0.001488404,0.032509569,0.086478965
K357Y,357,S15,K,Y,D0,1,D0,,535,86876,0.006158202,0.075751629,,0.032509569,
K357Y,357,S15,K,Y,D0,1,D0,,535,86876,0.006158202,0.075751629,,0.032509569,
K357Y,357,S15,K,Y,D0,2,D0,,257,46489,0.005528189,-0.079950617,,0.032509569,
K357Y,357,S15,K,Y,D0,2,D0,,257,46489,0.005528189,-0.079950617,,0.032509569,
K357Y,357,S15,K,Y,i_50,1,Imatinib,50,7574,1433607,0.005283177,-0.145351844,0.033213994,0.032509569,1.052026793
K357Y,357,S15,K,Y,i_100,1,Imatinib,100,755,136108,0.005547066,-0.0750329,0.031966596,0.032509569,0.961660256
K357Y,357,S15,K,Y,i_200,1,Imatinib,200,4857,847842,0.005728662,-0.028559532,0.024915409,0.032509569,0.578810879
K357Y,357,S15,K,Y,i_300,1,Imatinib,300,305,57840,0.005273167,-0.148087893,0.014673274,0.032509569,0.276868322
K357Y,357,S15,K,Y,i_444,1,Imatinib,444,1414,254313,0.005560078,-0.071652675,0.006074966,0.032509569,0.149077133
K357Y,357,S15,K,Y,i_500,1,Imatinib,500,191,44660,0.004276758,-0.450240196,-0.000316764,0.032509569,0.094090711
K357Y,357,S15,K,Y,i_579,1,Imatinib,579,558,110676,0.005041743,-0.212834965,0.001778646,0.032509569,0.109412904
K357Y,357,S15,K,Y,i_750,1,Imatinib,750,1451,284854,0.005093838,-0.198004729,-0.002406905,0.032509569,0.080944941
K357Y,357,S15,K,Y,i_1000,1,Imatinib,1000,1650,311421,0.005298294,-0.141229791,-0.003805967,0.032509569,0.073188382
K357Y,357,S15,K,Y,i_1250,1,Imatinib,1250,2018,448879,0.004495644,-0.378230012,-0.008620204,0.032509569,0.051749339
K357Y,357,S15,K,Y,i_2500,1,Imatinib,2500,622,119408,0.005209031,-0.165742594,-0.010208709,0.032509569,0.046156569
K357Y,357,S15,K,Y,i_5000,1,Imatinib,5000,1169,251745,0.004643588,-0.331517778,-0.01427547,0.032509569,0.034440475
K357Y,357,S15,K,Y,N,1,None,0,2892,548120,0.005276217,-0.147253808,0.032509569,0.032509569,1
N358A,358,S15,N,A,a_5,1,Asciminib,5,1329,465856,0.002852813,0.316807534,0.036763403,0.035939217,1.061137431
N358A,358,S15,N,A,a_10,1,Asciminib,10,1691,736805,0.002295044,0.002944313,0.026651817,0.035939217,0.512377923
N358A,358,S15,N,A,a_50,1,Asciminib,50,662,364815,0.001814618,-0.335911423,0.00154783,0.035939217,0.084063745
N358A,358,S15,N,A,a_89,1,Asciminib,89,850,363702,0.002337078,0.029128392,0.002523344,0.035939217,0.090180429
N358A,358,S15,N,A,a_128,1,Asciminib,128,475,237662,0.001998637,-0.196561325,-1.46E-05,0.035939217,0.075119769
N358A,358,S15,N,A,a_250,1,Asciminib,250,1075,453294,0.002371529,0.050240099,0.000817338,0.035939217,0.079756636
N358A,358,S15,N,A,a_363,1,Asciminib,363,844,412243,0.002047336,-0.161829588,-0.001216686,0.035939217,0.068891325
N358A,358,S15,N,A,a_500,1,Asciminib,500,443,263369,0.001682051,-0.445356434,-0.005914798,0.035939217,0.049119997
N358A,358,S15,N,A,a_638,1,Asciminib,638,1124,650734,0.00172728,-0.407075395,-0.007634731,0.035939217,0.043398766
N358A,358,S15,N,A,a_750,1,Asciminib,750,1852,906324,0.002043419,-0.164592286,-0.002330124,0.035939217,0.063584056
N358A,358,S15,N,A,a_1151,1,Asciminib,1151,590,270466,0.00218142,-0.070309882,-0.000112722,0.035939217,0.074590687
N358A,358,S15,N,A,a_2500,1,Asciminib,2500,1,8,0.125,5.770206694,0.059856382,0.035939217,5.595909328
N358A,358,S15,N,A,D0,1,D0,,198,86876,0.00227911,-0.007106744,,0.035939217,
N358A,358,S15,N,A,D0,1,D0,,198,86876,0.00227911,-0.007106744,,0.035939217,
N358A,358,S15,N,A,D0,2,D0,,107,46489,0.00230162,0.007071908,,0.035939217,
N358A,358,S15,N,A,D0,2,D0,,107,46489,0.00230162,0.007071908,,0.035939217,
N358A,358,S15,N,A,i_50,1,Imatinib,50,3841,1433607,0.002679256,0.226254787,0.037099033,0.035939217,1.087092515
N358A,358,S15,N,A,i_100,1,Imatinib,100,374,136108,0.002747818,0.262708813,0.035497587,0.035939217,0.968702853
N358A,358,S15,N,A,i_200,1,Imatinib,200,2260,847842,0.002665591,0.218877841,0.027502295,0.035939217,0.544733605
N358A,358,S15,N,A,i_300,1,Imatinib,300,139,57840,0.002403181,0.069367835,0.01694671,0.035939217,0.254753078
N358A,358,S15,N,A,i_444,1,Imatinib,444,693,254313,0.002724988,0.25067255,0.009444782,0.035939217,0.148436304
N358A,358,S15,N,A,i_500,1,Imatinib,500,101,44660,0.002261532,-0.018277454,0.004199281,0.035939217,0.101746036
N358A,358,S15,N,A,i_579,1,Imatinib,579,245,110676,0.002213669,-0.04913825,0.003490048,0.035939217,0.096680822
N358A,358,S15,N,A,i_750,1,Imatinib,750,706,284854,0.002478463,0.113867928,0.000853633,0.035939217,0.079965334
N358A,358,S15,N,A,i_1000,1,Imatinib,1000,802,311421,0.002575292,0.169158414,-0.000560949,0.035939217,0.0722219
N358A,358,S15,N,A,i_1250,1,Imatinib,1250,1118,448879,0.002490649,0.120944089,-0.003401484,0.035939217,0.058863712
N358A,358,S15,N,A,i_2500,1,Imatinib,2500,310,119408,0.002596141,0.180791129,-0.0065858,0.035939217,0.046803316
N358A,358,S15,N,A,i_5000,1,Imatinib,5000,667,251745,0.002649506,0.210146046,-0.008612533,0.035939217,0.040448489
N358A,358,S15,N,A,N,1,None,0,1423,548120,0.002596147,0.180794389,0.035939217,0.035939217,1
N358C,358,S15,N,C,a_5,1,Asciminib,5,1817,465856,0.003900347,0.118250384,0.034687546,0.033274306,1.107110281
N358C,358,S15,N,C,a_10,1,Asciminib,10,3053,736805,0.004143566,0.205520777,0.028769695,0.033274306,0.723010177
N358C,358,S15,N,C,a_50,1,Asciminib,50,1136,364815,0.003113907,-0.206626176,0.002899469,0.033274306,0.112254323
N358C,358,S15,N,C,a_89,1,Asciminib,89,862,363702,0.002370072,-0.600421046,-0.004058412,0.033274306,0.068019852
N358C,358,S15,N,C,a_128,1,Asciminib,128,767,237662,0.003227272,-0.155036726,0.000419574,0.033274306,0.093898512
N358C,358,S15,N,C,a_250,1,Asciminib,250,1385,453294,0.003055412,-0.23398505,-0.002154154,0.033274306,0.078015396
N358C,358,S15,N,C,a_363,1,Asciminib,363,1011,412243,0.002452437,-0.55113596,-0.00528677,0.033274306,0.062262403
N358C,358,S15,N,C,a_500,1,Asciminib,500,735,263369,0.002790761,-0.364693348,-0.005071488,0.033274306,0.063235008
N358C,358,S15,N,C,a_638,1,Asciminib,638,1753,650734,0.002693881,-0.415665899,-0.007724542,0.033274306,0.052239463
N358C,358,S15,N,C,a_750,1,Asciminib,750,2705,906324,0.002984584,-0.267822256,-0.003409363,0.033274306,0.071273965
N358C,358,S15,N,C,a_1151,1,Asciminib,1151,922,270466,0.003408931,-0.076032551,-0.000172551,0.033274306,0.089979474
N358C,358,S15,N,C,D0,1,D0,,359,86876,0.004132327,0.201602204,,0.033274306,
N358C,358,S15,N,C,D0,1,D0,,359,86876,0.004132327,0.201602204,,0.033274306,
N358C,358,S15,N,C,D0,2,D0,,142,46489,0.003054486,-0.234422424,,0.033274306,
N358C,358,S15,N,C,D0,2,D0,,142,46489,0.003054486,-0.234422424,,0.033274306,
N358C,358,S15,N,C,i_50,1,Imatinib,50,5598,1433607,0.003904836,0.119909844,0.035987227,0.033274306,1.215712508
N358C,358,S15,N,C,i_100,1,Imatinib,100,509,136108,0.003739677,0.057561734,0.033352834,0.033274306,1.005670039
N358C,358,S15,N,C,i_200,1,Imatinib,200,3202,847842,0.003776647,0.071753911,0.025964157,0.033274306,0.590768693
N358C,358,S15,N,C,i_300,1,Imatinib,300,201,57840,0.003475104,-0.048296012,0.015716569,0.033274306,0.282477299
N358C,358,S15,N,C,i_444,1,Imatinib,444,853,254313,0.003354134,-0.099411526,0.005784755,0.033274306,0.138173149
N358C,358,S15,N,C,i_500,1,Imatinib,500,179,44660,0.004008061,0.157552375,0.006037531,0.033274306,0.140710901
N358C,358,S15,N,C,i_579,1,Imatinib,579,400,110676,0.003614153,0.008305535,0.004090606,0.033274306,0.122306335
N358C,358,S15,N,C,i_750,1,Imatinib,750,862,284854,0.003026112,-0.247886852,-0.002928408,0.033274306,0.073785327
N358C,358,S15,N,C,i_1000,1,Imatinib,1000,1125,311421,0.003612473,0.007634808,-0.002249631,0.033274306,0.077480928
N358C,358,S15,N,C,i_1250,1,Imatinib,1250,1405,448879,0.003130019,-0.199180434,-0.006748292,0.033274306,0.0560435
N358C,358,S15,N,C,i_2500,1,Imatinib,2500,425,119408,0.003559226,-0.013788711,-0.008620075,0.033274306,0.048977442
N358C,358,S15,N,C,i_5000,1,Imatinib,5000,718,251745,0.002852092,-0.333331336,-0.01429443,0.033274306,0.032550941
N358C,358,S15,N,C,N,1,None,0,1871,548120,0.003413486,-0.07410618,0.033274306,0.033274306,1
N358D,358,S15,N,D,a_5,1,Asciminib,5,2418,465856,0.005190445,-0.277793164,0.030547026,0.034144581,0.771804508
N358D,358,S15,N,D,a_10,1,Asciminib,10,3810,736805,0.005170975,-0.283215187,0.023660103,0.034144581,0.470065872
N358D,358,S15,N,D,a_50,1,Asciminib,50,1586,364815,0.004347409,-0.533495612,-0.000517855,0.034144581,0.082439099
N358D,358,S15,N,D,a_89,1,Asciminib,89,1717,363702,0.004720898,-0.414590153,-0.002115604,0.034144581,0.073480638
N358D,358,S15,N,D,a_128,1,Asciminib,128,1079,237662,0.004540061,-0.470939717,-0.0028831,0.034144581,0.069530271
N358D,358,S15,N,D,a_250,1,Asciminib,250,2162,453294,0.004769531,-0.399803876,-0.003887741,0.034144581,0.064678449
N358D,358,S15,N,D,a_363,1,Asciminib,363,1767,412243,0.004286307,-0.55391629,-0.005315838,0.034144581,0.058358503
N358D,358,S15,N,D,a_500,1,Asciminib,500,958,263369,0.003637482,-0.790711315,-0.009525382,0.034144581,0.04309978
N358D,358,S15,N,D,a_638,1,Asciminib,638,2662,650734,0.004090765,-0.621280697,-0.009874185,0.034144581,0.042030859
N358D,358,S15,N,D,a_750,1,Asciminib,750,4259,906324,0.004699202,-0.421235492,-0.005013253,0.034144581,0.059643857
N358D,358,S15,N,D,a_1151,1,Asciminib,1151,1420,270466,0.005250198,-0.26127965,-0.002109255,0.034144581,0.073514233
N358D,358,S15,N,D,D0,1,D0,,600,86876,0.006906395,0.134281488,,0.034144581,
N358D,358,S15,N,D,D0,1,D0,,600,86876,0.006906395,0.134281488,,0.034144581,
N358D,358,S15,N,D,D0,2,D0,,264,46489,0.005678763,-0.148074797,,0.034144581,
N358D,358,S15,N,D,D0,2,D0,,264,46489,0.005678763,-0.148074797,,0.034144581,
N358D,358,S15,N,D,i_50,1,Imatinib,50,8911,1433607,0.00621579,-0.017713674,0.034548414,0.034144581,1.029502742
N358D,358,S15,N,D,i_100,1,Imatinib,100,741,136108,0.005444206,-0.208929752,0.030566743,0.034144581,0.772900975
N358D,358,S15,N,D,i_200,1,Imatinib,200,4113,847842,0.00485114,-0.375327697,0.021290049,0.034144581,0.396322772
N358D,358,S15,N,D,i_300,1,Imatinib,300,303,57840,0.005238589,-0.264473092,0.0134565,0.034144581,0.225475935
N358D,358,S15,N,D,i_444,1,Imatinib,444,1315,254313,0.005170793,-0.283265746,0.003862613,0.034144581,0.113007425
N358D,358,S15,N,D,i_500,1,Imatinib,500,198,44660,0.004433498,-0.505206154,-0.000891417,0.034144581,0.080251336
N358D,358,S15,N,D,i_579,1,Imatinib,579,452,110676,0.004083993,-0.623671065,-0.002516526,0.034144581,0.07138984
N358D,358,S15,N,D,i_750,1,Imatinib,750,1525,284854,0.00535362,-0.233136756,-0.0027742,0.034144581,0.070077588
N358D,358,S15,N,D,i_1000,1,Imatinib,1000,1638,311421,0.005259761,-0.258654209,-0.005033605,0.034144581,0.059556524
N358D,358,S15,N,D,i_1250,1,Imatinib,1250,2413,448879,0.005375613,-0.227222022,-0.007041459,0.034144581,0.051540111
N358D,358,S15,N,D,i_2500,1,Imatinib,2500,661,119408,0.005535643,-0.184900653,-0.010409001,0.034144581,0.040443153
N358D,358,S15,N,D,i_5000,1,Imatinib,5000,1292,251745,0.005132177,-0.294080388,-0.013884073,0.034144581,0.031490697
N358D,358,S15,N,D,N,1,None,0,3471,548120,0.006332555,0.009136254,0.034144581,0.034144581,1
N358E,358,S15,N,E,a_5,1,Asciminib,5,3590,465856,0.007706244,-0.190105568,0.031463774,0.033106658,0.888440462
N358E,358,S15,N,E,a_10,1,Asciminib,10,4547,736805,0.006171239,-0.510573185,0.021283142,0.033106658,0.426862554
N358E,358,S15,N,E,a_50,1,Asciminib,50,2063,364815,0.005654921,-0.636626566,-0.001596059,0.033106658,0.082200354
N358E,358,S15,N,E,a_89,1,Asciminib,89,2512,363702,0.006906753,-0.348125733,-0.001420738,0.033106658,0.083244559
N358E,358,S15,N,E,a_128,1,Asciminib,128,1619,237662,0.006812195,-0.3680136,-0.001807037,0.033106658,0.080961132
N358E,358,S15,N,E,a_250,1,Asciminib,250,3226,453294,0.007116794,-0.304905965,-0.002895611,0.033106658,0.074857918
N358E,358,S15,N,E,a_363,1,Asciminib,363,2713,412243,0.00658107,-0.417811287,-0.0038929,0.033106658,0.069671204
N358E,358,S15,N,E,a_500,1,Asciminib,500,1563,263369,0.005934639,-0.566973102,-0.007186264,0.033106658,0.054963254
N358E,358,S15,N,E,a_638,1,Asciminib,638,4477,650734,0.006879923,-0.353740954,-0.007077135,0.033106658,0.055396818
N358E,358,S15,N,E,a_750,1,Asciminib,750,6235,906324,0.006879438,-0.353842667,-0.004308681,0.033106658,0.067616419
N358E,358,S15,N,E,a_1151,1,Asciminib,1151,1854,270466,0.006854836,-0.35901134,-0.003131012,0.033106658,0.073599855
N358E,358,S15,N,E,D0,1,D0,,838,86876,0.009645932,0.133787227,,0.033106658,
N358E,358,S15,N,E,D0,1,D0,,838,86876,0.009645932,0.133787227,,0.033106658,
N358E,358,S15,N,E,D0,2,D0,,369,46489,0.007937362,-0.147473915,,0.033106658,
N358E,358,S15,N,E,D0,2,D0,,369,46489,0.007937362,-0.147473915,,0.033106658,
N358E,358,S15,N,E,i_50,1,Imatinib,50,11291,1433607,0.007875938,-0.158681659,0.033074634,0.033106658,0.997696936
N358E,358,S15,N,E,i_100,1,Imatinib,100,933,136108,0.006854851,-0.359008218,0.028997717,0.033106658,0.743903625
N358E,358,S15,N,E,i_200,1,Imatinib,200,5025,847842,0.005926812,-0.568877177,0.019266546,0.033106658,0.369173671
N358E,358,S15,N,E,i_300,1,Imatinib,300,395,57840,0.006829184,-0.364420237,0.012411582,0.033106658,0.225362404
N358E,358,S15,N,E,i_444,1,Imatinib,444,2025,254313,0.007962629,-0.142888642,0.005330214,0.033106658,0.135348282
N358E,358,S15,N,E,i_500,1,Imatinib,500,361,44660,0.008083296,-0.121189752,0.003123363,0.033106658,0.115463909
N358E,358,S15,N,E,i_579,1,Imatinib,579,730,110676,0.006595829,-0.414579378,-0.000330533,0.033106658,0.090042115
N358E,358,S15,N,E,i_750,1,Imatinib,750,2124,284854,0.007456451,-0.237644237,-0.002821324,0.033106658,0.07525938
N358E,358,S15,N,E,i_1000,1,Imatinib,1000,2402,311421,0.007713032,-0.18883542,-0.00430367,0.033106658,0.06764082
N358E,358,S15,N,E,i_1250,1,Imatinib,1250,3459,448879,0.007705863,-0.190176928,-0.006654163,0.033106658,0.057109822
N358E,358,S15,N,E,i_2500,1,Imatinib,2500,1073,119408,0.008985998,0.031545242,-0.008146122,0.033106658,0.051293042
N358E,358,S15,N,E,i_5000,1,Imatinib,5000,1890,251745,0.007507597,-0.227782228,-0.013190945,0.033106658,0.035670636
N358E,358,S15,N,E,N,1,None,0,4527,548120,0.00825914,-0.090141809,0.033106658,0.033106658,1
N358F,358,S15,N,F,a_5,1,Asciminib,5,2148,465856,0.004610867,0.074375667,0.034228849,0.033990394,1.017316971
N358F,358,S15,N,F,a_10,1,Asciminib,10,3442,736805,0.004671521,0.093229994,0.027595728,0.033990394,0.631021116
N358F,358,S15,N,F,a_50,1,Asciminib,50,1690,364815,0.004632485,0.081123945,0.005907813,0.033990394,0.132397593
N358F,358,S15,N,F,a_89,1,Asciminib,89,1162,363702,0.003194923,-0.454881042,-0.002536833,0.033990394,0.07208132
N358F,358,S15,N,F,a_128,1,Asciminib,128,971,237662,0.004085634,-0.100102299,0.000993897,0.033990394,0.092944962
N358F,358,S15,N,F,a_250,1,Asciminib,250,1848,453294,0.004076824,-0.10321656,-0.000787007,0.033990394,0.081759533
N358F,358,S15,N,F,a_363,1,Asciminib,363,1320,412243,0.003201995,-0.451691319,-0.004247106,0.033990394,0.063729994
N358F,358,S15,N,F,a_500,1,Asciminib,500,735,263369,0.002790761,-0.650003639,-0.008054324,0.033990394,0.048450156
N358F,358,S15,N,F,a_638,1,Asciminib,638,2176,650734,0.003343916,-0.38912363,-0.007447051,0.033990394,0.050615572
N358F,358,S15,N,F,a_750,1,Asciminib,750,3626,906324,0.004000777,-0.130382216,-0.001972467,0.033990394,0.075070621
N358F,358,S15,N,F,a_1151,1,Asciminib,1151,1190,270466,0.004399814,0.006780076,0.000693231,0.033990394,0.090954516
N358F,358,S15,N,F,D0,1,D0,,318,86876,0.00366039,-0.258665166,,0.033990394,
N358F,358,S15,N,F,D0,1,D0,,318,86876,0.00366039,-0.258665166,,0.033990394,
N358F,358,S15,N,F,D0,2,D0,,237,46489,0.00509798,0.219263414,,0.033990394,
N358F,358,S15,N,F,D0,2,D0,,237,46489,0.00509798,0.219263414,,0.033990394,
N358F,358,S15,N,F,i_50,1,Imatinib,50,7003,1433607,0.004884881,0.157661154,0.036381906,0.033990394,1.187902204
N358F,358,S15,N,F,i_100,1,Imatinib,100,615,136108,0.004518471,0.045172197,0.033223305,0.033990394,0.946267122
N358F,358,S15,N,F,i_200,1,Imatinib,200,3527,847842,0.004159973,-0.074088112,0.024439421,0.033990394,0.502746094
N358F,358,S15,N,F,i_300,1,Imatinib,300,253,57840,0.004374136,-0.001664419,0.016204088,0.033990394,0.277866641
N358F,358,S15,N,F,i_444,1,Imatinib,444,1116,254313,0.004388293,0.002997564,0.006855412,0.033990394,0.141745982
N358F,358,S15,N,F,i_500,1,Imatinib,500,179,44660,0.004008061,-0.127757916,0.003054695,0.033990394,0.107811565
N358F,358,S15,N,F,i_579,1,Imatinib,579,533,110676,0.004815859,0.137130777,0.005437436,0.033990394,0.127988742
N358F,358,S15,N,F,i_750,1,Imatinib,750,1096,284854,0.003847585,-0.186709119,-0.002288812,0.033990394,0.073380074
N358F,358,S15,N,F,i_1000,1,Imatinib,1000,1391,311421,0.004466622,0.028521935,-0.002031262,0.033990394,0.074753501
N358F,358,S15,N,F,i_1250,1,Imatinib,1250,1961,448879,0.004368661,-0.00347132,-0.004702211,0.033990394,0.061675561
N358F,358,S15,N,F,i_2500,1,Imatinib,2500,504,119408,0.004220823,-0.053138109,-0.009031462,0.033990394,0.045158643
N358F,358,S15,N,F,i_5000,1,Imatinib,5000,1177,251745,0.004675366,0.094416944,-0.009822447,0.033990394,0.04265868
N358F,358,S15,N,F,N,1,None,0,2391,548120,0.004362183,-0.005611899,0.033990394,0.033990394,1
N358G,358,S15,N,G,a_5,1,Asciminib,5,3910,465856,0.008393152,0.262017773,0.036190592,0.034538705,1.126297695
N358G,358,S15,N,G,a_10,1,Asciminib,10,5953,736805,0.008079478,0.207067283,0.028785864,0.034538705,0.660865736
N358G,358,S15,N,G,a_50,1,Asciminib,50,2415,364815,0.006619794,-0.08040862,0.004219037,0.034538705,0.112701102
N358G,358,S15,N,G,a_89,1,Asciminib,89,2219,363702,0.006101149,-0.198113952,0.000147592,0.034538705,0.084065406
N358G,358,S15,N,G,a_128,1,Asciminib,128,1439,237662,0.006054817,-0.209111416,-0.000145761,0.034538705,0.082308444
N358G,358,S15,N,G,a_250,1,Asciminib,250,2750,453294,0.006066703,-0.206282206,-0.001864528,0.034538705,0.072727711
N358G,358,S15,N,G,a_363,1,Asciminib,363,2106,412243,0.005108637,-0.45425632,-0.004273922,0.034538705,0.06114488
N358G,358,S15,N,G,a_500,1,Asciminib,500,1378,263369,0.005232203,-0.419776414,-0.005647366,0.034538705,0.055387735
N358G,358,S15,N,G,a_638,1,Asciminib,638,4292,650734,0.006595629,-0.085684618,-0.004274684,0.034538705,0.061141525
N358G,358,S15,N,G,a_750,1,Asciminib,750,5406,906324,0.005964754,-0.230732137,-0.003021596,0.034538705,0.066914359
N358G,358,S15,N,G,a_1151,1,Asciminib,1151,1957,270466,0.00723566,0.04792975,0.001123439,0.034538705,0.09018437
N358G,358,S15,N,G,D0,1,D0,,620,86876,0.007136608,0.028043776,,0.034538705,
N358G,358,S15,N,G,D0,1,D0,,620,86876,0.007136608,0.028043776,,0.034538705,
N358G,358,S15,N,G,D0,2,D0,,319,46489,0.006861838,-0.028599729,,0.034538705,
N358G,358,S15,N,G,D0,2,D0,,319,46489,0.006861838,-0.028599729,,0.034538705,
N358G,358,S15,N,G,i_50,1,Imatinib,50,10395,1433607,0.007250941,0.050973411,0.035266517,0.034538705,1.053799783
N358G,358,S15,N,G,i_100,1,Imatinib,100,1021,136108,0.007501396,0.09996424,0.03379614,0.034538705,0.947939431
N358G,358,S15,N,G,i_200,1,Imatinib,200,5723,847842,0.006750078,-0.052290589,0.024667308,0.034538705,0.491280235
N358G,358,S15,N,G,i_300,1,Imatinib,300,425,57840,0.007347856,0.070128529,0.016954663,0.034538705,0.281942809
N358G,358,S15,N,G,i_444,1,Imatinib,444,1912,254313,0.007518294,0.103210552,0.00790311,0.034538705,0.146935311
N358G,358,S15,N,G,i_500,1,Imatinib,500,316,44660,0.007075683,0.015674547,0.004554239,0.034538705,0.11545418
N358G,358,S15,N,G,i_579,1,Imatinib,579,751,110676,0.006785572,-0.044724356,0.003536194,0.034538705,0.107294185
N358G,358,S15,N,G,i_750,1,Imatinib,750,1843,284854,0.006469981,-0.113433354,-0.001522736,0.034538705,0.074539677
N358G,358,S15,N,G,i_1000,1,Imatinib,1000,1990,311421,0.006390064,-0.131364562,-0.003702829,0.034538705,0.063711485
N358G,358,S15,N,G,i_1250,1,Imatinib,1250,3204,448879,0.007137781,0.028280784,-0.004370252,0.034538705,0.060722263
N358G,358,S15,N,G,i_2500,1,Imatinib,2500,938,119408,0.00785542,0.166493572,-0.006735276,0.034538705,0.051214804
N358G,358,S15,N,G,i_5000,1,Imatinib,5000,1599,251745,0.006351665,-0.140059946,-0.012273834,0.034538705,0.03437235
N358G,358,S15,N,G,N,1,None,0,3963,548120,0.007230169,0.04683443,0.034538705,0.034538705,1
N358H,358,S15,N,H,a_5,1,Asciminib,5,1289,465856,0.002766949,-0.041917889,0.033013033,0.032881186,1.009538193
N358H,358,S15,N,H,a_10,1,Asciminib,10,1871,736805,0.002539342,-0.165759371,0.024888069,0.032881186,0.562421109
N358H,358,S15,N,H,a_50,1,Asciminib,50,972,364815,0.002664364,-0.096422909,0.004051612,0.032881186,0.125464891
N358H,358,S15,N,H,a_89,1,Asciminib,89,1061,363702,0.002917223,0.034381719,0.002578266,0.032881186,0.112837084
N358H,358,S15,N,H,a_128,1,Asciminib,128,611,237662,0.002570878,-0.147953041,0.000493632,0.032881186,0.097110678
N358H,358,S15,N,H,a_250,1,Asciminib,250,1061,453294,0.002340644,-0.283308487,-0.002669816,0.032881186,0.07733009
N358H,358,S15,N,H,a_363,1,Asciminib,363,913,412243,0.002214713,-0.363094309,-0.00332085,0.032881186,0.073788927
N358H,358,S15,N,H,a_500,1,Asciminib,500,518,263369,0.001966822,-0.534347617,-0.006845174,0.032881186,0.057251699
N358H,358,S15,N,H,a_638,1,Asciminib,638,1530,650734,0.002351191,-0.27682236,-0.006272974,0.032881186,0.059659642
N358H,358,S15,N,H,a_750,1,Asciminib,750,1818,906324,0.002005905,-0.505960767,-0.005899032,0.032881186,0.061287726
N358H,358,S15,N,H,a_1151,1,Asciminib,1151,737,270466,0.002724927,-0.063996799,-4.67E-05,0.032881186,0.093405104
N358H,358,S15,N,H,D0,1,D0,,252,86876,0.002900686,0.026179977,,0.032881186,
N358H,358,S15,N,H,D0,1,D0,,252,86876,0.002900686,0.026179977,,0.032881186,
N358H,358,S15,N,H,D0,2,D0,,130,46489,0.00279636,-0.026663848,,0.032881186,
N358H,358,S15,N,H,D0,2,D0,,130,46489,0.00279636,-0.026663848,,0.032881186,
N358H,358,S15,N,H,i_50,1,Imatinib,50,4083,1433607,0.002848061,-0.000234192,0.034731156,0.032881186,1.142476023
N358H,358,S15,N,H,i_100,1,Imatinib,100,301,136108,0.002211479,-0.365202552,0.028932957,0.032881186,0.75256153
N358H,358,S15,N,H,i_200,1,Imatinib,200,2056,847842,0.00242498,-0.232241249,0.022785976,0.032881186,0.483426927
N358H,358,S15,N,H,i_300,1,Imatinib,300,124,57840,0.002143845,-0.41001351,0.011934918,0.032881186,0.221323171
N358H,358,S15,N,H,i_444,1,Imatinib,444,667,254313,0.002622752,-0.119132623,0.005578577,0.032881186,0.140045503
N358H,358,S15,N,H,i_500,1,Imatinib,500,117,44660,0.002619794,-0.120760799,0.003127847,0.032881186,0.117391545
N358H,358,S15,N,H,i_579,1,Imatinib,579,180,110676,0.001626369,-0.808559675,-0.004449482,0.032881186,0.068029889
N358H,358,S15,N,H,i_750,1,Imatinib,750,694,284854,0.002436336,-0.225501175,-0.002694372,0.032881186,0.077193487
N358H,358,S15,N,H,i_1000,1,Imatinib,1000,766,311421,0.002459693,-0.211736013,-0.004543089,0.032881186,0.06757293
N358H,358,S15,N,H,i_1250,1,Imatinib,1250,956,448879,0.00212975,-0.419530158,-0.009051985,0.032881186,0.048840846
N358H,358,S15,N,H,i_2500,1,Imatinib,2500,316,119408,0.002646389,-0.106189111,-0.009586094,0.032881186,0.046998283
N358H,358,S15,N,H,i_5000,1,Imatinib,5000,604,251745,0.002399253,-0.247628748,-0.013398435,0.032881186,0.03571685
N358H,358,S15,N,H,N,1,None,0,1445,548120,0.002636284,-0.111708362,0.032881186,0.032881186,1
N358I,358,S15,N,I,a_5,1,Asciminib,5,5075,465856,0.010893924,-0.189435281,0.031470782,0.034110879,0.826887185
N358I,358,S15,N,I,a_10,1,Asciminib,10,7181,736805,0.009746134,-0.350057118,0.02296129,0.034110879,0.44808586
N358I,358,S15,N,I,a_50,1,Asciminib,50,3171,364815,0.008692077,-0.515186201,-0.000326436,0.034110879,0.083786223
N358I,358,S15,N,I,a_89,1,Asciminib,89,3491,363702,0.009598517,-0.372075531,-0.001671126,0.034110879,0.076054555
N358I,358,S15,N,I,a_128,1,Asciminib,128,2299,237662,0.009673402,-0.360863811,-0.001732289,0.034110879,0.075720369
N358I,358,S15,N,I,a_250,1,Asciminib,250,4974,453294,0.010973011,-0.178999587,-0.001579297,0.034110879,0.076559071
N358I,358,S15,N,I,a_363,1,Asciminib,363,3591,412243,0.008710882,-0.512068373,-0.00487833,0.034110879,0.060372409
N358I,358,S15,N,I,a_500,1,Asciminib,500,2435,263369,0.009245583,-0.426122799,-0.005713715,0.034110879,0.056848194
N358I,358,S15,N,I,a_638,1,Asciminib,638,5926,650734,0.00910664,-0.447968337,-0.008062255,0.034110879,0.048004253
N358I,358,S15,N,I,a_750,1,Asciminib,750,8382,906324,0.009248348,-0.425691396,-0.005059839,0.034110879,0.059588559
N358I,358,S15,N,I,a_1151,1,Asciminib,1151,2758,270466,0.010197215,-0.284783818,-0.002354984,0.034110879,0.072400491
N358I,358,S15,N,I,D0,1,D0,,983,86876,0.011314978,-0.134725292,,0.034110879,
N358I,358,S15,N,I,D0,1,D0,,983,86876,0.011314978,-0.134725292,,0.034110879,
N358I,358,S15,N,I,D0,2,D0,,629,46489,0.013530082,0.123211595,,0.034110879,
N358I,358,S15,N,I,D0,2,D0,,629,46489,0.013530082,0.123211595,,0.034110879,
N358I,358,S15,N,I,i_50,1,Imatinib,50,19033,1433607,0.013276302,0.095894363,0.035736153,0.034110879,1.124141541
N358I,358,S15,N,I,i_100,1,Imatinib,100,1583,136108,0.01163047,-0.09504964,0.031757327,0.034110879,0.844124078
N358I,358,S15,N,I,i_200,1,Imatinib,200,9513,847842,0.011220251,-0.146854087,0.023678674,0.034110879,0.471838383
N358I,358,S15,N,I,i_300,1,Imatinib,300,677,57840,0.011704703,-0.085870748,0.015323736,0.034110879,0.258547892
N358I,358,S15,N,I,i_444,1,Imatinib,444,2925,254313,0.011501575,-0.111127616,0.005662267,0.034110879,0.128953925
N358I,358,S15,N,I,i_500,1,Imatinib,500,512,44660,0.011464398,-0.11579847,0.003179727,0.034110879,0.107846867
N358I,358,S15,N,I,i_579,1,Imatinib,579,1115,110676,0.010074452,-0.302257728,0.000843757,0.034110879,0.091151457
N358I,358,S15,N,I,i_750,1,Imatinib,750,3048,284854,0.010700218,-0.215318791,-0.002587918,0.034110879,0.071196372
N358I,358,S15,N,I,i_1000,1,Imatinib,1000,3272,311421,0.010506677,-0.241652514,-0.004855857,0.034110879,0.060470174
N358I,358,S15,N,I,i_1250,1,Imatinib,1250,5361,448879,0.011943085,-0.056783498,-0.005259574,0.034110879,0.058737751
N358I,358,S15,N,I,i_2500,1,Imatinib,2500,1422,119408,0.01190875,-0.060937061,-0.009112997,0.034110879,0.044506541
N358I,358,S15,N,I,i_5000,1,Imatinib,5000,2566,251745,0.010192854,-0.285400983,-0.013793332,0.034110879,0.031774117
N358I,358,S15,N,I,N,1,None,0,6837,548120,0.012473546,0.005912619,0.034110879,0.034110879,1
N358K,358,S15,N,K,a_5,1,Asciminib,5,951,465856,0.002041403,0.256646693,0.036134439,0.037340747,0.916810757
N358K,358,S15,N,K,a_10,1,Asciminib,10,1904,736805,0.00258413,0.596764149,0.032860031,0.037340747,0.724255099
N358K,358,S15,N,K,a_50,1,Asciminib,50,712,364815,0.001951674,0.191797618,0.007064874,0.037340747,0.113057032
N358K,358,S15,N,K,a_89,1,Asciminib,89,750,363702,0.002062128,0.271219163,0.005054333,0.037340747,0.097820428
N358K,358,S15,N,K,a_128,1,Asciminib,128,399,237662,0.001678855,-0.025437075,0.0017745,0.037340747,0.077245255
N358K,358,S15,N,K,a_250,1,Asciminib,250,672,453294,0.001482482,-0.204900405,-0.001850082,0.037340747,0.059502335
N358K,358,S15,N,K,a_363,1,Asciminib,363,665,412243,0.001613126,-0.083055229,-0.000393123,0.037340747,0.066083337
N358K,358,S15,N,K,a_500,1,Asciminib,500,452,263369,0.001716223,0.006322657,-0.001192624,0.037340747,0.062386726
N358K,358,S15,N,K,a_638,1,Asciminib,638,1017,650734,0.001562851,-0.128734734,-0.004724761,0.037340747,0.048377688
N358K,358,S15,N,K,a_750,1,Asciminib,750,1469,906324,0.001620833,-0.076178971,-0.001405788,0.037340747,0.061436537
N358K,358,S15,N,K,a_1151,1,Asciminib,1151,520,270466,0.001922608,0.170149804,0.002401214,0.037340747,0.080810659
N358K,358,S15,N,K,D0,1,D0,,153,86876,0.001761131,0.043587495,,0.037340747,
N358K,358,S15,N,K,D0,1,D0,,153,86876,0.001761131,0.043587495,,0.037340747,
N358K,358,S15,N,K,D0,2,D0,,77,46489,0.001656306,-0.044945521,,0.037340747,
N358K,358,S15,N,K,D0,2,D0,,77,46489,0.001656306,-0.044945521,,0.037340747,
N358K,358,S15,N,K,i_50,1,Imatinib,50,3143,1433607,0.002192372,0.359578112,0.038492889,0.037340747,1.086492063
N358K,358,S15,N,K,i_100,1,Imatinib,100,326,136108,0.002395157,0.487205525,0.037844635,0.037340747,1.036946046
N358K,358,S15,N,K,i_200,1,Imatinib,200,2189,847842,0.002581849,0.59549004,0.031439666,0.037340747,0.653849634
N358K,358,S15,N,K,i_300,1,Imatinib,300,117,57840,0.002022822,0.243454499,0.018766735,0.037340747,0.262546028
N358K,358,S15,N,K,i_444,1,Imatinib,444,578,254313,0.00227279,0.411549708,0.011126706,0.037340747,0.151463441
N358K,358,S15,N,K,i_500,1,Imatinib,500,97,44660,0.002171966,0.346086923,0.008008604,0.037340747,0.121006102
N358K,358,S15,N,K,i_579,1,Imatinib,579,155,110676,0.001400484,-0.286988767,0.00100339,0.037340747,0.073073481
N358K,358,S15,N,K,i_750,1,Imatinib,750,519,284854,0.001821986,0.0925973,0.000631255,0.037340747,0.071141569
N358K,358,S15,N,K,i_1000,1,Imatinib,1000,547,311421,0.001756465,0.039760027,-0.001913771,0.037340747,0.059230105
N358K,358,S15,N,K,i_1250,1,Imatinib,1250,838,448879,0.001866873,0.127709067,-0.003330758,0.037340747,0.053485302
N358K,358,S15,N,K,i_2500,1,Imatinib,2500,251,119408,0.002102037,0.298873295,-0.005351285,0.037340747,0.046243872
N358K,358,S15,N,K,i_5000,1,Imatinib,5000,448,251745,0.001779579,0.058621034,-0.010196682,0.037340747,0.032624396
N358K,358,S15,N,K,N,1,None,0,1165,548120,0.002125447,0.314851699,0.037340747,0.037340747,1
N358L,358,S15,N,L,a_5,1,Asciminib,5,2042,465856,0.004383329,-0.290555317,0.030413601,0.031640976,0.915421201
N358L,358,S15,N,L,a_10,1,Asciminib,10,3272,736805,0.004440795,-0.271764212,0.02377982,0.031640976,0.567790212
N358L,358,S15,N,L,a_50,1,Asciminib,50,1350,364815,0.003700506,-0.534859751,-0.000532117,0.031640976,0.098621822
N358L,358,S15,N,L,a_89,1,Asciminib,89,1424,363702,0.003915293,-0.453461821,-0.002521996,0.031640976,0.08545768
N358L,358,S15,N,L,a_128,1,Asciminib,128,983,237662,0.004136126,-0.374302034,-0.001872781,0.031640976,0.089547099
N358L,358,S15,N,L,a_250,1,Asciminib,250,1654,453294,0.003648846,-0.555141939,-0.005511755,0.031640976,0.068907058
N358L,358,S15,N,L,a_363,1,Asciminib,363,1466,412243,0.003556155,-0.592264001,-0.005716752,0.031640976,0.067897474
N358L,358,S15,N,L,a_500,1,Asciminib,500,725,263369,0.002752792,-0.96168675,-0.011312881,0.031640976,0.045380277
N358L,358,S15,N,L,a_638,1,Asciminib,638,2511,650734,0.00385872,-0.474460014,-0.008339218,0.031640976,0.05621487
N358L,358,S15,N,L,a_750,1,Asciminib,750,3073,906324,0.00339062,-0.66103323,-0.007520269,0.031640976,0.059629214
N358L,358,S15,N,L,a_1151,1,Asciminib,1151,1177,270466,0.004351748,-0.300987034,-0.002524384,0.031640976,0.085442985
N358L,358,S15,N,L,D0,1,D0,,569,86876,0.006549565,0.288816865,,0.031640976,
N358L,358,S15,N,L,D0,1,D0,,569,86876,0.006549565,0.288816865,,0.031640976,
N358L,358,S15,N,L,D0,2,D0,,194,46489,0.00417303,-0.361486849,,0.031640976,
N358L,358,S15,N,L,D0,2,D0,,194,46489,0.00417303,-0.361486849,,0.031640976,
N358L,358,S15,N,L,i_50,1,Imatinib,50,6094,1433607,0.004250816,-0.33484229,0.031232926,0.031640976,0.971047782
N358L,358,S15,N,L,i_100,1,Imatinib,100,627,136108,0.004606636,-0.218868627,0.030462835,0.031640976,0.91867198
N358L,358,S15,N,L,i_200,1,Imatinib,200,4085,847842,0.004818115,-0.154113466,0.02360278,0.031640976,0.560598584
N358L,358,S15,N,L,i_300,1,Imatinib,300,278,57840,0.004806362,-0.157636778,0.014573443,0.031640976,0.292625276
N358L,358,S15,N,L,i_444,1,Imatinib,444,1349,254313,0.005304487,-0.015368972,0.006663395,0.031640976,0.165565924
N358L,358,S15,N,L,i_500,1,Imatinib,500,184,44660,0.004120018,-0.379931593,0.000418292,0.031640976,0.105606722
N358L,358,S15,N,L,i_579,1,Imatinib,579,389,110676,0.003514764,-0.609154457,-0.002364759,0.031640976,0.08643065
N358L,358,S15,N,L,i_750,1,Imatinib,750,1167,284854,0.004096836,-0.388072212,-0.004394005,0.031640976,0.074681816
N358L,358,S15,N,L,i_1000,1,Imatinib,1000,1431,311421,0.004595066,-0.222496669,-0.004655589,0.031640976,0.07328842
N358L,358,S15,N,L,i_1250,1,Imatinib,1250,2044,448879,0.004553566,-0.235585516,-0.007128897,0.031640976,0.06133339
N358L,358,S15,N,L,i_2500,1,Imatinib,2500,598,119408,0.00500804,-0.098336215,-0.009503995,0.031640976,0.051692741
N358L,358,S15,N,L,i_5000,1,Imatinib,5000,1025,251745,0.00407158,-0.396993323,-0.014959998,0.031640976,0.034899941
N358L,358,S15,N,L,N,1,None,0,2505,548120,0.004570167,-0.230335282,0.031640976,0.031640976,1
N358M,358,S15,N,M,a_5,1,Asciminib,5,2680,465856,0.005752851,-0.194784332,0.031414859,0.031550006,0.990316599
N358M,358,S15,N,M,a_10,1,Asciminib,10,4498,736805,0.006104736,-0.109132449,0.025480087,0.031550006,0.645949367
N358M,358,S15,N,M,a_50,1,Asciminib,50,1804,364815,0.004944972,-0.413098969,0.000740856,0.031550006,0.108798385
N358M,358,S15,N,M,a_89,1,Asciminib,89,1760,363702,0.004839127,-0.444314688,-0.002426365,0.031550006,0.086613573
N358M,358,S15,N,M,a_128,1,Asciminib,128,1188,237662,0.004998696,-0.39750967,-0.00211541,0.031550006,0.088574613
N358M,358,S15,N,M,a_250,1,Asciminib,250,2345,453294,0.005173243,-0.347992401,-0.003346067,0.031550006,0.081063921
N358M,358,S15,N,M,a_363,1,Asciminib,363,1756,412243,0.004259624,-0.62833541,-0.006093868,0.031550006,0.066512927
N358M,358,S15,N,M,a_500,1,Asciminib,500,1027,263369,0.003899472,-0.755782619,-0.009160213,0.031550006,0.053336425
N358M,358,S15,N,M,a_638,1,Asciminib,638,3079,650734,0.00473158,-0.476739325,-0.008363047,0.031550006,0.056487277
N358M,358,S15,N,M,a_750,1,Asciminib,750,4131,906324,0.004557973,-0.530669087,-0.00615735,0.031550006,0.066209611
N358M,358,S15,N,M,a_1151,1,Asciminib,1151,1265,270466,0.004677113,-0.493443119,-0.004536457,0.031550006,0.074405506
N358M,358,S15,N,M,D0,1,D0,,490,86876,0.005640223,-0.223309188,,0.031550006,
N358M,358,S15,N,M,D0,1,D0,,490,86876,0.005640223,-0.223309188,,0.031550006,
N358M,358,S15,N,M,D0,2,D0,,350,46489,0.007528663,0.193332271,,0.031550006,
N358M,358,S15,N,M,D0,2,D0,,350,46489,0.007528663,0.193332271,,0.031550006,
N358M,358,S15,N,M,i_50,1,Imatinib,50,8273,1433607,0.005770759,-0.190300358,0.03274407,0.031550006,1.08977646
N358M,358,S15,N,M,i_100,1,Imatinib,100,892,136108,0.006553619,-0.006769509,0.03268027,0.031550006,1.084781921
N358M,358,S15,N,M,i_200,1,Imatinib,200,5092,847842,0.006005836,-0.132696275,0.02382669,0.031550006,0.573453304
N358M,358,S15,N,M,i_300,1,Imatinib,300,330,57840,0.005705394,-0.206734786,0.014060138,0.031550006,0.283861012
N358M,358,S15,N,M,i_444,1,Imatinib,444,1544,254313,0.006071259,-0.117065717,0.005600186,0.031550006,0.154372449
N358M,358,S15,N,M,i_500,1,Imatinib,500,250,44660,0.00559785,-0.234188414,0.001941995,0.031550006,0.118626327
N358M,358,S15,N,M,i_579,1,Imatinib,579,559,110676,0.005050779,-0.382555479,4.27E-06,0.031550006,0.103178664
N358M,358,S15,N,M,i_750,1,Imatinib,750,1461,284854,0.005128943,-0.360399745,-0.004104697,0.031550006,0.076754854
N358M,358,S15,N,M,i_1000,1,Imatinib,1000,1694,311421,0.005439582,-0.275565616,-0.005210409,0.031550006,0.070881211
N358M,358,S15,N,M,i_1250,1,Imatinib,1250,2329,448879,0.005188481,-0.343749222,-0.008259717,0.031550006,0.056909097
N358M,358,S15,N,M,i_2500,1,Imatinib,2500,641,119408,0.00536815,-0.294636492,-0.011556257,0.031550006,0.04488503
N358M,358,S15,N,M,i_5000,1,Imatinib,5000,1181,251745,0.004691255,-0.489087418,-0.015922815,0.031550006,0.032776512
N358M,358,S15,N,M,N,1,None,0,3058,548120,0.00557907,-0.239036629,0.031550006,0.031550006,1
N358P,358,S15,N,P,a_5,1,Asciminib,5,3629,465856,0.007789961,-0.135599697,0.032033617,0.034216553,0.854557581
N358P,358,S15,N,P,a_10,1,Asciminib,10,5626,736805,0.00763567,-0.164460979,0.024901644,0.034216553,0.511364065
N358P,358,S15,N,P,a_50,1,Asciminib,50,2720,364815,0.007455834,-0.198846078,0.002980808,0.034216553,0.105507455
N358P,358,S15,N,P,a_89,1,Asciminib,89,2316,363702,0.006367851,-0.426409285,-0.002239169,0.034216553,0.072453374
N358P,358,S15,N,P,a_128,1,Asciminib,128,1368,237662,0.005756074,-0.572130697,-0.003941022,0.034216553,0.064097787
N358P,358,S15,N,P,a_250,1,Asciminib,250,2950,453294,0.006507918,-0.39501979,-0.003837725,0.034216553,0.064576286
N358P,358,S15,N,P,a_363,1,Asciminib,363,2600,412243,0.00630696,-0.440271053,-0.00412771,0.034216553,0.063241979
N358P,358,S15,N,P,a_500,1,Asciminib,500,1510,263369,0.005733401,-0.577824672,-0.007299714,0.034216553,0.050329129
N358P,358,S15,N,P,a_638,1,Asciminib,638,4133,650734,0.006351289,-0.43016625,-0.007876139,0.034216553,0.048283091
N358P,358,S15,N,P,a_750,1,Asciminib,750,5491,906324,0.00605854,-0.498245657,-0.005818372,0.034216553,0.055993781
N358P,358,S15,N,P,a_1151,1,Asciminib,1151,1928,270466,0.007128438,-0.263629874,-0.002133826,0.034216553,0.073005002
N358P,358,S15,N,P,D0,1,D0,,788,86876,0.009070399,0.083950271,,0.034216553,
N358P,358,S15,N,P,D0,1,D0,,788,86876,0.009070399,0.083950271,,0.034216553,
N358P,358,S15,N,P,D0,2,D0,,374,46489,0.008044914,-0.089138803,,0.034216553,
N358P,358,S15,N,P,D0,2,D0,,374,46489,0.008044914,-0.089138803,,0.034216553,
N358P,358,S15,N,P,i_50,1,Imatinib,50,12784,1433607,0.008917367,0.059402047,0.035354636,0.034216553,1.0853928
N358P,358,S15,N,P,i_100,1,Imatinib,100,1321,136108,0.009705528,0.181590921,0.034649523,0.034216553,1.031664824
N358P,358,S15,N,P,i_200,1,Imatinib,200,8160,847842,0.009624435,0.169486037,0.026985918,0.034216553,0.594160534
N358P,358,S15,N,P,i_300,1,Imatinib,300,571,57840,0.009872061,0.206135514,0.018376576,0.034216553,0.319666071
N358P,358,S15,N,P,i_444,1,Imatinib,444,2245,254313,0.008827704,0.044822554,0.00729268,0.034216553,0.143916953
N358P,358,S15,N,P,i_500,1,Imatinib,500,355,44660,0.007948948,-0.106451906,0.003277443,0.034216553,0.107785087
N358P,358,S15,N,P,i_579,1,Imatinib,579,790,110676,0.007137952,-0.26170553,0.001267719,0.034216553,0.093264466
N358P,358,S15,N,P,i_750,1,Imatinib,750,2186,284854,0.007674107,-0.157216944,-0.00198048,0.034216553,0.073815509
N358P,358,S15,N,P,i_1000,1,Imatinib,1000,2548,311421,0.00818185,-0.064788635,-0.003006797,0.034216553,0.068557586
N358P,358,S15,N,P,i_1250,1,Imatinib,1250,3389,448879,0.007549919,-0.180754647,-0.006555656,0.034216553,0.053098899
N358P,358,S15,N,P,i_2500,1,Imatinib,2500,942,119408,0.007888919,-0.117388211,-0.009703178,0.034216553,0.042331633
N358P,358,S15,N,P,i_5000,1,Imatinib,5000,1648,251745,0.006546307,-0.386534562,-0.014850654,0.034216553,0.029221838
N358P,358,S15,N,P,N,1,None,0,4743,548120,0.008653215,0.016020412,0.034216553,0.034216553,1
N358Q,358,S15,N,Q,a_5,1,Asciminib,5,2039,465856,0.004376889,0.150807925,0.035027926,0.031754624,1.265766338
N358Q,358,S15,N,Q,a_10,1,Asciminib,10,2346,736805,0.003184017,-0.308249614,0.023398376,0.031754624,0.547906918
N358Q,358,S15,N,Q,a_50,1,Asciminib,50,1049,364815,0.00287543,-0.455320148,0.000299446,0.031754624,0.103853631
N358Q,358,S15,N,Q,a_89,1,Asciminib,89,1034,363702,0.002842987,-0.47169045,-0.002712571,0.031754624,0.083606167
N358Q,358,S15,N,Q,a_128,1,Asciminib,128,710,237662,0.002987436,-0.400190094,-0.002143433,0.031754624,0.087103335
N358Q,358,S15,N,Q,a_250,1,Asciminib,250,1498,453294,0.003304698,-0.254579217,-0.00236946,0.031754624,0.085697298
N358Q,358,S15,N,Q,a_363,1,Asciminib,363,1022,412243,0.00247912,-0.669269576,-0.006521823,0.031754624,0.063551533
N358Q,358,S15,N,Q,a_500,1,Asciminib,500,672,263369,0.002551553,-0.62772218,-0.007821378,0.031754624,0.057874863
N358Q,358,S15,N,Q,a_638,1,Asciminib,638,1882,650734,0.002892119,-0.446971083,-0.008051829,0.031754624,0.0569225
N358Q,358,S15,N,Q,a_750,1,Asciminib,750,3198,906324,0.003528539,-0.160026726,-0.002282392,0.031754624,0.08623621
N358Q,358,S15,N,Q,a_1151,1,Asciminib,1151,888,270466,0.003283222,-0.26398544,-0.002137544,0.031754624,0.087140281
N358Q,358,S15,N,Q,D0,1,D0,,315,86876,0.003625858,-0.120775627,,0.031754624,
N358Q,358,S15,N,Q,D0,1,D0,,315,86876,0.003625858,-0.120775627,,0.031754624,
N358Q,358,S15,N,Q,D0,2,D0,,198,46489,0.004259072,0.111441261,,0.031754624,
N358Q,358,S15,N,Q,D0,2,D0,,198,46489,0.004259072,0.111441261,,0.031754624,
N358Q,358,S15,N,Q,i_50,1,Imatinib,50,5198,1433607,0.003625819,-0.120790824,0.033470772,0.031754624,1.131520931
N358Q,358,S15,N,Q,i_100,1,Imatinib,100,499,136108,0.003666206,-0.104809922,0.031655286,0.031754624,0.992873199
N358Q,358,S15,N,Q,i_200,1,Imatinib,200,3024,847842,0.003566702,-0.144507072,0.023703212,0.031754624,0.56006543
N358Q,358,S15,N,Q,i_300,1,Imatinib,300,197,57840,0.003405947,-0.211041699,0.01401511,0.031754624,0.278804354
N358Q,358,S15,N,Q,i_444,1,Imatinib,444,917,254313,0.003605793,-0.128781349,0.005477702,0.031754624,0.150779262
N358Q,358,S15,N,Q,i_500,1,Imatinib,500,133,44660,0.002978056,-0.404726781,0.000159066,0.031754624,0.102809228
N358Q,358,S15,N,Q,i_579,1,Imatinib,579,416,110676,0.003758719,-0.068856751,0.003283896,0.031754624,0.128748761
N358Q,358,S15,N,Q,i_750,1,Imatinib,750,898,284854,0.003152492,-0.322605091,-0.003709565,0.031754624,0.077814959
N358Q,358,S15,N,Q,i_1000,1,Imatinib,1000,1096,311421,0.003519352,-0.16378821,-0.004041809,0.031754624,0.075975594
N358Q,358,S15,N,Q,i_1250,1,Imatinib,1250,1442,448879,0.003212447,-0.295425215,-0.007754504,0.031754624,0.058154201
N358Q,358,S15,N,Q,i_2500,1,Imatinib,2500,416,119408,0.003483854,-0.178413839,-0.010341183,0.031754624,0.048272267
N358Q,358,S15,N,Q,i_5000,1,Imatinib,5000,778,251745,0.003090429,-0.35129084,-0.014482192,0.031754624,0.0358271
N358Q,358,S15,N,Q,N,1,None,0,1856,548120,0.00338612,-0.219464843,0.031754624,0.031754624,1
N358R,358,S15,N,R,a_5,1,Asciminib,5,1287,465856,0.002762656,0.429059759,0.037936967,0.038532098,0.958055653
N358R,358,S15,N,R,a_10,1,Asciminib,10,2130,736805,0.00289086,0.494502359,0.031790913,0.038532098,0.615472327
N358R,358,S15,N,R,a_50,1,Asciminib,50,795,364815,0.002179187,0.086793496,0.005967087,0.038532098,0.095877798
N358R,358,S15,N,R,a_89,1,Asciminib,89,808,363702,0.002221599,0.114602119,0.003416947,0.038532098,0.079795285
N358R,358,S15,N,R,a_128,1,Asciminib,128,624,237662,0.002625578,0.355638467,0.005758534,0.038532098,0.094448873
N358R,358,S15,N,R,a_250,1,Asciminib,250,1115,453294,0.002459772,0.261528425,0.003026295,0.038532098,0.077582159
N358R,358,S15,N,R,a_363,1,Asciminib,363,815,412243,0.001976989,-0.053691252,-8.61E-05,0.038532098,0.062006721
N358R,358,S15,N,R,a_500,1,Asciminib,500,507,263369,0.001925056,-0.09209611,-0.002221564,0.038532098,0.053169856
N358R,358,S15,N,R,a_638,1,Asciminib,638,1403,650734,0.002156027,0.071378855,-0.002632631,0.038532098,0.051619255
N358R,358,S15,N,R,a_750,1,Asciminib,750,1728,906324,0.001906603,-0.105991891,-0.001717473,0.038532098,0.055135077
N358R,358,S15,N,R,a_1151,1,Asciminib,1151,605,270466,0.00223688,0.124491582,0.001923871,0.038532098,0.071662163
N358R,358,S15,N,R,D0,1,D0,,179,86876,0.002060408,0.005933689,,0.038532098,
N358R,358,S15,N,R,D0,1,D0,,179,86876,0.002060408,0.005933689,,0.038532098,
N358R,358,S15,N,R,D0,2,D0,,95,46489,0.002043494,-0.005958194,,0.038532098,
N358R,358,S15,N,R,D0,2,D0,,95,46489,0.002043494,-0.005958194,,0.038532098,
N358R,358,S15,N,R,i_50,1,Imatinib,50,4109,1433607,0.002866197,0.482141429,0.039774253,0.038532098,1.093556419
N358R,358,S15,N,R,i_100,1,Imatinib,100,410,136108,0.003012314,0.553875729,0.038541652,0.038532098,1.000688147
N358R,358,S15,N,R,i_200,1,Imatinib,200,2552,847842,0.003009995,0.552764674,0.030992985,0.038532098,0.58110944
N358R,358,S15,N,R,i_300,1,Imatinib,300,148,57840,0.002558783,0.318461404,0.019550911,0.038532098,0.254960793
N358R,358,S15,N,R,i_444,1,Imatinib,444,670,254313,0.002634549,0.360559569,0.010593619,0.038532098,0.133778409
N358R,358,S15,N,R,i_500,1,Imatinib,500,128,44660,0.002866099,0.482092339,0.009430501,0.038532098,0.123031486
N358R,358,S15,N,R,i_579,1,Imatinib,579,319,110676,0.002882287,0.490217701,0.009128857,0.038532098,0.120388246
N358R,358,S15,N,R,i_750,1,Imatinib,750,739,284854,0.002594311,0.338355385,0.003200584,0.038532098,0.078561854
N358R,358,S15,N,R,i_1000,1,Imatinib,1000,904,311421,0.002902823,0.500460225,0.002902715,0.038532098,0.076894912
N358R,358,S15,N,R,i_1250,1,Imatinib,1250,1288,448879,0.00286937,0.48373777,0.000391418,0.038532098,0.064175809
N358R,358,S15,N,R,i_2500,1,Imatinib,2500,361,119408,0.003023248,0.559103026,-0.002630659,0.038532098,0.051626586
N358R,358,S15,N,R,i_5000,1,Imatinib,5000,610,251745,0.002423087,0.239849804,-0.008301988,0.038532098,0.034319066
N358R,358,S15,N,R,N,1,None,0,1514,548120,0.002762169,0.428805208,0.038532098,0.038532098,1
N358S,358,S15,N,S,a_5,1,Asciminib,5,2020,465856,0.004336104,0.414382924,0.037783525,0.036464021,1.099663587
N358S,358,S15,N,S,a_10,1,Asciminib,10,2371,736805,0.003217948,-0.015875483,0.026455062,0.036464021,0.486438368
N358S,358,S15,N,S,a_50,1,Asciminib,50,1177,364815,0.003226293,-0.012139023,0.004932776,0.036464021,0.10328639
N358S,358,S15,N,S,a_89,1,Asciminib,89,1189,363702,0.00326916,0.006903562,0.00229099,0.036464021,0.085395811
N358S,358,S15,N,S,a_128,1,Asciminib,128,774,237662,0.003256726,0.00140593,0.002055136,0.036464021,0.083957906
N358S,358,S15,N,S,a_250,1,Asciminib,250,1581,453294,0.003487803,0.100302009,0.00134072,0.036464021,0.079748475
N358S,358,S15,N,S,a_363,1,Asciminib,363,1587,412243,0.003849671,0.242718838,0.00301275,0.036464021,0.089950882
N358S,358,S15,N,S,a_500,1,Asciminib,500,855,263369,0.003246396,-0.003177511,-0.001291946,0.036464021,0.065978284
N358S,358,S15,N,S,a_638,1,Asciminib,638,2198,650734,0.003377724,0.054035158,-0.002813955,0.036464021,0.059130155
N358S,358,S15,N,S,a_750,1,Asciminib,750,3233,906324,0.003567157,0.132758325,0.00077859,0.036464021,0.076585232
N358S,358,S15,N,S,a_1151,1,Asciminib,1151,1013,270466,0.003745388,0.203098635,0.002745684,0.036464021,0.088237764
N358S,358,S15,N,S,D0,1,D0,,285,86876,0.003280538,0.011915946,,0.036464021,
N358S,358,S15,N,S,D0,1,D0,,285,86876,0.003280538,0.011915946,,0.036464021,
N358S,358,S15,N,S,D0,2,D0,,150,46489,0.00322657,-0.012015186,,0.036464021,
N358S,358,S15,N,S,D0,2,D0,,150,46489,0.00322657,-0.012015186,,0.036464021,
N358S,358,S15,N,S,i_50,1,Imatinib,50,6110,1433607,0.004261977,0.389506404,0.038805781,0.036464021,1.183654512
N358S,358,S15,N,S,i_100,1,Imatinib,100,556,136108,0.004084991,0.328316628,0.036183498,0.036464021,0.98000492
N358S,358,S15,N,S,i_200,1,Imatinib,200,3920,847842,0.004623503,0.506969925,0.030514214,0.036464021,0.651559779
N358S,358,S15,N,S,i_300,1,Imatinib,300,228,57840,0.003941909,0.276877978,0.019116168,0.036464021,0.286778418
N358S,358,S15,N,S,i_444,1,Imatinib,444,1081,254313,0.004250667,0.385673017,0.010856173,0.036464021,0.158220587
N358S,358,S15,N,S,i_500,1,Imatinib,500,170,44660,0.003806538,0.226463201,0.006757973,0.036464021,0.117791937
N358S,358,S15,N,S,i_579,1,Imatinib,579,422,110676,0.003812931,0.228884201,0.006396691,0.036464021,0.114767406
N358S,358,S15,N,S,i_750,1,Imatinib,750,979,284854,0.003436848,0.079069806,0.000489829,0.036464021,0.0750094
N358S,358,S15,N,S,i_1000,1,Imatinib,1000,1286,311421,0.004129458,0.343936116,0.001266301,0.036464021,0.079322311
N358S,358,S15,N,S,i_1250,1,Imatinib,1250,1697,448879,0.003780529,0.216571667,-0.002401725,0.036464021,0.060911472
N358S,358,S15,N,S,i_2500,1,Imatinib,2500,452,119408,0.003785341,0.218406888,-0.006192538,0.036464021,0.046362133
N358S,358,S15,N,S,i_5000,1,Imatinib,5000,834,251745,0.003312876,0.02606787,-0.010537016,0.036464021,0.033909004
N358S,358,S15,N,S,N,1,None,0,2093,548120,0.003818507,0.230992241,0.036464021,0.036464021,1
N358T,358,S15,N,T,a_5,1,Asciminib,5,3736,465856,0.008019646,-0.184394345,0.031523484,0.033030955,0.897144875
N358T,358,S15,N,T,a_10,1,Asciminib,10,5881,736805,0.007981759,-0.191226086,0.024621822,0.033030955,0.545824644
N358T,358,S15,N,T,a_50,1,Asciminib,50,2486,364815,0.006814413,-0.419343478,0.000675572,0.033030955,0.097335885
N358T,358,S15,N,T,a_89,1,Asciminib,89,2365,363702,0.006502576,-0.486921401,-0.002871806,0.033030955,0.075396173
N358T,358,S15,N,T,a_128,1,Asciminib,128,1683,237662,0.007081485,-0.363880796,-0.00176383,0.033030955,0.081657263
N358T,358,S15,N,T,a_250,1,Asciminib,250,3315,453294,0.007313135,-0.31744292,-0.003026681,0.033030955,0.074560099
N358T,358,S15,N,T,a_363,1,Asciminib,363,2519,412243,0.006110474,-0.5766486,-0.005553498,0.033030955,0.062157701
N358T,358,S15,N,T,a_500,1,Asciminib,500,1302,263369,0.004943634,-0.882360819,-0.010483551,0.033030955,0.043584905
N358T,358,S15,N,T,a_638,1,Asciminib,638,4041,650734,0.006209911,-0.553360308,-0.009164097,0.033030955,0.047928559
N358T,358,S15,N,T,a_750,1,Asciminib,750,5699,906324,0.006288038,-0.535322821,-0.006206003,0.033030955,0.059305041
N358T,358,S15,N,T,a_1151,1,Asciminib,1151,2007,270466,0.007420526,-0.296411354,-0.002476547,0.033030955,0.077572669
N358T,358,S15,N,T,D0,1,D0,,735,86876,0.008460334,-0.107218154,,0.033030955,
N358T,358,S15,N,T,D0,1,D0,,735,86876,0.008460334,-0.107218154,,0.033030955,
N358T,358,S15,N,T,D0,2,D0,,454,46489,0.009765751,0.099798179,,0.033030955,
N358T,358,S15,N,T,D0,2,D0,,454,46489,0.009765751,0.099798179,,0.033030955,
N358T,358,S15,N,T,i_50,1,Imatinib,50,12795,1433607,0.00892504,-0.030074165,0.034419188,0.033030955,1.105118779
N358T,358,S15,N,T,i_100,1,Imatinib,100,1116,136108,0.008199371,-0.152419564,0.031157541,0.033030955,0.873815709
N358T,358,S15,N,T,i_200,1,Imatinib,200,6559,847842,0.007736111,-0.236324286,0.022743289,0.033030955,0.476774382
N358T,358,S15,N,T,i_300,1,Imatinib,300,480,57840,0.008298755,-0.135037872,0.014809708,0.033030955,0.269299869
N358T,358,S15,N,T,i_444,1,Imatinib,444,2004,254313,0.007880053,-0.209727428,0.004631434,0.033030955,0.129410539
N358T,358,S15,N,T,i_500,1,Imatinib,500,311,44660,0.006963726,-0.388073396,0.000333172,0.033030955,0.09496562
N358T,358,S15,N,T,i_579,1,Imatinib,579,837,110676,0.007562615,-0.269047606,0.001190959,0.033030955,0.101015666
N358T,358,S15,N,T,i_750,1,Imatinib,750,2131,284854,0.007481025,-0.284696797,-0.003313245,0.033030955,0.073037493
N358T,358,S15,N,T,i_1000,1,Imatinib,1000,2426,311421,0.007790098,-0.226291407,-0.004695261,0.033030955,0.066119765
N358T,358,S15,N,T,i_1250,1,Imatinib,1250,3664,448879,0.008162556,-0.158911826,-0.006327296,0.033030955,0.058789381
N358T,358,S15,N,T,i_2500,1,Imatinib,2500,910,119408,0.00762093,-0.257965771,-0.011172875,0.033030955,0.041474531
N358T,358,S15,N,T,i_5000,1,Imatinib,5000,1858,251745,0.007380484,-0.304217348,-0.013990052,0.033030955,0.033860285
N358T,358,S15,N,T,N,1,None,0,4669,548120,0.008518208,-0.097382914,0.033030955,0.033030955,1
N358V,358,S15,N,V,a_5,1,Asciminib,5,3043,465856,0.006532061,-0.072759767,0.03269059,0.034122773,0.902021286
N358V,358,S15,N,V,a_10,1,Asciminib,10,3954,736805,0.005366413,-0.356340007,0.022895604,0.034122773,0.445589945
N358V,358,S15,N,V,a_50,1,Asciminib,50,2027,364815,0.005556241,-0.306188987,0.001858569,0.034122773,0.097976983
N358V,358,S15,N,V,a_89,1,Asciminib,89,1907,363702,0.005243304,-0.389822042,-0.00185666,0.034122773,0.074981098
N358V,358,S15,N,V,a_128,1,Asciminib,128,1406,237662,0.005915965,-0.21568468,-0.000214483,0.034122773,0.084392018
N358V,358,S15,N,V,a_250,1,Asciminib,250,2634,453294,0.005810798,-0.241561746,-0.002233366,0.034122773,0.072974734
N358V,358,S15,N,V,a_363,1,Asciminib,363,2112,412243,0.005123192,-0.423255188,-0.003949814,0.034122773,0.064491213
N358V,358,S15,N,V,a_500,1,Asciminib,500,1275,263369,0.004841116,-0.504958322,-0.006537918,0.034122773,0.053526963
N358V,358,S15,N,V,a_638,1,Asciminib,638,3219,650734,0.004946722,-0.473825384,-0.008332583,0.034122773,0.047038652
N358V,358,S15,N,V,a_750,1,Asciminib,750,4870,906324,0.005373354,-0.354475143,-0.004315293,0.034122773,0.062816292
N358V,358,S15,N,V,a_1151,1,Asciminib,1151,1559,270466,0.005764126,-0.253196344,-0.002024747,0.034122773,0.07407913
N358V,358,S15,N,V,D0,1,D0,,534,86876,0.006146692,-0.160487964,,0.034122773,
N358V,358,S15,N,V,D0,1,D0,,534,86876,0.006146692,-0.160487964,,0.034122773,
N358V,358,S15,N,V,D0,2,D0,,353,46489,0.007593194,0.144408764,,0.034122773,
N358V,358,S15,N,V,D0,2,D0,,353,46489,0.007593194,0.144408764,,0.034122773,
N358V,358,S15,N,V,i_50,1,Imatinib,50,11205,1433607,0.00781595,0.186123036,0.036679467,0.034122773,1.202114328
N358V,358,S15,N,V,i_100,1,Imatinib,100,994,136108,0.007303024,0.088195864,0.033673105,0.034122773,0.968142388
N358V,358,S15,N,V,i_200,1,Imatinib,200,5720,847842,0.00674654,-0.026150315,0.024940597,0.034122773,0.516274494
N358V,358,S15,N,V,i_300,1,Imatinib,300,352,57840,0.006085754,-0.17486215,0.014393357,0.034122773,0.241588842
N358V,358,S15,N,V,i_444,1,Imatinib,444,1559,254313,0.006130241,-0.16435431,0.005105797,0.034122773,0.123783366
N358V,358,S15,N,V,i_500,1,Imatinib,500,244,44660,0.005463502,-0.33047213,0.000935377,0.034122773,0.091676192
N358V,358,S15,N,V,i_579,1,Imatinib,579,704,110676,0.006360909,-0.111065101,0.00284262,0.034122773,0.10517065
N358V,358,S15,N,V,i_750,1,Imatinib,750,1848,284854,0.006487534,-0.082627935,-0.001200674,0.034122773,0.078607497
N358V,358,S15,N,V,i_1000,1,Imatinib,1000,1835,311421,0.005892345,-0.221456196,-0.004644711,0.034122773,0.061343943
N358V,358,S15,N,V,i_1250,1,Imatinib,1250,2938,448879,0.006545194,-0.069862234,-0.005396308,0.034122773,0.058112536
N358V,358,S15,N,V,i_2500,1,Imatinib,2500,737,119408,0.006172116,-0.154532998,-0.010091516,0.034122773,0.04144331
N358V,358,S15,N,V,i_5000,1,Imatinib,5000,1579,251745,0.00627222,-0.13132198,-0.012182481,0.034122773,0.035650991
N358V,358,S15,N,V,N,1,None,0,3784,548120,0.006903598,0.007050285,0.034122773,0.034122773,1
N358W,358,S15,N,W,a_5,1,Asciminib,5,2202,465856,0.004726783,0.364447323,0.037261463,0.034127699,1.253113175
N358W,358,S15,N,W,a_10,1,Asciminib,10,3255,736805,0.004417722,0.26689162,0.02941131,0.034127699,0.712069279
N358W,358,S15,N,W,a_50,1,Asciminib,50,1282,364815,0.00351411,-0.063251859,0.004398406,0.034127699,0.117594958
N358W,358,S15,N,W,a_89,1,Asciminib,89,1597,363702,0.004390957,0.258124382,0.004917431,0.034127699,0.122072597
N358W,358,S15,N,W,a_128,1,Asciminib,128,890,237662,0.003744814,0.028482922,0.002338218,0.034127699,0.10138373
N358W,358,S15,N,W,a_250,1,Asciminib,250,1823,453294,0.004021672,0.131384425,0.001665678,0.034127699,0.096591402
N358W,358,S15,N,W,a_363,1,Asciminib,363,1413,412243,0.00342759,-0.099216602,-0.000562085,0.034127699,0.082276932
N358W,358,S15,N,W,a_500,1,Asciminib,500,839,263369,0.003185644,-0.204825898,-0.003400121,0.034127699,0.067071031
N358W,358,S15,N,W,a_638,1,Asciminib,638,2268,650734,0.003485295,-0.075130366,-0.004164343,0.034127699,0.063480214
N358W,358,S15,N,W,a_750,1,Asciminib,750,2564,906324,0.00282901,-0.376113698,-0.004541518,0.034127699,0.061779501
N358W,358,S15,N,W,a_1151,1,Asciminib,1151,911,270466,0.003368261,-0.124407358,-0.000678295,0.034127699,0.081591383
N358W,358,S15,N,W,D0,1,D0,,324,86876,0.003729453,0.022553062,,0.034127699,
N358W,358,S15,N,W,D0,1,D0,,324,86876,0.003729453,0.022553062,,0.034127699,
N358W,358,S15,N,W,D0,2,D0,,168,46489,0.003613758,-0.022911232,,0.034127699,
N358W,358,S15,N,W,D0,2,D0,,168,46489,0.003613758,-0.022911232,,0.034127699,
N358W,358,S15,N,W,i_50,1,Imatinib,50,5557,1433607,0.003876237,0.078245487,0.035551639,0.034127699,1.107963479
N358W,358,S15,N,W,i_100,1,Imatinib,100,650,136108,0.004775619,0.379276685,0.03671627,0.034127699,1.204876539
N358W,358,S15,N,W,i_200,1,Imatinib,200,3533,847842,0.00416705,0.182615242,0.02712318,0.034127699,0.603912845
N358W,358,S15,N,W,i_300,1,Imatinib,300,232,57840,0.004011065,0.127574182,0.01755524,0.034127699,0.303244141
N358W,358,S15,N,W,i_444,1,Imatinib,444,969,254313,0.003810265,0.053480287,0.007383194,0.034127699,0.145787621
N358W,358,S15,N,W,i_500,1,Imatinib,500,184,44660,0.004120018,0.166239444,0.006128351,0.034127699,0.133193401
N358W,358,S15,N,W,i_579,1,Imatinib,579,341,110676,0.003081065,-0.252981836,0.001358922,0.034127699,0.094481432
N358W,358,S15,N,W,i_750,1,Imatinib,750,1040,284854,0.003650993,-0.008122208,-0.000421738,0.034127699,0.083112555
N358W,358,S15,N,W,i_1000,1,Imatinib,1000,1138,311421,0.003654217,-0.006848747,-0.002401052,0.034127699,0.072073408
N358W,358,S15,N,W,i_1250,1,Imatinib,1250,1610,448879,0.003586713,-0.033748987,-0.005018755,0.034127699,0.05969275
N358W,358,S15,N,W,i_2500,1,Imatinib,2500,453,119408,0.003793716,0.047200387,-0.007982452,0.034127699,0.048222436
N358W,358,S15,N,W,i_5000,1,Imatinib,5000,941,251745,0.003737909,0.025820432,-0.010539603,0.034127699,0.040113362
N358W,358,S15,N,W,N,1,None,0,2023,548120,0.003690798,0.007521471,0.034127699,0.034127699,1
N358Y,358,S15,N,Y,a_5,1,Asciminib,5,3850,465856,0.008264356,0.232961882,0.035886821,0.032223477,1.301816736
N358Y,358,S15,N,Y,a_10,1,Asciminib,10,5359,736805,0.007273295,0.048668475,0.02712985,0.032223477,0.692989007
N358Y,358,S15,N,Y,a_50,1,Asciminib,50,1870,364815,0.005125886,-0.456139269,0.000290883,0.032223477,0.100344421
N358Y,358,S15,N,Y,a_89,1,Asciminib,89,1874,363702,0.00515257,-0.448648396,-0.002471673,0.032223477,0.082245155
N358Y,358,S15,N,Y,a_128,1,Asciminib,128,1195,237662,0.005028149,-0.483913119,-0.003018733,0.032223477,0.079068624
N358Y,358,S15,N,Y,a_250,1,Asciminib,250,2448,453294,0.005400469,-0.380855997,-0.003689646,0.032223477,0.075339938
N358Y,358,S15,N,Y,a_363,1,Asciminib,363,2175,412243,0.005276014,-0.414492085,-0.003858199,0.032223477,0.074431157
N358Y,358,S15,N,Y,a_500,1,Asciminib,500,1245,263369,0.004727208,-0.572952289,-0.007248775,0.032223477,0.058308806
N358Y,358,S15,N,Y,a_638,1,Asciminib,638,3291,650734,0.005057366,-0.475554398,-0.008350659,0.032223477,0.053861583
N358Y,358,S15,N,Y,a_750,1,Asciminib,750,5055,906324,0.005577476,-0.334328286,-0.004104664,0.032223477,0.073121988
N358Y,358,S15,N,Y,a_1151,1,Asciminib,1151,1767,270466,0.006533169,-0.106157695,-0.0004875,0.032223477,0.094875442
N358Y,358,S15,N,Y,D0,1,D0,,536,86876,0.006169713,-0.188737168,,0.032223477,
N358Y,358,S15,N,Y,D0,1,D0,,536,86876,0.006169713,-0.188737168,,0.032223477,
N358Y,358,S15,N,Y,D0,2,D0,,367,46489,0.007894341,0.166878181,,0.032223477,
N358Y,358,S15,N,Y,D0,2,D0,,367,46489,0.007894341,0.166878181,,0.032223477,
N358Y,358,S15,N,Y,i_50,1,Imatinib,50,11355,1433607,0.007920581,0.17166563,0.036528319,0.032223477,1.36335506
N358Y,358,S15,N,Y,i_100,1,Imatinib,100,971,136108,0.007134041,0.020778845,0.03296828,0.032223477,1.05508971
N358Y,358,S15,N,Y,i_200,1,Imatinib,200,5822,847842,0.006866845,-0.034293086,0.024855467,0.032223477,0.588312656
N358Y,358,S15,N,Y,i_300,1,Imatinib,300,387,57840,0.006690871,-0.071746475,0.015471401,0.032223477,0.299347707
N358Y,358,S15,N,Y,i_444,1,Imatinib,444,1662,254313,0.006535254,-0.105697319,0.005719039,0.032223477,0.148329437
N358Y,358,S15,N,Y,i_500,1,Imatinib,500,284,44660,0.006359158,-0.145104811,0.002873338,0.032223477,0.120849413
N358Y,358,S15,N,Y,i_579,1,Imatinib,579,720,110676,0.006505475,-0.112286087,0.002829855,0.032223477,0.120471656
N358Y,358,S15,N,Y,i_750,1,Imatinib,750,1832,284854,0.006431365,-0.128815651,-0.001683553,0.032223477,0.087047079
N358Y,358,S15,N,Y,i_1000,1,Imatinib,1000,2194,311421,0.007045125,0.002684804,-0.002301382,0.032223477,0.083259766
N358Y,358,S15,N,Y,i_1250,1,Imatinib,1250,2628,448879,0.005854584,-0.264373818,-0.00742987,0.032223477,0.057553461
N358Y,358,S15,N,Y,i_2500,1,Imatinib,2500,858,119408,0.007185448,0.031137567,-0.008150384,0.032223477,0.054643883
N358Y,358,S15,N,Y,i_5000,1,Imatinib,5000,1299,251745,0.005159983,-0.446574183,-0.015478351,0.032223477,0.032240507
N358Y,358,S15,N,Y,N,1,None,0,3415,548120,0.006230388,-0.174618688,0.032223477,0.032223477,1
F359A,359,S15,F,A,a_5,1,Asciminib,5,1108,465856,0.002378417,0.322330182,0.036821141,0.032128855,1.40192258
F359A,359,S15,F,A,a_10,1,Asciminib,10,1791,736805,0.002430765,0.353738861,0.030319272,0.032128855,0.87784084
F359A,359,S15,F,A,a_50,1,Asciminib,50,905,364815,0.002480709,0.383081023,0.009064686,0.032128855,0.190021101
F359A,359,S15,F,A,a_89,1,Asciminib,89,905,363702,0.002488301,0.387489213,0.006269902,0.032128855,0.15538574
F359A,359,S15,F,A,a_128,1,Asciminib,128,713,237662,0.003000059,0.657319109,0.008912517,0.032128855,0.18795056
F359A,359,S15,F,A,a_250,1,Asciminib,250,960,453294,0.002117831,0.154915621,0.00191169,0.032128855,0.113535932
F359A,359,S15,F,A,a_363,1,Asciminib,363,1130,412243,0.002741102,0.527084151,0.005985707,0.032128855,0.152238533
F359A,359,S15,F,A,a_500,1,Asciminib,500,680,263369,0.002581929,0.440777484,0.003349474,0.032128855,0.125919129
F359A,359,S15,F,A,a_638,1,Asciminib,638,1493,650734,0.002294332,0.270402606,-0.000551896,0.032128855,0.095082145
F359A,359,S15,F,A,a_750,1,Asciminib,750,1948,906324,0.002149342,0.176223164,0.001233003,0.032128855,0.108121317
F359A,359,S15,F,A,a_1151,1,Asciminib,1151,504,270466,0.00186345,-0.029695232,0.000311892,0.032128855,0.101183324
F359A,359,S15,F,A,D0,1,D0,,110,86876,0.001266172,-0.58719778,,0.032128855,
F359A,359,S15,F,A,D0,1,D0,,110,86876,0.001266172,-0.58719778,,0.032128855,
F359A,359,S15,F,A,D0,2,D0,,118,46489,0.002538235,0.416153842,,0.032128855,
F359A,359,S15,F,A,D0,2,D0,,118,46489,0.002538235,0.416153842,,0.032128855,
F359A,359,S15,F,A,i_50,1,Imatinib,50,2554,1433607,0.00178152,-0.094562782,0.033744979,0.032128855,1.123401219
F359A,359,S15,F,A,i_100,1,Imatinib,100,289,136108,0.002123314,0.158645907,0.03440964,0.032128855,1.17846942
F359A,359,S15,F,A,i_200,1,Imatinib,200,2584,847842,0.003047738,0.68006701,0.032323893,0.032128855,1.014141816
F359A,359,S15,F,A,i_300,1,Imatinib,300,154,57840,0.002662517,0.485119174,0.021293269,0.032128855,0.458331665
F359A,359,S15,F,A,i_444,1,Imatinib,444,620,254313,0.002437941,0.357991284,0.010566768,0.032128855,0.211724311
F359A,359,S15,F,A,i_500,1,Imatinib,500,151,44660,0.003381102,0.829821674,0.01306591,0.032128855,0.253464364
F359A,359,S15,F,A,i_579,1,Imatinib,579,351,110676,0.003171419,0.737456902,0.011713671,0.032128855,0.229950023
F359A,359,S15,F,A,i_750,1,Imatinib,750,713,284854,0.002503037,0.396007692,0.003803322,0.032128855,0.130101758
F359A,359,S15,F,A,i_1000,1,Imatinib,1000,959,311421,0.003079433,0.694992863,0.004936497,0.032128855,0.141161624
F359A,359,S15,F,A,i_1250,1,Imatinib,1250,1001,448879,0.00223,0.229371745,-0.002267904,0.032128855,0.084031237
F359A,359,S15,F,A,i_2500,1,Imatinib,2500,224,119408,0.001875921,-0.020072484,-0.00868577,0.032128855,0.052936986
F359A,359,S15,F,A,i_5000,1,Imatinib,5000,456,251745,0.001811357,-0.07060102,-0.011547661,0.032128855,0.04307945
F359A,359,S15,F,A,N,1,None,0,918,548120,0.001674816,-0.183669343,0.032128855,0.032128855,1
F359C,359,S15,F,C,a_5,1,Asciminib,5,774,465856,0.001661458,-0.14121714,0.031974889,0.032192322,0.984466729
F359C,359,S15,F,C,a_10,1,Asciminib,10,1560,736805,0.002117249,0.208524641,0.0288011,0.032192322,0.78335604
F359C,359,S15,F,C,a_50,1,Asciminib,50,881,364815,0.002414923,0.398310338,0.009223904,0.032192322,0.191335654
F359C,359,S15,F,C,a_89,1,Asciminib,89,1011,363702,0.002779748,0.601287601,0.008505102,0.032192322,0.181685192
F359C,359,S15,F,C,a_128,1,Asciminib,128,649,237662,0.002730769,0.575640599,0.008058592,0.032192322,0.175937138
F359C,359,S15,F,C,a_250,1,Asciminib,250,1233,453294,0.002720089,0.569987198,0.006251142,0.032192322,0.154468525
F359C,359,S15,F,C,a_363,1,Asciminib,363,1086,412243,0.002634369,0.52379057,0.005951273,0.032192322,0.151169208
F359C,359,S15,F,C,a_500,1,Asciminib,500,515,263369,0.001955431,0.093820258,-0.000277862,0.032192322,0.096534652
F359C,359,S15,F,C,a_638,1,Asciminib,638,1840,650734,0.002827576,0.625899295,0.003164718,0.032192322,0.12368869
F359C,359,S15,F,C,a_750,1,Asciminib,750,2183,906324,0.002408631,0.394546705,0.003515512,0.032192322,0.126852496
F359C,359,S15,F,C,a_1151,1,Asciminib,1151,577,270466,0.002133355,0.219457441,0.002916711,0.032192322,0.121499641
F359C,359,S15,F,C,D0,1,D0,,167,86876,0.00192228,0.069151887,,0.032192322,
F359C,359,S15,F,C,D0,1,D0,,167,86876,0.00192228,0.069151887,,0.032192322,
F359C,359,S15,F,C,D0,2,D0,,81,46489,0.001742348,-0.072634117,,0.032192322,
F359C,359,S15,F,C,D0,2,D0,,81,46489,0.001742348,-0.072634117,,0.032192322,
F359C,359,S15,F,C,i_50,1,Imatinib,50,2414,1433607,0.001683865,-0.121890543,0.033459275,0.032192322,1.095510679
F359C,359,S15,F,C,i_100,1,Imatinib,100,226,136108,0.001660446,-0.142095726,0.031265474,0.032192322,0.935444883
F359C,359,S15,F,C,i_200,1,Imatinib,200,1626,847842,0.00191781,0.065793285,0.025901841,0.032192322,0.635772405
F359C,359,S15,F,C,i_300,1,Imatinib,300,133,57840,0.002299447,0.327620157,0.019646663,0.032192322,0.405235281
F359C,359,S15,F,C,i_444,1,Imatinib,444,628,254313,0.002469398,0.430492716,0.011324749,0.032192322,0.222580777
F359C,359,S15,F,C,i_500,1,Imatinib,500,111,44660,0.002485446,0.439837889,0.008988743,0.032192322,0.188123308
F359C,359,S15,F,C,i_579,1,Imatinib,579,204,110676,0.001843218,0.008560112,0.004093267,0.032192322,0.132240648
F359C,359,S15,F,C,i_750,1,Imatinib,750,775,284854,0.002720692,0.570307014,0.005625571,0.032192322,0.147665446
F359C,359,S15,F,C,i_1000,1,Imatinib,1000,646,311421,0.002074362,0.1790013,-0.000458044,0.032192322,0.095290387
F359C,359,S15,F,C,i_1250,1,Imatinib,1250,759,448879,0.001690879,-0.11589335,-0.00587755,0.032192322,0.064503824
F359C,359,S15,F,C,i_2500,1,Imatinib,2500,237,119408,0.001984792,0.115320931,-0.007270271,0.032192322,0.058349371
F359C,359,S15,F,C,i_5000,1,Imatinib,5000,454,251745,0.001803412,-0.022937459,-0.011049353,0.032192322,0.044449545
F359C,359,S15,F,C,N,1,None,0,888,548120,0.001620083,-0.177598732,0.032192322,0.032192322,1
F359D,359,S15,F,D,a_5,1,Asciminib,5,3108,465856,0.00667159,-0.028194452,0.033156508,0.035647918,0.835786935
F359D,359,S15,F,D,a_10,1,Asciminib,10,4180,736805,0.005673143,-0.262076791,0.023881099,0.035647918,0.428608654
F359D,359,S15,F,D,a_50,1,Asciminib,50,1932,364815,0.005295835,-0.361366837,0.001281701,0.035647918,0.084216226
F359D,359,S15,F,D,a_89,1,Asciminib,89,2036,363702,0.00559799,-0.281316179,-0.000722263,0.035647918,0.072900989
F359D,359,S15,F,D,a_128,1,Asciminib,128,1422,237662,0.005983287,-0.185286664,0.000103319,0.035647918,0.077365748
F359D,359,S15,F,D,a_250,1,Asciminib,250,2884,453294,0.006362317,-0.096672782,-0.000718594,0.035647918,0.072920252
F359D,359,S15,F,D,a_363,1,Asciminib,363,2242,412243,0.00543854,-0.3230056,-0.002901734,0.035647918,0.062313637
F359D,359,S15,F,D,a_500,1,Asciminib,500,1459,263369,0.005539756,-0.296402541,-0.004357528,0.035647918,0.056112754
F359D,359,S15,F,D,a_638,1,Asciminib,638,3499,650734,0.005377005,-0.339422152,-0.006927436,0.035647918,0.046633994
F359D,359,S15,F,D,a_750,1,Asciminib,750,5238,906324,0.00577939,-0.23530771,-0.003069433,0.035647918,0.061565768
F359D,359,S15,F,D,a_1151,1,Asciminib,1151,1646,270466,0.006085793,-0.160779791,-0.001058559,0.035647918,0.071157017
F359D,359,S15,F,D,D0,1,D0,,571,86876,0.006572586,-0.049763815,,0.035647918,
F359D,359,S15,F,D,D0,1,D0,,571,86876,0.006572586,-0.049763815,,0.035647918,
F359D,359,S15,F,D,D0,2,D0,,327,46489,0.007033922,0.048104361,,0.035647918,
F359D,359,S15,F,D,D0,2,D0,,327,46489,0.007033922,0.048104361,,0.035647918,
F359D,359,S15,F,D,i_50,1,Imatinib,50,9340,1433607,0.006515035,-0.062452013,0.034080687,0.035647918,0.893293001
F359D,359,S15,F,D,i_100,1,Imatinib,100,775,136108,0.005694008,-0.256780532,0.030066477,0.035647918,0.669071899
F359D,359,S15,F,D,i_200,1,Imatinib,200,5072,847842,0.005982247,-0.185537572,0.02327425,0.035647918,0.410284627
F359D,359,S15,F,D,i_300,1,Imatinib,300,358,57840,0.006189488,-0.136404846,0.014795417,0.035647918,0.222822422
F359D,359,S15,F,D,i_444,1,Imatinib,444,1716,254313,0.006747591,-0.01185254,0.006700159,0.035647918,0.124401791
F359D,359,S15,F,D,i_500,1,Imatinib,500,265,44660,0.005933721,-0.197287773,0.00232778,0.035647918,0.09080418
F359D,359,S15,F,D,i_579,1,Imatinib,579,692,110676,0.006252485,-0.121795347,0.002730439,0.035647918,0.093475254
F359D,359,S15,F,D,i_750,1,Imatinib,750,1937,284854,0.006799975,-0.000695593,-0.000344095,0.035647918,0.074913214
F359D,359,S15,F,D,i_1000,1,Imatinib,1000,2205,311421,0.007080447,0.057615542,-0.001727097,0.035647918,0.067813017
F359D,359,S15,F,D,i_1250,1,Imatinib,1250,3359,448879,0.007483086,0.13740831,-0.003229355,0.035647918,0.060860939
F359D,359,S15,F,D,i_2500,1,Imatinib,2500,899,119408,0.007528809,0.146196643,-0.006947475,0.035647918,0.046566759
F359D,359,S15,F,D,i_5000,1,Imatinib,5000,1697,251745,0.006740948,-0.013273441,-0.010948318,0.035647918,0.034911848
F359D,359,S15,F,D,N,1,None,0,4146,548120,0.007564037,0.152931458,0.035647918,0.035647918,1
F359E,359,S15,F,E,a_5,1,Asciminib,5,1611,465856,0.00345815,0.04714463,0.033944156,0.036575032,0.827436379
F359E,359,S15,F,E,a_10,1,Asciminib,10,2450,736805,0.003325167,-0.009428892,0.026522459,0.036575032,0.484913266
F359E,359,S15,F,E,a_50,1,Asciminib,50,1248,364815,0.003420912,0.031525095,0.005389272,0.036575032,0.105887852
F359E,359,S15,F,E,a_89,1,Asciminib,89,1264,363702,0.003475373,0.054311815,0.00278663,0.036575032,0.087793751
F359E,359,S15,F,E,a_128,1,Asciminib,128,911,237662,0.003833175,0.195683922,0.004086256,0.036575032,0.096405515
F359E,359,S15,F,E,a_250,1,Asciminib,250,1650,453294,0.003640022,0.12109117,0.001558065,0.036575032,0.080361376
F359E,359,S15,F,E,a_363,1,Asciminib,363,1346,412243,0.003265065,-0.035744376,0.000101498,0.036575032,0.072360522
F359E,359,S15,F,E,a_500,1,Asciminib,500,832,263369,0.003159066,-0.083357898,-0.002130208,0.036575032,0.061619476
F359E,359,S15,F,E,a_638,1,Asciminib,638,2202,650734,0.003383871,0.015818745,-0.003213496,0.036575032,0.05699601
F359E,359,S15,F,E,a_750,1,Asciminib,750,3346,906324,0.003691836,0.141482767,0.000869802,0.036575032,0.076476135
F359E,359,S15,F,E,a_1151,1,Asciminib,1151,947,270466,0.003501364,0.065061296,0.001302544,0.036575032,0.078896445
F359E,359,S15,F,E,D0,1,D0,,333,86876,0.003833049,0.195636709,,0.036575032,
F359E,359,S15,F,E,D0,1,D0,,333,86876,0.003833049,0.195636709,,0.036575032,
F359E,359,S15,F,E,D0,2,D0,,133,46489,0.002860892,-0.226390937,,0.036575032,
F359E,359,S15,F,E,D0,2,D0,,133,46489,0.002860892,-0.226390937,,0.036575032,
F359E,359,S15,F,E,i_50,1,Imatinib,50,5862,1433607,0.004088987,0.288887497,0.037753839,0.036575032,1.088580061
F359E,359,S15,F,E,i_100,1,Imatinib,100,467,136108,0.003431099,0.035814799,0.033125476,0.036575032,0.780072828
F359E,359,S15,F,E,i_200,1,Imatinib,200,2898,847842,0.00341809,0.03033437,0.025531128,0.036575032,0.451508501
F359E,359,S15,F,E,i_300,1,Imatinib,300,177,57840,0.003060166,-0.129245981,0.01487026,0.036575032,0.209560344
F359E,359,S15,F,E,i_444,1,Imatinib,444,984,254313,0.003869248,0.209197219,0.009011169,0.036575032,0.13743584
F359E,359,S15,F,E,i_500,1,Imatinib,500,156,44660,0.003493059,0.061634989,0.005034742,0.036575032,0.103219153
F359E,359,S15,F,E,i_579,1,Imatinib,579,361,110676,0.003261773,-0.037199456,0.003614864,0.036575032,0.093188396
F359E,359,S15,F,E,i_750,1,Imatinib,750,898,284854,0.003152492,-0.086363104,-0.001239724,0.036575032,0.065699601
F359E,359,S15,F,E,i_1000,1,Imatinib,1000,1151,311421,0.003695961,0.143093811,-0.000833447,0.036575032,0.067649829
F359E,359,S15,F,E,i_1250,1,Imatinib,1250,1726,448879,0.003845134,0.200178071,-0.002573116,0.036575032,0.059685473
F359E,359,S15,F,E,i_2500,1,Imatinib,2500,492,119408,0.004120327,0.299902935,-0.00534052,0.036575032,0.048902842
F359E,359,S15,F,E,i_5000,1,Imatinib,5000,968,251745,0.003845161,0.200188039,-0.008716641,0.036575032,0.038350013
F359E,359,S15,F,E,N,1,None,0,2169,548120,0.003957163,0.241610486,0.036575032,0.036575032,1
F359G,359,S15,F,G,a_5,1,Asciminib,5,3675,465856,0.007888704,0.269469764,0.036268501,0.031412801,1.418514747
F359G,359,S15,F,G,a_10,1,Asciminib,10,6949,736805,0.009431261,0.527132118,0.032132048,0.031412801,1.053150131
F359G,359,S15,F,G,a_50,1,Asciminib,50,3521,364815,0.009651467,0.560429766,0.010918816,0.031412801,0.228649062
F359G,359,S15,F,G,a_89,1,Asciminib,89,2779,363702,0.007640871,0.223418564,0.004554591,0.031412801,0.144598971
F359G,359,S15,F,G,a_128,1,Asciminib,128,1692,237662,0.007119354,0.121427909,0.003309931,0.031412801,0.132204324
F359G,359,S15,F,G,a_250,1,Asciminib,250,2993,453294,0.006602779,0.012754802,0.00042544,0.031412801,0.107411288
F359G,359,S15,F,G,a_363,1,Asciminib,363,2142,412243,0.005195965,-0.332926928,-0.003005459,0.031412801,0.083901257
F359G,359,S15,F,G,a_500,1,Asciminib,500,1813,263369,0.006883878,0.072902971,-0.000496546,0.031412801,0.100512517
F359G,359,S15,F,G,a_638,1,Asciminib,638,3936,650734,0.006048554,-0.113728126,-0.004567871,0.031412801,0.074974414
F359G,359,S15,F,G,a_750,1,Asciminib,750,4672,906324,0.005154889,-0.344377026,-0.004209721,0.031412801,0.076932909
F359G,359,S15,F,G,a_1151,1,Asciminib,1151,1556,270466,0.005753034,-0.185995597,-0.001322182,0.031412801,0.094711599
F359G,359,S15,F,G,D0,1,D0,,584,86876,0.006722225,0.038620278,,0.031412801,
F359G,359,S15,F,G,D0,1,D0,,584,86876,0.006722225,0.038620278,,0.031412801,
F359G,359,S15,F,G,D0,2,D0,,296,46489,0.006367098,-0.039682629,,0.031412801,
F359G,359,S15,F,G,D0,2,D0,,296,46489,0.006367098,-0.039682629,,0.031412801,
F359G,359,S15,F,G,i_50,1,Imatinib,50,8239,1433607,0.005747042,-0.187498851,0.032773359,0.031412801,1.102918872
F359G,359,S15,F,G,i_100,1,Imatinib,100,928,136108,0.006818115,0.059054432,0.03336844,0.031412801,1.151201306
F359G,359,S15,F,G,i_200,1,Imatinib,200,6755,847842,0.007967286,0.283769922,0.028180723,0.031412801,0.792383631
F359G,359,S15,F,G,i_300,1,Imatinib,300,661,57840,0.011428077,0.804192308,0.024629086,0.031412801,0.61359051
F359G,359,S15,F,G,i_444,1,Imatinib,444,2005,254313,0.007883985,0.268606613,0.009632277,0.031412801,0.208420482
F359G,359,S15,F,G,i_500,1,Imatinib,500,542,44660,0.01213614,0.890919189,0.013704667,0.031412801,0.279434978
F359G,359,S15,F,G,i_579,1,Imatinib,579,964,110676,0.008710109,0.412372231,0.008315005,0.031412801,0.18956159
F359G,359,S15,F,G,i_750,1,Imatinib,750,2642,284854,0.009274927,0.50301739,0.004922077,0.031412801,0.148475978
F359G,359,S15,F,G,i_1000,1,Imatinib,1000,2528,311421,0.008117629,0.310739819,0.000919244,0.031412801,0.111298875
F359G,359,S15,F,G,i_1250,1,Imatinib,1250,3905,448879,0.008699449,0.410605533,-0.000373158,0.031412801,0.101409446
F359G,359,S15,F,G,i_2500,1,Imatinib,2500,774,119408,0.006481978,-0.013884437,-0.008621076,0.031412801,0.05599801
F359G,359,S15,F,G,i_5000,1,Imatinib,5000,1426,251745,0.005664462,-0.208379555,-0.012988096,0.031412801,0.040890212
F359G,359,S15,F,G,N,1,None,0,3012,548120,0.005495147,-0.252160419,0.031412801,0.031412801,1
F359H,359,S15,F,H,a_5,1,Asciminib,5,3976,465856,0.008534826,-0.138716585,0.032001031,0.032707699,0.950392611
F359H,359,S15,F,H,a_10,1,Asciminib,10,5377,736805,0.007297725,-0.364631647,0.022808918,0.032707699,0.490312533
F359H,359,S15,F,H,a_50,1,Asciminib,50,2595,364815,0.007113194,-0.401580778,0.000861276,0.032707699,0.100968924
F359H,359,S15,F,H,a_89,1,Asciminib,89,2581,363702,0.007096469,-0.404976985,-0.002015101,0.032707699,0.082081583
F359H,359,S15,F,H,a_128,1,Asciminib,128,1632,237662,0.006866895,-0.452420458,-0.002689487,0.032707699,0.078191261
F359H,359,S15,F,H,a_250,1,Asciminib,250,3308,453294,0.007297692,-0.364638098,-0.003520093,0.032707699,0.073652216
F359H,359,S15,F,H,a_363,1,Asciminib,363,2410,412243,0.005846067,-0.684612117,-0.006682225,0.032707699,0.058655465
F359H,359,S15,F,H,a_500,1,Asciminib,500,1683,263369,0.006390274,-0.556200633,-0.007073641,0.032707699,0.057025512
F359H,359,S15,F,H,a_638,1,Asciminib,638,4454,650734,0.006844579,-0.457116644,-0.008157898,0.032707699,0.052743065
F359H,359,S15,F,H,a_750,1,Asciminib,750,6297,906324,0.006947846,-0.435512489,-0.005162515,0.032707699,0.065437784
F359H,359,S15,F,H,a_1151,1,Asciminib,1151,1899,270466,0.007021215,-0.420357607,-0.003772369,0.032707699,0.072326484
F359H,359,S15,F,H,D0,1,D0,,844,86876,0.009714996,0.048135053,,0.032707699,
F359H,359,S15,F,H,D0,1,D0,,844,86876,0.009714996,0.048135053,,0.032707699,
F359H,359,S15,F,H,D0,2,D0,,422,46489,0.009077416,-0.049796661,,0.032707699,
F359H,359,S15,F,H,D0,2,D0,,422,46489,0.009077416,-0.049796661,,0.032707699,
F359H,359,S15,F,H,i_50,1,Imatinib,50,11929,1433607,0.008320969,-0.175326746,0.032900615,0.032707699,1.013986832
F359H,359,S15,F,H,i_100,1,Imatinib,100,1106,136108,0.0081259,-0.209550748,0.030560251,0.032707699,0.85674387
F359H,359,S15,F,H,i_200,1,Imatinib,200,5945,847842,0.00701192,-0.422268893,0.020799293,0.032707699,0.424261498
F359H,359,S15,F,H,i_300,1,Imatinib,300,480,57840,0.008298755,-0.179183414,0.014348179,0.032707699,0.266632105
F359H,359,S15,F,H,i_444,1,Imatinib,444,2028,254313,0.007974425,-0.236697827,0.004349467,0.032707699,0.129795811
F359H,359,S15,F,H,i_500,1,Imatinib,500,360,44660,0.008060905,-0.221136612,0.002078448,0.032707699,0.11021678
F359H,359,S15,F,H,i_579,1,Imatinib,579,849,110676,0.00767104,-0.292656217,0.000944138,0.032707699,0.101573114
F359H,359,S15,F,H,i_750,1,Imatinib,750,2439,284854,0.008562281,-0.134083174,-0.001738623,0.032707699,0.083731901
F359H,359,S15,F,H,i_1000,1,Imatinib,1000,2846,311421,0.009138754,-0.040080838,-0.002748484,0.032707699,0.077859823
F359H,359,S15,F,H,i_1250,1,Imatinib,1250,3835,448879,0.008543505,-0.137250293,-0.006100831,0.032707699,0.061162919
F359H,359,S15,F,H,i_2500,1,Imatinib,2500,1170,119408,0.009798338,0.060458766,-0.007843839,0.032707699,0.053949288
F359H,359,S15,F,H,i_5000,1,Imatinib,5000,1984,251745,0.007880991,-0.253701366,-0.013461922,0.032707699,0.03600085
F359H,359,S15,F,H,N,1,None,0,4712,548120,0.008596658,-0.128302505,0.032707699,0.032707699,1
F359I,359,S15,F,I,a_5,1,Asciminib,5,1059,465856,0.002273235,0.079463234,0.034282038,0.030946727,1.271430183
F359I,359,S15,F,I,a_10,1,Asciminib,10,1580,736805,0.002144394,-0.004713574,0.026571756,0.030946727,0.72979044
F359I,359,S15,F,I,a_50,1,Asciminib,50,905,364815,0.002480709,0.205469367,0.007207808,0.030946727,0.181010159
F359I,359,S15,F,I,a_89,1,Asciminib,89,951,363702,0.002614778,0.281405106,0.005160824,0.030946727,0.156205162
F359I,359,S15,F,I,a_128,1,Asciminib,128,484,237662,0.002036506,-0.079187576,0.001212554,0.030946727,0.117553657
F359I,359,S15,F,I,a_250,1,Asciminib,250,1100,453294,0.002426681,0.173701178,0.002108087,0.030946727,0.125383024
F359I,359,S15,F,I,a_363,1,Asciminib,363,861,412243,0.002088574,-0.042765135,2.81E-05,0.030946727,0.107944159
F359I,359,S15,F,I,a_500,1,Asciminib,500,557,263369,0.002114903,-0.024691591,-0.001516869,0.030946727,0.096580455
F359I,359,S15,F,I,a_638,1,Asciminib,638,1287,650734,0.001977767,-0.121411162,-0.004648195,0.030946727,0.077085943
F359I,359,S15,F,I,a_750,1,Asciminib,750,1817,906324,0.002004802,-0.10182375,-0.001673897,0.030946727,0.095494666
F359I,359,S15,F,I,a_1151,1,Asciminib,1151,448,270466,0.0016564,-0.377231889,-0.003321502,0.030946727,0.084812489
F359I,359,S15,F,I,D0,1,D0,,243,86876,0.00279709,0.378643354,,0.030946727,
F359I,359,S15,F,I,D0,1,D0,,243,86876,0.00279709,0.378643354,,0.030946727,
F359I,359,S15,F,I,D0,2,D0,,70,46489,0.001505733,-0.514817847,,0.030946727,
F359I,359,S15,F,I,D0,2,D0,,70,46489,0.001505733,-0.514817847,,0.030946727,
F359I,359,S15,F,I,i_50,1,Imatinib,50,2154,1433607,0.001502504,-0.517914713,0.029318957,0.030946727,0.889407851
F359I,359,S15,F,I,i_100,1,Imatinib,100,302,136108,0.002218826,0.044513307,0.033216417,0.030946727,1.177528431
F359I,359,S15,F,I,i_200,1,Imatinib,200,1674,847842,0.001974424,-0.123851189,0.023919163,0.030946727,0.602911665
F359I,359,S15,F,I,i_300,1,Imatinib,300,89,57840,0.001538728,-0.483545592,0.011166161,0.030946727,0.240700777
F359I,359,S15,F,I,i_444,1,Imatinib,444,476,254313,0.001871709,-0.200927014,0.00472344,0.030946727,0.151362656
F359I,359,S15,F,I,i_500,1,Imatinib,500,65,44660,0.001455441,-0.563826909,-0.00150428,0.030946727,0.096668039
F359I,359,S15,F,I,i_579,1,Imatinib,579,235,110676,0.002123315,-0.018965028,0.0038055,0.030946727,0.141682261
F359I,359,S15,F,I,i_750,1,Imatinib,750,453,284854,0.001590288,-0.435994991,-0.004895024,0.030946727,0.075728099
F359I,359,S15,F,I,i_1000,1,Imatinib,1000,565,311421,0.001814264,-0.245898741,-0.00490025,0.030946727,0.075699605
F359I,359,S15,F,I,i_1250,1,Imatinib,1250,908,448879,0.002022817,-0.088917682,-0.005595528,0.030946727,0.072003374
F359I,359,S15,F,I,i_2500,1,Imatinib,2500,244,119408,0.002043414,-0.074301724,-0.009252721,0.030946727,0.055334415
F359I,359,S15,F,I,i_5000,1,Imatinib,5000,512,251745,0.002033804,-0.08110269,-0.011657453,0.030946727,0.046537309
F359I,359,S15,F,I,N,1,None,0,960,548120,0.001751441,-0.296740747,0.030946727,0.030946727,1
F359K,359,S15,F,K,a_5,1,Asciminib,5,2149,465856,0.004613013,-0.178947259,0.031580431,0.03274324,0.919686685
F359K,359,S15,F,K,a_10,1,Asciminib,10,3419,736805,0.004640305,-0.170437096,0.024839165,0.03274324,0.566038389
F359K,359,S15,F,K,a_50,1,Asciminib,50,1476,364815,0.004045886,-0.368200996,0.001210252,0.03274324,0.10327343
F359K,359,S15,F,K,a_89,1,Asciminib,89,1459,363702,0.004011526,-0.380505643,-0.00175926,0.03274324,0.083393909
F359K,359,S15,F,K,a_128,1,Asciminib,128,1017,237662,0.004279186,-0.287320236,-0.000963412,0.03274324,0.088312031
F359K,359,S15,F,K,a_250,1,Asciminib,250,2028,453294,0.004473918,-0.22311808,-0.002040543,0.03274324,0.081721976
F359K,359,S15,F,K,a_363,1,Asciminib,363,1432,412243,0.003473679,-0.588192171,-0.005674182,0.03274324,0.062909732
F359K,359,S15,F,K,a_500,1,Asciminib,500,1091,263369,0.004142477,-0.334163108,-0.004752304,0.03274324,0.06722708
F359K,359,S15,F,K,a_638,1,Asciminib,638,2703,650734,0.004153771,-0.33023509,-0.006831388,0.03274324,0.057880588
F359K,359,S15,F,K,a_750,1,Asciminib,750,3893,906324,0.004295373,-0.281873211,-0.003556261,0.03274324,0.073272926
F359K,359,S15,F,K,a_1151,1,Asciminib,1151,1230,270466,0.004547707,-0.199517597,-0.001463551,0.03274324,0.08518849
F359K,359,S15,F,K,D0,1,D0,,457,86876,0.005260371,0.010507819,,0.03274324,
F359K,359,S15,F,K,D0,1,D0,,457,86876,0.005260371,0.010507819,,0.03274324,
F359K,359,S15,F,K,D0,2,D0,,241,46489,0.005184022,-0.010584914,,0.03274324,
F359K,359,S15,F,K,D0,2,D0,,241,46489,0.005184022,-0.010584914,,0.03274324,
F359K,359,S15,F,K,i_50,1,Imatinib,50,6374,1433607,0.004446128,-0.23210733,0.03230699,0.03274324,0.969078203
F359K,359,S15,F,K,i_100,1,Imatinib,100,650,136108,0.004775619,-0.12896891,0.031402711,0.03274324,0.907993459
F359K,359,S15,F,K,i_200,1,Imatinib,200,3822,847842,0.004507915,-0.212196325,0.02299554,0.03274324,0.495675214
F359K,359,S15,F,K,i_300,1,Imatinib,300,264,57840,0.004564315,-0.19425829,0.014190576,0.03274324,0.262949882
F359K,359,S15,F,K,i_444,1,Imatinib,444,1267,254313,0.00498205,-0.067917355,0.006114017,0.03274324,0.147002744
F359K,359,S15,F,K,i_500,1,Imatinib,500,208,44660,0.004657412,-0.16512839,0.002663997,0.03274324,0.114669009
F359K,359,S15,F,K,i_579,1,Imatinib,579,629,110676,0.005683256,0.122060846,0.005279884,0.03274324,0.138433999
F359K,359,S15,F,K,i_750,1,Imatinib,750,1373,284854,0.004820013,-0.115619707,-0.001545593,0.03274324,0.084686761
F359K,359,S15,F,K,i_1000,1,Imatinib,1000,1625,311421,0.005218017,-0.001155182,-0.002341528,0.03274324,0.079970035
F359K,359,S15,F,K,i_1250,1,Imatinib,1250,2248,448879,0.005008031,-0.060413236,-0.005297522,0.03274324,0.064639161
F359K,359,S15,F,K,i_2500,1,Imatinib,2500,762,119408,0.006381482,0.289234739,-0.005452053,0.03274324,0.063923955
F359K,359,S15,F,K,i_5000,1,Imatinib,5000,1094,251745,0.004345667,-0.265079054,-0.013580872,0.03274324,0.035602618
F359K,359,S15,F,K,N,1,None,0,2625,548120,0.004789097,-0.124903022,0.03274324,0.03274324,1
F359L,359,S15,F,L,a_5,1,Asciminib,5,617,465856,0.001324444,0.468142487,0.038345566,0.038089526,1.018605857
F359L,359,S15,F,L,a_10,1,Asciminib,10,1680,736805,0.002280115,1.251862548,0.039708894,0.038089526,1.123663663
F359L,359,S15,F,L,a_50,1,Asciminib,50,715,364815,0.001959897,1.033534264,0.015864985,0.038089526,0.201862822
F359L,359,S15,F,L,a_89,1,Asciminib,89,569,363702,0.001564468,0.708427865,0.009625222,0.038089526,0.128808322
F359L,359,S15,F,L,a_128,1,Asciminib,128,278,237662,0.001169728,0.288929707,0.005061113,0.038089526,0.092731626
F359L,359,S15,F,L,a_250,1,Asciminib,250,576,453294,0.001270698,0.408377818,0.004561563,0.038089526,0.08945556
F359L,359,S15,F,L,a_363,1,Asciminib,363,352,412243,0.000853865,-0.165163496,-0.001251541,0.038089526,0.058862162
F359L,359,S15,F,L,a_500,1,Asciminib,500,276,263369,0.001047959,0.130338797,0.000103928,0.038089526,0.064896407
F359L,359,S15,F,L,a_638,1,Asciminib,638,631,650734,0.000969674,0.018328142,-0.003187261,0.038089526,0.051204459
F359L,359,S15,F,L,a_750,1,Asciminib,750,761,906324,0.000839656,-0.189374363,-0.002589213,0.038089526,0.053457454
F359L,359,S15,F,L,a_1151,1,Asciminib,1151,320,270466,0.001183143,0.305380731,0.003815014,0.038089526,0.084774129
F359L,359,S15,F,L,D0,1,D0,,86,86876,0.000989917,0.048135053,,0.038089526,
F359L,359,S15,F,L,D0,1,D0,,86,86876,0.000989917,0.048135053,,0.038089526,
F359L,359,S15,F,L,D0,2,D0,,43,46489,0.00092495,-0.049796661,,0.038089526,
F359L,359,S15,F,L,D0,2,D0,,43,46489,0.00092495,-0.049796661,,0.038089526,
F359L,359,S15,F,L,i_50,1,Imatinib,50,1515,1433607,0.001056775,0.142424279,0.036222609,0.038089526,0.874224564
F359L,359,S15,F,L,i_100,1,Imatinib,100,149,136108,0.001094719,0.193316536,0.034772111,0.038089526,0.787529963
F359L,359,S15,F,L,i_200,1,Imatinib,200,1135,847842,0.001338693,0.483581029,0.03026969,0.038089526,0.569481944
F359L,359,S15,F,L,i_300,1,Imatinib,300,69,57840,0.001192946,0.317284881,0.01953861,0.038089526,0.262982994
F359L,359,S15,F,L,i_444,1,Imatinib,444,234,254313,0.000920126,-0.05734061,0.006224594,0.038089526,0.100834463
F359L,359,S15,F,L,i_500,1,Imatinib,500,52,44660,0.001164353,0.282284444,0.007341568,0.038089526,0.109278789
F359L,359,S15,F,L,i_579,1,Imatinib,579,109,110676,0.000984857,0.040741798,0.004429717,0.038089526,0.088610385
F359L,359,S15,F,L,i_750,1,Imatinib,750,290,284854,0.001018065,0.088586307,0.000589321,0.038089526,0.067204522
F359L,359,S15,F,L,i_1000,1,Imatinib,1000,368,311421,0.00118168,0.303595605,0.000844553,0.038089526,0.068450936
F359L,359,S15,F,L,i_1250,1,Imatinib,1250,607,448879,0.001352258,0.498125984,0.000541843,0.038089526,0.06697518
F359L,359,S15,F,L,i_2500,1,Imatinib,2500,156,119408,0.001306445,0.448402605,-0.003788,0.038089526,0.049036918
F359L,359,S15,F,L,i_5000,1,Imatinib,5000,238,251745,0.000945401,-0.018245479,-0.011000299,0.038089526,0.029174291
F359L,359,S15,F,L,N,1,None,0,686,548120,0.001251551,0.386472871,0.038089526,0.038089526,1
F359M,359,S15,F,M,a_5,1,Asciminib,5,1720,465856,0.003692128,0.273876818,0.036314575,0.032899666,1.278737738
F359M,359,S15,F,M,a_10,1,Asciminib,10,3244,736805,0.004402793,0.527843296,0.032139483,0.032899666,0.946737746
F359M,359,S15,F,M,a_50,1,Asciminib,50,1425,364815,0.003906089,0.355149197,0.008772667,0.032899666,0.176022419
F359M,359,S15,F,M,a_89,1,Asciminib,89,1187,363702,0.003263661,0.095915404,0.003221583,0.032899666,0.118029348
F359M,359,S15,F,M,a_128,1,Asciminib,128,801,237662,0.003370333,0.142315228,0.003528302,0.032899666,0.120664872
F359M,359,S15,F,M,a_250,1,Asciminib,250,1204,453294,0.002656113,-0.201259345,-0.001812016,0.032899666,0.082147318
F359M,359,S15,F,M,a_363,1,Asciminib,363,1021,412243,0.002476695,-0.302159803,-0.002683797,0.032899666,0.077149564
F359M,359,S15,F,M,a_500,1,Asciminib,500,593,263369,0.002251594,-0.439629205,-0.005854921,0.032899666,0.061400932
F359M,359,S15,F,M,a_638,1,Asciminib,638,1716,650734,0.002637022,-0.211666054,-0.005591783,0.032899666,0.062575319
F359M,359,S15,F,M,a_750,1,Asciminib,750,2386,906324,0.002632613,-0.214080518,-0.002847509,0.032899666,0.076245524
F359M,359,S15,F,M,a_1151,1,Asciminib,1151,858,270466,0.003172303,0.054954635,0.001196882,0.032899666,0.102018568
F359M,359,S15,F,M,D0,1,D0,,297,86876,0.003418666,0.16285758,,0.032899666,
F359M,359,S15,F,M,D0,1,D0,,297,86876,0.003418666,0.16285758,,0.032899666,
F359M,359,S15,F,M,D0,2,D0,,125,46489,0.002688808,-0.183608971,,0.032899666,
F359M,359,S15,F,M,D0,2,D0,,125,46489,0.002688808,-0.183608971,,0.032899666,
F359M,359,S15,F,M,i_50,1,Imatinib,50,4440,1433607,0.003097083,0.020334323,0.034946194,0.032899666,1.158759504
F359M,359,S15,F,M,i_100,1,Imatinib,100,450,136108,0.003306198,0.114597368,0.033949125,0.032899666,1.07848908
F359M,359,S15,F,M,i_200,1,Imatinib,200,2945,847842,0.003473525,0.185824526,0.027156732,0.032899666,0.661337336
F359M,359,S15,F,M,i_300,1,Imatinib,300,195,57840,0.003371369,0.142758899,0.017713992,0.032899666,0.335085849
F359M,359,S15,F,M,i_444,1,Imatinib,444,892,254313,0.003507489,0.199862731,0.00891358,0.032899666,0.177817385
F359M,359,S15,F,M,i_500,1,Imatinib,500,142,44660,0.003179579,0.058260006,0.004999458,0.032899666,0.134147546
F359M,359,S15,F,M,i_579,1,Imatinib,579,276,110676,0.002493766,-0.292249909,0.000948386,0.032899666,0.100209513
F359M,359,S15,F,M,i_750,1,Imatinib,750,817,284854,0.002868136,-0.090462354,-0.00128258,0.032899666,0.085339169
F359M,359,S15,F,M,i_1000,1,Imatinib,1000,1011,311421,0.003246409,0.088269092,-0.001406623,0.032899666,0.084580392
F359M,359,S15,F,M,i_1250,1,Imatinib,1250,1488,448879,0.003314925,0.11840025,-0.003428079,0.032899666,0.073124074
F359M,359,S15,F,M,i_2500,1,Imatinib,2500,371,119408,0.003106995,0.024943923,-0.008215137,0.032899666,0.051805146
F359M,359,S15,F,M,i_5000,1,Imatinib,5000,668,251745,0.002653479,-0.202690789,-0.012928621,0.032899666,0.03689657
F359M,359,S15,F,M,N,1,None,0,1551,548120,0.002829672,-0.109940763,0.032899666,0.032899666,1
F359N,359,S15,F,N,a_5,1,Asciminib,5,3632,465856,0.007796401,0.035572354,0.033823171,0.035704689,0.873305969
F359N,359,S15,F,N,a_10,1,Asciminib,10,5348,736805,0.007258366,-0.06759116,0.02591439,0.035704689,0.494157202
F359N,359,S15,F,N,a_50,1,Asciminib,50,2558,364815,0.007011773,-0.117456559,0.003831712,0.035704689,0.100776066
F359N,359,S15,F,N,a_89,1,Asciminib,89,2439,363702,0.00670604,-0.181774875,0.000318412,0.035704689,0.078252699
F359N,359,S15,F,N,a_128,1,Asciminib,128,1936,237662,0.008146023,0.098859931,0.003073989,0.035704689,0.095425408
F359N,359,S15,F,N,a_250,1,Asciminib,250,3534,453294,0.007796265,0.035547201,0.000663728,0.035704689,0.080222661
F359N,359,S15,F,N,a_363,1,Asciminib,363,2862,412243,0.006942507,-0.131779098,-0.000902517,0.035704689,0.071667434
F359N,359,S15,F,N,a_500,1,Asciminib,500,1621,263369,0.006154863,-0.305509225,-0.004452736,0.035704689,0.05550209
F359N,359,S15,F,N,a_638,1,Asciminib,638,4540,650734,0.006976737,-0.124683411,-0.004682405,0.035704689,0.054591843
F359N,359,S15,F,N,a_750,1,Asciminib,750,6035,906324,0.006658767,-0.191980892,-0.002616463,0.035704689,0.063347299
F359N,359,S15,F,N,a_1151,1,Asciminib,1151,2210,270466,0.008171083,0.10329135,0.001702228,0.035704689,0.086451026
F359N,359,S15,F,N,D0,1,D0,,619,86876,0.007125098,-0.094326044,,0.035704689,
F359N,359,S15,F,N,D0,1,D0,,619,86876,0.007125098,-0.094326044,,0.035704689,
F359N,359,S15,F,N,D0,2,D0,,376,46489,0.008087935,0.088535495,,0.035704689,
F359N,359,S15,F,N,D0,2,D0,,376,46489,0.008087935,0.088535495,,0.035704689,
F359N,359,S15,F,N,i_50,1,Imatinib,50,12050,1433607,0.008405372,0.144075786,0.036239875,0.035704689,1.039285422
F359N,359,S15,F,N,i_100,1,Imatinib,100,1128,136108,0.008287536,0.123707428,0.034044368,0.035704689,0.88732574
F359N,359,S15,F,N,i_200,1,Imatinib,200,5879,847842,0.006934075,-0.133532432,0.023817948,0.035704689,0.424923827
F359N,359,S15,F,N,i_300,1,Imatinib,300,439,57840,0.007589903,-0.003154386,0.016188511,0.035704689,0.245326618
F359N,359,S15,F,N,i_444,1,Imatinib,444,1838,254313,0.007227314,-0.073776219,0.006052765,0.035704689,0.118251853
F359N,359,S15,F,N,i_500,1,Imatinib,500,383,44660,0.008575907,0.173053367,0.006199589,0.035704689,0.119508565
F359N,359,S15,F,N,i_579,1,Imatinib,579,842,110676,0.007607792,0.000241956,0.004006303,0.035704689,0.102050876
F359N,359,S15,F,N,i_750,1,Imatinib,750,1970,284854,0.006915824,-0.137334809,-0.001772618,0.035704689,0.067315406
F359N,359,S15,F,N,i_1000,1,Imatinib,1000,2684,311421,0.008618558,0.180210665,-0.000445401,0.035704689,0.074065423
F359N,359,S15,F,N,i_1250,1,Imatinib,1250,3627,448879,0.008080128,0.087142368,-0.003754871,0.035704689,0.058362113
F359N,359,S15,F,N,i_2500,1,Imatinib,2500,1086,119408,0.009094868,0.257816833,-0.005780518,0.035704689,0.050441807
F359N,359,S15,F,N,i_5000,1,Imatinib,5000,1908,251745,0.007579098,-0.005209727,-0.010864014,0.035704689,0.034981124
F359N,359,S15,F,N,N,1,None,0,4653,548120,0.008489017,0.158361636,0.035704689,0.035704689,1
F359P,359,S15,F,P,a_5,1,Asciminib,5,2464,465856,0.005289188,0.000828423,0.033459934,0.036677343,0.793220959
F359P,359,S15,F,P,a_10,1,Asciminib,10,3568,736805,0.00484253,-0.126456995,0.025298964,0.036677343,0.440765081
F359P,359,S15,F,P,a_50,1,Asciminib,50,1603,364815,0.004394008,-0.266680383,0.00227162,0.036677343,0.083977025
F359P,359,S15,F,P,a_89,1,Asciminib,89,2086,363702,0.005735465,0.11769254,0.003449257,0.036677343,0.091408007
F359P,359,S15,F,P,a_128,1,Asciminib,128,1267,237662,0.0053311,0.012215518,0.002168147,0.036677343,0.083353716
F359P,359,S15,F,P,a_250,1,Asciminib,250,2408,453294,0.005312226,0.007098568,0.000366305,0.036677343,0.073212092
F359P,359,S15,F,P,a_363,1,Asciminib,363,1986,412243,0.004817547,-0.133919132,-0.00092489,0.036677343,0.066712645
F359P,359,S15,F,P,a_500,1,Asciminib,500,1109,263369,0.004210822,-0.328115935,-0.004689082,0.036677343,0.050875053
F359P,359,S15,F,P,a_638,1,Asciminib,638,3268,650734,0.005022021,-0.07394971,-0.004151999,0.036677343,0.052880924
F359P,359,S15,F,P,a_750,1,Asciminib,750,4558,906324,0.005029107,-0.071915723,-0.001361217,0.036677343,0.06464941
F359P,359,S15,F,P,a_1151,1,Asciminib,1151,1390,270466,0.005139278,-0.040652121,0.000197341,0.036677343,0.072326831
F359P,359,S15,F,P,D0,1,D0,,427,86876,0.004915051,-0.105011368,,0.036677343,
F359P,359,S15,F,P,D0,1,D0,,427,86876,0.004915051,-0.105011368,,0.036677343,
F359P,359,S15,F,P,D0,2,D0,,263,46489,0.005657252,0.097883648,,0.036677343,
F359P,359,S15,F,P,D0,2,D0,,263,46489,0.005657252,0.097883648,,0.036677343,
F359P,359,S15,F,P,i_50,1,Imatinib,50,8549,1433607,0.00596328,0.173888233,0.036551556,0.036677343,0.990984221
F359P,359,S15,F,P,i_100,1,Imatinib,100,793,136108,0.005826256,0.140351146,0.034218373,0.036677343,0.837741422
F359P,359,S15,F,P,i_200,1,Imatinib,200,4923,847842,0.005806506,0.135452545,0.026630108,0.036677343,0.485099667
F359P,359,S15,F,P,i_300,1,Imatinib,300,357,57840,0.006172199,0.223566763,0.018558815,0.036677343,0.271298928
F359P,359,S15,F,P,i_444,1,Imatinib,444,1570,254313,0.006173495,0.223869589,0.009164565,0.036677343,0.137942271
F359P,359,S15,F,P,i_500,1,Imatinib,500,274,44660,0.006135244,0.214902883,0.006637113,0.036677343,0.114991564
F359P,359,S15,F,P,i_579,1,Imatinib,579,707,110676,0.006388015,0.273149953,0.006859477,0.036677343,0.116847414
F359P,359,S15,F,P,i_750,1,Imatinib,750,1707,284854,0.005992544,0.180950635,0.001554963,0.036677343,0.079753765
F359P,359,S15,F,P,i_1000,1,Imatinib,1000,1774,311421,0.005696469,0.107850018,-0.00120191,0.036677343,0.065395214
F359P,359,S15,F,P,i_1250,1,Imatinib,1250,2719,448879,0.006057312,0.196459789,-0.002611989,0.036677343,0.059081827
F359P,359,S15,F,P,i_2500,1,Imatinib,2500,774,119408,0.006481978,0.294216216,-0.005399973,0.036677343,0.048336575
F359P,359,S15,F,P,i_5000,1,Imatinib,5000,1388,251745,0.005513516,0.060754685,-0.010174376,0.036677343,0.034275525
F359P,359,S15,F,P,N,1,None,0,3449,548120,0.006292418,0.251396593,0.036677343,0.036677343,1
F359Q,359,S15,F,Q,a_5,1,Asciminib,5,5699,465856,0.012233394,0.025312205,0.033715904,0.033723374,0.999462346
F359Q,359,S15,F,Q,a_10,1,Asciminib,10,8471,736805,0.011496936,-0.064263076,0.025949184,0.033723374,0.571356632
F359Q,359,S15,F,Q,a_50,1,Asciminib,50,3699,364815,0.010139386,-0.245542263,0.002492613,0.033723374,0.105545327
F359Q,359,S15,F,Q,a_89,1,Asciminib,89,3594,363702,0.009881716,-0.282678964,-0.000736511,0.033723374,0.083650181
F359Q,359,S15,F,Q,a_128,1,Asciminib,128,2508,237662,0.010552802,-0.187886413,7.61E-05,0.033723374,0.088690646
F359Q,359,S15,F,Q,a_250,1,Asciminib,250,5014,453294,0.011061254,-0.119997583,-0.000962448,0.033723374,0.082300413
F359Q,359,S15,F,Q,a_363,1,Asciminib,363,3757,412243,0.009113557,-0.399426394,-0.003700691,0.033723374,0.067573953
F359Q,359,S15,F,Q,a_500,1,Asciminib,500,2345,263369,0.008903857,-0.433010133,-0.005785721,0.033723374,0.058154339
F359Q,359,S15,F,Q,a_638,1,Asciminib,638,6361,650734,0.009775115,-0.298326862,-0.006497797,0.033723374,0.055247937
F359Q,359,S15,F,Q,a_750,1,Asciminib,750,8896,906324,0.009815474,-0.292382614,-0.003666134,0.033723374,0.067742293
F359Q,359,S15,F,Q,a_1151,1,Asciminib,1151,2978,270466,0.011010626,-0.126616005,-0.000701386,0.033723374,0.083861998
F359Q,359,S15,F,Q,D0,1,D0,,1001,86876,0.01152217,-0.061100124,,0.033723374,
F359Q,359,S15,F,Q,D0,1,D0,,1001,86876,0.01152217,-0.061100124,,0.033723374,
F359Q,359,S15,F,Q,D0,2,D0,,582,46489,0.012519091,0.058617246,,0.033723374,
F359Q,359,S15,F,Q,D0,2,D0,,582,46489,0.012519091,0.058617246,,0.033723374,
F359Q,359,S15,F,Q,i_50,1,Imatinib,50,16989,1433607,0.011850528,-0.020561165,0.034518644,0.033723374,1.058930511
F359Q,359,S15,F,Q,i_100,1,Imatinib,100,1390,136108,0.010212478,-0.235179497,0.03029231,0.033723374,0.781112106
F359Q,359,S15,F,Q,i_200,1,Imatinib,200,7757,847842,0.00914911,-0.393809148,0.021096831,0.033723374,0.402882197
F359Q,359,S15,F,Q,i_300,1,Imatinib,300,617,57840,0.010667358,-0.172309576,0.014420043,0.033723374,0.249115206
F359Q,359,S15,F,Q,i_444,1,Imatinib,444,2669,254313,0.010494941,-0.19581842,0.004776849,0.033723374,0.124412853
F359Q,359,S15,F,Q,i_500,1,Imatinib,500,462,44660,0.010344828,-0.216602913,0.002125846,0.033723374,0.102794647
F359Q,359,S15,F,Q,i_579,1,Imatinib,579,1186,110676,0.010715964,-0.165750912,0.002270896,0.033723374,0.103873819
F359Q,359,S15,F,Q,i_750,1,Imatinib,750,3177,284854,0.011153082,-0.108070089,-0.001466664,0.033723374,0.079366197
F359Q,359,S15,F,Q,i_1000,1,Imatinib,1000,3521,311421,0.011306238,-0.088393519,-0.003253579,0.033723374,0.069784691
F359Q,359,S15,F,Q,i_1250,1,Imatinib,1250,5094,448879,0.01134827,-0.083040158,-0.00553408,0.033723374,0.05921759
F359Q,359,S15,F,Q,i_2500,1,Imatinib,2500,1385,119408,0.011598888,-0.051526034,-0.009014608,0.033723374,0.046091134
F359Q,359,S15,F,Q,i_5000,1,Imatinib,5000,2882,251745,0.011448092,-0.070405303,-0.011545615,0.033723374,0.038412698
F359Q,359,S15,F,Q,N,1,None,0,6448,548120,0.011763847,-0.031152547,0.033723374,0.033723374,1
F359R,359,S15,F,R,a_5,1,Asciminib,5,4025,465856,0.008640009,0.136133305,0.034874507,0.034294412,1.042651288
F359R,359,S15,F,R,a_10,1,Asciminib,10,5883,736805,0.007984474,0.022297781,0.026854152,0.034294412,0.585260204
F359R,359,S15,F,R,a_50,1,Asciminib,50,2309,364815,0.006329235,-0.312868281,0.001788739,0.034294412,0.096288298
F359R,359,S15,F,R,a_89,1,Asciminib,89,2603,363702,0.007156958,-0.135552951,0.000801649,0.034294412,0.089682558
F359R,359,S15,F,R,a_128,1,Asciminib,128,1643,237662,0.006913179,-0.185550172,0.000100564,0.034294412,0.085267914
F359R,359,S15,F,R,a_250,1,Asciminib,250,3690,453294,0.008140412,0.050202347,0.000816943,0.034294412,0.089781368
F359R,359,S15,F,R,a_363,1,Asciminib,363,2594,412243,0.006292405,-0.321287921,-0.002883776,0.034294412,0.068780873
F359R,359,S15,F,R,a_500,1,Asciminib,500,1546,263369,0.005870091,-0.421516627,-0.005665559,0.034294412,0.056296779
F359R,359,S15,F,R,a_638,1,Asciminib,638,4647,650734,0.007141167,-0.138739694,-0.004829359,0.034294412,0.059790315
F359R,359,S15,F,R,a_750,1,Asciminib,750,6280,906324,0.006929089,-0.182233734,-0.00251456,0.034294412,0.070633835
F359R,359,S15,F,R,a_1151,1,Asciminib,1151,2151,270466,0.00795294,0.016588875,0.000795779,0.034294412,0.089644665
F359R,359,S15,F,R,D0,1,D0,,669,86876,0.007700631,-0.029922872,,0.034294412,
F359R,359,S15,F,R,D0,1,D0,,669,86876,0.007700631,-0.029922872,,0.034294412,
F359R,359,S15,F,R,D0,2,D0,,373,46489,0.008023403,0.029314833,,0.034294412,
F359R,359,S15,F,R,D0,2,D0,,373,46489,0.008023403,0.029314833,,0.034294412,
F359R,359,S15,F,R,i_50,1,Imatinib,50,12830,1433607,0.008949454,0.18690018,0.036687592,0.034294412,1.188044779
F359R,359,S15,F,R,i_100,1,Imatinib,100,1275,136108,0.009367561,0.252773977,0.035393721,0.034294412,1.082366924
F359R,359,S15,F,R,i_200,1,Imatinib,200,7432,847842,0.008765784,0.156983662,0.026855209,0.034294412,0.585304755
F359R,359,S15,F,R,i_300,1,Imatinib,300,542,57840,0.009370678,0.253253895,0.018869185,0.034294412,0.329355894
F359R,359,S15,F,R,i_444,1,Imatinib,444,2331,254313,0.00916587,0.221372389,0.009138457,0.034294412,0.163453167
F359R,359,S15,F,R,i_500,1,Imatinib,500,409,44660,0.009158083,0.220146188,0.006691931,0.034294412,0.137054216
F359R,359,S15,F,R,i_579,1,Imatinib,579,962,110676,0.008692038,0.144794986,0.005517563,0.034294412,0.12594208
F359R,359,S15,F,R,i_750,1,Imatinib,750,2580,284854,0.009057271,0.204176997,0.001797788,0.034294412,0.096351053
F359R,359,S15,F,R,i_1000,1,Imatinib,1000,2759,311421,0.00885939,0.17230782,-0.000528023,0.034294412,0.08149486
F359R,359,S15,F,R,i_1250,1,Imatinib,1250,4255,448879,0.009479169,0.269861124,-0.0018446,0.034294412,0.074124522
F359R,359,S15,F,R,i_2500,1,Imatinib,2500,1113,119408,0.009320984,0.245582692,-0.005908423,0.034294412,0.055320921
F359R,359,S15,F,R,i_5000,1,Imatinib,5000,1949,251745,0.007741961,-0.022200438,-0.011041647,0.034294412,0.038227646
F359R,359,S15,F,R,N,1,None,0,4380,548120,0.007990951,0.023467689,0.034294412,0.034294412,1
F359S,359,S15,F,S,a_5,1,Asciminib,5,5399,465856,0.011589418,0.14245749,0.034940624,0.034360055,1.042686961
F359S,359,S15,F,S,a_10,1,Asciminib,10,6606,736805,0.008965737,-0.227856535,0.024238862,0.034360055,0.482523382
F359S,359,S15,F,S,a_50,1,Asciminib,50,3375,364815,0.009251264,-0.1826282,0.003150361,0.034360055,0.105705544
F359S,359,S15,F,S,a_89,1,Asciminib,89,3230,363702,0.008880897,-0.241573347,-0.000306763,0.034360055,0.082413097
F359S,359,S15,F,S,a_128,1,Asciminib,128,2202,237662,0.009265259,-0.180447432,0.000153912,0.034360055,0.085192467
F359S,359,S15,F,S,a_250,1,Asciminib,250,3993,453294,0.008808853,-0.253324646,-0.002356343,0.034360055,0.071106206
F359S,359,S15,F,S,a_363,1,Asciminib,363,3693,412243,0.008958309,-0.229052387,-0.001919481,0.034360055,0.073378335
F359S,359,S15,F,S,a_500,1,Asciminib,500,2179,263369,0.008273563,-0.343769998,-0.004852741,0.034360055,0.059408302
F359S,359,S15,F,S,a_638,1,Asciminib,638,5697,650734,0.008754729,-0.262216181,-0.00612027,0.034360055,0.054226617
F359S,359,S15,F,S,a_750,1,Asciminib,750,8295,906324,0.009152356,-0.19813556,-0.002680809,0.034360055,0.069464311
F359S,359,S15,F,S,a_1151,1,Asciminib,1151,2579,270466,0.009535394,-0.138986125,-0.000830712,0.034360055,0.079362032
F359S,359,S15,F,S,D0,1,D0,,1032,86876,0.011879,0.178062734,,0.034360055,
F359S,359,S15,F,S,D0,1,D0,,1032,86876,0.011879,0.178062734,,0.034360055,
F359S,359,S15,F,S,D0,2,D0,,424,46489,0.009120437,-0.203175781,,0.034360055,
F359S,359,S15,F,S,D0,2,D0,,424,46489,0.009120437,-0.203175781,,0.034360055,
F359S,359,S15,F,S,i_50,1,Imatinib,50,15794,1433607,0.011016966,0.069376356,0.035458914,0.034360055,1.082331919
F359S,359,S15,F,S,i_100,1,Imatinib,100,1329,136108,0.009764305,-0.104761414,0.031655793,0.034360055,0.823075909
F359S,359,S15,F,S,i_200,1,Imatinib,200,7359,847842,0.008679683,-0.274636354,0.022342748,0.034360055,0.420947947
F359S,359,S15,F,S,i_300,1,Imatinib,300,607,57840,0.010494467,-0.000721688,0.016213944,0.034360055,0.27076068
F359S,359,S15,F,S,i_444,1,Imatinib,444,2513,254313,0.009881524,-0.087545193,0.005908814,0.034360055,0.128929526
F359S,359,S15,F,S,i_500,1,Imatinib,500,473,44660,0.010591133,0.01250628,0.004521116,0.034360055,0.116670261
F359S,359,S15,F,S,i_579,1,Imatinib,579,1049,110676,0.009478116,-0.147678383,0.002459839,0.034360055,0.100578624
F359S,359,S15,F,S,i_750,1,Imatinib,750,2885,284854,0.010127995,-0.052001999,-0.000880489,0.034360055,0.079078114
F359S,359,S15,F,S,i_1000,1,Imatinib,1000,3326,311421,0.010680076,0.024571283,-0.002072565,0.034360055,0.072573994
F359S,359,S15,F,S,i_1250,1,Imatinib,1250,5061,448879,0.011274753,0.102745218,-0.003591748,0.034360055,0.065054508
F359S,359,S15,F,S,i_2500,1,Imatinib,2500,1482,119408,0.012411229,0.241295299,-0.005953246,0.034360055,0.054882669
F359S,359,S15,F,S,i_5000,1,Imatinib,5000,2421,251745,0.009616874,-0.126710698,-0.012134272,0.034360055,0.035168957
F359S,359,S15,F,S,N,1,None,0,5875,548120,0.010718456,0.029746422,0.034360055,0.034360055,1
F359T,359,S15,F,T,a_5,1,Asciminib,5,2034,465856,0.004366156,0.350066715,0.037111118,0.034880751,1.17419927
F359T,359,S15,F,T,a_10,1,Asciminib,10,3722,736805,0.00505154,0.560426315,0.032480129,0.034880751,0.841268203
F359T,359,S15,F,T,a_50,1,Asciminib,50,2219,364815,0.006082535,0.828375729,0.013720113,0.034880751,0.21793336
F359T,359,S15,F,T,a_89,1,Asciminib,89,1730,363702,0.004756641,0.47364629,0.007170649,0.034880751,0.13599634
F359T,359,S15,F,T,a_128,1,Asciminib,128,1151,237662,0.004843012,0.499607696,0.00726369,0.034880751,0.136910431
F359T,359,S15,F,T,a_250,1,Asciminib,250,1834,453294,0.004045939,0.240177685,0.00280308,0.034880751,0.099301726
F359T,359,S15,F,T,a_363,1,Asciminib,363,1985,412243,0.004815121,0.491275122,0.005611334,0.034880751,0.121553833
F359T,359,S15,F,T,a_500,1,Asciminib,500,1174,263369,0.004457624,0.379977977,0.002713833,0.034880751,0.098665684
F359T,359,S15,F,T,a_638,1,Asciminib,638,2718,650734,0.004176822,0.286108632,-0.000387694,0.034880751,0.078919413
F359T,359,S15,F,T,a_750,1,Asciminib,750,4138,906324,0.004565696,0.414537867,0.003724513,0.034880751,0.106113172
F359T,359,S15,F,T,a_1151,1,Asciminib,1151,1166,270466,0.004311078,0.331751654,0.004090714,0.034880751,0.108948211
F359T,359,S15,F,T,D0,1,D0,,313,86876,0.003602836,0.072836089,,0.034880751,
F359T,359,S15,F,T,D0,1,D0,,313,86876,0.003602836,0.072836089,,0.034880751,
F359T,359,S15,F,T,D0,2,D0,,151,46489,0.00324808,-0.076709733,,0.034880751,
F359T,359,S15,F,T,D0,2,D0,,151,46489,0.00324808,-0.076709733,,0.034880751,
F359T,359,S15,F,T,i_50,1,Imatinib,50,4905,1433607,0.00342144,-0.001693434,0.034715901,0.034880751,0.988200935
F359T,359,S15,F,T,i_100,1,Imatinib,100,596,136108,0.004378876,0.35426348,0.036454765,0.034880751,1.120000332
F359T,359,S15,F,T,i_200,1,Imatinib,200,3776,847842,0.00445366,0.37869444,0.029173131,0.034880751,0.663020988
F359T,359,S15,F,T,i_300,1,Imatinib,300,280,57840,0.004840941,0.498990386,0.021438289,0.034880751,0.379896174
F359T,359,S15,F,T,i_444,1,Imatinib,444,942,254313,0.003704097,0.112824864,0.008003625,0.034880751,0.14440216
F359T,359,S15,F,T,i_500,1,Imatinib,500,154,44660,0.003448276,0.009578211,0.004490504,0.034880751,0.11212984
F359T,359,S15,F,T,i_579,1,Imatinib,579,340,110676,0.00307203,-0.157104646,0.00236129,0.034880751,0.096192762
F359T,359,S15,F,T,i_750,1,Imatinib,750,1087,284854,0.00381599,0.155760386,0.001291607,0.034880751,0.089062368
F359T,359,S15,F,T,i_1000,1,Imatinib,1000,1171,311421,0.003760183,0.134505954,-0.00092323,0.034880751,0.075934312
F359T,359,S15,F,T,i_1250,1,Imatinib,1250,1504,448879,0.003350569,-0.031890926,-0.004999329,0.034880751,0.056621541
F359T,359,S15,F,T,i_2500,1,Imatinib,2500,490,119408,0.004103578,0.260585269,-0.005751575,0.034880751,0.053636393
F359T,359,S15,F,T,i_5000,1,Imatinib,5000,1158,251745,0.004599893,0.42530324,-0.006363127,0.034880751,0.05132593
F359T,359,S15,F,T,N,1,None,0,1984,548120,0.003619645,0.079551359,0.034880751,0.034880751,1
F359V,359,S15,F,V,a_5,1,Asciminib,5,906,465856,0.001944807,0.133611553,0.034848143,0.031598842,1.263580811
F359V,359,S15,F,V,a_10,1,Asciminib,10,1885,736805,0.002558343,0.529194344,0.032153608,0.031598842,1.040751579
F359V,359,S15,F,V,a_50,1,Asciminib,50,995,364815,0.00272741,0.621516053,0.011557455,0.031598842,0.23622279
F359V,359,S15,F,V,a_89,1,Asciminib,89,1006,363702,0.002766001,0.641786118,0.008928502,0.031598842,0.195486395
F359V,359,S15,F,V,a_128,1,Asciminib,128,640,237662,0.0026929,0.603145234,0.008346145,0.031598842,0.187459172
F359V,359,S15,F,V,a_250,1,Asciminib,250,1133,453294,0.002499482,0.495613468,0.005473586,0.031598842,0.152434782
F359V,359,S15,F,V,a_363,1,Asciminib,363,809,412243,0.001962435,0.146629283,0.002008162,0.031598842,0.118774445
F359V,359,S15,F,V,a_500,1,Asciminib,500,609,263369,0.002312345,0.383341263,0.002748995,0.031598842,0.125281887
F359V,359,S15,F,V,a_638,1,Asciminib,638,1920,650734,0.002950514,0.734951048,0.004304823,0.031598842,0.140132142
F359V,359,S15,F,V,a_750,1,Asciminib,750,1988,906324,0.002193476,0.30720354,0.002602364,0.031598842,0.123966188
F359V,359,S15,F,V,a_1151,1,Asciminib,1151,666,270466,0.002462417,0.474059508,0.005578501,0.031598842,0.153590615
F359V,359,S15,F,V,D0,1,D0,,166,86876,0.001910769,0.108138234,,0.031598842,
F359V,359,S15,F,V,D0,1,D0,,166,86876,0.001910769,0.108138234,,0.031598842,
F359V,359,S15,F,V,D0,2,D0,,76,46489,0.001634795,-0.116905398,,0.031598842,
F359V,359,S15,F,V,D0,2,D0,,76,46489,0.001634795,-0.116905398,,0.031598842,
F359V,359,S15,F,V,i_50,1,Imatinib,50,2150,1433607,0.001499714,-0.24132835,0.032210587,0.031598842,1.045030038
F359V,359,S15,F,V,i_100,1,Imatinib,100,246,136108,0.001807388,0.027891026,0.033042636,0.031598842,1.109548425
F359V,359,S15,F,V,i_200,1,Imatinib,200,1954,847842,0.002304675,0.378547703,0.029171597,0.031598842,0.839657105
F359V,359,S15,F,V,i_300,1,Imatinib,300,159,57840,0.002748963,0.632871885,0.022837981,0.031598842,0.532175449
F359V,359,S15,F,V,i_444,1,Imatinib,444,488,254313,0.001918895,0.114260513,0.008018634,0.031598842,0.183090444
F359V,359,S15,F,V,i_500,1,Imatinib,500,140,44660,0.003134796,0.822356248,0.012987861,0.031598842,0.261848119
F359V,359,S15,F,V,i_579,1,Imatinib,579,208,110676,0.00187936,0.084225696,0.004884329,0.031598842,0.146102772
F359V,359,S15,F,V,i_750,1,Imatinib,750,587,284854,0.002060705,0.217122415,0.001933129,0.031598842,0.11813451
F359V,359,S15,F,V,i_1000,1,Imatinib,1000,654,311421,0.002100051,0.24440898,0.000225774,0.031598842,0.104469415
F359V,359,S15,F,V,i_1250,1,Imatinib,1250,901,448879,0.002007222,0.179185079,-0.002792591,0.031598842,0.084063465
F359V,359,S15,F,V,i_2500,1,Imatinib,2500,197,119408,0.001649806,-0.10371929,-0.009560273,0.031598842,0.051640123
F359V,359,S15,F,V,i_5000,1,Imatinib,5000,543,251745,0.002156945,0.28297365,-0.007851141,0.031598842,0.058402369
F359V,359,S15,F,V,N,1,None,0,826,548120,0.001506969,-0.234365419,0.031598842,0.031598842,1
F359W,359,S15,F,W,a_5,1,Asciminib,5,2377,465856,0.005102435,0.451751199,0.0381742,0.037098284,1.080545449
F359W,359,S15,F,W,a_10,1,Asciminib,10,3160,736805,0.004288787,0.201135078,0.028723844,0.037098284,0.547189743
F359W,359,S15,F,W,a_50,1,Asciminib,50,1438,364815,0.003941724,0.079391997,0.005889706,0.037098284,0.105714037
F359W,359,S15,F,W,a_89,1,Asciminib,89,1488,363702,0.004091262,0.133111038,0.003610453,0.037098284,0.089714413
F359W,359,S15,F,W,a_128,1,Asciminib,128,867,237662,0.003648038,-0.032313978,0.001702604,0.037098284,0.078199743
F359W,359,S15,F,W,a_250,1,Asciminib,250,1856,453294,0.004094473,0.134243016,0.001695564,0.037098284,0.078160111
F359W,359,S15,F,W,a_363,1,Asciminib,363,1713,412243,0.004155316,0.155523526,0.002101149,0.037098284,0.080476205
F359W,359,S15,F,W,a_500,1,Asciminib,500,844,263369,0.003204629,-0.219277267,-0.003551206,0.037098284,0.053570152
F359W,359,S15,F,W,a_638,1,Asciminib,638,2592,650734,0.003983194,0.094491154,-0.002390999,0.037098284,0.058237352
F359W,359,S15,F,W,a_750,1,Asciminib,750,3540,906324,0.003905888,0.066215842,8.29E-05,0.037098284,0.069591904
F359W,359,S15,F,W,a_1151,1,Asciminib,1151,1196,270466,0.004421998,0.245263515,0.003186506,0.037098284,0.087017329
F359W,359,S15,F,W,D0,1,D0,,338,86876,0.003890603,0.060558938,,0.037098284,
F359W,359,S15,F,W,D0,1,D0,,338,86876,0.003890603,0.060558938,,0.037098284,
F359W,359,S15,F,W,D0,2,D0,,166,46489,0.003570737,-0.063212781,,0.037098284,
F359W,359,S15,F,W,D0,2,D0,,166,46489,0.003570737,-0.063212781,,0.037098284,
F359W,359,S15,F,W,i_50,1,Imatinib,50,6792,1433607,0.0047377,0.344752148,0.038337888,0.037098284,1.093355621
F359W,359,S15,F,W,i_100,1,Imatinib,100,672,136108,0.004937256,0.404274643,0.036977617,0.037098284,0.991349603
F359W,359,S15,F,W,i_200,1,Imatinib,200,3516,847842,0.004146999,0.152633006,0.026809725,0.037098284,0.476743696
F359W,359,S15,F,W,i_300,1,Imatinib,300,273,57840,0.004719917,0.33932677,0.019769052,0.037098284,0.28716317
F359W,359,S15,F,W,i_444,1,Imatinib,444,1343,254313,0.005280894,0.501347464,0.012065515,0.037098284,0.164909352
F359W,359,S15,F,W,i_500,1,Imatinib,500,190,44660,0.004254366,0.189509538,0.006371633,0.037098284,0.109446566
F359W,359,S15,F,W,i_579,1,Imatinib,579,641,110676,0.00579168,0.634547224,0.01063778,0.037098284,0.148799388
F359W,359,S15,F,W,i_750,1,Imatinib,750,1327,284854,0.004658527,0.320439076,0.003013274,0.037098284,0.08593873
F359W,359,S15,F,W,i_1000,1,Imatinib,1000,1518,311421,0.00487443,0.385798929,0.001703965,0.037098284,0.078207403
F359W,359,S15,F,W,i_1250,1,Imatinib,1250,2142,448879,0.004771887,0.355125247,-0.000953188,0.037098284,0.064589335
F359W,359,S15,F,W,i_2500,1,Imatinib,2500,559,119408,0.004681428,0.327514063,-0.005051854,0.037098284,0.048083802
F359W,359,S15,F,W,i_5000,1,Imatinib,5000,939,251745,0.003729965,-0.000272691,-0.010812399,0.037098284,0.031759317
F359W,359,S15,F,W,N,1,None,0,2503,548120,0.004566518,0.291659885,0.037098284,0.037098284,1
F359Y,359,S15,F,Y,a_5,1,Asciminib,5,1598,465856,0.003430245,0.093092808,0.034424531,0.034572994,0.989367612
F359Y,359,S15,F,Y,a_10,1,Asciminib,10,3076,736805,0.004174782,0.376482126,0.030557046,0.034572994,0.74890121
F359Y,359,S15,F,Y,a_50,1,Asciminib,50,1319,364815,0.003615531,0.168988989,0.006826416,0.034572994,0.135639649
F359Y,359,S15,F,Y,a_89,1,Asciminib,89,1166,363702,0.003205921,-0.004479596,0.002171983,0.034572994,0.097016638
F359Y,359,S15,F,Y,a_128,1,Asciminib,128,674,237662,0.00283596,-0.181381277,0.000144149,0.034572994,0.083837339
F359Y,359,S15,F,Y,a_250,1,Asciminib,250,1242,453294,0.002739944,-0.231072417,-0.002123703,0.034572994,0.071207143
F359Y,359,S15,F,Y,a_363,1,Asciminib,363,1106,412243,0.002682884,-0.261434136,-0.002258022,0.034572994,0.070521818
F359Y,359,S15,F,Y,a_500,1,Asciminib,500,648,263369,0.002460426,-0.38631035,-0.005297488,0.034572994,0.056660687
F359Y,359,S15,F,Y,a_638,1,Asciminib,638,1649,650734,0.002534062,-0.343767061,-0.006972861,0.034572994,0.050222029
F359Y,359,S15,F,Y,a_750,1,Asciminib,750,2633,906324,0.002905142,-0.146609893,-0.002142123,0.034572994,0.071112768
F359Y,359,S15,F,Y,a_1151,1,Asciminib,1151,824,270466,0.003046594,-0.078021529,-0.000193345,0.034572994,0.081824679
F359Y,359,S15,F,Y,D0,1,D0,,228,86876,0.00262443,-0.29321438,,0.034572994,
F359Y,359,S15,F,Y,D0,1,D0,,228,86876,0.00262443,-0.29321438,,0.034572994,
F359Y,359,S15,F,Y,D0,2,D0,,177,46489,0.003807352,0.243569442,,0.034572994,
F359Y,359,S15,F,Y,D0,2,D0,,177,46489,0.003807352,0.243569442,,0.034572994,
F359Y,359,S15,F,Y,i_50,1,Imatinib,50,4572,1433607,0.003189159,-0.012042804,0.034607701,0.034572994,1.002502052
F359Y,359,S15,F,Y,i_100,1,Imatinib,100,491,136108,0.003607429,0.165752538,0.034483938,0.034572994,0.99360848
F359Y,359,S15,F,Y,i_200,1,Imatinib,200,3604,847842,0.004250792,0.40251305,0.029422148,0.034572994,0.690139928
F359Y,359,S15,F,Y,i_300,1,Imatinib,300,234,57840,0.004045643,0.331150452,0.019683571,0.034572994,0.342310031
F359Y,359,S15,F,Y,i_444,1,Imatinib,444,1012,254313,0.003979348,0.307313553,0.010036947,0.034572994,0.170913903
F359Y,359,S15,F,Y,i_500,1,Imatinib,500,159,44660,0.003560233,0.146752989,0.005924626,0.034572994,0.127112538
F359Y,359,S15,F,Y,i_579,1,Imatinib,579,430,110676,0.003885214,0.272775631,0.006855563,0.034572994,0.135924598
F359Y,359,S15,F,Y,i_750,1,Imatinib,750,1008,284854,0.003538655,0.137982448,0.001105743,0.034572994,0.089847453
F359Y,359,S15,F,Y,i_1000,1,Imatinib,1000,1275,311421,0.004094136,0.348340489,0.001312348,0.034572994,0.09119397
F359Y,359,S15,F,Y,i_1250,1,Imatinib,1250,1509,448879,0.003361708,0.063975676,-0.003997072,0.034572994,0.06222212
F359Y,359,S15,F,Y,i_2500,1,Imatinib,2500,512,119408,0.00428782,0.415025694,-0.004136945,0.034572994,0.061598632
F359Y,359,S15,F,Y,i_5000,1,Imatinib,5000,683,251745,0.002713063,-0.245296166,-0.013374048,0.034572994,0.031676284
F359Y,359,S15,F,Y,N,1,None,0,1825,548120,0.003329563,0.050114161,0.034572994,0.034572994,1
I360A,360,S15,I,A,a_5,1,Asciminib,5,4557,465856,0.009781993,0.037143468,0.033839597,0.033735753,1.007504765
I360A,360,S15,I,A,a_10,1,Asciminib,10,5749,736805,0.007802607,-0.289028649,0.023599325,0.033735753,0.481994384
I360A,360,S15,I,A,a_50,1,Asciminib,50,2856,364815,0.007828625,-0.284225898,0.002088187,0.033735753,0.102424968
I360A,360,S15,I,A,a_89,1,Asciminib,89,2741,363702,0.00753639,-0.339111359,-0.001326495,0.033735753,0.080099805
I360A,360,S15,I,A,a_128,1,Asciminib,128,1932,237662,0.008129192,-0.229872981,-0.000362818,0.033735753,0.085854859
I360A,360,S15,I,A,a_250,1,Asciminib,250,3918,453294,0.008643397,-0.141386495,-0.001186063,0.033735753,0.080913813
I360A,360,S15,I,A,a_363,1,Asciminib,363,3366,412243,0.008165087,-0.223516648,-0.001861606,0.033735753,0.077072414
I360A,360,S15,I,A,a_500,1,Asciminib,500,1795,263369,0.006815533,-0.484158526,-0.006320462,0.033735753,0.055908017
I360A,360,S15,I,A,a_638,1,Asciminib,638,5118,650734,0.007864965,-0.277544615,-0.006280524,0.033735753,0.056069012
I360A,360,S15,I,A,a_750,1,Asciminib,750,7324,906324,0.008080995,-0.238451925,-0.003102305,0.033735753,0.070486072
I360A,360,S15,I,A,a_1151,1,Asciminib,1151,2147,270466,0.007938151,-0.264181882,-0.002139597,0.033735753,0.075545117
I360A,360,S15,I,A,a_2500,1,Asciminib,2500,1,8,0.125,3.712799362,0.038346788,0.033735753,1.393745175
I360A,360,S15,I,A,D0,1,D0,,780,86876,0.008978314,-0.086540383,,0.033735753,
I360A,360,S15,I,A,D0,1,D0,,780,86876,0.008978314,-0.086540383,,0.033735753,
I360A,360,S15,I,A,D0,2,D0,,469,46489,0.010088408,0.081641702,,0.033735753,
I360A,360,S15,I,A,D0,2,D0,,469,46489,0.010088408,0.081641702,,0.033735753,
I360A,360,S15,I,A,i_50,1,Imatinib,50,13968,1433607,0.009743256,0.031419049,0.035062082,0.033735753,1.10020406
I360A,360,S15,I,A,i_100,1,Imatinib,100,1369,136108,0.010058189,0.077313752,0.033559336,0.033735753,0.987378285
I360A,360,S15,I,A,i_200,1,Imatinib,200,8215,847842,0.009689305,0.023408312,0.025458718,0.033735753,0.551040745
I360A,360,S15,I,A,i_300,1,Imatinib,300,596,57840,0.010304288,0.112187951,0.017394382,0.033735753,0.308331821
I360A,360,S15,I,A,i_444,1,Imatinib,444,2242,254313,0.008815908,-0.112875761,0.00564399,0.033735753,0.132310093
I360A,360,S15,I,A,i_500,1,Imatinib,500,397,44660,0.008889386,-0.100901072,0.003335475,0.033735753,0.112048886
I360A,360,S15,I,A,i_579,1,Imatinib,579,1015,110676,0.009170913,-0.055919509,0.003419151,0.033735753,0.112725985
I360A,360,S15,I,A,i_750,1,Imatinib,750,2799,284854,0.009826086,0.043631994,0.000119337,0.033735753,0.088887659
I360A,360,S15,I,A,i_1000,1,Imatinib,1000,2799,311421,0.008987833,-0.085011574,-0.003218222,0.033735753,0.06990024
I360A,360,S15,I,A,i_1250,1,Imatinib,1250,4099,448879,0.009131637,-0.062111442,-0.005315276,0.033735753,0.060104287
I360A,360,S15,I,A,i_2500,1,Imatinib,2500,1155,119408,0.009672719,0.020936528,-0.008257033,0.033735753,0.048631656
I360A,360,S15,I,A,i_5000,1,Imatinib,5000,2159,251745,0.008576139,-0.152656709,-0.01240553,0.033735753,0.03607438
I360A,360,S15,I,A,N,1,None,0,5118,548120,0.009337371,-0.029968458,0.033735753,0.033735753,1
I360C,360,S15,I,C,a_5,1,Asciminib,5,1397,465856,0.002998781,0.117829665,0.034683147,0.032599733,1.161841058
I360C,360,S15,I,C,a_10,1,Asciminib,10,1867,736805,0.002533913,-0.125179205,0.025312323,0.032599733,0.591736719
I360C,360,S15,I,C,a_50,1,Asciminib,50,861,364815,0.0023601,-0.227698188,0.002679168,0.032599733,0.115986592
I360C,360,S15,I,C,a_89,1,Asciminib,89,733,363702,0.002015386,-0.455490037,-0.0025432,0.032599733,0.07963583
I360C,360,S15,I,C,a_128,1,Asciminib,128,564,237662,0.002373118,-0.219762461,-0.000257115,0.032599733,0.093884213
I360C,360,S15,I,C,a_250,1,Asciminib,250,982,453294,0.002166364,-0.351270416,-0.003380338,0.032599733,0.07497766
I360C,360,S15,I,C,a_363,1,Asciminib,363,768,412243,0.001862979,-0.568935061,-0.005472855,0.032599733,0.064491213
I360C,360,S15,I,C,a_500,1,Asciminib,500,528,263369,0.002004792,-0.463093988,-0.006100238,0.032599733,0.061642857
I360C,360,S15,I,C,a_638,1,Asciminib,638,1209,650734,0.001857902,-0.572871971,-0.009368086,0.032599733,0.048719158
I360C,360,S15,I,C,a_750,1,Asciminib,750,1713,906324,0.001890053,-0.548120018,-0.006339794,0.032599733,0.060588757
I360C,360,S15,I,C,a_1151,1,Asciminib,1151,575,270466,0.00212596,-0.378431665,-0.003334045,0.032599733,0.075227981
I360C,360,S15,I,C,D0,1,D0,,198,86876,0.00227911,-0.27807553,,0.032599733,
I360C,360,S15,I,C,D0,1,D0,,198,86876,0.00227911,-0.27807553,,0.032599733,
I360C,360,S15,I,C,D0,2,D0,,151,46489,0.00324808,0.233040876,,0.032599733,
I360C,360,S15,I,C,D0,2,D0,,151,46489,0.00324808,0.233040876,,0.032599733,
I360C,360,S15,I,C,i_50,1,Imatinib,50,3931,1433607,0.002742035,-0.011299599,0.034615471,0.032599733,1.156193508
I360C,360,S15,I,C,i_100,1,Imatinib,100,403,136108,0.002960884,0.099481597,0.033791094,0.032599733,1.089564449
I360C,360,S15,I,C,i_200,1,Imatinib,200,2579,847842,0.00304184,0.138398057,0.026660902,0.032599733,0.652074941
I360C,360,S15,I,C,i_300,1,Imatinib,300,134,57840,0.002316736,-0.254452832,0.013561259,0.032599733,0.253911351
I360C,360,S15,I,C,i_444,1,Imatinib,444,701,254313,0.002756446,-0.003737143,0.006785003,0.032599733,0.155881285
I360C,360,S15,I,C,i_500,1,Imatinib,500,92,44660,0.002060009,-0.423895766,-4.13E-05,0.032599733,0.095354166
I360C,360,S15,I,C,i_579,1,Imatinib,579,315,110676,0.002846146,0.042463044,0.004447712,0.032599733,0.131737304
I360C,360,S15,I,C,i_750,1,Imatinib,750,856,284854,0.003005048,0.120841756,0.000926542,0.032599733,0.102236175
I360C,360,S15,I,C,i_1000,1,Imatinib,1000,975,311421,0.00313081,0.17998961,-0.000447712,0.032599733,0.092604643
I360C,360,S15,I,C,i_1250,1,Imatinib,1250,1281,448879,0.002853776,0.046325591,-0.004181599,0.032599733,0.070774547
I360C,360,S15,I,C,i_2500,1,Imatinib,2500,380,119408,0.003182366,0.203553546,-0.006347825,0.032599733,0.060553733
I360C,360,S15,I,C,i_5000,1,Imatinib,5000,562,251745,0.002232418,-0.30793937,-0.014028965,0.032599733,0.034830348
I360C,360,S15,I,C,N,1,None,0,1376,548120,0.002510399,-0.138629588,0.032599733,0.032599733,1
I360D,360,S15,I,D,a_5,1,Asciminib,5,3255,465856,0.006987138,-0.081008399,0.032604353,0.031124653,1.112420675
I360D,360,S15,I,D,a_10,1,Asciminib,10,4095,736805,0.00555778,-0.411201267,0.022322046,0.031124653,0.530578314
I360D,360,S15,I,D,a_50,1,Asciminib,50,1884,364815,0.005164261,-0.517147952,-0.000346945,0.031124653,0.103730916
I360D,360,S15,I,D,a_89,1,Asciminib,89,1871,363702,0.005144321,-0.522729168,-0.003246166,0.031124653,0.084188331
I360D,360,S15,I,D,a_128,1,Asciminib,128,1565,237662,0.006584982,-0.166530458,0.00029941,0.031124653,0.108672393
I360D,360,S15,I,D,a_250,1,Asciminib,250,2399,453294,0.005292371,-0.481795775,-0.004744942,0.031124653,0.075576426
I360D,360,S15,I,D,a_363,1,Asciminib,363,1995,412243,0.004839379,-0.610888117,-0.005911462,0.031124653,0.069488065
I360D,360,S15,I,D,a_500,1,Asciminib,500,1433,263369,0.005441035,-0.4418288,-0.005877917,0.031124653,0.069656096
I360D,360,S15,I,D,a_638,1,Asciminib,638,3846,650734,0.005910249,-0.322491039,-0.006750426,0.031124653,0.065414868
I360D,360,S15,I,D,a_750,1,Asciminib,750,5197,906324,0.005734152,-0.366129697,-0.004437138,0.031124653,0.077270039
I360D,360,S15,I,D,a_1151,1,Asciminib,1151,1554,270466,0.005745639,-0.363242609,-0.003175248,0.031124653,0.084619301
I360D,360,S15,I,D,D0,1,D0,,731,86876,0.008414292,0.18713186,,0.031124653,
I360D,360,S15,I,D,D0,1,D0,,731,86876,0.008414292,0.18713186,,0.031124653,
I360D,360,S15,I,D,D0,2,D0,,296,46489,0.006367098,-0.215074085,,0.031124653,
I360D,360,S15,I,D,D0,2,D0,,296,46489,0.006367098,-0.215074085,,0.031124653,
I360D,360,S15,I,D,i_50,1,Imatinib,50,8709,1433607,0.006074887,-0.282852476,0.031776465,0.031124653,1.048049101
I360D,360,S15,I,D,i_100,1,Imatinib,100,766,136108,0.005627884,-0.393117437,0.028641115,0.031124653,0.836260801
I360D,360,S15,I,D,i_200,1,Imatinib,200,4464,847842,0.005265132,-0.489240276,0.020099126,0.031124653,0.452106316
I360D,360,S15,I,D,i_300,1,Imatinib,300,326,57840,0.005636238,-0.390977455,0.012133934,0.031124653,0.254785882
I360D,360,S15,I,D,i_444,1,Imatinib,444,1489,254313,0.00585499,-0.336043325,0.003310838,0.031124653,0.134984591
I360D,360,S15,I,D,i_500,1,Imatinib,500,264,44660,0.00591133,-0.322227189,0.001021575,0.031124653,0.11447239
I360D,360,S15,I,D,i_579,1,Imatinib,579,714,110676,0.006451263,-0.196128297,0.001953309,0.031124653,0.122415199
I360D,360,S15,I,D,i_750,1,Imatinib,750,1882,284854,0.006606893,-0.161737904,-0.002027746,0.031124653,0.091907495
I360D,360,S15,I,D,i_1000,1,Imatinib,1000,2020,311421,0.006486396,-0.188292807,-0.004297997,0.031124653,0.078048035
I360D,360,S15,I,D,i_1250,1,Imatinib,1250,2971,448879,0.00661871,-0.159159866,-0.006329889,0.031124653,0.067425834
I360D,360,S15,I,D,i_2500,1,Imatinib,2500,875,119408,0.007327817,-0.012326442,-0.008604788,0.031124653,0.057239004
I360D,360,S15,I,D,i_5000,1,Imatinib,5000,1517,251745,0.006025939,-0.294523906,-0.01388871,0.031124653,0.039126233
I360D,360,S15,I,D,N,1,None,0,3337,548120,0.006088083,-0.279721958,0.031124653,0.031124653,1
I360E,360,S15,I,E,a_5,1,Asciminib,5,2067,465856,0.004436993,0.214901941,0.03569801,0.036051938,0.974839087
I360E,360,S15,I,E,a_10,1,Asciminib,10,2735,736805,0.003711973,-0.042494392,0.026176769,0.036051938,0.491146804
I360E,360,S15,I,E,a_50,1,Asciminib,50,1213,364815,0.003324973,-0.201337873,0.002954757,0.036051938,0.092273613
I360E,360,S15,I,E,a_89,1,Asciminib,89,1255,363702,0.003450627,-0.147821869,0.000673381,0.036051938,0.078296205
I360E,360,S15,I,E,a_128,1,Asciminib,128,910,237662,0.003828967,0.002274829,0.00206422,0.036051938,0.086542841
I360E,360,S15,I,E,a_250,1,Asciminib,250,1587,453294,0.003501039,-0.126897311,-0.001034582,0.036051938,0.069236334
I360E,360,S15,I,E,a_363,1,Asciminib,363,1434,412243,0.003478531,-0.136202346,-0.00094876,0.036051938,0.069665482
I360E,360,S15,I,E,a_500,1,Asciminib,500,752,263369,0.002855309,-0.421033349,-0.005660507,0.036051938,0.049623238
I360E,360,S15,I,E,a_638,1,Asciminib,638,2058,650734,0.003162583,-0.273577326,-0.006239048,0.036051938,0.047598644
I360E,360,S15,I,E,a_750,1,Asciminib,750,3281,906324,0.003620118,-0.078643668,-0.001431556,0.036051938,0.067285428
I360E,360,S15,I,E,a_1151,1,Asciminib,1151,1168,270466,0.004318473,0.175840655,0.00246071,0.036051938,0.089049006
I360E,360,S15,I,E,D0,1,D0,,326,86876,0.003752475,-0.026838088,,0.036051938,
I360E,360,S15,I,E,D0,1,D0,,326,86876,0.003752475,-0.026838088,,0.036051938,
I360E,360,S15,I,E,D0,2,D0,,181,46489,0.003893394,0.026347931,,0.036051938,
I360E,360,S15,I,E,D0,2,D0,,181,46489,0.003893394,0.026347931,,0.036051938,
I360E,360,S15,I,E,i_50,1,Imatinib,50,5971,1433607,0.004165019,0.123642513,0.036026251,0.036051938,0.998152238
I360E,360,S15,I,E,i_100,1,Imatinib,100,518,136108,0.003805801,-0.006480237,0.032683294,0.036051938,0.784630483
I360E,360,S15,I,E,i_200,1,Imatinib,200,3080,847842,0.003632752,-0.073617458,0.024444342,0.036051938,0.43355052
I360E,360,S15,I,E,i_300,1,Imatinib,300,220,57840,0.003803596,-0.007316402,0.016144999,0.036051938,0.238520584
I360E,360,S15,I,E,i_444,1,Imatinib,444,876,254313,0.003444574,-0.15035481,0.005252158,0.036051938,0.108871803
I360E,360,S15,I,E,i_500,1,Imatinib,500,148,44660,0.003313927,-0.206138449,0.002235249,0.036051938,0.087615124
I360E,360,S15,I,E,i_579,1,Imatinib,579,362,110676,0.003270808,-0.22503318,0.001651117,0.036051938,0.084006666
I360E,360,S15,I,E,i_750,1,Imatinib,750,1177,284854,0.004131941,0.112139282,0.000835561,0.036051938,0.079215824
I360E,360,S15,I,E,i_1000,1,Imatinib,1000,1108,311421,0.003557885,-0.103660725,-0.003413193,0.036051938,0.058338706
I360E,360,S15,I,E,i_1250,1,Imatinib,1250,2012,448879,0.004482277,0.229551328,-0.002266027,0.036051938,0.06336184
I360E,360,S15,I,E,i_2500,1,Imatinib,2500,482,119408,0.00403658,0.078453182,-0.007655713,0.036051938,0.042982986
I360E,360,S15,I,E,i_5000,1,Imatinib,5000,927,251745,0.003682298,-0.054074254,-0.011374879,0.036051938,0.032885257
I360E,360,S15,I,E,N,1,None,0,2393,548120,0.004365832,0.191576246,0.036051938,0.036051938,1
I360F,360,S15,I,F,a_5,1,Asciminib,5,2739,465856,0.005879499,-0.168615839,0.031688443,0.03290218,0.916320516
I360F,360,S15,I,F,a_10,1,Asciminib,10,3999,736805,0.005427488,-0.284024601,0.023651641,0.03290218,0.513739563
I360F,360,S15,I,F,a_50,1,Asciminib,50,1836,364815,0.005032688,-0.392980022,0.000951194,0.03290218,0.100211634
I360F,360,S15,I,F,a_89,1,Asciminib,89,1794,363702,0.00493261,-0.421958,-0.002192632,0.03290218,0.079912218
I360F,360,S15,I,F,a_128,1,Asciminib,128,1309,237662,0.005507822,-0.262827181,-0.000707344,0.03290218,0.088931777
I360F,360,S15,I,F,a_250,1,Asciminib,250,2434,453294,0.005369584,-0.299498928,-0.002839082,0.03290218,0.076277987
I360F,360,S15,I,F,a_363,1,Asciminib,363,1768,412243,0.004288733,-0.623757753,-0.00604601,0.03290218,0.060550975
I360F,360,S15,I,F,a_500,1,Asciminib,500,1239,263369,0.004704426,-0.490290386,-0.006384569,0.03290218,0.059092815
I360F,360,S15,I,F,a_638,1,Asciminib,638,2790,650734,0.004287466,-0.624183843,-0.009904537,0.03290218,0.045863595
I360F,360,S15,I,F,a_750,1,Asciminib,750,4438,906324,0.004896704,-0.432498252,-0.005131002,0.03290218,0.064674444
I360F,360,S15,I,F,a_1151,1,Asciminib,1151,1615,270466,0.005971176,-0.146294112,-0.000907115,0.03290218,0.087661782
I360F,360,S15,I,F,D0,1,D0,,582,86876,0.006699203,0.019680443,,0.03290218,
I360F,360,S15,I,F,D0,1,D0,,582,86876,0.006699203,0.019680443,,0.03290218,
I360F,360,S15,I,F,D0,2,D0,,303,46489,0.006517671,-0.01995263,,0.03290218,
I360F,360,S15,I,F,D0,2,D0,,303,46489,0.006517671,-0.01995263,,0.03290218,
I360F,360,S15,I,F,i_50,1,Imatinib,50,9353,1433607,0.006524103,-0.018529525,0.034539884,0.03290218,1.125148107
I360F,360,S15,I,F,i_100,1,Imatinib,100,758,136108,0.005569107,-0.246863144,0.030170161,0.03290218,0.821432594
I360F,360,S15,I,F,i_200,1,Imatinib,200,3801,847842,0.004483147,-0.559797441,0.019361472,0.03290218,0.377218379
I360F,360,S15,I,F,i_300,1,Imatinib,300,277,57840,0.004789073,-0.464562607,0.011364623,0.03290218,0.212098575
I360F,360,S15,I,F,i_444,1,Imatinib,444,1414,254313,0.005560078,-0.249204122,0.004218717,0.03290218,0.126791744
I360F,360,S15,I,F,i_500,1,Imatinib,500,207,44660,0.00463502,-0.511733514,-0.000959658,0.03290218,0.087330773
I360F,360,S15,I,F,i_579,1,Imatinib,579,630,110676,0.005692291,-0.215299706,0.001752878,0.03290218,0.10616617
I360F,360,S15,I,F,i_750,1,Imatinib,750,1538,284854,0.005399257,-0.291548193,-0.003384874,0.03290218,0.07333862
I360F,360,S15,I,F,i_1000,1,Imatinib,1000,1693,311421,0.005436371,-0.28166529,-0.005274179,0.03290218,0.064011157
I360F,360,S15,I,F,i_1250,1,Imatinib,1250,2728,448879,0.006077362,-0.12086399,-0.005929517,0.03290218,0.061060983
I360F,360,S15,I,F,i_2500,1,Imatinib,2500,701,119408,0.005870628,-0.170794178,-0.010261522,0.03290218,0.044699788
I360F,360,S15,I,F,i_5000,1,Imatinib,5000,1425,251745,0.00566049,-0.223382236,-0.013144944,0.03290218,0.036319773
I360F,360,S15,I,F,N,1,None,0,3357,548120,0.006124571,-0.109700271,0.03290218,0.03290218,1
I360G,360,S15,I,G,a_5,1,Asciminib,5,2910,465856,0.006246565,-0.176395032,0.031607114,0.032402427,0.944346139
I360G,360,S15,I,G,a_10,1,Asciminib,10,3184,736805,0.00432136,-0.707972627,0.019219388,0.032402427,0.387058751
I360G,360,S15,I,G,a_50,1,Asciminib,50,1689,364815,0.004629744,-0.608525832,-0.001302274,0.032402427,0.088324436
I360G,360,S15,I,G,a_89,1,Asciminib,89,1783,363702,0.004902365,-0.525980267,-0.003280155,0.032402427,0.076600944
I360G,360,S15,I,G,a_128,1,Asciminib,128,1403,237662,0.005903342,-0.25792635,-0.000656107,0.032402427,0.092530733
I360G,360,S15,I,G,a_250,1,Asciminib,250,2464,453294,0.005435766,-0.37697492,-0.003649071,0.032402427,0.074593059
I360G,360,S15,I,G,a_363,1,Asciminib,363,2221,412243,0.005387599,-0.389815714,-0.003600214,0.032402427,0.074855915
I360G,360,S15,I,G,a_500,1,Asciminib,500,1334,263369,0.005065137,-0.478856987,-0.006265036,0.032402427,0.061787308
I360G,360,S15,I,G,a_638,1,Asciminib,638,3365,650734,0.005171084,-0.448991541,-0.008072952,0.032402427,0.054245932
I360G,360,S15,I,G,a_750,1,Asciminib,750,4904,906324,0.005410869,-0.383598021,-0.004619765,0.032402427,0.069557761
I360G,360,S15,I,G,a_1151,1,Asciminib,1151,1612,270466,0.005960084,-0.244125613,-0.001929915,0.032402427,0.084421888
I360G,360,S15,I,G,D0,1,D0,,707,86876,0.008138036,0.205222425,,0.032402427,
I360G,360,S15,I,G,D0,1,D0,,707,86876,0.008138036,0.205222425,,0.032402427,
I360G,360,S15,I,G,D0,2,D0,,278,46489,0.005979909,-0.239334621,,0.032402427,
I360G,360,S15,I,G,D0,2,D0,,278,46489,0.005979909,-0.239334621,,0.032402427,
I360G,360,S15,I,G,i_50,1,Imatinib,50,8640,1433607,0.006026756,-0.22807648,0.032349132,0.032402427,0.996170123
I360G,360,S15,I,G,i_100,1,Imatinib,100,751,136108,0.005517677,-0.355397164,0.029035469,0.032402427,0.784725796
I360G,360,S15,I,G,i_200,1,Imatinib,200,4300,847842,0.0050717,-0.476988887,0.020227211,0.032402427,0.416189118
I360G,360,S15,I,G,i_300,1,Imatinib,300,339,57840,0.005860996,-0.26831239,0.013416362,0.032402427,0.254871271
I360G,360,S15,I,G,i_444,1,Imatinib,444,1554,254313,0.00611058,-0.208148819,0.004647938,0.032402427,0.135562409
I360G,360,S15,I,G,i_500,1,Imatinib,500,224,44660,0.005015674,-0.49301463,-0.000763958,0.032402427,0.091814992
I360G,360,S15,I,G,i_579,1,Imatinib,579,654,110676,0.00590914,-0.256509979,0.001322037,0.032402427,0.106694242
I360G,360,S15,I,G,i_750,1,Imatinib,750,1647,284854,0.005781909,-0.287912221,-0.003346861,0.032402427,0.076233923
I360G,360,S15,I,G,i_1000,1,Imatinib,1000,1777,311421,0.005706102,-0.306952662,-0.005538551,0.032402427,0.065105229
I360G,360,S15,I,G,i_1250,1,Imatinib,1250,2811,448879,0.006262267,-0.172773261,-0.006472213,0.032402427,0.060872482
I360G,360,S15,I,G,i_2500,1,Imatinib,2500,814,119408,0.006816964,-0.050328908,-0.009002092,0.032402427,0.050735706
I360G,360,S15,I,G,i_5000,1,Imatinib,5000,1396,251745,0.005545294,-0.348194294,-0.014449818,0.032402427,0.034274227
I360G,360,S15,I,G,N,1,None,0,3469,548120,0.006328906,-0.157502047,0.032402427,0.032402427,1
I360H,360,S15,I,H,a_5,1,Asciminib,5,2634,465856,0.005654108,0.188246418,0.035419334,0.034159459,1.094952556
I360H,360,S15,I,H,a_10,1,Asciminib,10,3368,736805,0.004571087,-0.118515567,0.02538199,0.034159459,0.531539502
I360H,360,S15,I,H,a_50,1,Asciminib,50,1746,364815,0.004785987,-0.052236344,0.00451357,0.034159459,0.118303257
I360H,360,S15,I,H,a_89,1,Asciminib,89,1751,363702,0.004814381,-0.043702629,0.001761917,0.034159459,0.097040876
I360H,360,S15,I,H,a_128,1,Asciminib,128,1198,237662,0.005040772,0.022591807,0.002276628,0.034159459,0.100704601
I360H,360,S15,I,H,a_250,1,Asciminib,250,2376,453294,0.005241631,0.078962918,0.001117626,0.034159459,0.092642069
I360H,360,S15,I,H,a_363,1,Asciminib,363,1923,412243,0.004664724,-0.089261087,-0.000458003,0.034159459,0.082706486
I360H,360,S15,I,H,a_500,1,Asciminib,500,1244,263369,0.004723411,-0.07122391,-0.002003351,0.034159459,0.073997624
I360H,360,S15,I,H,a_638,1,Asciminib,638,2621,650734,0.004027759,-0.301075434,-0.006526532,0.034159459,0.053429548
I360H,360,S15,I,H,a_750,1,Asciminib,750,4888,906324,0.005393215,0.120092543,0.000646173,0.034159459,0.089550144
I360H,360,S15,I,H,a_1151,1,Asciminib,1151,1442,270466,0.005331539,0.103499065,0.0017044,0.034159459,0.096639837
I360H,360,S15,I,H,D0,1,D0,,410,86876,0.00471937,-0.072458623,,0.034159459,
I360H,360,S15,I,H,D0,1,D0,,410,86876,0.00471937,-0.072458623,,0.034159459,
I360H,360,S15,I,H,D0,2,D0,,242,46489,0.005205532,0.068992801,,0.034159459,
I360H,360,S15,I,H,D0,2,D0,,242,46489,0.005205532,0.068992801,,0.034159459,
I360H,360,S15,I,H,i_50,1,Imatinib,50,7599,1433607,0.005300616,0.095107043,0.035727921,0.034159459,1.119552792
I360H,360,S15,I,H,i_100,1,Imatinib,100,685,136108,0.005032768,0.020299173,0.032963265,0.034159459,0.917478677
I360H,360,S15,I,H,i_200,1,Imatinib,200,3937,847842,0.004643554,-0.095823577,0.024212183,0.034159459,0.488603569
I360H,360,S15,I,H,i_300,1,Imatinib,300,245,57840,0.004235823,-0.228410656,0.013833523,0.034159459,0.231432415
I360H,360,S15,I,H,i_444,1,Imatinib,444,1347,254313,0.005296623,0.094019786,0.007807023,0.034159459,0.149961698
I360H,360,S15,I,H,i_500,1,Imatinib,500,217,44660,0.004858934,-0.030413062,0.004072407,0.034159459,0.114604553
I360H,360,S15,I,H,i_579,1,Imatinib,579,592,110676,0.005348946,0.108201819,0.005134992,0.034159459,0.123716628
I360H,360,S15,I,H,i_750,1,Imatinib,750,1607,284854,0.005641487,0.185022411,0.001597532,0.034159459,0.0958991
I360H,360,S15,I,H,i_1000,1,Imatinib,1000,1625,311421,0.005218017,0.072448632,-0.001572021,0.034159459,0.076331731
I360H,360,S15,I,H,i_1250,1,Imatinib,1250,2448,448879,0.005453585,0.136152101,-0.003242489,0.034159459,0.067681649
I360H,360,S15,I,H,i_2500,1,Imatinib,2500,673,119408,0.005636138,0.18365406,-0.006555868,0.034159459,0.053316813
I360H,360,S15,I,H,i_5000,1,Imatinib,5000,1314,251745,0.005219567,0.072877298,-0.010047637,0.034159459,0.041464779
I360H,360,S15,I,H,N,1,None,0,2740,548120,0.004998905,0.010559263,0.034159459,0.034159459,1
I360K,360,S15,I,K,a_5,1,Asciminib,5,2294,465856,0.004924268,-0.576636325,0.027422708,0.031665814,0.736752237
I360K,360,S15,I,K,a_10,1,Asciminib,10,3712,736805,0.005037968,-0.543703783,0.020936771,0.031665814,0.461861095
I360K,360,S15,I,K,a_50,1,Asciminib,50,1589,364815,0.004355632,-0.753663567,-0.002819647,0.031665814,0.083496281
I360K,360,S15,I,K,a_89,1,Asciminib,89,1751,363702,0.004814381,-0.609195417,-0.004150145,0.031665814,0.075868854
I360K,360,S15,I,K,a_128,1,Asciminib,128,1356,237662,0.005705582,-0.364171711,-0.001766872,0.031665814,0.090071332
I360K,360,S15,I,K,a_250,1,Asciminib,250,2504,453294,0.005524009,-0.410830145,-0.004003017,0.031665814,0.076676819
I360K,360,S15,I,K,a_363,1,Asciminib,363,1872,412243,0.004541011,-0.693532203,-0.006775482,0.031665814,0.062801691
I360K,360,S15,I,K,a_500,1,Asciminib,500,1161,263369,0.004408264,-0.736335212,-0.008956896,0.031665814,0.053673542
I360K,360,S15,I,K,a_638,1,Asciminib,638,3528,650734,0.00542157,-0.437835015,-0.007956314,0.031665814,0.057682976
I360K,360,S15,I,K,a_750,1,Asciminib,750,4950,906324,0.005461623,-0.427216005,-0.005075778,0.031665814,0.07097734
I360K,360,S15,I,K,a_1151,1,Asciminib,1151,1470,270466,0.005435064,-0.434248732,-0.003917597,0.031665814,0.077149858
I360K,360,S15,I,K,D0,1,D0,,721,86876,0.008299185,0.176423939,,0.031665814,
I360K,360,S15,I,K,D0,1,D0,,721,86876,0.008299185,0.176423939,,0.031665814,
I360K,360,S15,I,K,D0,2,D0,,297,46489,0.006388608,-0.201044104,,0.031665814,
I360K,360,S15,I,K,D0,2,D0,,297,46489,0.006388608,-0.201044104,,0.031665814,
I360K,360,S15,I,K,i_50,1,Imatinib,50,9020,1433607,0.006291822,-0.22306789,0.032401495,0.031665814,1.054397018
I360K,360,S15,I,K,i_100,1,Imatinib,100,653,136108,0.004797661,-0.614214611,0.026329608,0.031665814,0.680990588
I360K,360,S15,I,K,i_200,1,Imatinib,200,4371,847842,0.005155442,-0.510449699,0.019877388,0.031665814,0.427942411
I360K,360,S15,I,K,i_300,1,Imatinib,300,328,57840,0.005670816,-0.372989379,0.012321994,0.031665814,0.248390044
I360K,360,S15,I,K,i_444,1,Imatinib,444,1575,254313,0.006193156,-0.245871025,0.004253564,0.031665814,0.138944319
I360K,360,S15,I,K,i_500,1,Imatinib,500,243,44660,0.005441111,-0.432644579,-0.000132807,0.031665814,0.10131704
I360K,360,S15,I,K,i_579,1,Imatinib,579,545,110676,0.004924283,-0.576631916,-0.002024745,0.031665814,0.088414417
I360K,360,S15,I,K,i_750,1,Imatinib,750,1862,284854,0.006536682,-0.167987234,-0.00209308,0.031665814,0.087980473
I360K,360,S15,I,K,i_1000,1,Imatinib,1000,2067,311421,0.006637317,-0.145945486,-0.003855268,0.031665814,0.077496857
I360K,360,S15,I,K,i_1250,1,Imatinib,1250,2909,448879,0.006480588,-0.180420949,-0.006552168,0.031665814,0.063819617
I360K,360,S15,I,K,i_2500,1,Imatinib,2500,696,119408,0.005828755,-0.333357927,-0.011961078,0.031665814,0.043233647
I360K,360,S15,I,K,i_5000,1,Imatinib,5000,1386,251745,0.005505571,-0.415653509,-0.015155085,0.031665814,0.034351669
I360K,360,S15,I,K,N,1,None,0,3437,548120,0.006270525,-0.227959567,0.031665814,0.031665814,1
I360L,360,S15,I,L,a_5,1,Asciminib,5,1844,465856,0.003958305,0.508660224,0.038769167,0.037309766,1.11079603
I360L,360,S15,I,L,a_10,1,Asciminib,10,3131,736805,0.004249428,0.611046299,0.033009346,0.037309766,0.733718246
I360L,360,S15,I,L,a_50,1,Asciminib,50,1227,364815,0.003363349,0.273675842,0.007920887,0.037309766,0.120512805
I360L,360,S15,I,L,a_89,1,Asciminib,89,1083,363702,0.002977713,0.097982026,0.003243189,0.037309766,0.08605286
I360L,360,S15,I,L,a_128,1,Asciminib,128,609,237662,0.002562463,-0.118691472,0.000799553,0.037309766,0.072169675
I360L,360,S15,I,L,a_250,1,Asciminib,250,1292,453294,0.002850247,0.034864647,0.000656592,0.037309766,0.071430629
I360L,360,S15,I,L,a_363,1,Asciminib,363,1076,412243,0.002610111,-0.092111276,-0.000487801,0.037309766,0.065780962
I360L,360,S15,I,L,a_500,1,Asciminib,500,626,263369,0.002376893,-0.227145337,-0.003633464,0.037309766,0.052449077
I360L,360,S15,I,L,a_638,1,Asciminib,638,1592,650734,0.002446468,-0.185521956,-0.005318454,0.037309766,0.046456827
I360L,360,S15,I,L,a_750,1,Asciminib,750,2604,906324,0.002873145,0.046408202,-0.000124175,0.037309766,0.067525922
I360L,360,S15,I,L,a_1151,1,Asciminib,1151,739,270466,0.002732321,-0.026095334,0.000349528,0.037309766,0.069868729
I360L,360,S15,I,L,D0,1,D0,,233,86876,0.002681984,-0.052922082,,0.037309766,
I360L,360,S15,I,L,D0,1,D0,,233,86876,0.002681984,-0.052922082,,0.037309766,
I360L,360,S15,I,L,D0,2,D0,,134,46489,0.002882402,0.05104925,,0.037309766,
I360L,360,S15,I,L,D0,2,D0,,134,46489,0.002882402,0.05104925,,0.037309766,
I360L,360,S15,I,L,i_50,1,Imatinib,50,5305,1433607,0.003700456,0.411480712,0.039035516,0.037309766,1.132303453
I360L,360,S15,I,L,i_100,1,Imatinib,100,586,136108,0.004305405,0.629926346,0.039336739,0.037309766,1.157129204
I360L,360,S15,I,L,i_200,1,Imatinib,200,3361,847842,0.003964182,0.51080075,0.030554264,0.037309766,0.614838208
I360L,360,S15,I,L,i_300,1,Imatinib,300,248,57840,0.00428769,0.623978211,0.022745,0.037309766,0.35040588
I360L,360,S15,I,L,i_444,1,Imatinib,444,868,254313,0.003413117,0.294867379,0.009906826,0.037309766,0.139037492
I360L,360,S15,I,L,i_500,1,Imatinib,500,169,44660,0.003784147,0.443745638,0.009029598,0.037309766,0.130527402
I360L,360,S15,I,L,i_579,1,Imatinib,579,369,110676,0.003334056,0.261055955,0.006733038,0.037309766,0.110634376
I360L,360,S15,I,L,i_750,1,Imatinib,750,850,284854,0.002983985,0.101017724,0.000719288,0.037309766,0.071753805
I360L,360,S15,I,L,i_1000,1,Imatinib,1000,833,311421,0.002674836,-0.056772189,-0.002922987,0.037309766,0.055201883
I360L,360,S15,I,L,i_1250,1,Imatinib,1250,1469,448879,0.003272597,0.234213435,-0.002217286,0.037309766,0.058079198
I360L,360,S15,I,L,i_2500,1,Imatinib,2500,368,119408,0.003081871,0.147583818,-0.006932972,0.037309766,0.041358507
I360L,360,S15,I,L,i_5000,1,Imatinib,5000,690,251745,0.002740869,-0.021589215,-0.011035257,0.037309766,0.030781493
I360L,360,S15,I,L,N,1,None,0,1893,548120,0.003453623,0.311888276,0.037309766,0.037309766,1
I360M,360,S15,I,M,a_5,1,Asciminib,5,2859,465856,0.00613709,-0.164245752,0.031734131,0.035180068,0.780276071
I360M,360,S15,I,M,a_10,1,Asciminib,10,4384,736805,0.005950014,-0.208907351,0.02443697,0.035180068,0.461393927
I360M,360,S15,I,M,a_50,1,Asciminib,50,1752,364815,0.004802434,-0.518034572,-0.000356215,0.035180068,0.077412084
I360M,360,S15,I,M,a_89,1,Asciminib,89,1962,363702,0.005394526,-0.350304115,-0.001443512,0.035180068,0.071582991
I360M,360,S15,I,M,a_128,1,Asciminib,128,1509,237662,0.006349353,-0.115190739,0.000836152,0.035180068,0.084351558
I360M,360,S15,I,M,a_250,1,Asciminib,250,2757,453294,0.006082145,-0.177220095,-0.001560692,0.035180068,0.070981586
I360M,360,S15,I,M,a_363,1,Asciminib,363,2329,412243,0.00564958,-0.283656654,-0.002490352,0.035180068,0.06638592
I360M,360,S15,I,M,a_500,1,Asciminib,500,1436,263369,0.005452426,-0.33490209,-0.00476003,0.035180068,0.056377392
I360M,360,S15,I,M,a_638,1,Asciminib,638,3602,650734,0.005535288,-0.313142051,-0.006652685,0.035180068,0.049195247
I360M,360,S15,I,M,a_750,1,Asciminib,750,5083,906324,0.00560837,-0.294218955,-0.003685333,0.035180068,0.060912987
I360M,360,S15,I,M,a_1151,1,Asciminib,1151,1941,270466,0.007176503,0.061480575,0.001265109,0.035180068,0.086997396
I360M,360,S15,I,M,D0,1,D0,,496,86876,0.005709287,-0.268489856,,0.035180068,
I360M,360,S15,I,M,D0,1,D0,,496,86876,0.005709287,-0.268489856,,0.035180068,
I360M,360,S15,I,M,D0,2,D0,,374,46489,0.008044914,0.22627658,,0.035180068,
I360M,360,S15,I,M,D0,2,D0,,374,46489,0.008044914,0.22627658,,0.035180068,
I360M,360,S15,I,M,i_50,1,Imatinib,50,10519,1433607,0.007337436,0.093475676,0.035710866,0.035180068,1.038957088
I360M,360,S15,I,M,i_100,1,Imatinib,100,884,136108,0.006494842,-0.082505889,0.031888468,0.035180068,0.788995051
I360M,360,S15,I,M,i_200,1,Imatinib,200,4778,847842,0.005635484,-0.287260879,0.022210762,0.035180068,0.393061161
I360M,360,S15,I,M,i_300,1,Imatinib,300,306,57840,0.005290456,-0.378408197,0.012265342,0.035180068,0.192076739
I360M,360,S15,I,M,i_444,1,Imatinib,444,1736,254313,0.006826234,-0.010710561,0.006712098,0.035180068,0.128774316
I360M,360,S15,I,M,i_500,1,Imatinib,500,252,44660,0.005642633,-0.285431815,0.00140626,0.035180068,0.087886048
I360M,360,S15,I,M,i_579,1,Imatinib,579,685,110676,0.006189237,-0.152038813,0.002414252,0.035180068,0.094501575
I360M,360,S15,I,M,i_750,1,Imatinib,750,1768,284854,0.006206688,-0.147976688,-0.001883876,0.035180068,0.069348968
I360M,360,S15,I,M,i_1000,1,Imatinib,1000,2059,311421,0.006611629,-0.0567947,-0.002923223,0.035180068,0.064348802
I360M,360,S15,I,M,i_1250,1,Imatinib,1250,2775,448879,0.006182067,-0.15371113,-0.006272924,0.035180068,0.050558941
I360M,360,S15,I,M,i_2500,1,Imatinib,2500,861,119408,0.007210572,0.068313349,-0.007761722,0.035180068,0.04541972
I360M,360,S15,I,M,i_5000,1,Imatinib,5000,1531,251745,0.006081551,-0.177361139,-0.012663807,0.035180068,0.03191245
I360M,360,S15,I,M,N,1,None,0,4063,548120,0.00741261,0.10818129,0.035180068,0.035180068,1
I360N,360,S15,I,N,a_5,1,Asciminib,5,3545,465856,0.007609648,-0.239767647,0.030944572,0.032259137,0.90969243
I360N,360,S15,I,N,a_10,1,Asciminib,10,5403,736805,0.007333012,-0.293191369,0.023555805,0.032259137,0.534384358
I360N,360,S15,I,N,a_50,1,Asciminib,50,2639,364815,0.007233803,-0.312842899,0.001789004,0.032259137,0.111486745
I360N,360,S15,I,N,a_89,1,Asciminib,89,2548,363702,0.007005735,-0.359060781,-0.00153506,0.032259137,0.087757123
I360N,360,S15,I,N,a_128,1,Asciminib,128,1763,237662,0.007418098,-0.276547973,-0.000850791,0.032259137,0.092188965
I360N,360,S15,I,N,a_250,1,Asciminib,250,3789,453294,0.008358813,-0.104299125,-0.000798325,0.032259137,0.092537872
I360N,360,S15,I,N,a_363,1,Asciminib,363,2592,412243,0.006287554,-0.515098478,-0.004910009,0.032259137,0.068825666
I360N,360,S15,I,N,a_500,1,Asciminib,500,1757,263369,0.006671248,-0.429640551,-0.005750493,0.032259137,0.064784211
I360N,360,S15,I,N,a_638,1,Asciminib,638,4572,650734,0.007025912,-0.354911731,-0.007089375,0.032259137,0.058830615
I360N,360,S15,I,N,a_750,1,Asciminib,750,6289,906324,0.00693902,-0.372865453,-0.004507559,0.032259137,0.070849163
I360N,360,S15,I,N,a_1151,1,Asciminib,1151,1964,270466,0.007261541,-0.307321516,-0.00259061,0.032259137,0.081334762
I360N,360,S15,I,N,D0,1,D0,,739,86876,0.008506377,-0.079052515,,0.032259137,
I360N,360,S15,I,N,D0,1,D0,,739,86876,0.008506377,-0.079052515,,0.032259137,
I360N,360,S15,I,N,D0,2,D0,,440,46489,0.009464605,0.074944931,,0.032259137,
I360N,360,S15,I,N,D0,2,D0,,440,46489,0.009464605,0.074944931,,0.032259137,
I360N,360,S15,I,N,i_50,1,Imatinib,50,11242,1433607,0.007841759,-0.196420067,0.03268009,0.032259137,1.030772592
I360N,360,S15,I,N,i_100,1,Imatinib,100,941,136108,0.006913627,-0.378154438,0.028797549,0.032259137,0.779397267
I360N,360,S15,I,N,i_200,1,Imatinib,200,5882,847842,0.006937613,-0.373157851,0.021312734,0.032259137,0.454689269
I360N,360,S15,I,N,i_300,1,Imatinib,300,391,57840,0.006760028,-0.410568145,0.011929119,0.032259137,0.231364402
I360N,360,S15,I,N,i_444,1,Imatinib,444,2039,254313,0.008017679,-0.164412636,0.005105187,0.032259137,0.141552528
I360N,360,S15,I,N,i_500,1,Imatinib,500,289,44660,0.006471115,-0.473582958,-0.000560805,0.032259137,0.094134009
I360N,360,S15,I,N,i_579,1,Imatinib,579,752,110676,0.006794608,-0.403207042,-0.000211639,0.032259137,0.096530538
I360N,360,S15,I,N,i_750,1,Imatinib,750,2067,284854,0.007256349,-0.308353476,-0.003560569,0.032259137,0.075848387
I360N,360,S15,I,N,i_1000,1,Imatinib,1000,2531,311421,0.008127262,-0.144827925,-0.003843584,0.032259137,0.074318455
I360N,360,S15,I,N,i_1250,1,Imatinib,1250,3941,448879,0.008779649,-0.033434054,-0.005015462,0.032259137,0.068305077
I360N,360,S15,I,N,i_2500,1,Imatinib,2500,1112,119408,0.009312609,0.051588092,-0.00793658,0.032259137,0.05534928
I360N,360,S15,I,N,i_5000,1,Imatinib,5000,2089,251745,0.008298079,-0.114819832,-0.012009956,0.032259137,0.0412801
I360N,360,S15,I,N,N,1,None,0,4374,548120,0.007980004,-0.171207757,0.032259137,0.032259137,1
I360P,360,S15,I,P,a_5,1,Asciminib,5,2350,465856,0.005044477,-0.265330008,0.030677325,0.031116203,0.968894823
I360P,360,S15,I,P,a_10,1,Asciminib,10,2938,736805,0.003987487,-0.604555146,0.020300588,0.031116203,0.458991175
I360P,360,S15,I,P,a_50,1,Asciminib,50,1509,364815,0.004136343,-0.551678934,-0.000707957,0.031116203,0.101130909
I360P,360,S15,I,P,a_89,1,Asciminib,89,1837,363702,0.005050838,-0.263511923,-0.000536125,0.031116203,0.10238986
I360P,360,S15,I,P,a_128,1,Asciminib,128,1157,237662,0.004868258,-0.316629073,-0.001269827,0.031116203,0.09712134
I360P,360,S15,I,P,a_250,1,Asciminib,250,2224,453294,0.004906308,-0.305396967,-0.002900744,0.031116203,0.086360906
I360P,360,S15,I,P,a_363,1,Asciminib,363,1545,412243,0.00374779,-0.693994848,-0.006780319,0.031116203,0.065313957
I360P,360,S15,I,P,a_500,1,Asciminib,500,1118,263369,0.004244995,-0.514272044,-0.00663529,0.031116203,0.065999541
I360P,360,S15,I,P,a_638,1,Asciminib,638,2678,650734,0.004115353,-0.559018664,-0.009223254,0.031116203,0.054779411
I360P,360,S15,I,P,a_750,1,Asciminib,750,4111,906324,0.004535905,-0.418644207,-0.004986162,0.031116203,0.074320364
I360P,360,S15,I,P,a_1151,1,Asciminib,1151,1254,270466,0.004636442,-0.387016587,-0.003423798,0.031116203,0.083169043
I360P,360,S15,I,P,D0,1,D0,,519,86876,0.005974032,-0.02132983,,0.031116203,
I360P,360,S15,I,P,D0,1,D0,,519,86876,0.005974032,-0.02132983,,0.031116203,
I360P,360,S15,I,P,D0,2,D0,,286,46489,0.006151993,0.021019064,,0.031116203,
I360P,360,S15,I,P,D0,2,D0,,286,46489,0.006151993,0.021019064,,0.031116203,
I360P,360,S15,I,P,i_50,1,Imatinib,50,6902,1433607,0.00481443,-0.332669898,0.031255638,0.031116203,1.010089906
I360P,360,S15,I,P,i_100,1,Imatinib,100,619,136108,0.004547859,-0.414847242,0.028413936,0.031116203,0.82319415
I360P,360,S15,I,P,i_200,1,Imatinib,200,3632,847842,0.004283817,-0.501137923,0.01997474,0.031116203,0.448348111
I360P,360,S15,I,P,i_300,1,Imatinib,300,234,57840,0.004045643,-0.583665712,0.010119435,0.031116203,0.220519906
I360P,360,S15,I,P,i_444,1,Imatinib,444,1222,254313,0.004805102,-0.335467616,0.003316857,0.031116203,0.135125288
I360P,360,S15,I,P,i_500,1,Imatinib,500,202,44660,0.004523063,-0.422734648,-2.92E-05,0.031116203,0.106195974
I360P,360,S15,I,P,i_579,1,Imatinib,579,491,110676,0.004436373,-0.450654169,-0.000707684,0.031116203,0.101132891
I360P,360,S15,I,P,i_750,1,Imatinib,750,1387,284854,0.004869161,-0.316361567,-0.003644291,0.031116203,0.081859121
I360P,360,S15,I,P,i_1000,1,Imatinib,1000,1539,311421,0.004941863,-0.294979691,-0.005413377,0.031116203,0.072069109
I360P,360,S15,I,P,i_1250,1,Imatinib,1250,2250,448879,0.005012487,-0.274508292,-0.007535823,0.031116203,0.061856019
I360P,360,S15,I,P,i_2500,1,Imatinib,2500,651,119408,0.005451896,-0.153276738,-0.010078382,0.031116203,0.051508415
I360P,360,S15,I,P,i_5000,1,Imatinib,5000,1348,251745,0.005354625,-0.179249318,-0.012683548,0.031116203,0.042698904
I360P,360,S15,I,P,N,1,None,0,2736,548120,0.004991608,-0.280530237,0.031116203,0.031116203,1
I360Q,360,S15,I,Q,a_5,1,Asciminib,5,2166,465856,0.004649505,-0.24461668,0.030893877,0.0336523,0.819872481
I360Q,360,S15,I,Q,a_10,1,Asciminib,10,3105,736805,0.004214141,-0.386455431,0.022580756,0.0336523,0.45061088
I360Q,360,S15,I,Q,a_50,1,Asciminib,50,1591,364815,0.004361115,-0.336997062,0.00153648,0.0336523,0.099029348
I360Q,360,S15,I,Q,a_89,1,Asciminib,89,1708,363702,0.004696152,-0.230214732,-0.000188012,0.0336523,0.087466233
I360Q,360,S15,I,Q,a_128,1,Asciminib,128,1099,237662,0.004624214,-0.25248571,-0.000599227,0.0336523,0.084914542
I360Q,360,S15,I,Q,a_250,1,Asciminib,250,2089,453294,0.004608488,-0.257400421,-0.002398954,0.0336523,0.074594367
I360Q,360,S15,I,Q,a_363,1,Asciminib,363,1868,412243,0.004531308,-0.281766389,-0.00247059,0.0336523,0.074210616
I360Q,360,S15,I,Q,a_500,1,Asciminib,500,1095,263369,0.004157665,-0.405920521,-0.005502507,0.0336523,0.059656865
I360Q,360,S15,I,Q,a_638,1,Asciminib,638,2753,650734,0.004230607,-0.380829173,-0.007360334,0.0336523,0.052187637
I360Q,360,S15,I,Q,a_750,1,Asciminib,750,4346,906324,0.004795195,-0.200104562,-0.002701394,0.0336523,0.072987583
I360Q,360,S15,I,Q,a_1151,1,Asciminib,1151,1172,270466,0.004333262,-0.346240524,-0.002997496,0.0336523,0.071448004
I360Q,360,S15,I,Q,D0,1,D0,,475,86876,0.005467563,-0.010796014,,0.0336523,
I360Q,360,S15,I,Q,D0,1,D0,,475,86876,0.005467563,-0.010796014,,0.0336523,
I360Q,360,S15,I,Q,D0,2,D0,,258,46489,0.0055497,0.010715824,,0.0336523,
I360Q,360,S15,I,Q,D0,2,D0,,258,46489,0.0055497,0.010715824,,0.0336523,
I360Q,360,S15,I,Q,i_50,1,Imatinib,50,7385,1433607,0.005151342,-0.096745609,0.033722158,0.0336523,1.005042455
I360Q,360,S15,I,Q,i_100,1,Imatinib,100,607,136108,0.004459694,-0.304749293,0.029564978,0.0336523,0.745062512
I360Q,360,S15,I,Q,i_200,1,Imatinib,200,3723,847842,0.004391148,-0.327095668,0.021794301,0.0336523,0.425804101
I360Q,360,S15,I,Q,i_300,1,Imatinib,300,220,57840,0.003803596,-0.534329877,0.010635226,0.0336523,0.190666533
I360Q,360,S15,I,Q,i_444,1,Imatinib,444,1209,254313,0.004753984,-0.212556815,0.004601854,0.0336523,0.123485432
I360Q,360,S15,I,Q,i_500,1,Imatinib,500,199,44660,0.004455889,-0.305980668,0.001191428,0.0336523,0.096599397
I360Q,360,S15,I,Q,i_579,1,Imatinib,579,531,110676,0.004797788,-0.199324491,0.001919894,0.0336523,0.10180122
I360Q,360,S15,I,Q,i_750,1,Imatinib,750,1221,284854,0.004286406,-0.361925313,-0.004120647,0.0336523,0.065897674
I360Q,360,S15,I,Q,i_1000,1,Imatinib,1000,1715,311421,0.005507015,-0.000423504,-0.002333878,0.0336523,0.074944697
I360Q,360,S15,I,Q,i_1250,1,Imatinib,1250,2165,448879,0.004823126,-0.191725427,-0.006670353,0.0336523,0.054845729
I360Q,360,S15,I,Q,i_2500,1,Imatinib,2500,671,119408,0.005619389,0.028719327,-0.008175666,0.0336523,0.04921221
I360Q,360,S15,I,Q,i_5000,1,Imatinib,5000,1252,251745,0.004973286,-0.14749441,-0.012351559,0.0336523,0.03643309
I360Q,360,S15,I,Q,N,1,None,0,2941,548120,0.005365613,-0.037950841,0.0336523,0.0336523,1
I360R,360,S15,I,R,a_5,1,Asciminib,5,2717,465856,0.005832274,-0.084276172,0.03257019,0.033361192,0.944639243
I360R,360,S15,I,R,a_10,1,Asciminib,10,4634,736805,0.006289317,0.024568529,0.026877892,0.033361192,0.62700698
I360R,360,S15,I,R,a_50,1,Asciminib,50,1776,364815,0.004868221,-0.344940131,0.001453437,0.033361192,0.100524041
I360R,360,S15,I,R,a_89,1,Asciminib,89,1974,363702,0.00542752,-0.188041533,0.000252896,0.033361192,0.092199799
I360R,360,S15,I,R,a_128,1,Asciminib,128,1096,237662,0.004611591,-0.423070113,-0.002382637,0.033361192,0.076263889
I360R,360,S15,I,R,a_250,1,Asciminib,250,2653,453294,0.005852714,-0.079229053,-0.000536225,0.033361192,0.087107349
I360R,360,S15,I,R,a_363,1,Asciminib,363,2031,412243,0.004926706,-0.32771142,-0.002950932,0.033361192,0.073206362
I360R,360,S15,I,R,a_500,1,Asciminib,500,1194,263369,0.004533563,-0.447689369,-0.005939188,0.033361192,0.059034848
I360R,360,S15,I,R,a_638,1,Asciminib,638,3269,650734,0.005023558,-0.299625221,-0.006511371,0.033361192,0.056652195
I360R,360,S15,I,R,a_750,1,Asciminib,750,4782,906324,0.005276259,-0.228819422,-0.0030016,0.033361192,0.072939787
I360R,360,S15,I,R,a_1151,1,Asciminib,1151,1506,270466,0.005568168,-0.151132139,-0.000957695,0.033361192,0.084503705
I360R,360,S15,I,R,D0,1,D0,,538,86876,0.006192734,0.00224183,,0.033361192,
I360R,360,S15,I,R,D0,1,D0,,538,86876,0.006192734,0.00224183,,0.033361192,
I360R,360,S15,I,R,D0,2,D0,,287,46489,0.006173503,-0.002245319,,0.033361192,
I360R,360,S15,I,R,D0,2,D0,,287,46489,0.006173503,-0.002245319,,0.033361192,
I360R,360,S15,I,R,i_50,1,Imatinib,50,9335,1433607,0.006511547,0.074665677,0.035514213,0.033361192,1.167678366
I360R,360,S15,I,R,i_100,1,Imatinib,100,837,136108,0.006149528,-0.007859002,0.032668879,0.033361192,0.951375428
I360R,360,S15,I,R,i_200,1,Imatinib,200,5009,847842,0.00590794,-0.065679487,0.024527331,0.033361192,0.529385696
I360R,360,S15,I,R,i_300,1,Imatinib,300,326,57840,0.005636238,-0.133602251,0.014824717,0.033361192,0.263256554
I360R,360,S15,I,R,i_444,1,Imatinib,444,1471,254313,0.005784211,-0.096214628,0.005818178,0.033361192,0.13764229
I360R,360,S15,I,R,i_500,1,Imatinib,500,224,44660,0.005015674,-0.301891182,0.001234182,0.033361192,0.098949591
I360R,360,S15,I,R,i_579,1,Imatinib,579,586,110676,0.005294734,-0.223776502,0.001664255,0.033361192,0.102061526
I360R,360,S15,I,R,i_750,1,Imatinib,750,1567,284854,0.005501064,-0.168624148,-0.002099739,0.033361192,0.07783321
I360R,360,S15,I,R,i_1000,1,Imatinib,1000,1976,311421,0.006345108,0.037310051,-0.001939385,0.033361192,0.078737042
I360R,360,S15,I,R,i_1250,1,Imatinib,1250,2430,448879,0.005413486,-0.191776953,-0.006670891,0.033361192,0.05600524
I360R,360,S15,I,R,i_2500,1,Imatinib,2500,761,119408,0.006373107,0.043662199,-0.008019443,0.033361192,0.050823028
I360R,360,S15,I,R,i_5000,1,Imatinib,5000,1430,251745,0.005680351,-0.122354641,-0.01208873,0.033361192,0.037915532
I360R,360,S15,I,R,N,1,None,0,3238,548120,0.005907466,-0.065795455,0.033361192,0.033361192,1
I360S,360,S15,I,S,a_5,1,Asciminib,5,4674,465856,0.010033143,-0.15537966,0.031826824,0.034113632,0.848190367
I360S,360,S15,I,S,a_10,1,Asciminib,10,6428,736805,0.008724154,-0.357066242,0.022888012,0.034113632,0.445639647
I360S,360,S15,I,S,a_50,1,Asciminib,50,3112,364815,0.008530351,-0.389476309,0.000987825,0.034113632,0.092083628
I360S,360,S15,I,S,a_89,1,Asciminib,89,3221,363702,0.008856151,-0.335401518,-0.00128771,0.034113632,0.078167871
I360S,360,S15,I,S,a_128,1,Asciminib,128,2405,237662,0.010119413,-0.143027674,0.000545125,0.034113632,0.089194804
I360S,360,S15,I,S,a_250,1,Asciminib,250,4036,453294,0.008903714,-0.32767421,-0.003133646,0.034113632,0.068439577
I360S,360,S15,I,S,a_363,1,Asciminib,363,3853,412243,0.009346429,-0.25766613,-0.002218629,0.034113632,0.073100304
I360S,360,S15,I,S,a_500,1,Asciminib,500,2495,263369,0.0094734,-0.238199047,-0.003749027,0.034113632,0.065473392
I360S,360,S15,I,S,a_638,1,Asciminib,638,5930,650734,0.009112786,-0.29418915,-0.006454538,0.034113632,0.053884725
I360S,360,S15,I,S,a_750,1,Asciminib,750,8373,906324,0.009238418,-0.274435583,-0.003478503,0.034113632,0.066761166
I360S,360,S15,I,S,a_1151,1,Asciminib,1151,2485,270466,0.009187846,-0.282354714,-0.002329589,0.034113632,0.072518623
I360S,360,S15,I,S,D0,1,D0,,938,86876,0.010796998,-0.049523076,,0.034113632,
I360S,360,S15,I,S,D0,1,D0,,938,86876,0.010796998,-0.049523076,,0.034113632,
I360S,360,S15,I,S,D0,2,D0,,537,46489,0.01155112,0.047879375,,0.034113632,
I360S,360,S15,I,S,D0,2,D0,,537,46489,0.01155112,0.047879375,,0.034113632,
I360S,360,S15,I,S,i_50,1,Imatinib,50,15836,1433607,0.011046263,-0.016594934,0.03456011,0.034113632,1.032668698
I360S,360,S15,I,S,i_100,1,Imatinib,100,1352,136108,0.009933288,-0.169810035,0.030975729,0.034113632,0.79777473
I360S,360,S15,I,S,i_200,1,Imatinib,200,7264,847842,0.008567634,-0.383184553,0.021207908,0.034113632,0.394864705
I360S,360,S15,I,S,i_300,1,Imatinib,300,478,57840,0.008264177,-0.435210254,0.011671493,0.034113632,0.19872487
I360S,360,S15,I,S,i_444,1,Imatinib,444,2568,254313,0.010097793,-0.146113329,0.005296501,0.034113632,0.125577348
I360S,360,S15,I,S,i_500,1,Imatinib,500,407,44660,0.0091133,-0.294107776,0.001315555,0.034113632,0.094282329
I360S,360,S15,I,S,i_579,1,Imatinib,579,1006,110676,0.009089595,-0.297865423,0.000889677,0.034113632,0.091435205
I360S,360,S15,I,S,i_750,1,Imatinib,750,2937,284854,0.010310545,-0.116032719,-0.001549911,0.034113632,0.07670602
I360S,360,S15,I,S,i_1000,1,Imatinib,1000,2993,311421,0.009610784,-0.217427274,-0.004602589,0.034113632,0.061570777
I360S,360,S15,I,S,i_1250,1,Imatinib,1250,4809,448879,0.010713355,-0.060742997,-0.005300969,0.034113632,0.058551342
I360S,360,S15,I,S,i_2500,1,Imatinib,2500,1374,119408,0.011506767,0.042329188,-0.008033379,0.034113632,0.04809463
I360S,360,S15,I,S,i_5000,1,Imatinib,5000,2434,251745,0.009668514,-0.208787276,-0.012992358,0.034113632,0.033653734
I360S,360,S15,I,S,N,1,None,0,6151,548120,0.011221995,0.006175879,0.034113632,0.034113632,1
I360T,360,S15,I,T,a_5,1,Asciminib,5,3568,465856,0.007659019,-0.118656244,0.032210756,0.034115326,0.871857757
I360T,360,S15,I,T,a_10,1,Asciminib,10,5064,736805,0.006872918,-0.274893232,0.023747107,0.034115326,0.474017163
I360T,360,S15,I,T,a_50,1,Asciminib,50,2637,364815,0.007228321,-0.202155263,0.002946211,0.034115326,0.106014838
I360T,360,S15,I,T,a_89,1,Asciminib,89,2775,363702,0.007629873,-0.124156873,0.000920792,0.034115326,0.091629093
I360T,360,S15,I,T,a_128,1,Asciminib,128,1780,237662,0.007489628,-0.150921791,0.000462594,0.034115326,0.088655548
I360T,360,S15,I,T,a_250,1,Asciminib,250,3470,453294,0.007655076,-0.119399187,-0.000956192,0.034115326,0.080046366
I360T,360,S15,I,T,a_363,1,Asciminib,363,2594,412243,0.006292405,-0.402204302,-0.003729733,0.034115326,0.065556413
I360T,360,S15,I,T,a_500,1,Asciminib,500,1451,263369,0.00550938,-0.593925808,-0.007468047,0.034115326,0.050086547
I360T,360,S15,I,T,a_638,1,Asciminib,638,4540,650734,0.006976737,-0.253263422,-0.006026672,0.034115326,0.055563776
I360T,360,S15,I,T,a_750,1,Asciminib,750,5921,906324,0.006532984,-0.34807382,-0.00424837,0.034115326,0.063153561
I360T,360,S15,I,T,a_1151,1,Asciminib,1151,2034,270466,0.007520354,-0.145015351,-0.000893746,0.034115326,0.080407072
I360T,360,S15,I,T,D0,1,D0,,802,86876,0.009231548,0.150756773,,0.034115326,
I360T,360,S15,I,T,D0,1,D0,,802,86876,0.009231548,0.150756773,,0.034115326,
I360T,360,S15,I,T,D0,2,D0,,344,46489,0.0073996,-0.168368613,,0.034115326,
I360T,360,S15,I,T,D0,2,D0,,344,46489,0.0073996,-0.168368613,,0.034115326,
I360T,360,S15,I,T,i_50,1,Imatinib,50,11357,1433607,0.007921976,-0.069955581,0.03400224,0.034115326,0.991890877
I360T,360,S15,I,T,i_100,1,Imatinib,100,1055,136108,0.007751198,-0.101396652,0.031690971,0.034115326,0.839831878
I360T,360,S15,I,T,i_200,1,Imatinib,200,5531,847842,0.006523621,-0.350142878,0.021553349,0.034115326,0.404759468
I360T,360,S15,I,T,i_300,1,Imatinib,300,368,57840,0.006362379,-0.386249571,0.012183363,0.034115326,0.206160287
I360T,360,S15,I,T,i_444,1,Imatinib,444,2089,254313,0.008214287,-0.017680504,0.006639229,0.034115326,0.138307066
I360T,360,S15,I,T,i_500,1,Imatinib,500,348,44660,0.007792208,-0.09378373,0.003409885,0.034115326,0.109613829
I360T,360,S15,I,T,i_579,1,Imatinib,579,865,110676,0.007815606,-0.089458156,0.003068515,0.034115326,0.106952509
I360T,360,S15,I,T,i_750,1,Imatinib,750,2404,284854,0.008439411,0.021326446,-0.000113861,0.034115326,0.085051235
I360T,360,S15,I,T,i_1000,1,Imatinib,1000,2743,311421,0.008808012,0.083000605,-0.001461704,0.034115326,0.077185313
I360T,360,S15,I,T,i_1250,1,Imatinib,1250,3864,448879,0.00860811,0.049880705,-0.004144431,0.034115326,0.063627949
I360T,360,S15,I,T,i_2500,1,Imatinib,2500,1107,119408,0.009270736,0.156867941,-0.00683591,0.034115326,0.052418855
I360T,360,S15,I,T,i_5000,1,Imatinib,5000,1830,251745,0.007269261,-0.194007261,-0.012837838,0.034115326,0.034026088
I360T,360,S15,I,T,N,1,None,0,4578,548120,0.008352186,0.006337901,0.034115326,0.034115326,1
I360V,360,S15,I,V,a_5,1,Asciminib,5,1688,465856,0.003623437,-0.274157332,0.030585038,0.031303261,0.94960222
I360V,360,S15,I,V,a_10,1,Asciminib,10,2811,736805,0.003815121,-0.199787559,0.024532315,0.031303261,0.614154871
I360V,360,S15,I,V,a_50,1,Asciminib,50,1044,364815,0.002861724,-0.614631499,-0.001366107,0.031303261,0.0951601
I360V,360,S15,I,V,a_89,1,Asciminib,89,1029,363702,0.002829239,-0.631102038,-0.004379172,0.031303261,0.07660176
I360V,360,S15,I,V,a_128,1,Asciminib,128,711,237662,0.002991644,-0.550577944,-0.003715694,0.031303261,0.080349869
I360V,360,S15,I,V,a_250,1,Asciminib,250,1250,453294,0.002757592,-0.668107131,-0.006692773,0.031303261,0.064847657
I360V,360,S15,I,V,a_363,1,Asciminib,363,926,412243,0.002246248,-0.963999059,-0.009603134,0.031303261,0.052588362
I360V,360,S15,I,V,a_500,1,Asciminib,500,655,263369,0.002487005,-0.817106891,-0.00980134,0.031303261,0.05184321
I360V,360,S15,I,V,a_638,1,Asciminib,638,1952,650734,0.00299969,-0.546703043,-0.009094497,0.031303261,0.054549942
I360V,360,S15,I,V,a_750,1,Asciminib,750,2636,906324,0.002908452,-0.591264679,-0.006790859,0.031303261,0.064391306
I360V,360,S15,I,V,a_1151,1,Asciminib,1151,784,270466,0.002898701,-0.596109847,-0.005609807,0.031303261,0.070106418
I360V,360,S15,I,V,D0,1,D0,,453,86876,0.005214328,0.25096521,,0.031303261,
I360V,360,S15,I,V,D0,1,D0,,453,86876,0.005214328,0.25096521,,0.031303261,
I360V,360,S15,I,V,D0,2,D0,,165,46489,0.003549227,-0.30401153,,0.031303261,
I360V,360,S15,I,V,D0,2,D0,,165,46489,0.003549227,-0.30401153,,0.031303261,
I360V,360,S15,I,V,i_50,1,Imatinib,50,5612,1433607,0.003914601,-0.162650834,0.033033138,0.031303261,1.132639913
I360V,360,S15,I,V,i_100,1,Imatinib,100,475,136108,0.003489876,-0.328340609,0.029318338,0.031303261,0.866828184
I360V,360,S15,I,V,i_200,1,Imatinib,200,3418,847842,0.004031412,-0.1202312,0.023957009,0.031303261,0.589235012
I360V,360,S15,I,V,i_300,1,Imatinib,300,160,57840,0.002766252,-0.663583808,0.009283914,0.031303261,0.204867266
I360V,360,S15,I,V,i_444,1,Imatinib,444,927,254313,0.003645114,-0.265552129,0.004047803,0.031303261,0.140521755
I360V,360,S15,I,V,i_500,1,Imatinib,500,173,44660,0.003873712,-0.177799374,0.002531526,0.031303261,0.125988461
I360V,360,S15,I,V,i_579,1,Imatinib,579,378,110676,0.003415375,-0.35947243,0.000245594,0.031303261,0.106868942
I360V,360,S15,I,V,i_750,1,Imatinib,750,1058,284854,0.003714183,-0.238471199,-0.00282997,0.031303261,0.085640872
I360V,360,S15,I,V,i_1000,1,Imatinib,1000,1290,311421,0.004142303,-0.081083328,-0.003177153,0.031303261,0.083526625
I360V,360,S15,I,V,i_1250,1,Imatinib,1250,1612,448879,0.003591168,-0.287063021,-0.007667079,0.031303261,0.060454485
I360V,360,S15,I,V,i_2500,1,Imatinib,2500,496,119408,0.004153826,-0.077075632,-0.009281721,0.031303261,0.053819536
I360V,360,S15,I,V,i_5000,1,Imatinib,5000,887,251745,0.003523407,-0.314545276,-0.014098027,0.031303261,0.038048532
I360V,360,S15,I,V,N,1,None,0,2002,548120,0.003652485,-0.262637964,0.031303261,0.031303261,1
I360W,360,S15,I,W,a_5,1,Asciminib,5,3970,465856,0.008521947,0.112565493,0.034628112,0.034619578,1.000614664
I360W,360,S15,I,W,a_10,1,Asciminib,10,5632,736805,0.007643813,-0.044324957,0.026157631,0.034619578,0.543753004
I360W,360,S15,I,W,a_50,1,Asciminib,50,2532,364815,0.006940504,-0.183577084,0.003140441,0.034619578,0.103674629
I360W,360,S15,I,W,a_89,1,Asciminib,89,2435,363702,0.006695042,-0.235524526,-0.000243525,0.034619578,0.081256587
I360W,360,S15,I,W,a_128,1,Asciminib,128,1587,237662,0.00667755,-0.239298559,-0.000461359,0.034619578,0.079992095
I360W,360,S15,I,W,a_250,1,Asciminib,250,3046,453294,0.006719701,-0.230220563,-0.002114797,0.034619578,0.071014232
I360W,360,S15,I,W,a_363,1,Asciminib,363,2806,412243,0.006806665,-0.211669427,-0.001737747,0.034619578,0.072968505
I360W,360,S15,I,W,a_500,1,Asciminib,500,1502,263369,0.005703025,-0.466890169,-0.006139926,0.034619578,0.053147495
I360W,360,S15,I,W,a_638,1,Asciminib,638,3695,650734,0.005678203,-0.47318301,-0.008325867,0.034619578,0.045407771
I360W,360,S15,I,W,a_750,1,Asciminib,750,5859,906324,0.006464576,-0.286061878,-0.003600053,0.034619578,0.06381204
I360W,360,S15,I,W,a_1151,1,Asciminib,1151,1835,270466,0.006784587,-0.216356622,-0.001639598,0.034619578,0.073485979
I360W,360,S15,I,W,D0,1,D0,,680,86876,0.007827248,-0.010112372,,0.034619578,
I360W,360,S15,I,W,D0,1,D0,,680,86876,0.007827248,-0.010112372,,0.034619578,
I360W,360,S15,I,W,D0,2,D0,,369,46489,0.007937362,0.010041984,,0.034619578,
I360W,360,S15,I,W,D0,2,D0,,369,46489,0.007937362,0.010041984,,0.034619578,
I360W,360,S15,I,W,i_50,1,Imatinib,50,11616,1433607,0.008102639,0.039774332,0.035149434,0.034619578,1.038886689
I360W,360,S15,I,W,i_100,1,Imatinib,100,937,136108,0.006884239,-0.195320353,0.030709026,0.034619578,0.75460583
I360W,360,S15,I,W,i_200,1,Imatinib,200,5788,847842,0.006826744,-0.207419953,0.023045476,0.034619578,0.434597337
I360W,360,S15,I,W,i_300,1,Imatinib,300,349,57840,0.006033887,-0.385529955,0.012190886,0.034619578,0.198917364
I360W,360,S15,I,W,i_444,1,Imatinib,444,1820,254313,0.007156535,-0.139356201,0.005367145,0.034619578,0.121702571
I360W,360,S15,I,W,i_500,1,Imatinib,500,320,44660,0.007165249,-0.137600785,0.00295179,0.034619578,0.102275953
I360W,360,S15,I,W,i_579,1,Imatinib,579,675,110676,0.006098883,-0.370072441,0.000134774,0.034619578,0.083500233
I360W,360,S15,I,W,i_750,1,Imatinib,750,1996,284854,0.007007098,-0.169800384,-0.002112036,0.034619578,0.071028348
I360W,360,S15,I,W,i_1000,1,Imatinib,1000,2216,311421,0.007115769,-0.147597791,-0.003872543,0.034619578,0.062572296
I360W,360,S15,I,W,i_1250,1,Imatinib,1250,3220,448879,0.007173425,-0.135955355,-0.006087293,0.034619578,0.053349287
I360W,360,S15,I,W,i_2500,1,Imatinib,2500,1002,119408,0.008391398,0.090293573,-0.007531925,0.034619578,0.048079076
I360W,360,S15,I,W,i_5000,1,Imatinib,5000,1719,251745,0.006828338,-0.207083019,-0.012974541,0.034619578,0.032491507
I360W,360,S15,I,W,N,1,None,0,4487,548120,0.008186164,0.054569968,0.034619578,0.034619578,1
I360Y,360,S15,I,Y,a_5,1,Asciminib,5,3324,465856,0.007135252,-0.151505825,0.031867323,0.031604231,1.019123237
I360Y,360,S15,I,Y,a_10,1,Asciminib,10,4736,736805,0.006427752,-0.302155903,0.023462083,0.031604231,0.55641849
I360Y,360,S15,I,Y,a_50,1,Asciminib,50,2185,364815,0.005989337,-0.404073902,0.000835211,0.031604231,0.109113199
I360Y,360,S15,I,Y,a_89,1,Asciminib,89,2308,363702,0.006345855,-0.320655768,-0.001133547,0.031604231,0.094692546
I360Y,360,S15,I,Y,a_128,1,Asciminib,128,1533,237662,0.006450337,-0.297095683,-0.001065611,0.031604231,0.095156858
I360Y,360,S15,I,Y,a_250,1,Asciminib,250,2747,453294,0.006060085,-0.387132287,-0.003755263,0.031604231,0.078403747
I360Y,360,S15,I,Y,a_363,1,Asciminib,363,2536,412243,0.006151711,-0.365482383,-0.003345816,0.031604231,0.08074951
I360Y,360,S15,I,Y,a_500,1,Asciminib,500,1537,263369,0.005835918,-0.44151051,-0.005874589,0.031604231,0.067308076
I360Y,360,S15,I,Y,a_638,1,Asciminib,638,3832,650734,0.005888735,-0.428512506,-0.00785885,0.031604231,0.058347324
I360Y,360,S15,I,Y,a_750,1,Asciminib,750,6057,906324,0.006683041,-0.24596561,-0.003180858,0.031604231,0.081714291
I360Y,360,S15,I,Y,a_1151,1,Asciminib,1151,1781,270466,0.006584931,-0.267301862,-0.002172216,0.031604231,0.087869358
I360Y,360,S15,I,Y,D0,1,D0,,680,86876,0.007827248,-0.017965065,,0.031604231,
I360Y,360,S15,I,Y,D0,1,D0,,680,86876,0.007827248,-0.017965065,,0.031604231,
I360Y,360,S15,I,Y,D0,2,D0,,373,46489,0.008023403,0.017744105,,0.031604231,
I360Y,360,S15,I,Y,D0,2,D0,,373,46489,0.008023403,0.017744105,,0.031604231,
I360Y,360,S15,I,Y,i_50,1,Imatinib,50,9957,1433607,0.006945418,-0.190408684,0.032742938,0.031604231,1.085441597
I360Y,360,S15,I,Y,i_100,1,Imatinib,100,882,136108,0.006480148,-0.290443438,0.029714542,0.031604231,0.872792352
I360Y,360,S15,I,Y,i_200,1,Imatinib,200,4942,847842,0.005828916,-0.443242557,0.020580019,0.031604231,0.452149131
I360Y,360,S15,I,Y,i_300,1,Imatinib,300,378,57840,0.00653527,-0.27822345,0.013312744,0.031604231,0.267941393
I360Y,360,S15,I,Y,i_444,1,Imatinib,444,1660,254313,0.006527389,-0.279964102,0.00389713,0.031604231,0.136025731
I360Y,360,S15,I,Y,i_500,1,Imatinib,500,293,44660,0.006560681,-0.272624719,0.001540154,0.031604231,0.114794296
I360Y,360,S15,I,Y,i_579,1,Imatinib,579,785,110676,0.007092775,-0.160119982,0.002329766,0.031604231,0.121509667
I360Y,360,S15,I,Y,i_750,1,Imatinib,750,1850,284854,0.006494555,-0.287239527,-0.003339828,0.031604231,0.080784331
I360Y,360,S15,I,Y,i_1000,1,Imatinib,1000,2268,311421,0.007282746,-0.121987725,-0.003604797,0.031604231,0.079257759
I360Y,360,S15,I,Y,i_1250,1,Imatinib,1250,3587,448879,0.007991018,0.011909009,-0.004541414,0.031604231,0.074089134
I360Y,360,S15,I,Y,i_2500,1,Imatinib,2500,863,119408,0.007227321,-0.133009164,-0.00986649,0.031604231,0.050494448
I360Y,360,S15,I,Y,i_5000,1,Imatinib,5000,1773,251745,0.007042841,-0.170312721,-0.012590118,0.031604231,0.041502853
I360Y,360,S15,I,Y,N,1,None,0,3694,548120,0.0067394,-0.233850043,0.031604231,0.031604231,1
H361A,361,S15,H,A,a_5,1,Asciminib,5,2798,465856,0.006006148,-0.23070048,0.031039366,0.032629638,0.891812301
H361A,361,S15,H,A,a_10,1,Asciminib,10,4464,736805,0.006058591,-0.218158192,0.024340255,0.032629638,0.550551043
H361A,361,S15,H,A,a_50,1,Asciminib,50,1759,364815,0.004821622,-0.547621935,-0.000665542,0.032629638,0.090967499
H361A,361,S15,H,A,a_89,1,Asciminib,89,2088,363702,0.005740964,-0.295847515,-0.000874184,0.032629638,0.089611177
H361A,361,S15,H,A,a_128,1,Asciminib,128,1402,237662,0.005899134,-0.256637266,-0.00064263,0.032629638,0.091117686
H361A,361,S15,H,A,a_250,1,Asciminib,250,3028,453294,0.006679991,-0.077294228,-0.000515997,0.032629638,0.091952262
H361A,361,S15,H,A,a_363,1,Asciminib,363,2113,412243,0.005125618,-0.459414597,-0.00432785,0.032629638,0.069882557
H361A,361,S15,H,A,a_500,1,Asciminib,500,1248,263369,0.004738599,-0.572679976,-0.007245928,0.032629638,0.056639946
H361A,361,S15,H,A,a_638,1,Asciminib,638,3787,650734,0.005819582,-0.276224881,-0.006266727,0.032629638,0.060777336
H361A,361,S15,H,A,a_750,1,Asciminib,750,5124,906324,0.005653607,-0.317968781,-0.00393363,0.032629638,0.071894512
H361A,361,S15,H,A,a_1151,1,Asciminib,1151,1612,270466,0.005960084,-0.24180787,-0.001905683,0.032629638,0.083197067
H361A,361,S15,H,A,D0,1,D0,,677,86876,0.007792716,0.144985787,,0.032629638,
H361A,361,S15,H,A,D0,1,D0,,677,86876,0.007792716,0.144985787,,0.032629638,
H361A,361,S15,H,A,D0,2,D0,,293,46489,0.006302566,-0.161201096,,0.032629638,
H361A,361,S15,H,A,D0,2,D0,,293,46489,0.006302566,-0.161201096,,0.032629638,
H361A,361,S15,H,A,i_50,1,Imatinib,50,10014,1433607,0.006985178,-0.012843594,0.034599329,0.032629638,1.152366559
H361A,361,S15,H,A,i_100,1,Imatinib,100,922,136108,0.006774032,-0.057125578,0.032153812,0.032629638,0.96632069
H361A,361,S15,H,A,i_200,1,Imatinib,200,4971,847842,0.005863121,-0.2654717,0.022438562,0.032629638,0.480101601
H361A,361,S15,H,A,i_300,1,Imatinib,300,373,57840,0.006448824,-0.12810429,0.014882196,0.032629638,0.278645245
H361A,361,S15,H,A,i_444,1,Imatinib,444,1578,254313,0.006204952,-0.183720374,0.004903331,0.032629638,0.135837743
H361A,361,S15,H,A,i_500,1,Imatinib,500,276,44660,0.006180027,-0.189527352,0.002408913,0.032629638,0.113506835
H361A,361,S15,H,A,i_579,1,Imatinib,579,674,110676,0.006089848,-0.21073428,0.001800608,0.032629638,0.108642763
H361A,361,S15,H,A,i_750,1,Imatinib,750,1658,284854,0.005820526,-0.275991026,-0.003222229,0.032629638,0.075672956
H361A,361,S15,H,A,i_1000,1,Imatinib,1000,2083,311421,0.006688695,-0.075415761,-0.0031179,0.032629638,0.076243523
H361A,361,S15,H,A,i_1250,1,Imatinib,1250,2826,448879,0.006295683,-0.162777506,-0.00636771,0.032629638,0.060337039
H361A,361,S15,H,A,i_2500,1,Imatinib,2500,860,119408,0.007202198,0.031296701,-0.00814872,0.032629638,0.053075395
H361A,361,S15,H,A,i_5000,1,Imatinib,5000,1624,251745,0.006450972,-0.12762386,-0.012143818,0.032629638,0.03980794
H361A,361,S15,H,A,N,1,None,0,3516,548120,0.006414654,-0.135769074,0.032629638,0.032629638,1
H361C,361,S15,H,C,a_5,1,Asciminib,5,1392,465856,0.002988048,0.187952284,0.035416259,0.035680621,0.981145913
H361C,361,S15,H,C,a_10,1,Asciminib,10,1820,736805,0.002470124,-0.086667254,0.025714955,0.035680621,0.487956989
H361C,361,S15,H,C,a_50,1,Asciminib,50,689,364815,0.001888628,-0.473912014,0.000105074,0.035680621,0.077193546
H361C,361,S15,H,C,a_89,1,Asciminib,89,890,363702,0.002447058,-0.100202471,0.001171228,0.035680621,0.083352528
H361C,361,S15,H,C,a_128,1,Asciminib,128,652,237662,0.002743392,0.064709769,0.002716959,0.035680621,0.093164952
H361C,361,S15,H,C,a_250,1,Asciminib,250,1134,453294,0.002501688,-0.068349278,-0.00042248,0.035680621,0.074316425
H361C,361,S15,H,C,a_363,1,Asciminib,363,928,412243,0.002251099,-0.220621139,-0.001831334,0.035680621,0.067147686
H361C,361,S15,H,C,a_500,1,Asciminib,500,497,263369,0.001887086,-0.475090638,-0.00622566,0.035680621,0.048935496
H361C,361,S15,H,C,a_638,1,Asciminib,638,1566,650734,0.002406513,-0.124306575,-0.004678465,0.035680621,0.054702041
H361C,361,S15,H,C,a_750,1,Asciminib,750,2342,906324,0.002584065,-0.021608666,-0.000835271,0.035680621,0.072140167
H361C,361,S15,H,C,a_1151,1,Asciminib,1151,758,270466,0.00280257,0.095499655,0.001620768,0.035680621,0.086094529
H361C,361,S15,H,C,D0,1,D0,,310,86876,0.003568304,0.443987683,,0.035680621,
H361C,361,S15,H,C,D0,1,D0,,310,86876,0.003568304,0.443987683,,0.035680621,
H361C,361,S15,H,C,D0,2,D0,,78,46489,0.001677816,-0.644666217,,0.035680621,
H361C,361,S15,H,C,D0,2,D0,,78,46489,0.001677816,-0.644666217,,0.035680621,
H361C,361,S15,H,C,i_50,1,Imatinib,50,4306,1433607,0.003003613,0.195447785,0.036776955,0.035680621,1.082135048
H361C,361,S15,H,C,i_100,1,Imatinib,100,340,136108,0.002498016,-0.070468068,0.03201432,0.035680621,0.767993735
H361C,361,S15,H,C,i_200,1,Imatinib,200,2373,847842,0.002798871,0.093593812,0.026192487,0.035680621,0.505025843
H361C,361,S15,H,C,i_300,1,Imatinib,300,133,57840,0.002299447,-0.189964159,0.01423547,0.035680621,0.213514414
H361C,361,S15,H,C,i_444,1,Imatinib,444,638,254313,0.00250872,-0.064299736,0.006151839,0.035680621,0.119304961
H361C,361,S15,H,C,i_500,1,Imatinib,500,108,44660,0.002418271,-0.117274792,0.003164293,0.035680621,0.096214455
H361C,361,S15,H,C,i_579,1,Imatinib,579,276,110676,0.002493766,-0.07292509,0.003241363,0.035680621,0.09674984
H361C,361,S15,H,C,i_750,1,Imatinib,750,722,284854,0.002534632,-0.049474776,-0.000854067,0.035680621,0.072042606
H361C,361,S15,H,C,i_1000,1,Imatinib,1000,871,311421,0.002796857,0.092555538,-0.001361809,0.035680621,0.069456472
H361C,361,S15,H,C,i_1250,1,Imatinib,1250,1365,448879,0.003040909,0.213251494,-0.002436437,0.035680621,0.064285049
H361C,361,S15,H,C,i_2500,1,Imatinib,2500,333,119408,0.002788758,0.088371733,-0.007552017,0.035680621,0.044478471
H361C,361,S15,H,C,i_5000,1,Imatinib,5000,671,251745,0.002665396,0.023098694,-0.010568058,0.035680621,0.035796508
H361C,361,S15,H,C,N,1,None,0,1602,548120,0.002922718,0.156059518,0.035680621,0.035680621,1
H361D,361,S15,H,D,a_5,1,Asciminib,5,2786,465856,0.005980389,-0.045516461,0.032975411,0.037032577,0.746681942
H361D,361,S15,H,D,a_10,1,Asciminib,10,4431,736805,0.006013803,-0.037478169,0.026229212,0.037032577,0.459396177
H361D,361,S15,H,D,a_50,1,Asciminib,50,2118,364815,0.005805682,-0.088290105,0.004136639,0.037032577,0.09362034
H361D,361,S15,H,D,a_89,1,Asciminib,89,2016,363702,0.005542999,-0.155088865,0.000597407,0.037032577,0.072560665
H361D,361,S15,H,D,a_128,1,Asciminib,128,1425,237662,0.00599591,-0.041776973,0.001603671,0.037032577,0.078012888
H361D,361,S15,H,D,a_250,1,Asciminib,250,3010,453294,0.006640282,0.105488777,0.001394946,0.037032577,0.07684926
H361D,361,S15,H,D,a_363,1,Asciminib,363,2241,412243,0.005436114,-0.183179992,-0.001439898,0.037032577,0.062660862
H361D,361,S15,H,D,a_500,1,Asciminib,500,1591,263369,0.006040954,-0.030979351,-0.001582606,0.037032577,0.06202032
H361D,361,S15,H,D,a_638,1,Asciminib,638,3864,650734,0.00593791,-0.055800485,-0.003962254,0.037032577,0.052254572
H361D,361,S15,H,D,a_750,1,Asciminib,750,5368,906324,0.005922827,-0.059469862,-0.001231099,0.037032577,0.063609991
H361D,361,S15,H,D,a_1151,1,Asciminib,1151,1573,270466,0.005815888,-0.085756219,-0.000274209,0.037032577,0.068146967
H361D,361,S15,H,D,D0,1,D0,,523,86876,0.006020075,-0.035974377,,0.037032577,
H361D,361,S15,H,D,D0,1,D0,,523,86876,0.006020075,-0.035974377,,0.037032577,
H361D,361,S15,H,D,D0,2,D0,,294,46489,0.006324077,0.035099118,,0.037032577,
H361D,361,S15,H,D,D0,2,D0,,294,46489,0.006324077,0.035099118,,0.037032577,
H361D,361,S15,H,D,i_50,1,Imatinib,50,10145,1433607,0.007076556,0.197291634,0.036796231,0.037032577,0.983127053
H361D,361,S15,H,D,i_100,1,Imatinib,100,911,136108,0.006693214,0.116943448,0.033973653,0.037032577,0.802324145
H361D,361,S15,H,D,i_200,1,Imatinib,200,5326,847842,0.006281831,0.025429348,0.025479847,0.037032577,0.435266598
H361D,361,S15,H,D,i_300,1,Imatinib,300,364,57840,0.006293223,0.028043254,0.016514674,0.037032577,0.228255632
H361D,361,S15,H,D,i_444,1,Imatinib,444,1754,254313,0.006897013,0.160215892,0.008499084,0.037032577,0.128168236
H361D,361,S15,H,D,i_500,1,Imatinib,500,264,44660,0.00591133,-0.062272966,0.003739321,0.037032577,0.090980099
H361D,361,S15,H,D,i_579,1,Imatinib,579,689,110676,0.006225379,0.012405835,0.004133473,0.037032577,0.093599005
H361D,361,S15,H,D,i_750,1,Imatinib,750,1816,284854,0.006375196,0.046713893,0.000151557,0.037032577,0.070268374
H361D,361,S15,H,D,i_1000,1,Imatinib,1000,2055,311421,0.006598784,0.096444517,-0.001321151,0.037032577,0.063198894
H361D,361,S15,H,D,i_1250,1,Imatinib,1250,3058,448879,0.006812526,0.142434158,-0.003176811,0.037032577,0.055294822
H361D,361,S15,H,D,i_2500,1,Imatinib,2500,916,119408,0.007671178,0.313692363,-0.005196356,0.037032577,0.047811781
H361D,361,S15,H,D,i_5000,1,Imatinib,5000,1632,251745,0.00648275,0.070850288,-0.010068829,0.037032577,0.033664841
H361D,361,S15,H,D,N,1,None,0,4123,548120,0.007522075,0.28537504,0.037032577,0.037032577,1
H361E,361,S15,H,E,a_5,1,Asciminib,5,1620,465856,0.003477469,0.158741867,0.035110873,0.039253126,0.742121552
H361E,361,S15,H,E,a_10,1,Asciminib,10,2039,736805,0.002767354,-0.170788948,0.024835487,0.039253126,0.354137502
H361E,361,S15,H,E,a_50,1,Asciminib,50,1221,364815,0.003346902,0.103530279,0.006142065,0.039253126,0.092181446
H361E,361,S15,H,E,a_89,1,Asciminib,89,1250,363702,0.00343688,0.141803364,0.003701328,0.039253126,0.07732566
H361E,361,S15,H,E,a_128,1,Asciminib,128,878,237662,0.003694322,0.246013726,0.004612439,0.039253126,0.082568301
H361E,361,S15,H,E,a_250,1,Asciminib,250,1786,453294,0.003940048,0.338917144,0.003835372,0.039253126,0.078075554
H361E,361,S15,H,E,a_363,1,Asciminib,363,1283,412243,0.003112242,-0.001341697,0.000461168,0.039253126,0.061235944
H361E,361,S15,H,E,a_500,1,Asciminib,500,842,263369,0.003197035,0.037438725,-0.000867315,0.039253126,0.055650082
H361E,361,S15,H,E,a_638,1,Asciminib,638,2032,650734,0.003122628,0.003464596,-0.003342655,0.039253126,0.046565459
H361E,361,S15,H,E,a_750,1,Asciminib,750,3122,906324,0.003444684,0.145075777,0.000907366,0.039253126,0.063235165
H361E,361,S15,H,E,a_1151,1,Asciminib,1151,977,270466,0.003612284,0.21361535,0.002855634,0.039253126,0.07275778
H361E,361,S15,H,E,D0,1,D0,,246,86876,0.002831622,-0.137667235,,0.039253126,
H361E,361,S15,H,E,D0,1,D0,,246,86876,0.002831622,-0.137667235,,0.039253126,
H361E,361,S15,H,E,D0,2,D0,,158,46489,0.003398653,0.125667294,,0.039253126,
H361E,361,S15,H,E,D0,2,D0,,158,46489,0.003398653,0.125667294,,0.039253126,
H361E,361,S15,H,E,i_50,1,Imatinib,50,5894,1433607,0.004111308,0.400301507,0.03891864,0.039253126,0.976204735
H361E,361,S15,H,E,i_100,1,Imatinib,100,486,136108,0.003570694,0.196908481,0.034809664,0.039253126,0.726200405
H361E,361,S15,H,E,i_200,1,Imatinib,200,2859,847842,0.003372091,0.114347313,0.026409459,0.039253126,0.396632934
H361E,361,S15,H,E,i_300,1,Imatinib,300,219,57840,0.003786307,0.281495446,0.019164442,0.039253126,0.235419744
H361E,361,S15,H,E,i_444,1,Imatinib,444,935,254313,0.003676572,0.239065187,0.00932343,0.039253126,0.115910368
H361E,361,S15,H,E,i_500,1,Imatinib,500,185,44660,0.004142409,0.411174148,0.008689072,0.039253126,0.110735383
H361E,361,S15,H,E,i_579,1,Imatinib,579,420,110676,0.003794861,0.284750953,0.006980762,0.039253126,0.097919437
H361E,361,S15,H,E,i_750,1,Imatinib,750,1108,284854,0.003889712,0.320367345,0.003012524,0.039253126,0.073584321
H361E,361,S15,H,E,i_1000,1,Imatinib,1000,1231,311421,0.003952848,0.343596658,0.001262752,0.039253126,0.064874094
H361E,361,S15,H,E,i_1250,1,Imatinib,1250,1774,448879,0.003952067,0.343311534,-0.001076697,0.039253126,0.05481742
H361E,361,S15,H,E,i_2500,1,Imatinib,2500,420,119408,0.003517352,0.175193865,-0.006644317,0.039253126,0.03671331
H361E,361,S15,H,E,i_5000,1,Imatinib,5000,950,251745,0.00377366,0.276668423,-0.00791706,0.039253126,0.03349854
H361E,361,S15,H,E,N,1,None,0,2411,548120,0.004398672,0.497772002,0.039253126,0.039253126,1
H361F,361,S15,H,F,a_5,1,Asciminib,5,1311,465856,0.002814174,-0.191748505,0.031446598,0.034834975,0.783516534
H361F,361,S15,H,F,a_10,1,Asciminib,10,1760,736805,0.002388692,-0.428239539,0.022143916,0.034834975,0.401015088
H361F,361,S15,H,F,a_50,1,Asciminib,50,950,364815,0.00260406,-0.303697747,0.001884614,0.034834975,0.093254223
H361F,361,S15,H,F,a_89,1,Asciminib,89,915,363702,0.002515796,-0.353445327,-0.001476352,0.034834975,0.073210565
H361F,361,S15,H,F,a_128,1,Asciminib,128,680,237662,0.002861206,-0.167836713,0.000285754,0.034834975,0.083113851
H361F,361,S15,H,F,a_250,1,Asciminib,250,1310,453294,0.002889957,-0.15341237,-0.00131179,0.034834975,0.074083161
H361F,361,S15,H,F,a_363,1,Asciminib,363,976,412243,0.002367536,-0.44107406,-0.004136105,0.034834975,0.060451266
H361F,361,S15,H,F,a_500,1,Asciminib,500,562,263369,0.002133888,-0.590975623,-0.007437204,0.034834975,0.047663145
H361F,361,S15,H,F,a_638,1,Asciminib,638,1729,650734,0.002657,-0.274662182,-0.006250389,0.034834975,0.051915068
H361F,361,S15,H,F,a_750,1,Asciminib,750,2539,906324,0.002801426,-0.19829861,-0.002682513,0.034834975,0.067120946
H361F,361,S15,H,F,a_1151,1,Asciminib,1151,745,270466,0.002754505,-0.222667031,-0.001705572,0.034834975,0.07201223
H361F,361,S15,H,F,D0,1,D0,,252,86876,0.002900686,-0.148066062,,0.034834975,
H361F,361,S15,H,F,D0,1,D0,,252,86876,0.002900686,-0.148066062,,0.034834975,
H361F,361,S15,H,F,D0,2,D0,,164,46489,0.003527716,0.134274305,,0.034834975,
H361F,361,S15,H,F,D0,2,D0,,164,46489,0.003527716,0.134274305,,0.034834975,
H361F,361,S15,H,F,i_50,1,Imatinib,50,4306,1433607,0.003003613,-0.097761479,0.033711537,0.034834975,0.922297451
H361F,361,S15,H,F,i_100,1,Imatinib,100,314,136108,0.002306992,-0.478447518,0.027749014,0.034834975,0.600381988
H361F,361,S15,H,F,i_200,1,Imatinib,200,1867,847842,0.002202061,-0.545605624,0.019509843,0.034834975,0.331738107
H361F,361,S15,H,F,i_300,1,Imatinib,300,132,57840,0.002282158,-0.494061739,0.011056218,0.034834975,0.180491702
H361F,361,S15,H,F,i_444,1,Imatinib,444,730,254313,0.002870479,-0.163168959,0.00511819,0.034834975,0.117700912
H361F,361,S15,H,F,i_500,1,Imatinib,500,115,44660,0.002575011,-0.319881506,0.001046098,0.034834975,0.087790755
H361F,361,S15,H,F,i_579,1,Imatinib,579,333,110676,0.003008782,-0.095280443,0.003007644,0.034834975,0.101107824
H361F,361,S15,H,F,i_750,1,Imatinib,750,763,284854,0.002678565,-0.262999819,-0.003086409,0.034834975,0.065197142
H361F,361,S15,H,F,i_1000,1,Imatinib,1000,866,311421,0.002780802,-0.208959419,-0.004514061,0.034834975,0.058828402
H361F,361,S15,H,F,i_1250,1,Imatinib,1250,1469,448879,0.003272597,0.025975676,-0.004394351,0.034834975,0.05933764
H361F,361,S15,H,F,i_2500,1,Imatinib,2500,342,119408,0.00286413,-0.166363382,-0.010215199,0.034834975,0.039022671
H361F,361,S15,H,F,i_5000,1,Imatinib,5000,803,251745,0.003189736,-0.011023348,-0.010924794,0.034834975,0.037079043
H361F,361,S15,H,F,N,1,None,0,1856,548120,0.00338612,0.075172817,0.034834975,0.034834975,1
H361G,361,S15,H,G,a_5,1,Asciminib,5,3027,465856,0.006497716,-0.132785304,0.032063041,0.035863299,0.760622121
H361G,361,S15,H,G,a_10,1,Asciminib,10,4184,736805,0.005678572,-0.327189904,0.02320036,0.035863299,0.401827812
H361G,361,S15,H,G,a_50,1,Asciminib,50,2305,364815,0.006318271,-0.173188203,0.003249054,0.035863299,0.095538527
H361G,361,S15,H,G,a_89,1,Asciminib,89,2293,363702,0.006304612,-0.176310409,0.000375542,0.035863299,0.077683021
H361G,361,S15,H,G,a_128,1,Asciminib,128,1561,237662,0.006568151,-0.117230615,0.000814826,0.035863299,0.080179283
H361G,361,S15,H,G,a_250,1,Asciminib,250,2925,453294,0.006452766,-0.142800345,-0.001200844,0.035863299,0.069347976
H361G,361,S15,H,G,a_363,1,Asciminib,363,2304,412243,0.005588937,-0.350144184,-0.00318546,0.035863299,0.060114111
H361G,361,S15,H,G,a_500,1,Asciminib,500,1567,263369,0.005949827,-0.259870267,-0.003975594,0.035863299,0.056789701
H361G,361,S15,H,G,a_638,1,Asciminib,638,4255,650734,0.00653877,-0.123698707,-0.00467211,0.035863299,0.054011975
H361G,361,S15,H,G,a_750,1,Asciminib,750,5584,906324,0.006161152,-0.209517851,-0.002799807,0.035863299,0.06180669
H361G,361,S15,H,G,a_1151,1,Asciminib,1151,1781,270466,0.006584931,-0.113549634,-0.000564781,0.035863299,0.072597719
H361G,361,S15,H,G,D0,1,D0,,666,86876,0.007666099,0.105774594,,0.035863299,
H361G,361,S15,H,G,D0,1,D0,,666,86876,0.007666099,0.105774594,,0.035863299,
H361G,361,S15,H,G,D0,2,D0,,306,46489,0.006582202,-0.114147644,,0.035863299,
H361G,361,S15,H,G,D0,2,D0,,306,46489,0.006582202,-0.114147644,,0.035863299,
H361G,361,S15,H,G,i_50,1,Imatinib,50,11068,1433607,0.007720386,0.115955058,0.035945881,0.035863299,1.005963608
H361G,361,S15,H,G,i_100,1,Imatinib,100,1003,136108,0.007369148,0.048779835,0.033261022,0.035863299,0.829141902
H361G,361,S15,H,G,i_200,1,Imatinib,200,5707,847842,0.006731207,-0.081852777,0.024358244,0.035863299,0.436763255
H361G,361,S15,H,G,i_300,1,Imatinib,300,357,57840,0.006172199,-0.206933382,0.014058061,0.035863299,0.208049938
H361G,361,S15,H,G,i_444,1,Imatinib,444,1738,254313,0.006834098,-0.059967034,0.006197136,0.035863299,0.118130683
H361G,361,S15,H,G,i_500,1,Imatinib,500,321,44660,0.00718764,0.012800142,0.004524188,0.035863299,0.104725147
H361G,361,S15,H,G,i_579,1,Imatinib,579,824,110676,0.007445155,0.063583929,0.004668525,0.035863299,0.105819153
H361G,361,S15,H,G,i_750,1,Imatinib,750,2176,284854,0.007639001,0.100665987,0.000715611,0.035863299,0.079608565
H361G,361,S15,H,G,i_1000,1,Imatinib,1000,2275,311421,0.007305223,0.036210408,-0.001950881,0.035863299,0.065702322
H361G,361,S15,H,G,i_1250,1,Imatinib,1250,3356,448879,0.007476402,0.069626208,-0.003937997,0.035863299,0.056943635
H361G,361,S15,H,G,i_2500,1,Imatinib,2500,981,119408,0.00821553,0.205635641,-0.006326057,0.035863299,0.047948216
H361G,361,S15,H,G,i_5000,1,Imatinib,5000,1596,251745,0.006339749,-0.168292377,-0.012568996,0.035863299,0.03058868
H361G,361,S15,H,G,N,1,None,0,4404,548120,0.008034737,0.173532787,0.035863299,0.035863299,1
H361I,361,S15,H,I,a_5,1,Asciminib,5,1279,465856,0.002745484,0.034111176,0.033807895,0.037256981,0.780099188
H361I,361,S15,H,I,a_10,1,Asciminib,10,1702,736805,0.002309973,-0.215072828,0.024372512,0.037256981,0.395469423
H361I,361,S15,H,I,a_50,1,Asciminib,50,748,364815,0.002050354,-0.387075888,0.00101292,0.037256981,0.073565994
H361I,361,S15,H,I,a_89,1,Asciminib,89,926,363702,0.00254604,-0.074693774,0.001437914,0.037256981,0.075851875
H361I,361,S15,H,I,a_128,1,Asciminib,128,782,237662,0.003290387,0.295308251,0.005127799,0.037256981,0.09893412
H361I,361,S15,H,I,a_250,1,Asciminib,250,1358,453294,0.002995848,0.160015401,0.001965006,0.037256981,0.078785825
H361I,361,S15,H,I,a_363,1,Asciminib,363,1025,412243,0.002486398,-0.1088921,-0.00066324,0.037256981,0.065202601
H361I,361,S15,H,I,a_500,1,Asciminib,500,616,263369,0.002338924,-0.1971043,-0.003319394,0.037256981,0.053852901
H361I,361,S15,H,I,a_638,1,Asciminib,638,2037,650734,0.003130311,0.223357032,-0.001043744,0.037256981,0.06344054
H361I,361,S15,H,I,a_750,1,Asciminib,750,2301,906324,0.002538827,-0.078786919,-0.001433053,0.037256981,0.061686974
H361I,361,S15,H,I,a_1151,1,Asciminib,1151,860,270466,0.003179697,0.245940306,0.003193582,0.037256981,0.086072547
H361I,361,S15,H,I,D0,1,D0,,208,86876,0.002394217,-0.163395164,,0.037256981,
H361I,361,S15,H,I,D0,1,D0,,208,86876,0.002394217,-0.163395164,,0.037256981,
H361I,361,S15,H,I,D0,2,D0,,138,46489,0.002968444,0.14675786,,0.037256981,
H361I,361,S15,H,I,D0,2,D0,,138,46489,0.002968444,0.14675786,,0.037256981,
H361I,361,S15,H,I,i_50,1,Imatinib,50,4682,1433607,0.003265888,0.284526239,0.037708244,0.037256981,1.033024499
H361I,361,S15,H,I,i_100,1,Imatinib,100,349,136108,0.00256414,-0.064473938,0.032076987,0.037256981,0.688693058
H361I,361,S15,H,I,i_200,1,Imatinib,200,2187,847842,0.00257949,-0.055863229,0.024629957,0.037256981,0.402868235
H361I,361,S15,H,I,i_300,1,Imatinib,300,181,57840,0.003129322,0.222901132,0.018551856,0.037256981,0.260079213
H361I,361,S15,H,I,i_444,1,Imatinib,444,813,254313,0.003196848,0.253701032,0.009476444,0.037256981,0.135308396
H361I,361,S15,H,I,i_500,1,Imatinib,500,111,44660,0.002485446,-0.109444588,0.003246155,0.037256981,0.086398974
H361I,361,S15,H,I,i_579,1,Imatinib,579,277,110676,0.002502801,-0.099405541,0.002964518,0.037256981,0.084664628
H361I,361,S15,H,I,i_750,1,Imatinib,750,889,284854,0.003120897,0.219011646,0.00195288,0.037256981,0.078717067
H361I,361,S15,H,I,i_1000,1,Imatinib,1000,1041,311421,0.003342742,0.318082822,0.000996013,0.037256981,0.073476493
H361I,361,S15,H,I,i_1250,1,Imatinib,1250,1330,448879,0.002962937,0.144078628,-0.003159619,0.037256981,0.054475991
H361I,361,S15,H,I,i_2500,1,Imatinib,2500,403,119408,0.003374983,0.331931234,-0.005005674,0.037256981,0.047695837
H361I,361,S15,H,I,i_5000,1,Imatinib,5000,716,251745,0.002844148,0.085047354,-0.009920403,0.037256981,0.033481184
H361I,361,S15,H,I,N,1,None,0,1818,548120,0.003316792,0.306839409,0.037256981,0.037256981,1
H361K,361,S15,H,K,a_5,1,Asciminib,5,2422,465856,0.005199031,-0.411955035,0.029144403,0.033056468,0.754523642
H361K,361,S15,H,K,a_10,1,Asciminib,10,3679,736805,0.00499318,-0.470239001,0.021704824,0.033056468,0.441614317
H361K,361,S15,H,K,a_50,1,Asciminib,50,2016,364815,0.005526089,-0.323939236,0.001672996,0.033056468,0.10439119
H361K,361,S15,H,K,a_89,1,Asciminib,89,2111,363702,0.005804202,-0.253100106,-0.000427272,0.033056468,0.089740843
H361K,361,S15,H,K,a_128,1,Asciminib,128,1286,237662,0.005411046,-0.35429043,-0.001663566,0.033056468,0.082097936
H361K,361,S15,H,K,a_250,1,Asciminib,250,2654,453294,0.00585492,-0.24054852,-0.002222773,0.033056468,0.078858095
H361K,361,S15,H,K,a_363,1,Asciminib,363,2204,412243,0.005346361,-0.371640598,-0.003410199,0.033056468,0.072396308
H361K,361,S15,H,K,a_500,1,Asciminib,500,1230,263369,0.004670254,-0.566697052,-0.007183378,0.033056468,0.055173699
H361K,361,S15,H,K,a_638,1,Asciminib,638,3411,650734,0.005241773,-0.400143005,-0.007562255,0.033056468,0.053688953
H361K,361,S15,H,K,a_750,1,Asciminib,750,4864,906324,0.005366734,-0.366153485,-0.004437387,0.033056468,0.067235255
H361K,361,S15,H,K,a_1151,1,Asciminib,1151,1534,270466,0.005671693,-0.286418588,-0.002372076,0.033056468,0.078014926
H361K,361,S15,H,K,D0,1,D0,,645,86876,0.007424375,0.102071656,,0.033056468,
H361K,361,S15,H,K,D0,1,D0,,645,86876,0.007424375,0.102071656,,0.033056468,
H361K,361,S15,H,K,D0,2,D0,,298,46489,0.006410119,-0.109846888,,0.033056468,
H361K,361,S15,H,K,D0,2,D0,,298,46489,0.006410119,-0.109846888,,0.033056468,
H361K,361,S15,H,K,i_50,1,Imatinib,50,8440,1433607,0.005887248,-0.232604508,0.032301793,0.033056468,0.947113248
H361K,361,S15,H,K,i_100,1,Imatinib,100,724,136108,0.005319305,-0.378960089,0.028789126,0.033056468,0.735467731
H361K,361,S15,H,K,i_200,1,Imatinib,200,4660,847842,0.005496307,-0.331735306,0.021745795,0.033056468,0.442918974
H361K,361,S15,H,K,i_300,1,Imatinib,300,343,57840,0.005930152,-0.222128801,0.013899198,0.033056468,0.251748818
H361K,361,S15,H,K,i_444,1,Imatinib,444,1639,254313,0.006444814,-0.102059183,0.005757074,0.033056468,0.140077939
H361K,361,S15,H,K,i_500,1,Imatinib,500,287,44660,0.006426332,-0.106202339,0.003280052,0.033056468,0.117196656
H361K,361,S15,H,K,i_579,1,Imatinib,579,591,110676,0.005339911,-0.373382198,0.000100172,0.033056468,0.093214376
H361K,361,S15,H,K,i_750,1,Imatinib,750,1617,284854,0.005676592,-0.285172811,-0.003318222,0.033056468,0.072877333
H361K,361,S15,H,K,i_1000,1,Imatinib,1000,1821,311421,0.00584739,-0.242405136,-0.004863726,0.033056468,0.065202731
H361K,361,S15,H,K,i_1250,1,Imatinib,1250,3052,448879,0.00679916,-0.024841467,-0.004925629,0.033056468,0.064912765
H361K,361,S15,H,K,i_2500,1,Imatinib,2500,857,119408,0.007177074,0.053197788,-0.007919751,0.033056468,0.052324649
H361K,361,S15,H,K,i_5000,1,Imatinib,5000,1487,251745,0.005906771,-0.227828302,-0.013191427,0.033056468,0.035798532
H361K,361,S15,H,K,N,1,None,0,3550,548120,0.006476684,-0.094942578,0.033056468,0.033056468,1
H361L,361,S15,H,L,a_5,1,Asciminib,5,1435,465856,0.003080351,-0.082808316,0.032585536,0.035051264,0.837333866
H361L,361,S15,H,L,a_10,1,Asciminib,10,2063,736805,0.002799927,-0.220514009,0.024315626,0.035051264,0.461641837
H361L,361,S15,H,L,a_50,1,Asciminib,50,898,364815,0.002461522,-0.406352678,0.000811387,0.035051264,0.084985798
H361L,361,S15,H,L,a_89,1,Asciminib,89,916,363702,0.002518545,-0.373312334,-0.001684056,0.035051264,0.071009399
H361L,361,S15,H,L,a_128,1,Asciminib,128,733,237662,0.003084212,-0.081001122,0.001193594,0.035051264,0.087356993
H361L,361,S15,H,L,a_250,1,Asciminib,250,1247,453294,0.002750974,-0.245960578,-0.002279354,0.035051264,0.068030137
H361L,361,S15,H,L,a_363,1,Asciminib,363,1191,412243,0.002889073,-0.175296561,-0.001357479,0.035051264,0.072698867
H361L,361,S15,H,L,a_500,1,Asciminib,500,733,263369,0.002783167,-0.229175417,-0.003654688,0.035051264,0.061616319
H361L,361,S15,H,L,a_638,1,Asciminib,638,1956,650734,0.003005836,-0.118136542,-0.00461396,0.035051264,0.05750427
H361L,361,S15,H,L,a_750,1,Asciminib,750,2617,906324,0.002887488,-0.176087942,-0.002450307,0.035051264,0.067197912
H361L,361,S15,H,L,a_1151,1,Asciminib,1151,815,270466,0.003013318,-0.114550259,-0.000575242,0.035051264,0.076910842
H361L,361,S15,H,L,D0,1,D0,,294,86876,0.003384134,0.052883498,,0.035051264,
H361L,361,S15,H,L,D0,1,D0,,294,86876,0.003384134,0.052883498,,0.035051264,
H361L,361,S15,H,L,D0,2,D0,,146,46489,0.003140528,-0.054896002,,0.035051264,
H361L,361,S15,H,L,D0,2,D0,,146,46489,0.003140528,-0.054896002,,0.035051264,
H361L,361,S15,H,L,i_50,1,Imatinib,50,4714,1433607,0.003288209,0.011399099,0.034852779,0.035051264,0.985810744
H361L,361,S15,H,L,i_100,1,Imatinib,100,405,136108,0.002975578,-0.132733031,0.031363358,0.035051264,0.76680004
H361L,361,S15,H,L,i_200,1,Imatinib,200,2656,847842,0.003132659,-0.058515267,0.024602231,0.035051264,0.471267051
H361L,361,S15,H,L,i_300,1,Imatinib,300,153,57840,0.002645228,-0.302510877,0.013058826,0.035051264,0.205264583
H361L,361,S15,H,L,i_444,1,Imatinib,444,725,254313,0.002850818,-0.19452729,0.004790347,0.035051264,0.113178849
H361L,361,S15,H,L,i_500,1,Imatinib,500,132,44660,0.002955665,-0.1424203,0.002901404,0.035051264,0.098786935
H361L,361,S15,H,L,i_579,1,Imatinib,579,265,110676,0.002394376,-0.446253122,-0.000661673,0.035051264,0.076433712
H361L,361,S15,H,L,i_750,1,Imatinib,750,754,284854,0.00264697,-0.301561215,-0.003489558,0.035051264,0.062353272
H361L,361,S15,H,L,i_1000,1,Imatinib,1000,1018,311421,0.003268887,0.002896351,-0.00229917,0.035051264,0.067933144
H361L,361,S15,H,L,i_1250,1,Imatinib,1250,1384,448879,0.003083236,-0.081457639,-0.005517535,0.035051264,0.053882286
H361L,361,S15,H,L,i_2500,1,Imatinib,2500,369,119408,0.003090245,-0.078181753,-0.009293286,0.035051264,0.041056441
H361L,361,S15,H,L,i_5000,1,Imatinib,5000,593,251745,0.002355558,-0.469834093,-0.015721527,0.035051264,0.025844928
H361L,361,S15,H,L,N,1,None,0,1911,548120,0.003486463,0.095861023,0.035051264,0.035051264,1
H361M,361,S15,H,M,a_5,1,Asciminib,5,1638,465856,0.003516108,-0.055034818,0.0328759,0.032274894,1.044222318
H361M,361,S15,H,M,a_10,1,Asciminib,10,2371,736805,0.003217948,-0.18287329,0.024709148,0.032274894,0.579996232
H361M,361,S15,H,M,a_50,1,Asciminib,50,1136,364815,0.003113907,-0.230288316,0.002652089,0.032274894,0.11850004
H361M,361,S15,H,M,a_89,1,Asciminib,89,1266,363702,0.003480872,-0.069565555,0.001491528,0.032274894,0.109000549
H361M,361,S15,H,M,a_128,1,Asciminib,128,787,237662,0.003311425,-0.141561808,0.00056045,0.032274894,0.101932958
H361M,361,S15,H,M,a_250,1,Asciminib,250,1594,453294,0.003516482,-0.054881537,-0.000281678,0.032274894,0.095936073
H361M,361,S15,H,M,a_363,1,Asciminib,363,1187,412243,0.00287937,-0.343261162,-0.0031135,0.032274894,0.078240774
H361M,361,S15,H,M,a_500,1,Asciminib,500,643,263369,0.002441441,-0.581281,-0.007335849,0.032274894,0.057730277
H361M,361,S15,H,M,a_638,1,Asciminib,638,1986,650734,0.003051938,-0.259288412,-0.006089661,0.032274894,0.06314965
H361M,361,S15,H,M,a_750,1,Asciminib,750,2618,906324,0.002888592,-0.338647892,-0.004149824,0.032274894,0.072615295
H361M,361,S15,H,M,a_1151,1,Asciminib,1151,923,270466,0.003412629,-0.098130793,-0.000403582,0.032274894,0.095097725
H361M,361,S15,H,M,D0,1,D0,,317,86876,0.003648879,-0.00156094,,0.032274894,
H361M,361,S15,H,M,D0,1,D0,,317,86876,0.003648879,-0.00156094,,0.032274894,
H361M,361,S15,H,M,D0,2,D0,,170,46489,0.003656779,0.001559252,,0.032274894,
H361M,361,S15,H,M,D0,2,D0,,170,46489,0.003656779,0.001559252,,0.032274894,
H361M,361,S15,H,M,i_50,1,Imatinib,50,4677,1433607,0.0032624,-0.163080354,0.033028647,0.032274894,1.05576988
H361M,361,S15,H,M,i_100,1,Imatinib,100,436,136108,0.003203339,-0.189437927,0.030770525,0.032274894,0.897345266
H361M,361,S15,H,M,i_200,1,Imatinib,200,2507,847842,0.002956919,-0.30491954,0.022026146,0.032274894,0.4781122
H361M,361,S15,H,M,i_300,1,Imatinib,300,228,57840,0.003941909,0.109880171,0.017370255,0.032274894,0.341935202
H361M,361,S15,H,M,i_444,1,Imatinib,444,868,254313,0.003413117,-0.097924365,0.005800303,0.032274894,0.148648539
H361M,361,S15,H,M,i_500,1,Imatinib,500,131,44660,0.002933274,-0.31650254,0.001081425,0.032274894,0.105829095
H361M,361,S15,H,M,i_579,1,Imatinib,579,433,110676,0.003912321,0.099010421,0.005038899,0.032274894,0.140718807
H361M,361,S15,H,M,i_750,1,Imatinib,750,1049,284854,0.003682588,0.011705912,-0.000214441,0.032274894,0.096401635
H361M,361,S15,H,M,i_1000,1,Imatinib,1000,1061,311421,0.003406964,-0.100527677,-0.003380438,0.032274894,0.07675138
H361M,361,S15,H,M,i_1250,1,Imatinib,1250,1669,448879,0.003718151,0.02557125,-0.004398579,0.032274894,0.071326307
H361M,361,S15,H,M,i_2500,1,Imatinib,2500,468,119408,0.003919335,0.101594838,-0.007413774,0.032274894,0.057407285
H361M,361,S15,H,M,i_5000,1,Imatinib,5000,895,251745,0.003555185,-0.039089638,-0.011218219,0.032274894,0.04365209
H361M,361,S15,H,M,N,1,None,0,1780,548120,0.003247464,-0.169700637,0.032274894,0.032274894,1
H361N,361,S15,H,N,a_5,1,Asciminib,5,2008,465856,0.004310345,-0.161598344,0.031761809,0.034119598,0.843866656
H361N,361,S15,H,N,a_10,1,Asciminib,10,2800,736805,0.003800191,-0.343329563,0.023031625,0.034119598,0.450078148
H361N,361,S15,H,N,a_50,1,Asciminib,50,1278,364815,0.003503145,-0.460750752,0.000242671,0.034119598,0.087235953
H361N,361,S15,H,N,a_89,1,Asciminib,89,1392,363702,0.003827309,-0.333071186,-0.001263347,0.034119598,0.078271478
H361N,361,S15,H,N,a_128,1,Asciminib,128,901,237662,0.003791098,-0.346785775,-0.001585107,0.034119598,0.076479027
H361N,361,S15,H,N,a_250,1,Asciminib,250,1563,453294,0.003448093,-0.483602825,-0.004763835,0.034119598,0.060833958
H361N,361,S15,H,N,a_363,1,Asciminib,363,1224,412243,0.002969123,-0.699364977,-0.006836462,0.034119598,0.05240065
H361N,361,S15,H,N,a_500,1,Asciminib,500,888,263369,0.003371695,-0.515927499,-0.006652597,0.034119598,0.053098954
H361N,361,S15,H,N,a_638,1,Asciminib,638,2301,650734,0.003536007,-0.447280489,-0.008055064,0.034119598,0.047998975
H361N,361,S15,H,N,a_750,1,Asciminib,750,3968,906324,0.004378125,-0.139088401,-0.002063488,0.034119598,0.073889676
H361N,361,S15,H,N,a_1151,1,Asciminib,1151,1119,270466,0.004137304,-0.220710748,-0.001685119,0.034119598,0.075930288
H361N,361,S15,H,N,D0,1,D0,,449,86876,0.005168286,0.100284228,,0.034119598,
H361N,361,S15,H,N,D0,1,D0,,449,86876,0.005168286,0.100284228,,0.034119598,
H361N,361,S15,H,N,D0,2,D0,,208,46489,0.004474177,-0.107779403,,0.034119598,
H361N,361,S15,H,N,D0,2,D0,,208,46489,0.004474177,-0.107779403,,0.034119598,
H361N,361,S15,H,N,i_50,1,Imatinib,50,7110,1433607,0.004959518,0.04079834,0.03516014,0.034119598,1.077796861
H361N,361,S15,H,N,i_100,1,Imatinib,100,628,136108,0.004613983,-0.06338894,0.03208833,0.034119598,0.863940595
H361N,361,S15,H,N,i_200,1,Imatinib,200,3590,847842,0.00423428,-0.18728513,0.02325598,0.034119598,0.457407539
H361N,361,S15,H,N,i_300,1,Imatinib,300,226,57840,0.003907331,-0.303218318,0.01305143,0.034119598,0.219389178
H361N,361,S15,H,N,i_444,1,Imatinib,444,1233,254313,0.004848356,0.00809405,0.006908694,0.034119598,0.140973262
H361N,361,S15,H,N,i_500,1,Imatinib,500,215,44660,0.004814151,-0.00212013,0.004368201,0.034119598,0.117407961
H361N,361,S15,H,N,i_579,1,Imatinib,579,406,110676,0.003668365,-0.394264314,-0.000118145,0.034119598,0.084998857
H361N,361,S15,H,N,i_750,1,Imatinib,750,1106,284854,0.003882691,-0.312344818,-0.003602297,0.034119598,0.066140341
H361N,361,S15,H,N,i_1000,1,Imatinib,1000,1458,311421,0.004681765,-0.042349051,-0.002772198,0.034119598,0.07021388
H361N,361,S15,H,N,i_1250,1,Imatinib,1250,1832,448879,0.004081278,-0.240380639,-0.007179029,0.034119598,0.051124006
H361N,361,S15,H,N,i_2500,1,Imatinib,2500,601,119408,0.005033164,0.062063861,-0.007827059,0.034119598,0.048793447
H361N,361,S15,H,N,i_5000,1,Imatinib,5000,1050,251745,0.004170887,-0.209047335,-0.012995077,0.034119598,0.033632696
H361N,361,S15,H,N,N,1,None,0,2655,548120,0.00484383,0.006746546,0.034119598,0.034119598,1
H361P,361,S15,H,P,a_5,1,Asciminib,5,2831,465856,0.006076985,-0.207119785,0.031285896,0.035094067,0.76018887
H361P,361,S15,H,P,a_10,1,Asciminib,10,4453,736805,0.006043661,-0.215052699,0.024372722,0.035094067,0.462117145
H361P,361,S15,H,P,a_50,1,Asciminib,50,2204,364815,0.006041418,-0.215588285,0.002805773,0.035094067,0.09780719
H361P,361,S15,H,P,a_89,1,Asciminib,89,2173,363702,0.005974672,-0.231616144,-0.000202664,0.035094067,0.078758848
H361P,361,S15,H,P,a_128,1,Asciminib,128,1498,237662,0.006303069,-0.154421083,0.00042601,0.035094067,0.082405745
H361P,361,S15,H,P,a_250,1,Asciminib,250,3259,453294,0.007189594,0.035434828,0.000662553,0.035094067,0.083821223
H361P,361,S15,H,P,a_363,1,Asciminib,363,2625,412243,0.006367604,-0.139725033,-0.000985589,0.035094067,0.074441979
H361P,361,S15,H,P,a_500,1,Asciminib,500,1547,263369,0.005873888,-0.256159805,-0.003936802,0.035094067,0.060191593
H361P,361,S15,H,P,a_638,1,Asciminib,638,4480,650734,0.006884533,-0.027116662,-0.003662373,0.035094067,0.061392738
H361P,361,S15,H,P,a_750,1,Asciminib,750,5742,906324,0.006335483,-0.147021018,-0.002146421,0.035094067,0.068473041
H361P,361,S15,H,P,a_1151,1,Asciminib,1151,1911,270466,0.007065583,0.010333073,0.000730377,0.035094067,0.084231549
H361P,361,S15,H,P,D0,1,D0,,591,86876,0.006802799,-0.044347008,,0.035094067,
H361P,361,S15,H,P,D0,1,D0,,591,86876,0.006802799,-0.044347008,,0.035094067,
H361P,361,S15,H,P,D0,2,D0,,336,46489,0.007227516,0.043024381,,0.035094067,
H361P,361,S15,H,P,D0,2,D0,,336,46489,0.007227516,0.043024381,,0.035094067,
H361P,361,S15,H,P,i_50,1,Imatinib,50,10536,1433607,0.007349294,0.067130204,0.035435432,0.035094067,1.024882759
H361P,361,S15,H,P,i_100,1,Imatinib,100,953,136108,0.007001793,-0.002751207,0.03272228,0.035094067,0.843016548
H361P,361,S15,H,P,i_200,1,Imatinib,200,5959,847842,0.007028432,0.002727352,0.025242505,0.035094067,0.491982311
H361P,361,S15,H,P,i_300,1,Imatinib,300,375,57840,0.006483402,-0.113724416,0.015032534,0.035094067,0.235880392
H361P,361,S15,H,P,i_444,1,Imatinib,444,1886,254313,0.007416058,0.080177005,0.007662301,0.035094067,0.138749213
H361P,361,S15,H,P,i_500,1,Imatinib,500,273,44660,0.006112853,-0.198629759,0.00231375,0.035094067,0.094402961
H361P,361,S15,H,P,i_579,1,Imatinib,579,720,110676,0.006505475,-0.108821056,0.002866081,0.035094067,0.09823281
H361P,361,S15,H,P,i_750,1,Imatinib,750,1959,284854,0.006877207,-0.028652727,-0.000636379,0.035094067,0.076337412
H361P,361,S15,H,P,i_1000,1,Imatinib,1000,2587,311421,0.008307083,0.243866362,0.000220101,0.035094067,0.081193054
H361P,361,S15,H,P,i_1250,1,Imatinib,1250,3137,448879,0.00698852,-0.005488534,-0.0047233,0.035094067,0.056877784
H361P,361,S15,H,P,i_2500,1,Imatinib,2500,965,119408,0.008081536,0.204153892,-0.006341549,0.035094067,0.050622236
H361P,361,S15,H,P,i_5000,1,Imatinib,5000,1721,251745,0.006836283,-0.037263487,-0.011199127,0.035094067,0.035681961
H361P,361,S15,H,P,N,1,None,0,4121,548120,0.007518427,0.099955227,0.035094067,0.035094067,1
H361Q,361,S15,H,Q,a_5,1,Asciminib,5,3785,465856,0.008124828,-0.010650839,0.033339921,0.035881725,0.832759923
H361Q,361,S15,H,Q,a_10,1,Asciminib,10,6320,736805,0.008577575,0.067581642,0.027327582,0.035881725,0.540155441
H361Q,361,S15,H,Q,a_50,1,Asciminib,50,2453,364815,0.006723956,-0.28367788,0.002093916,0.035881725,0.087797501
H361Q,361,S15,H,Q,a_89,1,Asciminib,89,2523,363702,0.006936998,-0.238676718,-0.00027648,0.035881725,0.074022159
H361Q,361,S15,H,Q,a_128,1,Asciminib,128,2011,237662,0.008461597,0.047941769,0.002541655,0.035881725,0.090673959
H361Q,361,S15,H,Q,a_250,1,Asciminib,250,3700,453294,0.008162473,-0.003981859,0.000250463,0.035881725,0.076884507
H361Q,361,S15,H,Q,a_363,1,Asciminib,363,3254,412243,0.007893403,-0.05234081,-7.20E-05,0.035881725,0.075119949
H361Q,361,S15,H,Q,a_500,1,Asciminib,500,1667,263369,0.006329522,-0.370891503,-0.005136288,0.035881725,0.052167427
H361Q,361,S15,H,Q,a_638,1,Asciminib,638,4958,650734,0.007619089,-0.103369728,-0.004459577,0.035881725,0.054772133
H361Q,361,S15,H,Q,a_750,1,Asciminib,750,7252,906324,0.008001554,-0.032708028,-0.000951312,0.035881725,0.070511555
H361Q,361,S15,H,Q,a_1151,1,Asciminib,1151,2040,270466,0.007542538,-0.117938158,-0.000610662,0.035881725,0.072262362
H361Q,361,S15,H,Q,D0,1,D0,,613,86876,0.007056034,-0.21413067,,0.035881725,
H361Q,361,S15,H,Q,D0,1,D0,,613,86876,0.007056034,-0.21413067,,0.035881725,
H361Q,361,S15,H,Q,D0,2,D0,,433,46489,0.009314031,0.186417567,,0.035881725,
H361Q,361,S15,H,Q,D0,2,D0,,433,46489,0.009314031,0.186417567,,0.035881725,
H361Q,361,S15,H,Q,i_50,1,Imatinib,50,13441,1433607,0.009375652,0.195930826,0.036782005,0.035881725,1.066967075
H361Q,361,S15,H,Q,i_100,1,Imatinib,100,1103,136108,0.008103859,-0.01437914,0.032600713,0.035881725,0.789596792
H361Q,361,S15,H,Q,i_200,1,Imatinib,200,7150,847842,0.008433175,0.043087741,0.025664461,0.035881725,0.479197216
H361Q,361,S15,H,Q,i_300,1,Imatinib,300,434,57840,0.007503458,-0.125432574,0.014910128,0.035881725,0.220919926
H361Q,361,S15,H,Q,i_444,1,Imatinib,444,2258,254313,0.008878823,0.11738021,0.008051249,0.035881725,0.134822759
H361Q,361,S15,H,Q,i_500,1,Imatinib,500,390,44660,0.008732647,0.093430808,0.005367158,0.035881725,0.111130641
H361Q,361,S15,H,Q,i_579,1,Imatinib,579,907,110676,0.008195092,0.001771982,0.004022299,0.035881725,0.100874443
H361Q,361,S15,H,Q,i_750,1,Imatinib,750,2414,284854,0.008474517,0.050142946,0.000187407,0.035881725,0.076536241
H361Q,361,S15,H,Q,i_1000,1,Imatinib,1000,2737,311421,0.008788746,0.102669137,-0.001256075,0.035881725,0.068981178
H361Q,361,S15,H,Q,i_1250,1,Imatinib,1250,3982,448879,0.008870988,0.116106552,-0.003452059,0.035881725,0.058893034
H361Q,361,S15,H,Q,i_2500,1,Imatinib,2500,1149,119408,0.009622471,0.233419237,-0.006035588,0.035881725,0.048896642
H361Q,361,S15,H,Q,i_5000,1,Imatinib,5000,2000,251745,0.007944547,-0.043023189,-0.011259343,0.035881725,0.033568844
H361Q,361,S15,H,Q,N,1,None,0,5066,548120,0.009242502,0.175295235,0.035881725,0.035881725,1
H361R,361,S15,H,R,a_5,1,Asciminib,5,3468,465856,0.00744436,0.042731092,0.033898014,0.037424938,0.775739498
H361R,361,S15,H,R,a_10,1,Asciminib,10,5153,736805,0.006993709,-0.047358991,0.026125911,0.037424938,0.443290523
H361R,361,S15,H,R,a_50,1,Asciminib,50,2528,364815,0.00692954,-0.060657318,0.004425531,0.037424938,0.092925493
H361R,361,S15,H,R,a_89,1,Asciminib,89,2635,363702,0.007244942,0.003557371,0.002256007,0.037424938,0.079486902
H361R,361,S15,H,R,a_128,1,Asciminib,128,1665,237662,0.007005748,-0.044877802,0.001571253,0.037424938,0.075663055
H361R,361,S15,H,R,a_250,1,Asciminib,250,3618,453294,0.007981575,0.143256611,0.001789798,0.037424938,0.076863048
H361R,361,S15,H,R,a_363,1,Asciminib,363,3016,412243,0.007316073,0.017652701,0.000659749,0.037424938,0.070856855
H361R,361,S15,H,R,a_500,1,Asciminib,500,1706,263369,0.006477604,-0.157956627,-0.002910116,0.037424938,0.054796778
H361R,361,S15,H,R,a_638,1,Asciminib,638,4912,650734,0.007548399,0.062753895,-0.002722803,0.037424938,0.055540805
H361R,361,S15,H,R,a_750,1,Asciminib,750,7024,906324,0.007749988,0.100777225,0.000444237,0.037424938,0.069765866
H361R,361,S15,H,R,a_1151,1,Asciminib,1151,2163,270466,0.007997308,0.146097688,0.002149756,0.037424938,0.078881144
H361R,361,S15,H,R,D0,1,D0,,725,86876,0.008345228,0.207534584,,0.037424938,
H361R,361,S15,H,R,D0,1,D0,,725,86876,0.008345228,0.207534584,,0.037424938,
H361R,361,S15,H,R,D0,2,D0,,284,46489,0.006108972,-0.242487195,,0.037424938,
H361R,361,S15,H,R,D0,2,D0,,284,46489,0.006108972,-0.242487195,,0.037424938,
H361R,361,S15,H,R,i_50,1,Imatinib,50,12020,1433607,0.008384446,0.214298578,0.036974034,0.037424938,0.968056281
H361R,361,S15,H,R,i_100,1,Imatinib,100,1085,136108,0.007971611,0.141454445,0.034229908,0.037424938,0.794500134
H361R,361,S15,H,R,i_200,1,Imatinib,200,6765,847842,0.007979081,0.142805767,0.026706984,0.037424938,0.462229997
H361R,361,S15,H,R,i_300,1,Imatinib,300,419,57840,0.007244122,0.00339396,0.016256972,0.037424938,0.21781842
H361R,361,S15,H,R,i_444,1,Imatinib,444,2134,254313,0.008391234,0.215466233,0.00907671,0.037424938,0.129889347
H361R,361,S15,H,R,i_500,1,Imatinib,500,360,44660,0.008060905,0.157524924,0.006037244,0.037424938,0.104359462
H361R,361,S15,H,R,i_579,1,Imatinib,579,847,110676,0.007652969,0.082602734,0.004867361,0.037424938,0.095929138
H361R,361,S15,H,R,i_750,1,Imatinib,750,2255,284854,0.007916336,0.131416037,0.001037093,0.037424938,0.07280834
H361R,361,S15,H,R,i_1000,1,Imatinib,1000,2615,311421,0.008396993,0.216455982,-6.65E-05,0.037424938,0.06724712
H361R,361,S15,H,R,i_1250,1,Imatinib,1250,3811,448879,0.008490039,0.232354273,-0.002236723,0.037424938,0.057519023
H361R,361,S15,H,R,i_2500,1,Imatinib,2500,1115,119408,0.009337733,0.369655482,-0.004611278,0.037424938,0.048479827
H361R,361,S15,H,R,i_5000,1,Imatinib,5000,2058,251745,0.008174939,0.177791126,-0.008950794,0.037424938,0.035470545
H361R,361,S15,H,R,N,1,None,0,4955,548120,0.009039991,0.322904549,0.037424938,0.037424938,1
H361S,361,S15,H,S,a_5,1,Asciminib,5,2691,465856,0.005776463,-0.097686704,0.032429987,0.034159922,0.882889374
H361S,361,S15,H,S,a_10,1,Asciminib,10,3892,736805,0.005282266,-0.226716162,0.024250784,0.034159922,0.489947047
H361S,361,S15,H,S,a_50,1,Asciminib,50,1760,364815,0.004824363,-0.357534641,0.001321765,0.034159922,0.094010641
H361S,361,S15,H,S,a_89,1,Asciminib,89,1994,363702,0.00548251,-0.17303647,0.00040977,0.034159922,0.088035864
H361S,361,S15,H,S,a_128,1,Asciminib,128,1376,237662,0.005789735,-0.094375798,0.001053766,0.034159922,0.092214006
H361S,361,S15,H,S,a_250,1,Asciminib,250,2536,453294,0.005594603,-0.14383734,-0.001211685,0.034159922,0.078335393
H361S,361,S15,H,S,a_363,1,Asciminib,363,2190,412243,0.005312401,-0.218509147,-0.001809254,0.034159922,0.075036494
H361S,361,S15,H,S,a_500,1,Asciminib,500,1272,263369,0.004829726,-0.355931892,-0.00497989,0.034159922,0.059721303
H361S,361,S15,H,S,a_638,1,Asciminib,638,2924,650734,0.004493387,-0.460069644,-0.00818877,0.034159922,0.047401288
H361S,361,S15,H,S,a_750,1,Asciminib,750,4980,906324,0.005494724,-0.169826167,-0.002384842,0.034159922,0.071990361
H361S,361,S15,H,S,a_1151,1,Asciminib,1151,1445,270466,0.005342631,-0.210322773,-0.001576516,0.034159922,0.076304485
H361S,361,S15,H,S,a_2500,1,Asciminib,2500,1,8,0.125,4.337911169,0.04488215,0.034159922,2.164090887
H361S,361,S15,H,S,D0,1,D0,,547,86876,0.00629633,0.026638133,,0.034159922,
H361S,361,S15,H,S,D0,1,D0,,547,86876,0.00629633,0.026638133,,0.034159922,
H361S,361,S15,H,S,D0,2,D0,,282,46489,0.006065951,-0.027139251,,0.034159922,
H361S,361,S15,H,S,D0,2,D0,,282,46489,0.006065951,-0.027139251,,0.034159922,
H361S,361,S15,H,S,i_50,1,Imatinib,50,8532,1433607,0.005951422,-0.054638737,0.034162373,0.034159922,1.00017645
H361S,361,S15,H,S,i_100,1,Imatinib,100,808,136108,0.005936462,-0.058269689,0.03214185,0.034159922,0.864761809
H361S,361,S15,H,S,i_200,1,Imatinib,200,4764,847842,0.005618971,-0.137567043,0.023775768,0.034159922,0.473473592
H361S,361,S15,H,S,i_300,1,Imatinib,300,342,57840,0.005912863,-0.064016248,0.015552218,0.034159922,0.261909909
H361S,361,S15,H,S,i_444,1,Imatinib,444,1508,254313,0.005929701,-0.059913804,0.006197692,0.034159922,0.133549835
H361S,361,S15,H,S,i_500,1,Imatinib,500,250,44660,0.00559785,-0.143000177,0.002895341,0.034159922,0.10528863
H361S,361,S15,H,S,i_579,1,Imatinib,579,529,110676,0.004779717,-0.370947802,0.000125622,0.034159922,0.086253073
H361S,361,S15,H,S,i_750,1,Imatinib,750,1596,284854,0.00560287,-0.141707034,-0.001818329,0.034159922,0.074987483
H361S,361,S15,H,S,i_1000,1,Imatinib,1000,1742,311421,0.005593714,-0.144066629,-0.003835625,0.034159922,0.064849931
H361S,361,S15,H,S,i_1250,1,Imatinib,1250,2796,448879,0.00622885,0.011092736,-0.004549948,0.034159922,0.061598938
H361S,361,S15,H,S,i_2500,1,Imatinib,2500,815,119408,0.006825338,0.143027448,-0.006980608,0.034159922,0.051709272
H361S,361,S15,H,S,i_5000,1,Imatinib,5000,1339,251745,0.005318874,-0.216752184,-0.013075629,0.034159922,0.033341257
H361S,361,S15,H,S,N,1,None,0,3413,548120,0.006226739,0.010603617,0.034159922,0.034159922,1
H361T,361,S15,H,T,a_5,1,Asciminib,5,3707,465856,0.007957395,-0.197207757,0.031389523,0.034508077,0.798886904
H361T,361,S15,H,T,a_10,1,Asciminib,10,6253,736805,0.008486642,-0.104310132,0.025530503,0.034508077,0.523936228
H361T,361,S15,H,T,a_50,1,Asciminib,50,3125,364815,0.008565985,-0.090884657,0.004109513,0.034508077,0.112062716
H361T,361,S15,H,T,a_89,1,Asciminib,89,2768,363702,0.007610626,-0.261488713,-0.000514973,0.034508077,0.080326187
H361T,361,S15,H,T,a_128,1,Asciminib,128,2140,237662,0.009004384,-0.018876248,0.001843092,0.034508077,0.095190138
H361T,361,S15,H,T,a_250,1,Asciminib,250,4042,453294,0.00891695,-0.032953541,-5.24E-05,0.034508077,0.083046354
H361T,361,S15,H,T,a_363,1,Asciminib,363,3386,412243,0.008213602,-0.15148882,-0.001108576,0.034508077,0.076965422
H361T,361,S15,H,T,a_500,1,Asciminib,500,1914,263369,0.00726737,-0.32807051,-0.004688607,0.034508077,0.059477257
H361T,361,S15,H,T,a_638,1,Asciminib,638,5479,650734,0.008419723,-0.115731128,-0.004588812,0.034508077,0.059906157
H361T,361,S15,H,T,a_750,1,Asciminib,750,7732,906324,0.008531165,-0.096761048,-0.001620968,0.034508077,0.074177736
H361T,361,S15,H,T,a_1151,1,Asciminib,1151,2398,270466,0.008866179,-0.041191384,0.000191703,0.034508077,0.084519001
H361T,361,S15,H,T,D0,1,D0,,804,86876,0.00925457,0.020662025,,0.034508077,
H361T,361,S15,H,T,D0,1,D0,,804,86876,0.00925457,0.020662025,,0.034508077,
H361T,361,S15,H,T,D0,2,D0,,418,46489,0.008991374,-0.020962248,,0.034508077,
H361T,361,S15,H,T,D0,2,D0,,418,46489,0.008991374,-0.020962248,,0.034508077,
H361T,361,S15,H,T,i_50,1,Imatinib,50,14692,1433607,0.010248276,0.167805417,0.036487962,0.034508077,1.153212688
H361T,361,S15,H,T,i_100,1,Imatinib,100,1146,136108,0.008419784,-0.115720619,0.031541218,0.034508077,0.807660184
H361T,361,S15,H,T,i_200,1,Imatinib,200,7876,847842,0.009289467,0.026091878,0.025486774,0.034508077,0.522289199
H361T,361,S15,H,T,i_300,1,Imatinib,300,488,57840,0.008437068,-0.112762202,0.015042593,0.034508077,0.246223698
H361T,361,S15,H,T,i_444,1,Imatinib,444,2252,254313,0.00885523,-0.042974181,0.006374791,0.034508077,0.131915119
H361T,361,S15,H,T,i_500,1,Imatinib,500,364,44660,0.00815047,-0.162620598,0.002690215,0.034508077,0.101176775
H361T,361,S15,H,T,i_579,1,Imatinib,579,884,110676,0.007987278,-0.191799931,0.001998561,0.034508077,0.096261663
H361T,361,S15,H,T,i_750,1,Imatinib,750,2383,284854,0.008365689,-0.125019511,-0.001643865,0.034508077,0.074055545
H361T,361,S15,H,T,i_1000,1,Imatinib,1000,2933,311421,0.009418119,0.045935041,-0.001849213,0.034508077,0.072968685
H361T,361,S15,H,T,i_1250,1,Imatinib,1250,3810,448879,0.008487811,-0.104111403,-0.005754373,0.034508077,0.055083975
H361T,361,S15,H,T,i_2500,1,Imatinib,2500,1156,119408,0.009681093,0.085666104,-0.007580304,0.034508077,0.048298082
H361T,361,S15,H,T,i_5000,1,Imatinib,5000,2086,251745,0.008286163,-0.138799764,-0.012260659,0.034508077,0.034480925
H361T,361,S15,H,T,N,1,None,0,5155,548120,0.009404875,0.043904853,0.034508077,0.034508077,1
H361V,361,S15,H,V,a_5,1,Asciminib,5,2145,465856,0.004604427,-0.118824743,0.032208995,0.033930572,0.883420883
H361V,361,S15,H,V,a_10,1,Asciminib,10,3431,736805,0.004656592,-0.102572042,0.025548675,0.033930572,0.546896023
H361V,361,S15,H,V,a_50,1,Asciminib,50,1585,364815,0.004344668,-0.202600526,0.002941556,0.033930572,0.107398497
H361V,361,S15,H,V,a_89,1,Asciminib,89,1626,363702,0.004470693,-0.161347918,0.00053197,0.033930572,0.090292641
H361V,361,S15,H,V,a_128,1,Asciminib,128,924,237662,0.003887874,-0.362864808,-0.001753208,0.033930572,0.076594336
H361V,361,S15,H,V,a_250,1,Asciminib,250,2222,453294,0.004901896,-0.028506565,-5.94E-06,0.033930572,0.08686253
H361V,361,S15,H,V,a_363,1,Asciminib,363,1695,412243,0.004111653,-0.28212804,-0.002474371,0.033930572,0.072718761
H361V,361,S15,H,V,a_500,1,Asciminib,500,1032,263369,0.003918457,-0.351560888,-0.004934192,0.033930572,0.060915781
H361V,361,S15,H,V,a_638,1,Asciminib,638,2691,650734,0.00413533,-0.27384386,-0.006241834,0.033930572,0.055442257
H361V,361,S15,H,V,a_750,1,Asciminib,750,4086,906324,0.004508322,-0.149256001,-0.002169787,0.033930572,0.074331101
H361V,361,S15,H,V,a_1151,1,Asciminib,1151,1163,270466,0.004299986,-0.217514465,-0.001651703,0.033930572,0.077156167
H361V,361,S15,H,V,D0,1,D0,,409,86876,0.004707859,-0.086775152,,0.033930572,
H361V,361,S15,H,V,D0,1,D0,,409,86876,0.004707859,-0.086775152,,0.033930572,
H361V,361,S15,H,V,D0,2,D0,,246,46489,0.005291574,0.081850606,,0.033930572,
H361V,361,S15,H,V,D0,2,D0,,246,46489,0.005291574,0.081850606,,0.033930572,
H361V,361,S15,H,V,i_50,1,Imatinib,50,6934,1433607,0.004836751,-0.047808162,0.034233784,0.033930572,1.022071379
H361V,361,S15,H,V,i_100,1,Imatinib,100,587,136108,0.004312752,-0.213237774,0.030521704,0.033930572,0.782361442
H361V,361,S15,H,V,i_200,1,Imatinib,200,3945,847842,0.00465299,-0.103688452,0.024129958,0.033930572,0.493790399
H361V,361,S15,H,V,i_300,1,Imatinib,300,246,57840,0.004253112,-0.233327553,0.013782118,0.033930572,0.234408804
H361V,361,S15,H,V,i_444,1,Imatinib,444,1328,254313,0.005221912,0.062731618,0.007479914,0.033930572,0.148904916
H361V,361,S15,H,V,i_500,1,Imatinib,500,220,44660,0.004926108,-0.021398044,0.004166656,0.033930572,0.117302183
H361V,361,S15,H,V,i_579,1,Imatinib,579,447,110676,0.004038816,-0.307913989,0.000784623,0.033930572,0.091950184
H361V,361,S15,H,V,i_750,1,Imatinib,750,1231,284854,0.004321512,-0.21031022,-0.002535555,0.033930572,0.072399122
H361V,361,S15,H,V,i_1000,1,Imatinib,1000,1379,311421,0.004428089,-0.175162092,-0.004160719,0.033930572,0.064404425
H361V,361,S15,H,V,i_1250,1,Imatinib,1250,2374,448879,0.00528873,0.081075015,-0.003818303,0.033930572,0.066011983
H361V,361,S15,H,V,i_2500,1,Imatinib,2500,559,119408,0.004681428,-0.094897625,-0.009468045,0.033930572,0.043950099
H361V,361,S15,H,V,i_5000,1,Imatinib,5000,1252,251745,0.004973286,-0.007646879,-0.010889494,0.033930572,0.039674575
H361V,361,S15,H,V,N,1,None,0,2719,548120,0.004960593,-0.011333942,0.033930572,0.033930572,1
H361W,361,S15,H,W,a_5,1,Asciminib,5,2445,465856,0.005248403,-0.156113149,0.031819155,0.033539371,0.883507478
H361W,361,S15,H,W,a_10,1,Asciminib,10,3205,736805,0.004349862,-0.427022034,0.022156644,0.033539371,0.44062712
H361W,361,S15,H,W,a_50,1,Asciminib,50,1820,364815,0.00498883,-0.229290139,0.002662524,0.033539371,0.108269374
H361W,361,S15,H,W,a_89,1,Asciminib,89,1713,363702,0.0047099,-0.312295247,-0.00104614,0.033539371,0.082896967
H361W,361,S15,H,W,a_128,1,Asciminib,128,1314,237662,0.00552886,-0.081009512,0.001193507,0.033539371,0.097402615
H361W,361,S15,H,W,a_250,1,Asciminib,250,2297,453294,0.005067351,-0.206759748,-0.001869521,0.033539371,0.078125388
H361W,361,S15,H,W,a_363,1,Asciminib,363,1893,412243,0.004591952,-0.348884125,-0.003172286,0.033539371,0.071130481
H361W,361,S15,H,W,a_500,1,Asciminib,500,1152,263369,0.004374091,-0.419008365,-0.005639336,0.033539371,0.059554293
H361W,361,S15,H,W,a_638,1,Asciminib,638,3156,650734,0.004849908,-0.270034269,-0.006202006,0.033539371,0.057189834
H361W,361,S15,H,W,a_750,1,Asciminib,750,4689,906324,0.005173647,-0.176810149,-0.002457858,0.033539371,0.074885091
H361W,361,S15,H,W,a_1151,1,Asciminib,1151,1595,270466,0.005897229,0.012045639,0.000748281,0.033539371,0.094329768
H361W,361,S15,H,W,D0,1,D0,,534,86876,0.006146692,0.071818523,,0.033539371,
H361W,361,S15,H,W,D0,1,D0,,534,86876,0.006146692,0.071818523,,0.033539371,
H361W,361,S15,H,W,D0,2,D0,,258,46489,0.0055497,-0.075581867,,0.033539371,
H361W,361,S15,H,W,D0,2,D0,,258,46489,0.0055497,-0.075581867,,0.033539371,
H361W,361,S15,H,W,i_50,1,Imatinib,50,8388,1433607,0.005850976,0.00068564,0.034740773,0.033539371,1.090352418
H361W,361,S15,H,W,i_100,1,Imatinib,100,690,136108,0.005069504,-0.206147139,0.030595835,0.033539371,0.809017613
H361W,361,S15,H,W,i_200,1,Imatinib,200,3827,847842,0.004513813,-0.373645074,0.021307641,0.033539371,0.41449906
H361W,361,S15,H,W,i_300,1,Imatinib,300,254,57840,0.004391425,-0.413302595,0.011900531,0.033539371,0.210557512
H361W,361,S15,H,W,i_444,1,Imatinib,444,1424,254313,0.005599399,-0.062719605,0.006168358,0.033539371,0.139357473
H361W,361,S15,H,W,i_500,1,Imatinib,500,210,44660,0.004702194,-0.314657463,0.001100714,0.033539371,0.096754032
H361W,361,S15,H,W,i_579,1,Imatinib,579,645,110676,0.005827822,-0.005034883,0.003951135,0.033539371,0.118795358
H361W,361,S15,H,W,i_750,1,Imatinib,750,1493,284854,0.005241281,-0.158072039,-0.00198942,0.033539371,0.077453855
H361W,361,S15,H,W,i_1000,1,Imatinib,1000,1952,311421,0.006268042,0.100023281,-0.001283736,0.033539371,0.081490917
H361W,361,S15,H,W,i_1250,1,Imatinib,1250,2404,448879,0.005355564,-0.126953248,-0.005993178,0.033539371,0.058056214
H361W,361,S15,H,W,i_2500,1,Imatinib,2500,679,119408,0.005686386,-0.040479556,-0.00889912,0.033539371,0.047095805
H361W,361,S15,H,W,i_5000,1,Imatinib,5000,1444,251745,0.005735963,-0.027955922,-0.011101819,0.033539371,0.04018885
H361W,361,S15,H,W,N,1,None,0,3099,548120,0.005653871,-0.048752562,0.033539371,0.033539371,1
H361Y,361,S15,H,Y,a_5,1,Asciminib,5,1837,465856,0.003943279,0.017871573,0.033638115,0.036670486,0.803859537
H361Y,361,S15,H,Y,a_10,1,Asciminib,10,2574,736805,0.003493462,-0.156866777,0.024981039,0.036670486,0.431003018
H361Y,361,S15,H,Y,a_50,1,Asciminib,50,1510,364815,0.004139084,0.087787521,0.005977479,0.036670486,0.109712001
H361Y,361,S15,H,Y,a_89,1,Asciminib,89,1357,363702,0.003731077,-0.061932117,0.001571333,0.036670486,0.079887251
H361Y,361,S15,H,Y,a_128,1,Asciminib,128,999,237662,0.004203449,0.110049356,0.003190971,0.036670486,0.08976815
H361Y,361,S15,H,Y,a_250,1,Asciminib,250,1969,453294,0.004343759,0.157420067,0.001937873,0.036670486,0.082023611
H361Y,361,S15,H,Y,a_363,1,Asciminib,363,1342,412243,0.003255362,-0.258706304,-0.002229504,0.036670486,0.060761479
H361Y,361,S15,H,Y,a_500,1,Asciminib,500,923,263369,0.003504589,-0.152278968,-0.002850758,0.036670486,0.058103489
H361Y,361,S15,H,Y,a_638,1,Asciminib,638,2261,650734,0.003474538,-0.164702921,-0.005100797,0.036670486,0.049413461
H361Y,361,S15,H,Y,a_750,1,Asciminib,750,4009,906324,0.004423363,0.18361955,0.00131033,0.036670486,0.078400008
H361Y,361,S15,H,Y,a_1151,1,Asciminib,1151,960,270466,0.00354943,-0.133936914,-0.000777924,0.036670486,0.06745561
H361Y,361,S15,H,Y,D0,1,D0,,331,86876,0.003810028,-0.031722441,,0.036670486,
H361Y,361,S15,H,Y,D0,1,D0,,331,86876,0.003810028,-0.031722441,,0.036670486,
H361Y,361,S15,H,Y,D0,2,D0,,185,46489,0.003979436,0.031039899,,0.036670486,
H361Y,361,S15,H,Y,D0,2,D0,,185,46489,0.003979436,0.031039899,,0.036670486,
H361Y,361,S15,H,Y,i_50,1,Imatinib,50,6178,1433607,0.00430941,0.14596621,0.036259639,0.036670486,0.970852257
H361Y,361,S15,H,Y,i_100,1,Imatinib,100,588,136108,0.004320099,0.149540215,0.034314442,0.036670486,0.843972696
H361Y,361,S15,H,Y,i_200,1,Imatinib,200,3151,847842,0.003716494,-0.06758166,0.024507444,0.036670486,0.416554075
H361Y,361,S15,H,Y,i_300,1,Imatinib,300,208,57840,0.003596127,-0.115080003,0.015018362,0.036670486,0.210356208
H361Y,361,S15,H,Y,i_444,1,Imatinib,444,1135,254313,0.004463004,0.196491107,0.008878331,0.036670486,0.13519526
H361Y,361,S15,H,Y,i_500,1,Imatinib,500,158,44660,0.003537841,-0.138654672,0.002940772,0.036670486,0.088165514
H361Y,361,S15,H,Y,i_579,1,Imatinib,579,350,110676,0.003162384,-0.30051156,0.000862013,0.036670486,0.075909756
H361Y,361,S15,H,Y,i_750,1,Imatinib,750,1123,284854,0.00394237,0.017539284,-0.000153455,0.036670486,0.070557751
H361Y,361,S15,H,Y,i_1000,1,Imatinib,1000,1307,311421,0.004196891,0.10779693,-0.001202465,0.036670486,0.065424892
H361Y,361,S15,H,Y,i_1250,1,Imatinib,1250,1806,448879,0.004023356,0.04687531,-0.004175851,0.036670486,0.052816254
H361Y,361,S15,H,Y,i_2500,1,Imatinib,2500,515,119408,0.004312944,0.147148862,-0.00693752,0.036670486,0.043292477
H361Y,361,S15,H,Y,i_5000,1,Imatinib,5000,1023,251745,0.004063636,0.061247042,-0.010169228,0.036670486,0.034305163
H361Y,361,S15,H,Y,N,1,None,0,2540,548120,0.004634022,0.250740741,0.036670486,0.036670486,1
E466A,466,S29,E,A,a_5,1,Asciminib,5,4723,1698411,0.002780835,-0.068420313,0.035730887,0.033015634,1.21591666
E466A,466,S29,E,A,a_10,1,Asciminib,10,2629,1450953,0.001811913,-0.686424874,0.026299356,0.033015634,0.616577027
E466A,466,S29,E,A,a_50,1,Asciminib,50,2249,1311506,0.001714823,-0.765878975,0.013063472,0.033015634,0.237745236
E466A,466,S29,E,A,a_89,1,Asciminib,89,2314,1317239,0.001756705,-0.731066496,0.008640246,0.033015634,0.172902414
E466A,466,S29,E,A,a_128,1,Asciminib,128,1742,1178751,0.001477835,-0.980452599,0.003300933,0.033015634,0.117718575
E466A,466,S29,E,A,a_250,1,Asciminib,250,6613,5028356,0.001315142,-1.148720121,-0.000336791,0.033015634,0.090593341
E466A,466,S29,E,A,a_363,1,Asciminib,363,1935,1407560,0.001374719,-1.084801083,-0.001419966,0.033015634,0.083796569
E466A,466,S29,E,A,a_500,1,Asciminib,500,2051,1483951,0.001382121,-1.077054192,-0.002180194,0.033015634,0.07933312
E466A,466,S29,E,A,a_638,1,Asciminib,638,1229,862155,0.001425498,-1.032472481,-0.003623594,0.033015634,0.071502388
E466A,466,S29,E,A,a_750,1,Asciminib,750,1370,941415,0.001455256,-1.002665081,-0.003052256,0.033015634,0.074505072
E466A,466,S29,E,A,a_1151,1,Asciminib,1151,1174,880135,0.001333886,-1.128302554,-0.004626731,0.033015634,0.066520158
E466A,466,S29,E,A,a_2500,1,Asciminib,2500,4543,2498175,0.001818528,-0.681167466,-0.000453581,0.033015634,0.089834742
E466A,466,S29,E,A,D0,1,D0,,3025,1009589,0.002996269,0.039228817,,0.033015634,
E466A,466,S29,E,A,D0,1,D0,,3025,1009589,0.002996269,0.039228817,,0.033015634,
E466A,466,S29,E,A,D0,2,D0,,4349,1533758,0.002835519,-0.040325388,,0.033015634,
E466A,466,S29,E,A,D0,2,D0,,4349,1533758,0.002835519,-0.040325388,,0.033015634,
E466A,466,S29,E,A,i_50,1,Imatinib,50,3796,1605903,0.002363779,-0.30284299,0.034547006,0.033015634,1.116566981
E466A,466,S29,E,A,i_100,1,Imatinib,100,3831,1501070,0.002552179,-0.192208459,0.035336176,0.033015634,1.18184768
E466A,466,S29,E,A,i_200,1,Imatinib,200,4339,1625430,0.002669447,-0.127397069,0.031176104,0.033015634,0.8759501
E466A,466,S29,E,A,i_300,1,Imatinib,300,3703,1495698,0.002475767,-0.236062585,0.021583375,0.033015634,0.439058496
E466A,466,S29,E,A,i_444,1,Imatinib,444,3372,1159488,0.00290818,-0.003821581,0.015950544,0.033015634,0.292676756
E466A,466,S29,E,A,i_500,1,Imatinib,500,2863,1082233,0.002645456,-0.140421696,0.010446157,0.033015634,0.196911219
E466A,466,S29,E,A,i_579,1,Imatinib,579,3849,1434143,0.002683833,-0.119643441,0.008157658,0.033015634,0.166997869
E466A,466,S29,E,A,i_750,1,Imatinib,750,2636,1243646,0.002119574,-0.460163743,-0.000253942,0.033015634,0.091135357
E466A,466,S29,E,A,i_1000,1,Imatinib,1000,3104,1149553,0.00270018,-0.110882654,-0.00014819,0.033015634,0.091831924
E466A,466,S29,E,A,i_1250,1,Imatinib,1250,2051,977748,0.002097678,-0.475145322,-0.005157937,0.033015634,0.064024012
E466A,466,S29,E,A,i_2500,1,Imatinib,2500,2696,1124752,0.002396973,-0.282724664,-0.004812248,0.033015634,0.065637539
E466A,466,S29,E,A,i_5000,1,Imatinib,5000,2028,764852,0.002651493,-0.137133092,-0.005712883,0.033015634,0.061516292
E466A,466,S29,E,A,N,1,None,0,4124,1673746,0.002463934,-0.242974503,0.033015634,0.033015634,1
E466C,466,S29,E,C,a_5,1,Asciminib,5,6862,1698411,0.004040247,-0.186191908,0.03449807,0.035327831,0.942006808
E466C,466,S29,E,C,a_10,1,Asciminib,10,4483,1450953,0.003089693,-0.573171702,0.027484875,0.035327831,0.568534755
E466C,466,S29,E,C,a_50,1,Asciminib,50,3547,1311506,0.002704524,-0.765260491,0.013069947,0.035327831,0.201378782
E466C,466,S29,E,C,a_89,1,Asciminib,89,3258,1317239,0.002473355,-0.894165942,0.006932943,0.035327831,0.129453708
E466C,466,S29,E,C,a_128,1,Asciminib,128,3505,1178751,0.002973486,-0.628479964,0.006985335,0.035327831,0.129942963
E466C,466,S29,E,C,a_250,1,Asciminib,250,13056,5028356,0.002596475,-0.82408115,0.003061486,0.035327831,0.097961886
E466C,466,S29,E,C,a_363,1,Asciminib,363,3655,1407560,0.002596692,-0.823960429,0.001310479,0.035327831,0.086358386
E466C,466,S29,E,C,a_500,1,Asciminib,500,3827,1483951,0.002578926,-0.833864968,0.000365478,0.035327831,0.080677999
E466C,466,S29,E,C,a_638,1,Asciminib,638,2115,862155,0.002453155,-0.905996919,-0.002299665,0.035327831,0.066591409
E466C,466,S29,E,C,a_750,1,Asciminib,750,2376,941415,0.00252386,-0.865003323,-0.001611231,0.035327831,0.069975334
E466C,466,S29,E,C,a_1151,1,Asciminib,1151,2372,880135,0.002695041,-0.770328138,-0.000879503,0.035327831,0.073760789
E466C,466,S29,E,C,a_2500,1,Asciminib,2500,7839,2498175,0.003137891,-0.550840331,0.000910665,0.035327831,0.083907867
E466C,466,S29,E,C,D0,1,D0,,4680,1009589,0.00463555,0.01210502,,0.035327831,
E466C,466,S29,E,C,D0,1,D0,,4680,1009589,0.00463555,0.01210502,,0.035327831,
E466C,466,S29,E,C,D0,2,D0,,6991,1533758,0.004558085,-0.012207448,,0.035327831,
E466C,466,S29,E,C,D0,2,D0,,6991,1533758,0.004558085,-0.012207448,,0.035327831,
E466C,466,S29,E,C,i_50,1,Imatinib,50,7013,1605903,0.004367013,-0.073988439,0.036942624,0.035327831,1.123293674
E466C,466,S29,E,C,i_100,1,Imatinib,100,6394,1501070,0.004259628,-0.109907926,0.036197687,0.035327831,1.064632481
E466C,466,S29,E,C,i_200,1,Imatinib,200,7018,1625430,0.004317627,-0.090396893,0.031563417,0.035327831,0.762587665
E466C,466,S29,E,C,i_300,1,Imatinib,300,6165,1495698,0.004121821,-0.157353426,0.022407292,0.035327831,0.394443729
E466C,466,S29,E,C,i_444,1,Imatinib,444,4210,1159488,0.003630913,-0.340303069,0.0124283,0.035327831,0.19228701
E466C,466,S29,E,C,i_500,1,Imatinib,500,4237,1082233,0.003915053,-0.231603423,0.009491679,0.035327831,0.155641044
E466C,466,S29,E,C,i_579,1,Imatinib,579,5978,1434143,0.004168343,-0.141161401,0.007932411,0.035327831,0.139112795
E466C,466,S29,E,C,i_750,1,Imatinib,750,4751,1243646,0.003820219,-0.266980092,0.001768279,0.035327831,0.089252331
E466C,466,S29,E,C,i_1000,1,Imatinib,1000,5328,1149553,0.004634845,0.011885686,0.001136933,0.035327831,0.085286027
E466C,466,S29,E,C,i_1250,1,Imatinib,1250,3633,977748,0.003715681,-0.307008633,-0.003397904,0.035327831,0.061528615
E466C,466,S29,E,C,i_2500,1,Imatinib,2500,4877,1124752,0.004336067,-0.084248373,-0.002734625,0.035327831,0.064538275
E466C,466,S29,E,C,i_5000,1,Imatinib,5000,2580,764852,0.003373202,-0.446516864,-0.008951471,0.035327831,0.041249771
E466C,466,S29,E,C,N,1,None,0,7577,1673746,0.004526971,-0.022089273,0.035327831,0.035327831,1
E466D,466,S29,E,D,a_5,1,Asciminib,5,5226,1698411,0.003076994,-0.80099592,0.028062384,0.030022443,0.868381432
E466D,466,S29,E,D,a_10,1,Asciminib,10,4502,1450953,0.003102788,-0.788952155,0.025226114,0.030022443,0.707982662
E466D,466,S29,E,D,a_50,1,Asciminib,50,3200,1311506,0.002439943,-1.135669927,0.00919255,0.030022443,0.223185448
E466D,466,S29,E,D,a_89,1,Asciminib,89,2868,1317239,0.002177281,-1.299989533,0.002684836,0.030022443,0.139693061
E466D,466,S29,E,D,a_128,1,Asciminib,128,2703,1178751,0.002293105,-1.225214907,0.000738794,0.030022443,0.121429345
E466D,466,S29,E,D,a_250,1,Asciminib,250,12099,5028356,0.002406154,-1.155788312,-0.00041078,0.030022443,0.111783422
E466D,466,S29,E,D,a_363,1,Asciminib,363,3079,1407560,0.002187473,-1.293251978,-0.003602002,0.030022443,0.088836289
E466D,466,S29,E,D,a_500,1,Asciminib,500,2737,1483951,0.001844401,-1.539365445,-0.007019606,0.030022443,0.069458384
E466D,466,S29,E,D,a_638,1,Asciminib,638,1822,862155,0.002113309,-1.343013634,-0.006874298,0.030022443,0.070188886
E466D,466,S29,E,D,a_750,1,Asciminib,750,1747,941415,0.001855717,-1.530540562,-0.008577986,0.030022443,0.062086243
E466D,466,S29,E,D,a_1151,1,Asciminib,1151,1677,880135,0.00190539,-1.49243147,-0.008438383,0.030022443,0.062713441
E466D,466,S29,E,D,a_2500,1,Asciminib,2500,5590,2498175,0.002237633,-1.260543684,-0.006518414,0.030022443,0.072010619
E466D,466,S29,E,D,D0,1,D0,,5426,1009589,0.005374464,0.003603526,,0.030022443,
E466D,466,S29,E,D,D0,1,D0,,5426,1009589,0.005374464,0.003603526,,0.030022443,
E466D,466,S29,E,D,D0,2,D0,,8202,1533758,0.005347649,-0.00361255,,0.030022443,
E466D,466,S29,E,D,D0,2,D0,,8202,1533758,0.005347649,-0.00361255,,0.030022443,
E466D,466,S29,E,D,i_50,1,Imatinib,50,5754,1605903,0.003583031,-0.581336957,0.031631768,0.030022443,1.122851512
E466D,466,S29,E,D,i_100,1,Imatinib,100,5774,1501070,0.003846589,-0.478937573,0.032334734,0.030022443,1.181145802
E466D,466,S29,E,D,i_200,1,Imatinib,200,5518,1625430,0.003394794,-0.659193395,0.025609331,0.030022443,0.727789064
E466D,466,S29,E,D,i_300,1,Imatinib,300,4951,1495698,0.00331016,-0.695616382,0.016772828,0.030022443,0.385207825
E466D,466,S29,E,D,i_444,1,Imatinib,444,3677,1159488,0.003171227,-0.757476137,0.008061389,0.030022443,0.205728923
E466D,466,S29,E,D,i_500,1,Imatinib,500,3438,1082233,0.003176765,-0.754959018,0.004013263,0.030022443,0.153714093
E466D,466,S29,E,D,i_579,1,Imatinib,579,5010,1434143,0.003493375,-0.617895705,0.002942021,0.030022443,0.142303896
E466D,466,S29,E,D,i_750,1,Imatinib,750,3940,1243646,0.003168104,-0.75889768,-0.003381049,0.030022443,0.090260859
E466D,466,S29,E,D,i_1000,1,Imatinib,1000,3416,1149553,0.00297159,-0.851282432,-0.007898595,0.030022443,0.065198767
E466D,466,S29,E,D,i_1250,1,Imatinib,1250,3110,977748,0.003180779,-0.753137429,-0.008067921,0.030022443,0.064408726
E466D,466,S29,E,D,i_2500,1,Imatinib,2500,3916,1124752,0.003481656,-0.622743592,-0.008371521,0.030022443,0.063016078
E466D,466,S29,E,D,i_5000,1,Imatinib,5000,2699,764852,0.003528787,-0.603344964,-0.010593126,0.030022443,0.053701144
E466D,466,S29,E,D,N,1,None,0,6219,1673746,0.003715618,-0.528915415,0.030022443,0.030022443,1
E466F,466,S29,E,F,a_5,1,Asciminib,5,11199,1698411,0.00659381,-0.246419895,0.033867611,0.032073952,1.137853406
E466F,466,S29,E,F,a_10,1,Asciminib,10,8999,1450953,0.006202131,-0.334768379,0.029980449,0.032073952,0.86007799
E466F,466,S29,E,F,a_50,1,Asciminib,50,5901,1311506,0.004499408,-0.797797234,0.012729356,0.032073952,0.248376173
E466F,466,S29,E,F,a_89,1,Asciminib,89,6064,1317239,0.004603569,-0.764779663,0.008287341,0.032073952,0.180389666
E466F,466,S29,E,F,a_128,1,Asciminib,128,4892,1178751,0.004150156,-0.914366876,0.003992709,0.032073952,0.132410354
E466F,466,S29,E,F,a_250,1,Asciminib,250,19170,5028356,0.003812379,-1.036840647,0.000834349,0.032073952,0.105478154
E466F,466,S29,E,F,a_363,1,Asciminib,363,6669,1407560,0.004737986,-0.723258257,0.002364615,0.032073952,0.117764053
E466F,466,S29,E,F,a_500,1,Asciminib,500,5875,1483951,0.003959026,-0.982386888,-0.001189229,0.032073952,0.091177328
E466F,466,S29,E,F,a_638,1,Asciminib,638,4217,862155,0.004891232,-0.677334431,9.39E-05,0.032073952,0.100002448
E466F,466,S29,E,F,a_750,1,Asciminib,750,4422,941415,0.004697185,-0.735736005,-0.000258078,0.032073952,0.097499683
E466F,466,S29,E,F,a_1151,1,Asciminib,1151,4252,880135,0.004831077,-0.695187422,-9.29E-05,0.032073952,0.098665872
E466F,466,S29,E,F,a_2500,1,Asciminib,2500,12979,2498175,0.005195393,-0.590299501,0.000497612,0.032073952,0.102951586
E466F,466,S29,E,F,D0,1,D0,,8026,1009589,0.00794977,0.023380775,,0.032073952,
E466F,466,S29,E,F,D0,1,D0,,8026,1009589,0.00794977,0.023380775,,0.032073952,
E466F,466,S29,E,F,D0,2,D0,,11801,1533758,0.007694173,-0.023765942,,0.032073952,
E466F,466,S29,E,F,D0,2,D0,,11801,1533758,0.007694173,-0.023765942,,0.032073952,
E466F,466,S29,E,F,i_50,1,Imatinib,50,10302,1605903,0.006415082,-0.286064498,0.034722641,0.032073952,1.21010317
E466F,466,S29,E,F,i_100,1,Imatinib,100,10169,1501070,0.006774501,-0.207417632,0.035176968,0.032073952,1.250342128
E466F,466,S29,E,F,i_200,1,Imatinib,200,10685,1625430,0.006573645,-0.250838709,0.029883933,0.032073952,0.854121936
E466F,466,S29,E,F,i_300,1,Imatinib,300,9396,1495698,0.006282017,-0.316304478,0.020743414,0.032073952,0.442285921
E466F,466,S29,E,F,i_444,1,Imatinib,444,7111,1159488,0.006132879,-0.350967717,0.012316664,0.032073952,0.241104536
E466F,466,S29,E,F,i_500,1,Imatinib,500,5883,1082233,0.005435983,-0.524991387,0.006420533,0.032073952,0.157702312
E466F,466,S29,E,F,i_579,1,Imatinib,579,8061,1434143,0.005620778,-0.476762346,0.004419386,0.032073952,0.136541217
E466F,466,S29,E,F,i_750,1,Imatinib,750,7267,1243646,0.005843303,-0.420748263,0.000158654,0.032073952,0.100469466
E466F,466,S29,E,F,i_1000,1,Imatinib,1000,6999,1149553,0.006088454,-0.361456459,-0.002771163,0.032073952,0.081361896
E466F,466,S29,E,F,i_1250,1,Imatinib,1250,5933,977748,0.006068026,-0.366305087,-0.004018612,0.032073952,0.074372833
E466F,466,S29,E,F,i_2500,1,Imatinib,2500,6524,1124752,0.00580039,-0.431382435,-0.006368378,0.032073952,0.062797016
E466F,466,S29,E,F,i_5000,1,Imatinib,5000,4843,764852,0.006331944,-0.304883798,-0.007468875,0.032073952,0.058013269
E466F,466,S29,E,F,N,1,None,0,10394,1673746,0.006210022,-0.332933833,0.032073952,0.032073952,1
E466G,466,S29,E,G,a_5,1,Asciminib,5,474,1698411,0.000279084,-0.63729402,0.029775994,0.028053288,1.132055297
E466G,466,S29,E,G,a_10,1,Asciminib,10,554,1450953,0.000381818,-0.18511027,0.03154705,0.028053288,1.286018318
E466G,466,S29,E,G,a_50,1,Asciminib,50,135,1311506,0.000102935,-2.076260459,-0.000653425,0.028053288,0.126579676
E466G,466,S29,E,G,a_89,1,Asciminib,89,204,1317239,0.000154869,-1.486943438,0.000727828,0.028053288,0.139815284
E466G,466,S29,E,G,a_128,1,Asciminib,128,379,1178751,0.000321527,-0.433056605,0.009031001,0.028053288,0.254207439
E466G,466,S29,E,G,a_250,1,Asciminib,250,1146,5028356,0.000227907,-0.929547114,0.001957483,0.028053288,0.152758361
E466G,466,S29,E,G,a_363,1,Asciminib,363,486,1407560,0.000345278,-0.330235566,0.006478724,0.028053288,0.211534204
E466G,466,S29,E,G,a_500,1,Asciminib,500,296,1483951,0.000199468,-1.121841738,-0.002649024,0.028053288,0.10963853
E466G,466,S29,E,G,a_638,1,Asciminib,638,243,862155,0.000281852,-0.623058313,0.000662098,0.028053288,0.139155169
E466G,466,S29,E,G,a_750,1,Asciminib,750,399,941415,0.00042383,-0.034509458,0.007082267,0.028053288,0.220929092
E466G,466,S29,E,G,a_1151,1,Asciminib,1151,348,880135,0.000395394,-0.134704887,0.005774116,0.028053288,0.201070369
E466G,466,S29,E,G,a_2500,1,Asciminib,2500,1277,2498175,0.000511173,0.235816618,0.009145285,0.028053288,0.256307803
E466G,466,S29,E,G,D0,1,D0,,421,1009589,0.000417001,-0.057943322,,0.028053288,
E466G,466,S29,E,G,D0,1,D0,,421,1009589,0.000417001,-0.057943322,,0.028053288,
E466G,466,S29,E,G,D0,2,D0,,692,1533758,0.000451179,0.05570571,,0.028053288,
E466G,466,S29,E,G,D0,2,D0,,692,1533758,0.000451179,0.05570571,,0.028053288,
E466G,466,S29,E,G,i_50,1,Imatinib,50,457,1605903,0.000284575,-0.609186047,0.031340248,0.028053288,1.26701169
E466G,466,S29,E,G,i_100,1,Imatinib,100,366,1501070,0.000243826,-0.832143066,0.028637426,0.028053288,1.042954964
E466G,466,S29,E,G,i_200,1,Imatinib,200,689,1625430,0.000423888,-0.034312903,0.032150496,0.028053288,1.343125061
E466G,466,S29,E,G,i_300,1,Imatinib,300,546,1495698,0.000365047,-0.249913414,0.021438386,0.028053288,0.621093972
E466G,466,S29,E,G,i_444,1,Imatinib,444,460,1159488,0.000396727,-0.129849486,0.0146313,0.028053288,0.380456631
E466G,466,S29,E,G,i_500,1,Imatinib,500,402,1082233,0.000371454,-0.224811096,0.00956278,0.028053288,0.264129297
E466G,466,S29,E,G,i_579,1,Imatinib,579,919,1434143,0.000640801,0.561880519,0.01529176,0.028053288,0.398985578
E466G,466,S29,E,G,i_750,1,Imatinib,750,424,1243646,0.000340933,-0.348507079,0.000914865,0.028053288,0.141710871
E466G,466,S29,E,G,i_1000,1,Imatinib,1000,312,1149553,0.00027141,-0.677522412,-0.006079699,0.028053288,0.085642381
E466G,466,S29,E,G,i_1250,1,Imatinib,1250,230,977748,0.000235234,-0.883896182,-0.009436686,0.028053288,0.067254047
E466G,466,S29,E,G,i_2500,1,Imatinib,2500,354,1124752,0.000314736,-0.463853031,-0.006708276,0.028053288,0.081852816
E466G,466,S29,E,G,i_5000,1,Imatinib,5000,79,764852,0.000103288,-2.071323416,-0.025959728,0.028053288,0.020467089
E466G,466,S29,E,G,N,1,None,0,442,1673746,0.000264078,-0.717029697,0.028053288,0.028053288,1
E466H,466,S29,E,H,a_5,1,Asciminib,5,1281,1698411,0.000754234,-1.127471107,0.024644886,0.023607807,1.077528127
E466H,466,S29,E,H,a_10,1,Asciminib,10,984,1450953,0.000678175,-1.28082653,0.020077239,0.023607807,0.775535972
E466H,466,S29,E,H,a_50,1,Asciminib,50,996,1311506,0.000759432,-1.117562723,0.009382094,0.023607807,0.359065183
E466H,466,S29,E,H,a_89,1,Asciminib,89,872,1317239,0.000661991,-1.315673055,0.002520663,0.023607807,0.219089626
E466H,466,S29,E,H,a_128,1,Asciminib,128,661,1178751,0.000560763,-1.555092781,-0.002714323,0.023607807,0.150289267
E466H,466,S29,E,H,a_250,1,Asciminib,250,3617,5028356,0.000719321,-1.195849159,-0.000830131,0.023607807,0.172125474
E466H,466,S29,E,H,a_363,1,Asciminib,363,880,1407560,0.000625195,-1.398176955,-0.004700343,0.023607807,0.130264691
E466H,466,S29,E,H,a_500,1,Asciminib,500,1103,1483951,0.000743286,-1.148566627,-0.002928776,0.023607807,0.147986532
E466H,466,S29,E,H,a_638,1,Asciminib,638,385,862155,0.000446555,-1.88364478,-0.012533552,0.023607807,0.074111998
E466H,466,S29,E,H,a_750,1,Asciminib,750,956,941415,0.001015493,-0.698376185,0.000132999,0.023607807,0.184485175
E466H,466,S29,E,H,a_1151,1,Asciminib,1151,841,880135,0.000955535,-0.786174992,-0.001045385,0.023607807,0.169478389
E466H,466,S29,E,H,a_2500,1,Asciminib,2500,1812,2498175,0.000725329,-1.18384755,-0.005715569,0.023607807,0.121082506
E466H,466,S29,E,H,D0,1,D0,,1600,1009589,0.001584803,-0.056252154,,0.023607807,
E466H,466,S29,E,H,D0,1,D0,,1600,1009589,0.001584803,-0.056252154,,0.023607807,
E466H,466,S29,E,H,D0,2,D0,,2624,1533758,0.001710831,0.054140888,,0.023607807,
E466H,466,S29,E,H,D0,2,D0,,2624,1533758,0.001710831,0.054140888,,0.023607807,
E466H,466,S29,E,H,i_50,1,Imatinib,50,1361,1605903,0.000847498,-0.95927365,0.027675578,0.023607807,1.340281248
E466H,466,S29,E,H,i_100,1,Imatinib,100,1209,1501070,0.000805425,-1.032732974,0.026537678,0.023607807,1.234851495
E466H,466,S29,E,H,i_200,1,Imatinib,200,1482,1625430,0.000911759,-0.853831942,0.023571881,0.023607807,0.997416666
E466H,466,S29,E,H,i_300,1,Imatinib,300,1434,1495698,0.00095875,-0.781329845,0.015875591,0.023607807,0.573085938
E466H,466,S29,E,H,i_444,1,Imatinib,444,1116,1159488,0.000962494,-0.775706825,0.007870552,0.023607807,0.322039089
E466H,466,S29,E,H,i_500,1,Imatinib,500,1012,1082233,0.000935104,-0.817357811,0.003360081,0.023607807,0.232739308
E466H,466,S29,E,H,i_579,1,Imatinib,579,1622,1434143,0.001130989,-0.542971027,0.003726322,0.023607807,0.23895813
E466H,466,S29,E,H,i_750,1,Imatinib,750,998,1243646,0.000802479,-1.038020127,-0.006302865,0.023607807,0.116069238
E466H,466,S29,E,H,i_1000,1,Imatinib,1000,907,1149553,0.000789002,-1.06245449,-0.010109116,0.023607807,0.088246745
E466H,466,S29,E,H,i_1250,1,Imatinib,1250,934,977748,0.000955256,-0.786596093,-0.008418162,0.023607807,0.099672074
E466H,466,S29,E,H,i_2500,1,Imatinib,2500,1179,1124752,0.001048231,-0.652599177,-0.008684045,0.023607807,0.097782137
E466H,466,S29,E,H,i_5000,1,Imatinib,5000,956,764852,0.001249915,-0.398725956,-0.008451202,0.023607807,0.099435243
E466H,466,S29,E,H,N,1,None,0,1250,1673746,0.000746828,-1.141708476,0.023607807,0.023607807,1
E466I,466,S29,E,I,a_5,1,Asciminib,5,2169,1698411,0.001277076,-0.828226681,0.027777336,0.032435304,0.715070815
E466I,466,S29,E,I,a_10,1,Asciminib,10,1942,1450953,0.001338431,-0.760528701,0.025523647,0.032435304,0.607964171
E466I,466,S29,E,I,a_50,1,Asciminib,50,1155,1311506,0.000880667,-1.36440267,0.006798207,0.032435304,0.157887738
E466I,466,S29,E,I,a_89,1,Asciminib,89,1385,1317239,0.001051442,-1.10870227,0.004687205,0.032435304,0.135624789
E466I,466,S29,E,I,a_128,1,Asciminib,128,1134,1178751,0.000962035,-1.236909469,0.000616377,0.032435304,0.101169013
E466I,466,S29,E,I,a_250,1,Asciminib,250,4831,5028356,0.000960751,-1.238836055,-0.001280112,0.032435304,0.088256319
E466I,466,S29,E,I,a_363,1,Asciminib,363,1298,1407560,0.000922163,-1.297977152,-0.003651465,0.032435304,0.074403866
E466I,466,S29,E,I,a_500,1,Asciminib,500,1539,1483951,0.001037096,-1.128521337,-0.002718945,0.032435304,0.079570972
E466I,466,S29,E,I,a_638,1,Asciminib,638,893,862155,0.001035777,-1.130358202,-0.004648249,0.032435304,0.069251129
E466I,466,S29,E,I,a_750,1,Asciminib,750,778,941415,0.000826416,-1.456131799,-0.007799085,0.032435304,0.055195381
E466I,466,S29,E,I,a_1151,1,Asciminib,1151,758,880135,0.000861232,-1.396598095,-0.007435212,0.032435304,0.056660543
E466I,466,S29,E,I,a_2500,1,Asciminib,2500,2626,2498175,0.001051167,-1.109078741,-0.004932899,0.032435304,0.067846285
E466I,466,S29,E,I,D0,1,D0,,2420,1009589,0.002397015,0.080167837,,0.032435304,
E466I,466,S29,E,I,D0,1,D0,,2420,1009589,0.002397015,0.080167837,,0.032435304,
E466I,466,S29,E,I,D0,2,D0,,3279,1533758,0.002137886,-0.084886081,,0.032435304,
E466I,466,S29,E,I,D0,2,D0,,3279,1533758,0.002137886,-0.084886081,,0.032435304,
E466I,466,S29,E,I,i_50,1,Imatinib,50,2686,1605903,0.001672579,-0.438996563,0.033121768,0.032435304,1.05066724
E466I,466,S29,E,I,i_100,1,Imatinib,100,2495,1501070,0.001662148,-0.448022555,0.032658348,0.032435304,1.016188832
E466I,466,S29,E,I,i_200,1,Imatinib,200,2559,1625430,0.001574353,-0.526312394,0.027000312,0.032435304,0.676164122
E466I,466,S29,E,I,i_300,1,Imatinib,300,2551,1495698,0.001705558,-0.410827122,0.019753963,0.032435304,0.401295773
E466I,466,S29,E,I,i_444,1,Imatinib,444,1773,1159488,0.001529123,-0.568366467,0.010040963,0.032435304,0.199409948
E466I,466,S29,E,I,i_500,1,Imatinib,500,1483,1082233,0.001370315,-0.726563655,0.004310502,0.032435304,0.131995722
E466I,466,S29,E,I,i_579,1,Imatinib,579,1933,1434143,0.001347843,-0.75041836,0.001554791,0.032435304,0.108240797
E466I,466,S29,E,I,i_750,1,Imatinib,750,2096,1243646,0.001685367,-0.428008282,8.27E-05,0.032435304,0.09735506
E466I,466,S29,E,I,i_1000,1,Imatinib,1000,1990,1149553,0.001731108,-0.389375666,-0.003063417,0.032435304,0.077621725
E466I,466,S29,E,I,i_1250,1,Imatinib,1250,1769,977748,0.00180926,-0.325671651,-0.003593266,0.032435304,0.074716295
E466I,466,S29,E,I,i_2500,1,Imatinib,2500,2226,1124752,0.001979103,-0.196224454,-0.003906776,0.032435304,0.073048641
E466I,466,S29,E,I,i_5000,1,Imatinib,5000,1588,764852,0.002076219,-0.127112718,-0.005607991,0.032435304,0.06462737
E466I,466,S29,E,I,N,1,None,0,3086,1673746,0.001843768,-0.29841366,0.032435304,0.032435304,1
E466K,466,S29,E,K,a_5,1,Asciminib,5,1010,1698411,0.000594673,-0.06805626,0.035734698,0.040052532,0.732798847
E466K,466,S29,E,K,a_10,1,Asciminib,10,472,1450953,0.000325303,-0.938367956,0.023662049,0.040052532,0.307243482
E466K,466,S29,E,K,a_50,1,Asciminib,50,438,1311506,0.000333967,-0.900447566,0.011654826,0.040052532,0.129427449
E466K,466,S29,E,K,a_89,1,Asciminib,89,437,1317239,0.000331755,-0.91003788,0.006766798,0.040052532,0.091029388
E466K,466,S29,E,K,a_128,1,Asciminib,128,395,1178751,0.0003351,-0.895560369,0.004189573,0.040052532,0.075612549
E466K,466,S29,E,K,a_250,1,Asciminib,250,1094,5028356,0.000217566,-1.518699989,-0.00420969,0.040052532,0.041300527
E466K,466,S29,E,K,a_363,1,Asciminib,363,530,1407560,0.000376538,-0.727358089,0.002321699,0.040052532,0.066097789
E466K,466,S29,E,K,a_500,1,Asciminib,500,359,1483951,0.000241922,-1.365613639,-0.005200795,0.040052532,0.038456038
E466K,466,S29,E,K,a_638,1,Asciminib,638,175,862155,0.00020298,-1.618818274,-0.009761383,0.040052532,0.027692272
E466K,466,S29,E,K,a_750,1,Asciminib,750,348,941415,0.000369656,-0.753969467,-0.000448944,0.040052532,0.054144101
E466K,466,S29,E,K,a_1151,1,Asciminib,1151,180,880135,0.000204514,-1.607953856,-0.009647656,0.040052532,0.027919957
E466K,466,S29,E,K,a_2500,1,Asciminib,2500,1189,2498175,0.000475947,-0.389351761,0.002601106,0.040052532,0.067440965
E466K,466,S29,E,K,D0,1,D0,,588,1009589,0.000582415,-0.098105969,,0.040052532,
E466K,466,S29,E,K,D0,1,D0,,588,1009589,0.000582415,-0.098105969,,0.040052532,
E466K,466,S29,E,K,D0,2,D0,,1019,1533758,0.000664381,0.09185725,,0.040052532,
E466K,466,S29,E,K,D0,2,D0,,1019,1533758,0.000664381,0.09185725,,0.040052532,
E466K,466,S29,E,K,i_50,1,Imatinib,50,997,1605903,0.000620835,-0.005945277,0.037654891,0.040052532,0.84144878
E466K,466,S29,E,K,i_100,1,Imatinib,100,881,1501070,0.000586915,-0.087003265,0.03643745,0.040052532,0.77083117
E466K,466,S29,E,K,i_200,1,Imatinib,200,956,1625430,0.000588152,-0.083964836,0.031630747,0.040052532,0.545327613
E466K,466,S29,E,K,i_300,1,Imatinib,300,748,1495698,0.000500101,-0.317934664,0.020726349,0.040052532,0.248705662
E466K,466,S29,E,K,i_444,1,Imatinib,444,612,1159488,0.000527819,-0.240110264,0.013477105,0.040052532,0.147573235
E466K,466,S29,E,K,i_500,1,Imatinib,500,659,1082233,0.000608926,-0.033886701,0.011561351,0.040052532,0.128559298
E466K,466,S29,E,K,i_579,1,Imatinib,579,671,1434143,0.000467875,-0.414030145,0.005076058,0.040052532,0.08059601
E466K,466,S29,E,K,i_750,1,Imatinib,750,442,1243646,0.000355407,-0.810683543,-0.003923136,0.040052532,0.042161487
E466K,466,S29,E,K,i_1000,1,Imatinib,1000,600,1149553,0.000521942,-0.25626451,-0.001670027,0.040052532,0.049587114
E466K,466,S29,E,K,i_1250,1,Imatinib,1250,398,977748,0.000407058,-0.614920182,-0.006621081,0.040052532,0.034717891
E466K,466,S29,E,K,i_2500,1,Imatinib,2500,654,1124752,0.000581462,-0.100470324,-0.002904434,0.040052532,0.045370118
E466K,466,S29,E,K,i_5000,1,Imatinib,5000,478,764852,0.000624958,0.003604074,-0.004239665,0.040052532,0.041211489
E466K,466,S29,E,K,N,1,None,0,1405,1673746,0.000839434,0.42926359,0.040052532,0.040052532,1
E466L,466,S29,E,L,a_5,1,Asciminib,5,119,1698411,7.01E-05,-0.710758681,0.029006975,0.026159219,1.227572242
E466L,466,S29,E,L,a_10,1,Asciminib,10,62,1450953,4.27E-05,-1.424195301,0.018576474,0.026159219,0.57928675
E466L,466,S29,E,L,a_50,1,Asciminib,50,68,1311506,5.18E-05,-1.145152391,0.009093289,0.026159219,0.292659059
E466L,466,S29,E,L,a_89,1,Asciminib,89,20,1317239,1.52E-05,-2.916979861,-0.014241602,0.026159219,0.054537915
E466L,466,S29,E,L,a_128,1,Asciminib,128,43,1178751,3.65E-05,-1.652385064,-0.003732766,0.026159219,0.116225508
E466L,466,S29,E,L,a_250,1,Asciminib,250,96,5028356,1.91E-05,-2.586515117,-0.015387436,0.026159219,0.050219134
E466L,466,S29,E,L,a_363,1,Asciminib,363,34,1407560,2.42E-05,-2.247124404,-0.013587011,0.026159219,0.057169852
E466L,466,S29,E,L,a_500,1,Asciminib,500,88,1483951,5.93E-05,-0.95140266,-0.00086489,0.026159219,0.142882038
E466L,466,S29,E,L,a_638,1,Asciminib,638,1,862155,1.16E-06,-6.627409992,-0.062190649,0.026159219,0.001727309
E466L,466,S29,E,L,a_750,1,Asciminib,750,92,941415,9.77E-05,-0.230731613,0.00502824,0.026159219,0.218399238
E466L,466,S29,E,L,a_1151,1,Asciminib,1151,28,880135,3.18E-05,-1.849832636,-0.012179611,0.026159219,0.063266724
E466L,466,S29,E,L,a_2500,1,Asciminib,2500,177,2498175,7.09E-05,-0.694659817,-0.000594818,0.026159219,0.145687602
E466L,466,S29,E,L,D0,1,D0,,144,1009589,0.000142632,0.314766081,,0.026159219,
E466L,466,S29,E,L,D0,1,D0,,144,1009589,0.000142632,0.314766081,,0.026159219,
E466L,466,S29,E,L,D0,2,D0,,133,1533758,8.67E-05,-0.403179257,,0.026159219,
E466L,466,S29,E,L,D0,2,D0,,133,1533758,8.67E-05,-0.403179257,,0.026159219,
E466L,466,S29,E,L,i_50,1,Imatinib,50,93,1605903,5.79E-05,-0.985616766,0.027399821,0.026159219,1.093434165
E466L,466,S29,E,L,i_100,1,Imatinib,100,110,1501070,7.33E-05,-0.646022367,0.030585713,0.026159219,1.375349032
E466L,466,S29,E,L,i_200,1,Imatinib,200,57,1625430,3.51E-05,-1.709322237,0.014616724,0.026159219,0.435587449
E466L,466,S29,E,L,i_300,1,Imatinib,300,97,1495698,6.49E-05,-0.822296888,0.015446753,0.026159219,0.462412665
E466L,466,S29,E,L,i_444,1,Imatinib,444,58,1159488,5.00E-05,-1.196897718,0.003461583,0.026159219,0.195102573
E466L,466,S29,E,L,i_500,1,Imatinib,500,51,1082233,4.71E-05,-1.28297662,-0.001513954,0.026159219,0.136358407
E466L,466,S29,E,L,i_579,1,Imatinib,579,30,1434143,2.09E-05,-2.454689112,-0.016285286,0.026159219,0.047075414
E466L,466,S29,E,L,i_750,1,Imatinib,750,68,1243646,5.47E-05,-1.068503868,-0.006621965,0.026159219,0.09439707
E466L,466,S29,E,L,i_1000,1,Imatinib,1000,147,1149553,0.000127876,0.157208538,0.002658153,0.026159219,0.184136715
E466L,466,S29,E,L,i_1250,1,Imatinib,1250,82,977748,8.39E-05,-0.451373404,-0.004909095,0.026159219,0.106787045
E466L,466,S29,E,L,i_2500,1,Imatinib,2500,102,1124752,9.07E-05,-0.338572414,-0.005396855,0.026159219,0.10310191
E466L,466,S29,E,L,i_5000,1,Imatinib,5000,89,764852,0.000116362,0.021090091,-0.004056624,0.026159219,0.113546739
E466L,466,S29,E,L,N,1,None,0,103,1673746,6.15E-05,-0.897970905,0.026159219,0.026159219,1
E466M,466,S29,E,M,a_5,1,Asciminib,5,8812,1698411,0.005188379,-0.509536851,0.031113338,0.033248962,0.857473602
E466M,466,S29,E,M,a_10,1,Asciminib,10,6771,1450953,0.004666588,-0.662452594,0.026550294,0.033248962,0.617359316
E466M,466,S29,E,M,a_50,1,Asciminib,50,5068,1311506,0.00386426,-0.934628609,0.011297024,0.033248962,0.205863998
E466M,466,S29,E,M,a_89,1,Asciminib,89,4966,1317239,0.003770007,-0.970253596,0.006136467,0.033248962,0.141975667
E466M,466,S29,E,M,a_128,1,Asciminib,128,4924,1178751,0.004177303,-0.822248959,0.004956987,0.033248962,0.130416493
E466M,466,S29,E,M,a_250,1,Asciminib,250,18576,5028356,0.003694249,-0.999539548,0.001224811,0.033248962,0.099685123
E466M,466,S29,E,M,a_363,1,Asciminib,363,5649,1407560,0.004013328,-0.880021646,0.000723637,0.033248962,0.096152157
E466M,466,S29,E,M,a_500,1,Asciminib,500,6018,1483951,0.00405539,-0.864980074,3.98E-05,0.033248962,0.09153244
E466M,466,S29,E,M,a_638,1,Asciminib,638,3310,862155,0.003839217,-0.944008677,-0.002697567,0.033248962,0.075158949
E466M,466,S29,E,M,a_750,1,Asciminib,750,3860,941415,0.004100211,-0.849122624,-0.001444994,0.033248962,0.082252225
E466M,466,S29,E,M,a_1151,1,Asciminib,1151,3923,880135,0.004457271,-0.728660125,-0.000443327,0.033248962,0.088403402
E466M,466,S29,E,M,a_2500,1,Asciminib,2500,11550,2498175,0.004623375,-0.675874322,-0.000398174,0.033248962,0.088691276
E466M,466,S29,E,M,D0,1,D0,,7431,1009589,0.007360421,-0.005032453,,0.033248962,
E466M,466,S29,E,M,D0,1,D0,,7431,1009589,0.007360421,-0.005032453,,0.033248962,
E466M,466,S29,E,M,D0,2,D0,,11368,1533758,0.00741186,0.00501496,,0.033248962,
E466M,466,S29,E,M,D0,2,D0,,11368,1533758,0.00741186,0.00501496,,0.033248962,
E466M,466,S29,E,M,i_50,1,Imatinib,50,9717,1605903,0.006050801,-0.287694511,0.034705578,0.033248962,1.110573292
E466M,466,S29,E,M,i_100,1,Imatinib,100,8849,1501070,0.005895128,-0.325297553,0.033943017,0.033248962,1.05124165
E466M,466,S29,E,M,i_200,1,Imatinib,200,9766,1625430,0.006008256,-0.297874375,0.02939157,0.033248962,0.757499658
E466M,466,S29,E,M,i_300,1,Imatinib,300,8827,1495698,0.005901592,-0.323716435,0.020665826,0.033248962,0.404143301
E466M,466,S29,E,M,i_444,1,Imatinib,444,6304,1159488,0.005436882,-0.44204108,0.011363321,0.033248962,0.20684901
E466M,466,S29,E,M,i_500,1,Imatinib,500,6375,1082233,0.005890598,-0.326406522,0.008499293,0.033248962,0.16830522
E466M,466,S29,E,M,i_579,1,Imatinib,579,8607,1434143,0.006001494,-0.299499141,0.006274953,0.033248962,0.143398382
E466M,466,S29,E,M,i_750,1,Imatinib,750,7277,1243646,0.005851344,-0.3360528,0.001045235,0.033248962,0.098404539
E466M,466,S29,E,M,i_1000,1,Imatinib,1000,7443,1149553,0.006474691,-0.190009473,-0.000976479,0.033248962,0.085074179
E466M,466,S29,E,M,i_1250,1,Imatinib,1250,6166,977748,0.006306328,-0.228020421,-0.002571066,0.033248962,0.075846628
E466M,466,S29,E,M,i_2500,1,Imatinib,2500,7269,1124752,0.006462758,-0.192670753,-0.003869576,0.033248962,0.069076912
E466M,466,S29,E,M,i_5000,1,Imatinib,5000,4845,764852,0.006334559,-0.221576577,-0.006596826,0.033248962,0.056761514
E466M,466,S29,E,M,N,1,None,0,10609,1673746,0.006338477,-0.220684564,0.033248962,0.033248962,1
E466N,466,S29,E,N,a_5,1,Asciminib,5,2166,1698411,0.00127531,-0.929530557,0.026716901,0.030415241,0.766224184
E466N,466,S29,E,N,a_10,1,Asciminib,10,1980,1450953,0.00136462,-0.831878537,0.024776766,0.030415241,0.666330049
E466N,466,S29,E,N,a_50,1,Asciminib,50,1610,1311506,0.001227596,-0.984541899,0.010774538,0.030415241,0.24313691
E466N,466,S29,E,N,a_89,1,Asciminib,89,1311,1317239,0.000995264,-1.287227626,0.002818426,0.030415241,0.137110149
E466N,466,S29,E,N,a_128,1,Asciminib,128,1174,1178751,0.000995969,-1.286204766,0.00010036,0.030415241,0.112739955
E466N,466,S29,E,N,a_250,1,Asciminib,250,4805,5028356,0.000955581,-1.345928543,-0.002401142,0.030415241,0.09415814
E466N,466,S29,E,N,a_363,1,Asciminib,363,1290,1407560,0.00091648,-1.406203535,-0.004784364,0.030415241,0.079311546
E466N,466,S29,E,N,a_500,1,Asciminib,500,1262,1483951,0.000850432,-1.514109724,-0.006755232,0.030415241,0.068819092
E466N,466,S29,E,N,a_638,1,Asciminib,638,912,862155,0.001057814,-1.199291619,-0.005369835,0.030415241,0.076037743
E466N,466,S29,E,N,a_750,1,Asciminib,750,1026,941415,0.001089849,-1.156250194,-0.004659964,0.030415241,0.080025114
E466N,466,S29,E,N,a_1151,1,Asciminib,1151,710,880135,0.000806694,-1.590283984,-0.00946269,0.030415241,0.056630303
E466N,466,S29,E,N,a_2500,1,Asciminib,2500,2065,2498175,0.000826603,-1.555110941,-0.009601905,0.030415241,0.056065509
E466N,466,S29,E,N,D0,1,D0,,2375,1009589,0.002352442,-0.046218763,,0.030415241,
E466N,466,S29,E,N,D0,1,D0,,2375,1009589,0.002352442,-0.046218763,,0.030415241,
E466N,466,S29,E,N,D0,2,D0,,3843,1533758,0.00250561,0.044783928,,0.030415241,
E466N,466,S29,E,N,D0,2,D0,,3843,1533758,0.00250561,0.044783928,,0.030415241,
E466N,466,S29,E,N,i_50,1,Imatinib,50,2640,1605903,0.001643935,-0.563225004,0.031821362,0.030415241,1.106542969
E466N,466,S29,E,N,i_100,1,Imatinib,100,2741,1501070,0.001826031,-0.411667108,0.033038912,0.030415241,1.207925415
E466N,466,S29,E,N,i_200,1,Imatinib,200,2859,1625430,0.001758919,-0.465688987,0.027634909,0.030415241,0.818580241
E466N,466,S29,E,N,i_300,1,Imatinib,300,2772,1495698,0.001853315,-0.390269829,0.019969154,0.030415241,0.471367034
E466N,466,S29,E,N,i_444,1,Imatinib,444,1776,1159488,0.001531711,-0.665234487,0.009026962,0.030415241,0.214390519
E466N,466,S29,E,N,i_500,1,Imatinib,500,2127,1082233,0.001965381,-0.305569285,0.008717414,0.030415241,0.209665159
E466N,466,S29,E,N,i_579,1,Imatinib,579,2529,1434143,0.001763422,-0.462000027,0.004573916,0.030415241,0.15558308
E466N,466,S29,E,N,i_750,1,Imatinib,750,2708,1243646,0.002177469,-0.157726326,0.002911932,0.030415241,0.138036354
E466N,466,S29,E,N,i_1000,1,Imatinib,1000,1707,1149553,0.001484925,-0.709988104,-0.006419545,0.030415241,0.070502678
E466N,466,S29,E,N,i_1250,1,Imatinib,1250,1510,977748,0.001544365,-0.653364215,-0.007023508,0.030415241,0.067502549
E466N,466,S29,E,N,i_2500,1,Imatinib,2500,2516,1124752,0.002236938,-0.11885319,-0.003096864,0.030415241,0.089557758
E466N,466,S29,E,N,i_5000,1,Imatinib,5000,1261,764852,0.001648685,-0.55906242,-0.010129583,0.030415241,0.053975378
E466N,466,S29,E,N,N,1,None,0,2892,1673746,0.001727861,-0.491391235,0.030415241,0.030415241,1
E466P,466,S29,E,P,a_5,1,Asciminib,5,5378,1698411,0.003166489,0.024005473,0.036698388,0.034742225,1.151244709
E466P,466,S29,E,P,a_10,1,Asciminib,10,3975,1450953,0.002739579,-0.184924589,0.031548993,0.034742225,0.794602974
E466P,466,S29,E,P,a_50,1,Asciminib,50,2535,1311506,0.001932892,-0.688117323,0.013877471,0.034742225,0.222625942
E466P,466,S29,E,P,a_89,1,Asciminib,89,2594,1317239,0.001969271,-0.661217315,0.009371418,0.034742225,0.160944107
E466P,466,S29,E,P,a_128,1,Asciminib,128,2444,1178751,0.002073381,-0.586893372,0.007420658,0.034742225,0.139854479
E466P,466,S29,E,P,a_250,1,Asciminib,250,7947,5028356,0.001580437,-0.978555112,0.001444474,0.034742225,0.09095066
E466P,466,S29,E,P,a_363,1,Asciminib,363,2273,1407560,0.001614851,-0.947477399,1.75E-05,0.034742225,0.082070322
E466P,466,S29,E,P,a_500,1,Asciminib,500,2312,1483951,0.001558003,-0.999180719,-0.001365025,0.034742225,0.07429423
E466P,466,S29,E,P,a_638,1,Asciminib,638,1589,862155,0.001843056,-0.756778706,-0.000737669,0.034742225,0.077727016
E466P,466,S29,E,P,a_750,1,Asciminib,750,1653,941415,0.001755867,-0.826694683,-0.001210222,0.034742225,0.075126932
E466P,466,S29,E,P,a_1151,1,Asciminib,1151,1750,880135,0.001988331,-0.647320475,0.000408125,0.034742225,0.084411198
E466P,466,S29,E,P,a_2500,1,Asciminib,2500,4956,2498175,0.001983848,-0.650577018,-0.000133365,0.034742225,0.081183563
E466P,466,S29,E,P,D0,1,D0,,3099,1009589,0.003069566,-0.020844004,,0.034742225,
E466P,466,S29,E,P,D0,1,D0,,3099,1009589,0.003069566,-0.020844004,,0.034742225,
E466P,466,S29,E,P,D0,2,D0,,4845,1533758,0.003158908,0.020547135,,0.034742225,
E466P,466,S29,E,P,D0,2,D0,,4845,1533758,0.003158908,0.020547135,,0.034742225,
E466P,466,S29,E,P,i_50,1,Imatinib,50,4461,1605903,0.002777876,-0.164896268,0.035991014,0.034742225,1.094078829
E466P,466,S29,E,P,i_100,1,Imatinib,100,3766,1501070,0.002508877,-0.311836919,0.034083921,0.034742225,0.953707864
E466P,466,S29,E,P,i_200,1,Imatinib,200,4825,1625430,0.002968445,-0.069171147,0.031785605,0.034742225,0.808255825
E466P,466,S29,E,P,i_300,1,Imatinib,300,3919,1495698,0.002620181,-0.249211996,0.021445729,0.034742225,0.383909765
E466P,466,S29,E,P,i_444,1,Imatinib,444,3331,1159488,0.00287282,-0.116411197,0.014771971,0.034742225,0.237435721
E466P,466,S29,E,P,i_500,1,Imatinib,500,2627,1082233,0.002427389,-0.3594736,0.008153151,0.034742225,0.147428299
E466P,466,S29,E,P,i_579,1,Imatinib,579,3731,1434143,0.002601554,-0.259505186,0.006693604,0.034742225,0.132721716
E466P,466,S29,E,P,i_750,1,Imatinib,750,3750,1243646,0.003015328,-0.046563952,0.004075565,0.034742225,0.109920323
E466P,466,S29,E,P,i_1000,1,Imatinib,1000,3463,1149553,0.003012475,-0.047929258,0.000510798,0.034742225,0.085037516
E466P,466,S29,E,P,i_1250,1,Imatinib,1250,3468,977748,0.003546926,0.187690651,0.001780541,0.034742225,0.093178223
E466P,466,S29,E,P,i_2500,1,Imatinib,2500,2588,1124752,0.002300952,-0.436647977,-0.006423497,0.034742225,0.051615565
E466P,466,S29,E,P,i_5000,1,Imatinib,5000,2238,764852,0.002926056,-0.089921142,-0.005218675,0.034742225,0.056293016
E466P,466,S29,E,P,N,1,None,0,4938,1673746,0.002950268,-0.078032433,0.034742225,0.034742225,1
E466Q,466,S29,E,Q,a_5,1,Asciminib,5,1115,1698411,0.000656496,-0.39199755,0.032343724,0.033035726,0.951396736
E466Q,466,S29,E,Q,a_10,1,Asciminib,10,926,1450953,0.000638201,-0.432772329,0.028954557,0.033035726,0.745392621
E466Q,466,S29,E,Q,a_50,1,Asciminib,50,577,1311506,0.000439952,-0.969436824,0.010932656,0.033035726,0.203636036
E466Q,466,S29,E,Q,a_89,1,Asciminib,89,650,1317239,0.000493456,-0.803861149,0.007878241,0.033035726,0.163435169
E466Q,466,S29,E,Q,a_128,1,Asciminib,128,658,1178751,0.000558218,-0.625955145,0.007011765,0.033035726,0.153550588
E466Q,466,S29,E,Q,a_250,1,Asciminib,250,1550,5028356,0.000308252,-1.482674218,-0.003832577,0.033035726,0.070332742
E466Q,466,S29,E,Q,a_363,1,Asciminib,363,673,1407560,0.000478132,-0.849373651,0.001044456,0.033035726,0.0999214
E466Q,466,S29,E,Q,a_500,1,Asciminib,500,651,1483951,0.000438694,-0.973569646,-0.001096931,0.033035726,0.08564441
E466Q,466,S29,E,Q,a_638,1,Asciminib,638,356,862155,0.000412919,-1.060925662,-0.003921438,0.033035726,0.06988419
E466Q,466,S29,E,Q,a_750,1,Asciminib,750,479,941415,0.000508809,-0.759660824,-0.00050852,0.033035726,0.089350744
E466Q,466,S29,E,Q,a_1151,1,Asciminib,1151,234,880135,0.000265868,-1.696071939,-0.010570064,0.033035726,0.043299383
E466Q,466,S29,E,Q,a_2500,1,Asciminib,2500,1118,2498175,0.000447527,-0.944809994,-0.003213356,0.033035726,0.073539405
E466Q,466,S29,E,Q,D0,1,D0,,862,1009589,0.000853813,-0.012863962,,0.033035726,
E466Q,466,S29,E,Q,D0,1,D0,,862,1009589,0.000853813,-0.012863962,,0.033035726,
E466Q,466,S29,E,Q,D0,2,D0,,1333,1533758,0.000869107,0.012750272,,0.033035726,
E466Q,466,S29,E,Q,D0,2,D0,,1333,1533758,0.000869107,0.012750272,,0.033035726,
E466Q,466,S29,E,Q,i_50,1,Imatinib,50,1178,1605903,0.000733544,-0.231900854,0.035289619,0.033035726,1.176189849
E466Q,466,S29,E,Q,i_100,1,Imatinib,100,851,1501070,0.000566929,-0.603615859,0.031029619,0.033035726,0.865507083
E466Q,466,S29,E,Q,i_200,1,Imatinib,200,1086,1625430,0.000668131,-0.366652963,0.028671605,0.033035726,0.730360756
E466Q,466,S29,E,Q,i_300,1,Imatinib,300,712,1495698,0.000476032,-0.8557254,0.015096828,0.033035726,0.274830523
E466Q,466,S29,E,Q,i_444,1,Imatinib,444,689,1159488,0.000594228,-0.535767641,0.010382204,0.033035726,0.19572325
E466Q,466,S29,E,Q,i_500,1,Imatinib,500,577,1082233,0.000533157,-0.692223554,0.004669969,0.033035726,0.129725517
E466Q,466,S29,E,Q,i_579,1,Imatinib,579,803,1434143,0.000559916,-0.621572631,0.002903531,0.033035726,0.11423266
E466Q,466,S29,E,Q,i_750,1,Imatinib,750,646,1243646,0.00051944,-0.729825455,-0.003076724,0.033035726,0.074266417
E466Q,466,S29,E,Q,i_1000,1,Imatinib,1000,460,1149553,0.000400156,-1.106222856,-0.010567277,0.033035726,0.043308073
E466Q,466,S29,E,Q,i_1250,1,Imatinib,1250,469,977748,0.000479674,-0.844730397,-0.009026704,0.033035726,0.048388412
E466Q,466,S29,E,Q,i_2500,1,Imatinib,2500,866,1124752,0.000769948,-0.162023642,-0.003548766,0.033035726,0.071784735
E466Q,466,S29,E,Q,i_5000,1,Imatinib,5000,464,764852,0.000606653,-0.505911446,-0.009573205,0.033035726,0.046521391
E466Q,466,S29,E,Q,N,1,None,0,1220,1673746,0.000728904,-0.2410551,0.033035726,0.033035726,1
E466R,466,S29,E,R,a_5,1,Asciminib,5,1640,1698411,0.000965608,-0.794746511,0.028127802,0.023503998,1.395027156
E466R,466,S29,E,R,a_10,1,Asciminib,10,1294,1450953,0.000891828,-0.909419876,0.023965074,0.023503998,1.033754646
E466R,466,S29,E,R,a_50,1,Asciminib,50,958,1311506,0.000730458,-1.197383552,0.00854654,0.023503998,0.340637317
E466R,466,S29,E,R,a_89,1,Asciminib,89,973,1317239,0.000738666,-1.181262127,0.003927659,0.023503998,0.244266252
E466R,466,S29,E,R,a_128,1,Asciminib,128,765,1178751,0.000648992,-1.367984047,-0.000755694,0.023503998,0.17434872
E466R,466,S29,E,R,a_250,1,Asciminib,250,3689,5028356,0.000733639,-1.19111371,-0.000780561,0.023503998,0.174036841
E466R,466,S29,E,R,a_363,1,Asciminib,363,1051,1407560,0.000746682,-1.165690457,-0.002266706,0.023503998,0.156376196
E466R,466,S29,E,R,a_500,1,Asciminib,500,1044,1483951,0.000703527,-1.251578448,-0.00400709,0.023503998,0.137959053
E466R,466,S29,E,R,a_638,1,Asciminib,638,623,862155,0.000722608,-1.212971805,-0.005513037,0.023503998,0.12378284
E466R,466,S29,E,R,a_750,1,Asciminib,750,656,941415,0.000696823,-1.265391731,-0.005802443,0.023503998,0.121230233
E466R,466,S29,E,R,a_1151,1,Asciminib,1151,516,880135,0.000586274,-1.514610469,-0.00867055,0.023503998,0.098611492
E466R,466,S29,E,R,a_2500,1,Asciminib,2500,1877,2498175,0.000751348,-1.156702598,-0.005431419,0.023503998,0.124512388
E466R,466,S29,E,R,D0,1,D0,,1742,1009589,0.001725455,0.042719822,,0.023503998,
E466R,466,S29,E,R,D0,1,D0,,1742,1009589,0.001725455,0.042719822,,0.023503998,
E466R,466,S29,E,R,D0,2,D0,,2492,1533758,0.001624767,-0.044023506,,0.023503998,
E466R,466,S29,E,R,D0,2,D0,,2492,1533758,0.001624767,-0.044023506,,0.023503998,
E466R,466,S29,E,R,i_50,1,Imatinib,50,1467,1605903,0.000913505,-0.874772588,0.028560123,0.023503998,1.439133256
E466R,466,S29,E,R,i_100,1,Imatinib,100,1786,1501070,0.001189818,-0.493515881,0.03218213,0.023503998,1.867920024
E466R,466,S29,E,R,i_200,1,Imatinib,200,1681,1625430,0.001034188,-0.695758408,0.025226574,0.023503998,1.132044669
E466R,466,S29,E,R,i_300,1,Imatinib,300,1393,1495698,0.000931338,-0.846880354,0.015189417,0.023503998,0.549553107
E466R,466,S29,E,R,i_444,1,Imatinib,444,1173,1159488,0.001011653,-0.727541581,0.00837474,0.023503998,0.336449705
E466R,466,S29,E,R,i_500,1,Imatinib,500,898,1082233,0.000829766,-1.013480494,0.001307095,0.023503998,0.202264903
E466R,466,S29,E,R,i_579,1,Imatinib,579,1082,1434143,0.000754458,-1.15074509,-0.002635775,0.023503998,0.152275532
E466R,466,S29,E,R,i_750,1,Imatinib,750,1059,1243646,0.000851528,-0.976130001,-0.005655007,0.023503998,0.122523995
E466R,466,S29,E,R,i_1000,1,Imatinib,1000,1086,1149553,0.000944715,-0.826305585,-0.007637141,0.023503998,0.106228589
E466R,466,S29,E,R,i_1250,1,Imatinib,1250,1103,977748,0.001128103,-0.570358499,-0.006154615,0.023503998,0.118194918
E466R,466,S29,E,R,i_2500,1,Imatinib,2500,1469,1124752,0.001306066,-0.359029242,-0.005610994,0.023503998,0.122912881
E466R,466,S29,E,R,i_5000,1,Imatinib,5000,962,764852,0.00125776,-0.413400422,-0.008604813,0.023503998,0.099079337
E466R,466,S29,E,R,N,1,None,0,1262,1673746,0.000753997,-1.151625403,0.023503998,0.023503998,1
E466S,466,S29,E,S,a_5,1,Asciminib,5,585,1698411,0.00034444,-0.277596082,0.033541263,0.03437207,0.941935871
E466S,466,S29,E,S,a_10,1,Asciminib,10,183,1450953,0.000126124,-1.727004226,0.015406711,0.03437207,0.255251519
E466S,466,S29,E,S,a_50,1,Asciminib,50,67,1311506,5.11E-05,-3.030838494,-0.01064582,0.03437207,0.039113482
E466S,466,S29,E,S,a_89,1,Asciminib,89,191,1317239,0.000145,-1.52579158,0.00032117,0.03437207,0.086150047
E466S,466,S29,E,S,a_128,1,Asciminib,128,181,1178751,0.000153552,-1.443116384,-0.001542169,0.03437207,0.075333885
E466S,466,S29,E,S,a_250,1,Asciminib,250,788,5028356,0.000156711,-1.413738251,-0.003110965,0.03437207,0.067287653
E466S,466,S29,E,S,a_363,1,Asciminib,363,112,1407560,7.96E-05,-2.391544776,-0.015098784,0.03437207,0.0283848
E466S,466,S29,E,S,a_500,1,Asciminib,500,178,1483951,0.00011995,-1.7994133,-0.009741752,0.03437207,0.041744182
E466S,466,S29,E,S,a_638,1,Asciminib,638,100,862155,0.000115988,-1.847866255,-0.012159027,0.03437207,0.03507597
E466S,466,S29,E,S,a_750,1,Asciminib,750,153,941415,0.000162521,-1.361218179,-0.006805542,0.03437207,0.051571399
E466S,466,S29,E,S,a_1151,1,Asciminib,1151,235,880135,0.000267004,-0.644983064,0.000432593,0.03437207,0.086843958
E466S,466,S29,E,S,a_2500,1,Asciminib,2500,592,2498175,0.000236973,-0.817124454,-0.001876761,0.03437207,0.073540733
E466S,466,S29,E,S,D0,1,D0,,456,1009589,0.000451669,0.113418641,,0.03437207,
E466S,466,S29,E,S,D0,1,D0,,456,1009589,0.000451669,0.113418641,,0.03437207,
E466S,466,S29,E,S,D0,2,D0,,588,1533758,0.000383372,-0.1231018,,0.03437207,
E466S,466,S29,E,S,D0,2,D0,,588,1533758,0.000383372,-0.1231018,,0.03437207,
E466S,466,S29,E,S,i_50,1,Imatinib,50,448,1605903,0.000278971,-0.581733108,0.031627621,0.03437207,0.820697821
E466S,466,S29,E,S,i_100,1,Imatinib,100,470,1501070,0.00031311,-0.415177586,0.033002165,0.03437207,0.90607504
E466S,466,S29,E,S,i_200,1,Imatinib,200,489,1625430,0.000300843,-0.472834048,0.027560116,0.03437207,0.612344225
E466S,466,S29,E,S,i_300,1,Imatinib,300,445,1495698,0.00029752,-0.488860657,0.018937119,0.03437207,0.329125386
E466S,466,S29,E,S,i_444,1,Imatinib,444,293,1159488,0.000252698,-0.724434311,0.008407266,0.03437207,0.154206005
E466S,466,S29,E,S,i_500,1,Imatinib,500,325,1082233,0.000300305,-0.475418507,0.006939455,0.03437207,0.138740743
E466S,466,S29,E,S,i_579,1,Imatinib,579,259,1434143,0.000180596,-1.209083873,-0.003246458,0.03437207,0.066634421
E466S,466,S29,E,S,i_750,1,Imatinib,750,393,1243646,0.000316006,-0.401893659,0.000356022,0.03437207,0.086366493
E466S,466,S29,E,S,i_1000,1,Imatinib,1000,295,1149553,0.000256621,-0.702205115,-0.006338074,0.03437207,0.053336714
E466S,466,S29,E,S,i_1250,1,Imatinib,1250,330,977748,0.00033751,-0.306915647,-0.003396931,0.03437207,0.065916396
E466S,466,S29,E,S,i_2500,1,Imatinib,2500,300,1124752,0.000266725,-0.646491518,-0.008620111,0.03437207,0.04525523
E466S,466,S29,E,S,i_5000,1,Imatinib,5000,331,764852,0.000432763,0.051731614,-0.003735873,0.03437207,0.064327254
E466S,466,S29,E,S,N,1,None,0,646,1673746,0.000385961,-0.113393529,0.03437207,0.03437207,1
E466T,466,S29,E,T,a_5,1,Asciminib,5,14150,1698411,0.008331317,-0.427434035,0.03197278,0.03206534,0.993357853
E466T,466,S29,E,T,a_10,1,Asciminib,10,10037,1450953,0.006917522,-0.695723135,0.026202023,0.03206534,0.655629913
E466T,466,S29,E,T,a_50,1,Asciminib,50,6851,1311506,0.005223766,-1.100888386,0.009556639,0.03206534,0.197774765
E466T,466,S29,E,T,a_89,1,Asciminib,89,6014,1317239,0.00456561,-1.295170827,0.002735278,0.03206534,0.121024235
E466T,466,S29,E,T,a_128,1,Asciminib,128,5732,1178751,0.004862774,-1.204198948,0.000958786,0.03206534,0.106493446
E466T,466,S29,E,T,a_250,1,Asciminib,250,24694,5028356,0.004910949,-1.189976715,-0.000768659,0.03206534,0.094038791
E466T,466,S29,E,T,a_363,1,Asciminib,363,7853,1407560,0.005579158,-1.005931087,-0.000594366,0.03206534,0.095226331
E466T,466,S29,E,T,a_500,1,Asciminib,500,7317,1483951,0.004930756,-1.184169759,-0.003301465,0.03206534,0.078362488
E466T,466,S29,E,T,a_638,1,Asciminib,638,4025,862155,0.004668534,-1.263008948,-0.006036819,0.03206534,0.064354049
E466T,466,S29,E,T,a_750,1,Asciminib,750,4664,941415,0.004954244,-1.17731352,-0.004880452,0.03206534,0.069941435
E466T,466,S29,E,T,a_1151,1,Asciminib,1151,4584,880135,0.005208292,-1.105168253,-0.004384564,0.03206534,0.072483737
E466T,466,S29,E,T,a_2500,1,Asciminib,2500,13314,2498175,0.005329491,-1.071980938,-0.004544564,0.03206534,0.071653514
E466T,466,S29,E,T,D0,1,D0,,11611,1009589,0.01150072,0.037673665,,0.03206534,
E466T,466,S29,E,T,D0,1,D0,,11611,1009589,0.01150072,0.037673665,,0.03206534,
E466T,466,S29,E,T,D0,2,D0,,16730,1533758,0.010907849,-0.038683892,,0.03206534,
E466T,466,S29,E,T,D0,2,D0,,16730,1533758,0.010907849,-0.038683892,,0.03206534,
E466T,466,S29,E,T,i_50,1,Imatinib,50,13366,1605903,0.008323043,-0.428867443,0.033227799,0.03206534,1.087299459
E466T,466,S29,E,T,i_100,1,Imatinib,100,12741,1501070,0.008487945,-0.40056321,0.033155146,0.03206534,1.08162669
E466T,466,S29,E,T,i_200,1,Imatinib,200,14009,1625430,0.008618642,-0.378517919,0.028547405,0.03206534,0.776241715
E466T,466,S29,E,T,i_300,1,Imatinib,300,12529,1495698,0.008376691,-0.419598104,0.01966215,0.03206534,0.409413492
E466T,466,S29,E,T,i_444,1,Imatinib,444,9429,1159488,0.008132038,-0.462361679,0.011150607,0.03206534,0.221826282
E466T,466,S29,E,T,i_500,1,Imatinib,500,8953,1082233,0.00827271,-0.437618515,0.007335141,0.03206534,0.168541324
E466T,466,S29,E,T,i_579,1,Imatinib,579,10583,1434143,0.00737932,-0.602490701,0.003103278,0.03206534,0.124273758
E466T,466,S29,E,T,i_750,1,Imatinib,750,9419,1243646,0.007573699,-0.564980549,-0.00135115,0.03206534,0.090176425
E466T,466,S29,E,T,i_1000,1,Imatinib,1000,10868,1149553,0.00945411,-0.24503698,-0.001552499,0.03206534,0.088878556
E466T,466,S29,E,T,i_1250,1,Imatinib,1250,8507,977748,0.008700606,-0.364862694,-0.004003513,0.03206534,0.074499909
E466T,466,S29,E,T,i_2500,1,Imatinib,2500,10111,1124752,0.008989537,-0.317731711,-0.005178697,0.03206534,0.068455549
E466T,466,S29,E,T,i_5000,1,Imatinib,5000,7008,764852,0.009162557,-0.290228304,-0.007315463,0.03206534,0.058693998
E466T,466,S29,E,T,N,1,None,0,14880,1673746,0.008890238,-0.33375655,0.03206534,0.03206534,1
E466V,466,S29,E,V,a_5,1,Asciminib,5,3244,1698411,0.001910021,-0.325492368,0.033039891,0.033920097,0.938591655
E466V,466,S29,E,V,a_10,1,Asciminib,10,2777,1450953,0.001913915,-0.322554178,0.030108305,0.033920097,0.75999079
E466V,466,S29,E,V,a_50,1,Asciminib,50,1946,1311506,0.00148379,-0.689793265,0.013859927,0.033920097,0.235903567
E466V,466,S29,E,V,a_89,1,Asciminib,89,2449,1317239,0.001859192,-0.364404926,0.01247841,0.033920097,0.213567695
E466V,466,S29,E,V,a_128,1,Asciminib,128,2316,1178751,0.001964792,-0.284704309,0.010583933,0.033920097,0.186335998
E466V,466,S29,E,V,a_250,1,Asciminib,250,7078,5028356,0.001407617,-0.7658256,0.003671298,0.033920097,0.113277636
E466V,466,S29,E,V,a_363,1,Asciminib,363,2133,1407560,0.001515388,-0.659393023,0.003033148,0.033920097,0.108190654
E466V,466,S29,E,V,a_500,1,Asciminib,500,2285,1483951,0.001539808,-0.636329857,0.002433249,0.033920097,0.103617092
E466V,466,S29,E,V,a_638,1,Asciminib,638,1066,862155,0.001236437,-0.952892298,-0.00279056,0.033920097,0.071135608
E466V,466,S29,E,V,a_750,1,Asciminib,750,1152,941415,0.00122369,-0.967842596,-0.002687739,0.033920097,0.071664186
E466V,466,S29,E,V,a_1151,1,Asciminib,1151,1058,880135,0.001202088,-0.993537675,-0.00321603,0.033920097,0.068989489
E466V,466,S29,E,V,a_2500,1,Asciminib,2500,4016,2498175,0.001607574,-0.574195841,0.000666183,0.033920097,0.091238186
E466V,466,S29,E,V,D0,1,D0,,2261,1009589,0.002239525,-0.095887672,,0.033920097,
E466V,466,S29,E,V,D0,1,D0,,2261,1009589,0.002239525,-0.095887672,,0.033920097,
E466V,466,S29,E,V,D0,2,D0,,3907,1533758,0.002547338,0.089909819,,0.033920097,
E466V,466,S29,E,V,D0,2,D0,,3907,1533758,0.002547338,0.089909819,,0.033920097,
E466V,466,S29,E,V,i_50,1,Imatinib,50,3815,1605903,0.00237561,-0.010782264,0.037604258,0.033920097,1.303769449
E466V,466,S29,E,V,i_100,1,Imatinib,100,3485,1501070,0.002321677,-0.043913168,0.036888511,0.033920097,1.238283149
E466V,466,S29,E,V,i_200,1,Imatinib,200,3685,1625430,0.002267092,-0.078237375,0.031690701,0.033920097,0.851703787
E466V,466,S29,E,V,i_300,1,Imatinib,300,3262,1495698,0.002180922,-0.134142692,0.022650259,0.033920097,0.444223124
E466V,466,S29,E,V,i_444,1,Imatinib,444,2390,1159488,0.002061255,-0.215557839,0.013734117,0.033920097,0.233776315
E466V,466,S29,E,V,i_500,1,Imatinib,500,2547,1082233,0.002353467,-0.024292747,0.011661779,0.033920097,0.201372504
E466V,466,S29,E,V,i_579,1,Imatinib,579,2733,1434143,0.001905668,-0.328783992,0.005968403,0.033920097,0.133651192
E466V,466,S29,E,V,i_750,1,Imatinib,750,3715,1243646,0.002987184,0.319705758,0.007909627,0.033920097,0.153699825
E466V,466,S29,E,V,i_1000,1,Imatinib,1000,2572,1149553,0.002237391,-0.097262908,-5.62E-06,0.033920097,0.086930043
E466V,466,S29,E,V,i_1250,1,Imatinib,1250,2202,977748,0.002252114,-0.087800684,-0.001103265,0.033920097,0.080324385
E466V,466,S29,E,V,i_2500,1,Imatinib,2500,2054,1124752,0.00182618,-0.390251318,-0.005937823,0.033920097,0.056711958
E466V,466,S29,E,V,i_5000,1,Imatinib,5000,1867,764852,0.002440995,0.028388844,-0.003980222,0.033920097,0.065296103
E466V,466,S29,E,V,N,1,None,0,3594,1673746,0.002147279,-0.156570767,0.033920097,0.033920097,1
E466W,466,S29,E,W,a_5,1,Asciminib,5,3181,1698411,0.001872927,-0.272607602,0.033593482,0.033873994,0.980005741
E466W,466,S29,E,W,a_10,1,Asciminib,10,1799,1450953,0.001239875,-0.867707955,0.024401709,0.033873994,0.505602482
E466W,466,S29,E,W,a_50,1,Asciminib,50,1942,1311506,0.00148074,-0.61158356,0.014678616,0.033873994,0.251059028
E466W,466,S29,E,W,a_89,1,Asciminib,89,1419,1317239,0.001077253,-1.070544896,0.005086632,0.033873994,0.125846788
E466W,466,S29,E,W,a_128,1,Asciminib,128,1337,1178751,0.001134251,-0.996161883,0.00313649,0.033873994,0.109361075
E466W,466,S29,E,W,a_250,1,Asciminib,250,6048,5028356,0.001202779,-0.911531008,0.002146073,0.033873994,0.101834096
E466W,466,S29,E,W,a_363,1,Asciminib,363,1179,1407560,0.00083762,-1.433535056,-0.005070467,0.033873994,0.060567237
E466W,466,S29,E,W,a_500,1,Asciminib,500,1296,1483951,0.000873344,-1.37328009,-0.005281047,0.033873994,0.059655859
E466W,466,S29,E,W,a_638,1,Asciminib,638,680,862155,0.000788721,-1.52031487,-0.008730263,0.033873994,0.046537051
E466W,466,S29,E,W,a_750,1,Asciminib,750,981,941415,0.001042048,-1.118480057,-0.004264592,0.033873994,0.064185487
E466W,466,S29,E,W,a_1151,1,Asciminib,1151,878,880135,0.000997574,-1.181406243,-0.005182613,0.033873994,0.060080155
E466W,466,S29,E,W,a_2500,1,Asciminib,2500,3197,2498175,0.001279734,-0.822058152,-0.001928406,0.033873994,0.075942955
E466W,466,S29,E,W,D0,1,D0,,2198,1009589,0.002177124,-0.055479064,,0.033873994,
E466W,466,S29,E,W,D0,1,D0,,2198,1009589,0.002177124,-0.055479064,,0.033873994,
E466W,466,S29,E,W,D0,2,D0,,3601,1533758,0.002347828,0.053424377,,0.033873994,
E466W,466,S29,E,W,D0,2,D0,,3601,1533758,0.002347828,0.053424377,,0.033873994,
E466W,466,S29,E,W,i_50,1,Imatinib,50,2539,1605903,0.001581042,-0.517026712,0.032304959,0.033873994,0.893177019
E466W,466,S29,E,W,i_100,1,Imatinib,100,2799,1501070,0.00186467,-0.278982123,0.034427841,0.033873994,1.040682756
E466W,466,S29,E,W,i_200,1,Imatinib,200,2967,1625430,0.001825363,-0.309718854,0.029267584,0.033873994,0.717730222
E466W,466,S29,E,W,i_300,1,Imatinib,300,2373,1495698,0.00158655,-0.512009159,0.018694803,0.033873994,0.335242304
E466W,466,S29,E,W,i_444,1,Imatinib,444,2086,1159488,0.00179907,-0.330651085,0.012529336,0.033873994,0.215064917
E466W,466,S29,E,W,i_500,1,Imatinib,500,1938,1082233,0.001790742,-0.337344921,0.008384791,0.033873994,0.159577978
E466W,466,S29,E,W,i_579,1,Imatinib,579,2216,1434143,0.001545174,-0.550133356,0.003651348,0.033873994,0.113491138
E466W,466,S29,E,W,i_750,1,Imatinib,750,2295,1243646,0.00184538,-0.293984085,0.001485605,0.033873994,0.097104843
E466W,466,S29,E,W,i_1000,1,Imatinib,1000,1672,1149553,0.001454478,-0.637400489,-0.005659708,0.033873994,0.058051397
E466W,466,S29,E,W,i_1250,1,Imatinib,1250,1715,977748,0.001754031,-0.367228362,-0.004028276,0.033873994,0.065286927
E466W,466,S29,E,W,i_2500,1,Imatinib,2500,1951,1124752,0.001734605,-0.383295508,-0.00586501,0.033873994,0.057199604
E466W,466,S29,E,W,i_5000,1,Imatinib,5000,1094,764852,0.001430342,-0.661542132,-0.011202327,0.033873994,0.038949277
E466W,466,S29,E,W,N,1,None,0,3387,1673746,0.002023605,-0.160974974,0.033873994,0.033873994,1
E466Y,466,S29,E,Y,a_5,1,Asciminib,5,4615,1698411,0.002717246,-0.250735356,0.033822438,0.033440575,1.02787556
E466Y,466,S29,E,Y,a_10,1,Asciminib,10,2962,1450953,0.002041417,-0.663309531,0.026541324,0.033440575,0.608507475
E466Y,466,S29,E,Y,a_50,1,Asciminib,50,2325,1311506,0.001772771,-0.866874075,0.012006269,0.033440575,0.213681215
E466Y,466,S29,E,Y,a_89,1,Asciminib,89,2299,1317239,0.001745317,-0.88939105,0.006982926,0.033440575,0.148829971
E466Y,466,S29,E,Y,a_128,1,Asciminib,128,2492,1178751,0.002114102,-0.61283531,0.007149101,0.033440575,0.150621365
E466Y,466,S29,E,Y,a_250,1,Asciminib,250,7618,5028356,0.001515008,-1.09355489,0.000240671,0.033440575,0.091593674
E466Y,466,S29,E,Y,a_363,1,Asciminib,363,2658,1407560,0.001888374,-0.775735701,0.001815288,0.033440575,0.102589403
E466Y,466,S29,E,Y,a_500,1,Asciminib,500,2572,1483951,0.001733211,-0.899433196,-0.000320881,0.033440575,0.087964246
E466Y,466,S29,E,Y,a_638,1,Asciminib,638,1460,862155,0.001693431,-0.932931183,-0.002581609,0.033440575,0.074750656
E466Y,466,S29,E,Y,a_750,1,Asciminib,750,1642,941415,0.001744183,-0.890329002,-0.001876337,0.033440575,0.078644492
E466Y,466,S29,E,Y,a_1151,1,Asciminib,1151,1800,880135,0.002045141,-0.660680212,0.000268277,0.033440575,0.091775908
E466Y,466,S29,E,Y,a_2500,1,Asciminib,2500,4458,2498175,0.001784503,-0.85735831,-0.002297924,0.033440575,0.076293166
E466Y,466,S29,E,Y,D0,1,D0,,3352,1009589,0.003320163,0.038373669,,0.033440575,
E466Y,466,S29,E,Y,D0,1,D0,,3352,1009589,0.003320163,0.038373669,,0.033440575,
E466Y,466,S29,E,Y,D0,2,D0,,4825,1533758,0.003145868,-0.03942231,,0.033440575,
E466Y,466,S29,E,Y,D0,2,D0,,4825,1533758,0.003145868,-0.03942231,,0.033440575,
E466Y,466,S29,E,Y,i_50,1,Imatinib,50,4684,1605903,0.002916739,-0.148524062,0.036162396,0.033440575,1.216491713
E466Y,466,S29,E,Y,i_100,1,Imatinib,100,4197,1501070,0.002796006,-0.209513177,0.035155033,0.033440575,1.131383178
E466Y,466,S29,E,Y,i_200,1,Imatinib,200,4901,1625430,0.003015202,-0.100625664,0.031456343,0.033440575,0.866871357
E466Y,466,S29,E,Y,i_300,1,Imatinib,300,3837,1495698,0.002565357,-0.333720525,0.020561105,0.033440575,0.395611796
E466Y,466,S29,E,Y,i_444,1,Imatinib,444,3075,1159488,0.002652033,-0.285781862,0.012999021,0.033440575,0.229513853
E466Y,466,S29,E,Y,i_500,1,Imatinib,500,2966,1082233,0.00274063,-0.238372925,0.009420817,0.033440575,0.177386804
E466Y,466,S29,E,Y,i_579,1,Imatinib,579,4121,1434143,0.002873493,-0.170074804,0.00762975,0.033440575,0.155925112
E466Y,466,S29,E,Y,i_750,1,Imatinib,750,3454,1243646,0.002777318,-0.219188186,0.002268558,0.033440575,0.105992681
E466Y,466,S29,E,Y,i_1000,1,Imatinib,1000,3223,1149553,0.002803698,-0.205549178,-0.001139146,0.033440575,0.082931531
E466Y,466,S29,E,Y,i_1250,1,Imatinib,1250,2491,977748,0.002547691,-0.343689947,-0.003781879,0.033440575,0.068562007
E466Y,466,S29,E,Y,i_2500,1,Imatinib,2500,3837,1124752,0.003411419,0.077491449,-0.001041554,0.033440575,0.083516311
E466Y,466,S29,E,Y,i_5000,1,Imatinib,5000,2138,764852,0.002795312,-0.209871047,-0.006474294,0.033440575,0.056479892
E466Y,466,S29,E,Y,N,1,None,0,4703,1673746,0.002809865,-0.202379659,0.033440575,0.033440575,1
K467A,467,S29,K,A,a_5,1,Asciminib,5,9000,1698411,0.005299071,-0.181376444,0.034548478,0.034193571,1.02588252
K467A,467,S29,K,A,a_10,1,Asciminib,10,6155,1450953,0.00424204,-0.502357756,0.028226146,0.034193571,0.650733778
K467A,467,S29,K,A,a_50,1,Asciminib,50,4951,1311506,0.003775049,-0.670620284,0.014060628,0.034193571,0.234670715
K467A,467,S29,K,A,a_89,1,Asciminib,89,4617,1317239,0.003505059,-0.777677225,0.008152331,0.034193571,0.153359674
K467A,467,S29,K,A,a_128,1,Asciminib,128,3935,1178751,0.003338279,-0.848011184,0.004687312,0.034193571,0.119498592
K467A,467,S29,K,A,a_250,1,Asciminib,250,13758,5028356,0.002736083,-1.135003763,-0.00019321,0.034193571,0.084091629
K467A,467,S29,K,A,a_363,1,Asciminib,363,4218,1407560,0.002996675,-1.003753151,-0.000571568,0.034193571,0.081831746
K467A,467,S29,K,A,a_500,1,Asciminib,500,4040,1483951,0.002722462,-1.142203987,-0.002862173,0.034193571,0.069389924
K467A,467,S29,K,A,a_638,1,Asciminib,638,2315,862155,0.002685132,-1.1621228,-0.004980757,0.034193571,0.059573072
K467A,467,S29,K,A,a_750,1,Asciminib,750,2626,941415,0.002789418,-1.107151654,-0.004146008,0.034193571,0.063263313
K467A,467,S29,K,A,a_1151,1,Asciminib,1151,2160,880135,0.002454169,-1.291881247,-0.006339051,0.034193571,0.054022817
K467A,467,S29,K,A,a_2500,1,Asciminib,2500,8234,2498175,0.003296006,-0.866396919,-0.002392539,0.034193571,0.071776373
K467A,467,S29,K,A,D0,1,D0,,5945,1009589,0.005888535,-0.029207112,,0.034193571,
K467A,467,S29,K,A,D0,1,D0,,5945,1009589,0.005888535,-0.029207112,,0.034193571,
K467A,467,S29,K,A,D0,2,D0,,9401,1533758,0.006129389,0.028627533,,0.034193571,
K467A,467,S29,K,A,D0,2,D0,,9401,1533758,0.006129389,0.028627533,,0.034193571,
K467A,467,S29,K,A,i_50,1,Imatinib,50,8700,1605903,0.005417513,-0.149485178,0.036152335,0.034193571,1.151460291
K467A,467,S29,K,A,i_100,1,Imatinib,100,8383,1501070,0.005584683,-0.105640452,0.036242358,0.034193571,1.158947949
K467A,467,S29,K,A,i_200,1,Imatinib,200,9519,1625430,0.005856296,-0.03712723,0.032121036,0.034193571,0.861377416
K467A,467,S29,K,A,i_300,1,Imatinib,300,8579,1495698,0.005735784,-0.06712524,0.023351789,0.034193571,0.458127215
K467A,467,S29,K,A,i_444,1,Imatinib,444,6399,1159488,0.005518815,-0.122757248,0.014705541,0.034193571,0.245824306
K467A,467,S29,K,A,i_500,1,Imatinib,500,5614,1082233,0.005187423,-0.2120979,0.00969586,0.034193571,0.1713863
K467A,467,S29,K,A,i_579,1,Imatinib,579,6243,1434143,0.004353122,-0.465065243,0.004541829,0.034193571,0.118253407
K467A,467,S29,K,A,i_750,1,Imatinib,750,6026,1243646,0.00484543,-0.310491037,0.001312812,0.034193571,0.093722716
K467A,467,S29,K,A,i_1000,1,Imatinib,1000,5713,1149553,0.004969758,-0.273940278,-0.001855055,0.034193571,0.07460848
K467A,467,S29,K,A,i_1250,1,Imatinib,1250,4967,977748,0.005080041,-0.242275663,-0.002720288,0.034193571,0.070102424
K467A,467,S29,K,A,i_2500,1,Imatinib,2500,5078,1124752,0.004514773,-0.412462362,-0.006170325,0.034193571,0.054683101
K467A,467,S29,K,A,i_5000,1,Imatinib,5000,3444,764852,0.004502832,-0.416283199,-0.008634989,0.034193571,0.04579152
K467A,467,S29,K,A,N,1,None,0,9188,1673746,0.005489483,-0.130445576,0.034193571,0.034193571,1
K467C,467,S29,K,C,a_5,1,Asciminib,5,4817,1698411,0.00283618,-0.131011208,0.035075694,0.034989786,1.006204543
K467C,467,S29,K,C,a_10,1,Asciminib,10,3126,1450953,0.002154446,-0.527643521,0.027961458,0.034989786,0.602878465
K467C,467,S29,K,C,a_50,1,Asciminib,50,2289,1311506,0.001745322,-0.831467457,0.012376901,0.034989786,0.196296751
K467C,467,S29,K,C,a_89,1,Asciminib,89,1778,1317239,0.001349793,-1.20222232,0.00370825,0.034989786,0.105160177
K467C,467,S29,K,C,a_128,1,Asciminib,128,1848,1178751,0.001567761,-0.98625475,0.003240197,0.034989786,0.101675345
K467C,467,S29,K,C,a_250,1,Asciminib,250,7114,5028356,0.001414777,-1.134386331,-0.000186747,0.034989786,0.079443408
K467C,467,S29,K,C,a_363,1,Asciminib,363,1630,1407560,0.001158032,-1.423284969,-0.00496317,0.034989786,0.056325221
K467C,467,S29,K,C,a_500,1,Asciminib,500,1975,1483951,0.001330906,-1.222551314,-0.003703238,0.034989786,0.061673697
K467C,467,S29,K,C,a_638,1,Asciminib,638,1453,862155,0.001685312,-0.881944977,-0.002047893,0.034989786,0.069480241
K467C,467,S29,K,C,a_750,1,Asciminib,750,1661,941415,0.001764365,-0.815811184,-0.001096295,0.034989786,0.074407554
K467C,467,S29,K,C,a_1151,1,Asciminib,1151,1529,880135,0.001737233,-0.83816884,-0.00158965,0.034989786,0.071810872
K467C,467,S29,K,C,a_2500,1,Asciminib,2500,5248,2498175,0.002100734,-0.564067335,0.000772207,0.034989786,0.085122345
K467C,467,S29,K,C,D0,1,D0,,3234,1009589,0.003203284,0.04459107,,0.034989786,
K467C,467,S29,K,C,D0,1,D0,,3234,1009589,0.003203284,0.04459107,,0.034989786,
K467C,467,S29,K,C,D0,2,D0,,4614,1533758,0.003008297,-0.046013377,,0.034989786,
K467C,467,S29,K,C,D0,2,D0,,4614,1533758,0.003008297,-0.046013377,,0.034989786,
K467C,467,S29,K,C,i_50,1,Imatinib,50,4598,1605903,0.002863187,-0.117338799,0.036488839,0.034989786,1.113971756
K467C,467,S29,K,C,i_100,1,Imatinib,100,4518,1501070,0.003009853,-0.045267497,0.036874334,0.034989786,1.14532389
K467C,467,S29,K,C,i_200,1,Imatinib,200,5542,1625430,0.003409559,0.134624772,0.033918913,0.034989786,0.92579464
K467C,467,S29,K,C,i_300,1,Imatinib,300,4394,1495698,0.002937759,-0.080244549,0.023214457,0.034989786,0.428346141
K467C,467,S29,K,C,i_444,1,Imatinib,444,3357,1159488,0.002895243,-0.101275864,0.014930405,0.034989786,0.235916953
K467C,467,S29,K,C,i_500,1,Imatinib,500,2993,1082233,0.002765578,-0.167379371,0.010163968,0.034989786,0.167384969
K467C,467,S29,K,C,i_579,1,Imatinib,579,3592,1434143,0.002504632,-0.310362046,0.006161242,0.034989786,0.125474189
K467C,467,S29,K,C,i_750,1,Imatinib,750,3281,1243646,0.002638211,-0.235400803,0.002098846,0.034989786,0.093654045
K467C,467,S29,K,C,i_1000,1,Imatinib,1000,3145,1149553,0.002735846,-0.182973478,-0.000902827,0.034989786,0.07545128
K467C,467,S29,K,C,i_1250,1,Imatinib,1250,2465,977748,0.0025211,-0.30090745,-0.003334038,0.034989786,0.063335117
K467C,467,S29,K,C,i_2500,1,Imatinib,2500,3203,1124752,0.002847739,-0.125143646,-0.003162711,0.034989786,0.064121227
K467C,467,S29,K,C,i_5000,1,Imatinib,5000,2241,764852,0.002929979,-0.084070379,-0.00515743,0.034989786,0.055542902
K467C,467,S29,K,C,N,1,None,0,5006,1673746,0.002990896,-0.054382829,0.034989786,0.034989786,1
K467D,467,S29,K,D,a_5,1,Asciminib,5,6135,1698411,0.0036122,-0.387534545,0.032390442,0.032018278,1.027158067
K467D,467,S29,K,D,a_10,1,Asciminib,10,5531,1450953,0.003811977,-0.309872714,0.030241053,0.032018278,0.879888415
K467D,467,S29,K,D,a_50,1,Asciminib,50,3292,1311506,0.002510091,-0.912672341,0.011526859,0.032018278,0.228691316
K467D,467,S29,K,D,a_89,1,Asciminib,89,3542,1317239,0.002688958,-0.813365189,0.007778754,0.032018278,0.174602084
K467D,467,S29,K,D,a_128,1,Asciminib,128,2589,1178751,0.002196393,-1.105276298,0.001994295,0.032018278,0.115126155
K467D,467,S29,K,D,a_250,1,Asciminib,250,12565,5028356,0.002498829,-0.919160296,0.002066211,0.032018278,0.115723813
K467D,467,S29,K,D,a_363,1,Asciminib,363,2753,1407560,0.001955867,-1.27260408,-0.003385863,0.032018278,0.078152116
K467D,467,S29,K,D,a_500,1,Asciminib,500,3229,1483951,0.002175948,-1.118768283,-0.002616851,0.032018278,0.082601346
K467D,467,S29,K,D,a_638,1,Asciminib,638,1863,862155,0.002160864,-1.128803763,-0.004631977,0.032018278,0.071445641
K467D,467,S29,K,D,a_750,1,Asciminib,750,2256,941415,0.002396393,-0.979547946,-0.002810269,0.032018278,0.081459006
K467D,467,S29,K,D,a_1151,1,Asciminib,1151,1929,880135,0.002191709,-1.10835586,-0.004417931,0.032018278,0.07255524
K467D,467,S29,K,D,a_2500,1,Asciminib,2500,5360,2498175,0.002145566,-1.139053811,-0.005246674,0.032018278,0.06835254
K467D,467,S29,K,D,D0,1,D0,,4846,1009589,0.004799973,0.02261404,,0.032018278,
K467D,467,S29,K,D,D0,1,D0,,4846,1009589,0.004799973,0.02261404,,0.032018278,
K467D,467,S29,K,D,D0,2,D0,,7133,1533758,0.004650668,-0.022974164,,0.032018278,
K467D,467,S29,K,D,D0,2,D0,,7133,1533758,0.004650668,-0.022974164,,0.032018278,
K467D,467,S29,K,D,i_50,1,Imatinib,50,6296,1605903,0.003920536,-0.269361481,0.034897486,0.032018278,1.230355263
K467D,467,S29,K,D,i_100,1,Imatinib,100,5540,1501070,0.003690701,-0.356517549,0.033616211,0.032018278,1.121930822
K467D,467,S29,K,D,i_200,1,Imatinib,200,6570,1625430,0.004042007,-0.225340325,0.030150847,0.032018278,0.874192194
K467D,467,S29,K,D,i_300,1,Imatinib,300,5210,1495698,0.003483324,-0.439947803,0.019449132,0.032018278,0.40455058
K467D,467,S29,K,D,i_444,1,Imatinib,444,3428,1159488,0.002956477,-0.676533048,0.00890869,0.032018278,0.189400716
K467D,467,S29,K,D,i_500,1,Imatinib,500,3495,1082233,0.003229434,-0.549130951,0.006167844,0.032018278,0.155481072
K467D,467,S29,K,D,i_579,1,Imatinib,579,5191,1434143,0.003619583,-0.384588665,0.005384247,0.032018278,0.146951864
K467D,467,S29,K,D,i_750,1,Imatinib,750,5165,1243646,0.004153111,-0.186219805,0.002613667,0.032018278,0.120376371
K467D,467,S29,K,D,i_1000,1,Imatinib,1000,3410,1149553,0.00296637,-0.671713512,-0.006018892,0.032018278,0.06465588
K467D,467,S29,K,D,i_1250,1,Imatinib,1250,3446,977748,0.003524426,-0.423024152,-0.004612339,0.032018278,0.071546733
K467D,467,S29,K,D,i_2500,1,Imatinib,2500,3867,1124752,0.003438091,-0.458804436,-0.006655428,0.032018278,0.061759541
K467D,467,S29,K,D,i_5000,1,Imatinib,5000,2484,764852,0.003247687,-0.540999611,-0.009940504,0.032018278,0.048750868
K467D,467,S29,K,D,N,1,None,0,6256,1673746,0.003737724,-0.338252364,0.032018278,0.032018278,1
K467E,467,S29,K,E,a_5,1,Asciminib,5,2978,1698411,0.001753404,-0.335375142,0.03293644,0.030427046,1.198027418
K467E,467,S29,K,E,a_10,1,Asciminib,10,2138,1450953,0.001473514,-0.58627221,0.02734774,0.030427046,0.801147681
K467E,467,S29,K,E,a_50,1,Asciminib,50,1701,1311506,0.001296982,-0.770374542,0.013016413,0.030427046,0.285485078
K467E,467,S29,K,E,a_89,1,Asciminib,89,1984,1317239,0.001506181,-0.554638382,0.010487072,0.030427046,0.237953949
K467E,467,S29,K,E,a_128,1,Asciminib,128,1456,1178751,0.001235206,-0.840781915,0.004762987,0.030427046,0.157581542
K467E,467,S29,K,E,a_250,1,Asciminib,250,7668,5028356,0.001524952,-0.536769732,0.006069024,0.030427046,0.173118737
K467E,467,S29,K,E,a_363,1,Asciminib,363,1905,1407560,0.001353406,-0.708938699,0.002514511,0.030427046,0.134028539
K467E,467,S29,K,E,a_500,1,Asciminib,500,1191,1483951,0.000802587,-1.462803317,-0.006218164,0.030427046,0.071471602
K467E,467,S29,K,E,a_638,1,Asciminib,638,884,862155,0.001025338,-1.109434169,-0.004429219,0.030427046,0.081296602
K467E,467,S29,K,E,a_750,1,Asciminib,750,964,941415,0.00102399,-1.111330969,-0.004189756,0.030427046,0.082710418
K467E,467,S29,K,E,a_1151,1,Asciminib,1151,932,880135,0.001058928,-1.06292815,-0.0039424,0.030427046,0.084196653
K467E,467,S29,K,E,a_2500,1,Asciminib,2500,3039,2498175,0.001216488,-0.862811144,-0.002355003,0.030427046,0.094391192
K467E,467,S29,K,E,D0,1,D0,,2173,1009589,0.002152361,-0.039613198,,0.030427046,
K467E,467,S29,K,E,D0,1,D0,,2173,1009589,0.002152361,-0.039613198,,0.030427046,
K467E,467,S29,K,E,D0,2,D0,,3485,1533758,0.002272197,0.038554512,,0.030427046,
K467E,467,S29,K,E,D0,2,D0,,3485,1533758,0.002272197,0.038554512,,0.030427046,
K467E,467,S29,K,E,i_50,1,Imatinib,50,2523,1605903,0.001571079,-0.493777823,0.032548326,0.030427046,1.165012894
K467E,467,S29,K,E,i_100,1,Imatinib,100,1844,1501070,0.001228457,-0.848685876,0.028464259,0.030427046,0.868210859
K467E,467,S29,K,E,i_200,1,Imatinib,200,2302,1625430,0.001416241,-0.643466869,0.025773954,0.030427046,0.715321946
K467E,467,S29,K,E,i_300,1,Imatinib,300,1900,1495698,0.00127031,-0.800352764,0.015676461,0.030427046,0.345749043
K467E,467,S29,K,E,i_444,1,Imatinib,444,1454,1159488,0.001254002,-0.818993895,0.007417429,0.030427046,0.190768927
K467E,467,S29,K,E,i_500,1,Imatinib,500,1356,1082233,0.001252965,-0.820187236,0.003330463,0.030427046,0.142138411
K467E,467,S29,K,E,i_579,1,Imatinib,579,1777,1434143,0.001239068,-0.836278478,0.000656019,0.030427046,0.117242139
K467E,467,S29,K,E,i_750,1,Imatinib,750,1625,1243646,0.001306642,-0.759669443,-0.003389127,0.030427046,0.087618383
K467E,467,S29,K,E,i_1000,1,Imatinib,1000,1763,1149553,0.00153364,-0.528573784,-0.004520524,0.030427046,0.080763913
K467E,467,S29,K,E,i_1250,1,Imatinib,1250,1445,977748,0.001477886,-0.581998368,-0.00627646,0.030427046,0.071172241
K467E,467,S29,K,E,i_2500,1,Imatinib,2500,1365,1124752,0.001213601,-0.866239257,-0.010920401,0.030427046,0.050944619
K467E,467,S29,K,E,i_5000,1,Imatinib,5000,1298,764852,0.00169706,-0.382495408,-0.008281303,0.030427046,0.061605687
K467E,467,S29,K,E,N,1,None,0,2636,1673746,0.00157491,-0.490263513,0.030427046,0.030427046,1
K467F,467,S29,K,F,a_5,1,Asciminib,5,17168,1698411,0.010108272,-0.102583117,0.035373276,0.03397997,1.10552238
K467F,467,S29,K,F,a_10,1,Asciminib,10,16691,1450953,0.011503474,0.083950127,0.034363538,0.03397997,1.028001731
K467F,467,S29,K,F,a_50,1,Asciminib,50,14153,1311506,0.010791411,-0.008235994,0.020994377,0.03397997,0.392600511
K467F,467,S29,K,F,a_89,1,Asciminib,89,13837,1317239,0.010504548,-0.047105424,0.015799859,0.03397997,0.270098641
K467F,467,S29,K,F,a_128,1,Asciminib,128,11936,1178751,0.010125972,-0.100059032,0.012516775,0.03397997,0.213237204
K467F,467,S29,K,F,a_250,1,Asciminib,250,43693,5028356,0.008689321,-0.320804106,0.008329723,0.03397997,0.15773832
K467F,467,S29,K,F,a_363,1,Asciminib,363,12788,1407560,0.009085225,-0.25652525,0.007250314,0.03397997,0.145943564
K467F,467,S29,K,F,a_500,1,Asciminib,500,12441,1483951,0.0083837,-0.37246048,0.005195399,0.03397997,0.125872075
K467F,467,S29,K,F,a_638,1,Asciminib,638,7772,862155,0.00901462,-0.267780841,0.004381095,0.03397997,0.118704386
K467F,467,S29,K,F,a_750,1,Asciminib,750,7599,941415,0.008071892,-0.427140741,0.002972255,0.03397997,0.107253994
K467F,467,S29,K,F,a_1151,1,Asciminib,1151,7421,880135,0.008431661,-0.3642307,0.003371471,0.03397997,0.110381584
K467F,467,S29,K,F,a_2500,1,Asciminib,2500,19610,2498175,0.00784973,-0.467404486,0.001784061,0.03397997,0.098459941
K467F,467,S29,K,F,D0,1,D0,,11091,1009589,0.010985659,0.017501875,,0.03397997,
K467F,467,S29,K,F,D0,1,D0,,11091,1009589,0.010985659,0.017501875,,0.03397997,
K467F,467,S29,K,F,D0,2,D0,,16443,1533758,0.010720726,-0.017716807,,0.03397997,
K467F,467,S29,K,F,D0,2,D0,,16443,1533758,0.010720726,-0.017716807,,0.03397997,
K467F,467,S29,K,F,i_50,1,Imatinib,50,15561,1605903,0.009689875,-0.163569456,0.036004902,0.03397997,1.156959104
K467F,467,S29,K,F,i_100,1,Imatinib,100,14393,1501070,0.009588494,-0.178743403,0.035477126,0.03397997,1.113819647
K467F,467,S29,K,F,i_200,1,Imatinib,200,13544,1625430,0.008332564,-0.381287027,0.028518418,0.03397997,0.674872303
K467F,467,S29,K,F,i_300,1,Imatinib,300,11847,1495698,0.007920717,-0.454416611,0.019297674,0.03397997,0.347453195
K467F,467,S29,K,F,i_444,1,Imatinib,444,8615,1159488,0.007430004,-0.546684666,0.010267926,0.03397997,0.181360733
K467F,467,S29,K,F,i_500,1,Imatinib,500,8306,1082233,0.007674872,-0.49990484,0.006683136,0.03397997,0.140103745
K467F,467,S29,K,F,i_579,1,Imatinib,579,11344,1434143,0.00790995,-0.456378924,0.004632757,0.03397997,0.12087487
K467F,467,S29,K,F,i_750,1,Imatinib,750,10419,1243646,0.008377786,-0.373478547,0.000653467,0.03397997,0.090762576
K467F,467,S29,K,F,i_1000,1,Imatinib,1000,10424,1149553,0.009067872,-0.259283472,-0.00170163,0.03397997,0.076606358
K467F,467,S29,K,F,i_1250,1,Imatinib,1250,8055,977748,0.008238319,-0.397697569,-0.004347224,0.03397997,0.06331975
K467F,467,S29,K,F,i_2500,1,Imatinib,2500,9900,1124752,0.00880194,-0.30222598,-0.005016385,0.03397997,0.060341353
K467F,467,S29,K,F,i_5000,1,Imatinib,5000,6285,764852,0.008217276,-0.401387345,-0.008479061,0.03397997,0.047026205
K467F,467,S29,K,F,N,1,None,0,16362,1673746,0.009775677,-0.15085098,0.03397997,0.03397997,1
K467G,467,S29,K,G,a_5,1,Asciminib,5,7200,1698411,0.004239257,0.134644087,0.037856538,0.035663386,1.17105725
K467G,467,S29,K,G,a_10,1,Asciminib,10,6977,1450953,0.004808564,0.316438847,0.036797199,0.035663386,1.085059178
K467G,467,S29,K,G,a_50,1,Asciminib,50,5424,1311506,0.004135704,0.098965572,0.022116549,0.035663386,0.377051976
K467G,467,S29,K,G,a_89,1,Asciminib,89,4348,1317239,0.003300844,-0.226332391,0.013923735,0.035663386,0.209034732
K467G,467,S29,K,G,a_128,1,Asciminib,128,3447,1178751,0.002924282,-0.401084895,0.009365676,0.035663386,0.150553756
K467G,467,S29,K,G,a_250,1,Asciminib,250,13151,5028356,0.002615368,-0.562153392,0.005803311,0.035663386,0.11649285
K467G,467,S29,K,G,a_363,1,Asciminib,363,3443,1407560,0.002446077,-0.65869744,0.003040429,0.035663386,0.095478627
K467G,467,S29,K,G,a_500,1,Asciminib,500,3758,1483951,0.002532429,-0.608645587,0.002723045,0.035663386,0.093321519
K467G,467,S29,K,G,a_638,1,Asciminib,638,2450,862155,0.002841716,-0.442404618,0.002553157,0.035663386,0.09218697
K467G,467,S29,K,G,a_750,1,Asciminib,750,2424,941415,0.002574847,-0.584680246,0.001323153,0.035663386,0.084373935
K467G,467,S29,K,G,a_1151,1,Asciminib,1151,2499,880135,0.002839337,-0.443613032,0.002540507,0.035663386,0.092103048
K467G,467,S29,K,G,a_2500,1,Asciminib,2500,7375,2498175,0.002952155,-0.387398693,0.002621551,0.035663386,0.092642051
K467G,467,S29,K,G,D0,1,D0,,4026,1009589,0.003987761,0.046411877,,0.035663386,
K467G,467,S29,K,G,D0,1,D0,,4026,1009589,0.003987761,0.046411877,,0.035663386,
K467G,467,S29,K,G,D0,2,D0,,5729,1533758,0.00373527,-0.04795473,,0.035663386,
K467G,467,S29,K,G,D0,2,D0,,5729,1533758,0.00373527,-0.04795473,,0.035663386,
K467G,467,S29,K,G,i_50,1,Imatinib,50,6501,1605903,0.00404819,0.068109701,0.038430089,0.035663386,1.220429226
K467G,467,S29,K,G,i_100,1,Imatinib,100,6179,1501070,0.004116397,0.092214918,0.038313482,0.035663386,1.21022576
K467G,467,S29,K,G,i_200,1,Imatinib,200,6038,1625430,0.003714709,-0.055917869,0.031924339,0.035663386,0.763981738
K467G,467,S29,K,G,i_300,1,Imatinib,300,5105,1495698,0.003413122,-0.178075145,0.02219038,0.035663386,0.379061651
K467G,467,S29,K,G,i_444,1,Imatinib,444,3630,1159488,0.003130692,-0.30268554,0.012822076,0.035663386,0.193094742
K467G,467,S29,K,G,i_500,1,Imatinib,500,3556,1082233,0.003285799,-0.232923013,0.009477866,0.035663386,0.1517748
K467G,467,S29,K,G,i_579,1,Imatinib,579,4633,1434143,0.003230501,-0.257409401,0.006715543,0.035663386,0.124401046
K467G,467,S29,K,G,i_750,1,Imatinib,750,3612,1243646,0.002904363,-0.410945191,0.000261271,0.035663386,0.078163521
K467G,467,S29,K,G,i_1000,1,Imatinib,1000,3680,1149553,0.003201244,-0.270534416,-0.001819403,0.035663386,0.067288847
K467G,467,S29,K,G,i_1250,1,Imatinib,1250,3119,977748,0.003189984,-0.275618231,-0.003069314,0.035663386,0.06149777
K467G,467,S29,K,G,i_2500,1,Imatinib,2500,3564,1124752,0.003168699,-0.285276795,-0.004838964,0.035663386,0.054140695
K467G,467,S29,K,G,i_5000,1,Imatinib,5000,2607,764852,0.003408503,-0.180029133,-0.006161913,0.035663386,0.04922166
K467G,467,S29,K,G,N,1,None,0,6508,1673746,0.003888284,0.009966444,0.035663386,0.035663386,1
K467H,467,S29,K,H,a_5,1,Asciminib,5,3283,1698411,0.001932983,-0.320145146,0.033095865,0.034740283,0.888342386
K467H,467,S29,K,H,a_10,1,Asciminib,10,3002,1450953,0.002068985,-0.222051086,0.031160358,0.034740283,0.772784881
K467H,467,S29,K,H,a_50,1,Asciminib,50,2759,1311506,0.002103688,-0.198053227,0.019007396,0.034740283,0.322140392
K467H,467,S29,K,H,a_89,1,Asciminib,89,2594,1317239,0.001969271,-0.293312928,0.013222592,0.034740283,0.212402173
K467H,467,S29,K,H,a_128,1,Asciminib,128,2382,1178751,0.002020783,-0.256059857,0.010883779,0.034740283,0.17948417
K467H,467,S29,K,H,a_250,1,Asciminib,250,10843,5028356,0.002156371,-0.162369003,0.0099882,0.034740283,0.168275977
K467H,467,S29,K,H,a_363,1,Asciminib,363,2207,1407560,0.001567962,-0.622084067,0.003423693,0.034740283,0.104895104
K467H,467,S29,K,H,a_500,1,Asciminib,500,2149,1483951,0.001448161,-0.736752248,0.001382041,0.034740283,0.090555408
K467H,467,S29,K,H,a_638,1,Asciminib,638,1353,862155,0.001569323,-0.620831605,0.000685407,0.034740283,0.086125388
K467H,467,S29,K,H,a_750,1,Asciminib,750,1758,941415,0.001867402,-0.369941951,0.003571005,0.034740283,0.106013588
K467H,467,S29,K,H,a_1151,1,Asciminib,1151,1917,880135,0.002178075,-0.147920673,0.005635775,0.034740283,0.123005706
K467H,467,S29,K,H,a_2500,1,Asciminib,2500,5173,2498175,0.002070712,-0.220847627,0.004364985,0.034740283,0.112250596
K467H,467,S29,K,H,D0,1,D0,,2536,1009589,0.002511913,0.057812373,,0.034740283,
K467H,467,S29,K,H,D0,1,D0,,2536,1009589,0.002511913,0.057812373,,0.034740283,
K467H,467,S29,K,H,D0,2,D0,,3550,1533758,0.002314576,-0.06022612,,0.034740283,
K467H,467,S29,K,H,D0,2,D0,,3550,1533758,0.002314576,-0.06022612,,0.034740283,
K467H,467,S29,K,H,i_50,1,Imatinib,50,3341,1605903,0.002080449,-0.214079047,0.035476175,0.034740283,1.054413022
K467H,467,S29,K,H,i_100,1,Imatinib,100,3449,1501070,0.002297694,-0.070787403,0.036607195,0.034740283,1.143870533
K467H,467,S29,K,H,i_200,1,Imatinib,200,3649,1625430,0.002244944,-0.104294552,0.031417938,0.034740283,0.787250472
K467H,467,S29,K,H,i_300,1,Imatinib,300,2993,1495698,0.002001072,-0.270200903,0.02122602,0.034740283,0.377937316
K467H,467,S29,K,H,i_444,1,Imatinib,444,2049,1159488,0.001767159,-0.44954218,0.0112848,0.034740283,0.184742051
K467H,467,S29,K,H,i_500,1,Imatinib,500,2484,1082233,0.002295254,-0.072320241,0.011159034,0.034740283,0.183076735
K467H,467,S29,K,H,i_579,1,Imatinib,579,1922,1434143,0.001340173,-0.848554823,0.000527512,0.034740283,0.08515182
K467H,467,S29,K,H,i_750,1,Imatinib,750,1956,1243646,0.001572795,-0.617643791,-0.001902422,0.034740283,0.071484494
K467H,467,S29,K,H,i_1000,1,Imatinib,1000,2394,1149553,0.002082549,-0.212624106,-0.001213206,0.034740283,0.075121299
K467H,467,S29,K,H,i_1250,1,Imatinib,1250,1645,977748,0.001682438,-0.520421277,-0.005631879,0.034740283,0.054650569
K467H,467,S29,K,H,i_2500,1,Imatinib,2500,1741,1124752,0.001547897,-0.640665005,-0.00855912,0.034740283,0.044265177
K467H,467,S29,K,H,i_5000,1,Imatinib,5000,1565,764852,0.002046147,-0.238064135,-0.006769416,0.034740283,0.050352939
K467H,467,S29,K,H,N,1,None,0,3826,1673746,0.00228589,-0.07821801,0.034740283,0.034740283,1
K467I,467,S29,K,I,a_5,1,Asciminib,5,4933,1698411,0.00290448,-0.401403665,0.032245262,0.035103373,0.81400887
K467I,467,S29,K,I,a_10,1,Asciminib,10,3473,1450953,0.002393599,-0.680501709,0.026361359,0.035103373,0.532898092
K467I,467,S29,K,I,a_50,1,Asciminib,50,3924,1311506,0.00299198,-0.358582698,0.017326995,0.035103373,0.278065318
K467I,467,S29,K,I,a_89,1,Asciminib,89,3841,1317239,0.002915948,-0.3957185,0.012150624,0.035103373,0.191551615
K467I,467,S29,K,I,a_128,1,Asciminib,128,2883,1178751,0.002445809,-0.64937149,0.006766646,0.035103373,0.129996935
K467I,467,S29,K,I,a_250,1,Asciminib,250,11003,5028356,0.00218819,-0.809945099,0.003209461,0.035103373,0.100624277
K467I,467,S29,K,I,a_363,1,Asciminib,363,3227,1407560,0.00229262,-0.742686175,0.002161246,0.035103373,0.09330952
K467I,467,S29,K,I,a_500,1,Asciminib,500,2758,1483951,0.001858552,-1.04550433,-0.001849934,0.035103373,0.069903599
K467I,467,S29,K,I,a_638,1,Asciminib,638,1827,862155,0.002119109,-0.856225866,-0.001778669,0.035103373,0.070263205
K467I,467,S29,K,I,a_750,1,Asciminib,750,2514,941415,0.002670448,-0.522601427,0.001972986,0.035103373,0.092053264
K467I,467,S29,K,I,a_1151,1,Asciminib,1151,1806,880135,0.002051958,-0.902682173,-0.002264967,0.035103373,0.067845616
K467I,467,S29,K,I,a_2500,1,Asciminib,2500,5666,2498175,0.002268056,-0.758227273,-0.001260233,0.035103373,0.072935508
K467I,467,S29,K,I,D0,1,D0,,3942,1009589,0.003904559,0.025476348,,0.035103373,
K467I,467,S29,K,I,D0,1,D0,,3942,1009589,0.003904559,0.025476348,,0.035103373,
K467I,467,S29,K,I,D0,2,D0,,5779,1533758,0.00376787,-0.025934331,,0.035103373,
K467I,467,S29,K,I,D0,2,D0,,5779,1533758,0.00376787,-0.025934331,,0.035103373,
K467I,467,S29,K,I,i_50,1,Imatinib,50,6092,1605903,0.003793504,-0.016152144,0.037548047,0.035103373,1.192457731
K467I,467,S29,K,I,i_100,1,Imatinib,100,5722,1501070,0.003811947,-0.00915509,0.037252354,0.035103373,1.167338777
K467I,467,S29,K,I,i_200,1,Imatinib,200,4910,1625430,0.003020739,-0.344781734,0.02890055,0.035103373,0.639797689
K467I,467,S29,K,I,i_300,1,Imatinib,300,4857,1495698,0.003247313,-0.240436752,0.021537587,0.035103373,0.376537877
K467I,467,S29,K,I,i_444,1,Imatinib,444,3908,1159488,0.003370453,-0.186740754,0.01403577,0.035103373,0.21939809
K467I,467,S29,K,I,i_500,1,Imatinib,500,3158,1082233,0.002918041,-0.394683299,0.007784581,0.035103373,0.139882419
K467I,467,S29,K,I,i_579,1,Imatinib,579,4667,1434143,0.003254208,-0.237376748,0.006925242,0.035103373,0.131489869
K467I,467,S29,K,I,i_750,1,Imatinib,750,3835,1243646,0.003083675,-0.315032639,0.001265271,0.035103373,0.08748015
K467I,467,S29,K,I,i_1000,1,Imatinib,1000,3757,1149553,0.003268227,-0.231175199,-0.001407396,0.035103373,0.072166784
K467I,467,S29,K,I,i_1250,1,Imatinib,1250,2695,977748,0.002756334,-0.476932644,-0.005176646,0.035103373,0.055014339
K467I,467,S29,K,I,i_2500,1,Imatinib,2500,3635,1124752,0.003231824,-0.2473349,-0.004441793,0.035103373,0.058003496
K467I,467,S29,K,I,i_5000,1,Imatinib,5000,2695,764852,0.003523557,-0.122650575,-0.005561282,0.035103373,0.053511687
K467I,467,S29,K,I,N,1,None,0,6230,1673746,0.00372219,-0.043531776,0.035103373,0.035103373,1
K467L,467,S29,K,L,a_5,1,Asciminib,5,4595,1698411,0.00270547,-0.25740928,0.033752576,0.031673999,1.161436455
K467L,467,S29,K,L,a_10,1,Asciminib,10,4003,1450953,0.002758876,-0.229207693,0.031085444,0.031673999,0.958509352
K467L,467,S29,K,L,a_50,1,Asciminib,50,2239,1311506,0.001707198,-0.921658401,0.011432794,0.031673999,0.232848623
K467L,467,S29,K,L,a_89,1,Asciminib,89,2135,1317239,0.001620814,-0.996569583,0.005860995,0.031673999,0.155900662
K467L,467,S29,K,L,a_128,1,Asciminib,128,1831,1178751,0.001553339,-1.057915725,0.002490059,0.031673999,0.122304231
K467L,467,S29,K,L,a_250,1,Asciminib,250,6527,5028356,0.001298039,-1.316955276,-0.002097854,0.031673999,0.087898425
K467L,467,S29,K,L,a_363,1,Asciminib,363,2220,1407560,0.001577197,-1.035925266,-0.000908341,0.031673999,0.095758253
K467L,467,S29,K,L,a_500,1,Asciminib,500,2112,1483951,0.001423228,-1.184122141,-0.003300967,0.031673999,0.080604765
K467L,467,S29,K,L,a_638,1,Asciminib,638,968,862155,0.001122768,-1.526228737,-0.008792169,0.031673999,0.054281921
K467L,467,S29,K,L,a_750,1,Asciminib,750,1349,941415,0.001432949,-1.174300918,-0.004848917,0.031673999,0.072103699
K467L,467,S29,K,L,a_1151,1,Asciminib,1151,961,880135,0.001091878,-1.566476919,-0.009213481,0.031673999,0.05266003
K467L,467,S29,K,L,a_2500,1,Asciminib,2500,3900,2498175,0.00156114,-1.05068894,-0.004321683,0.031673999,0.074893433
K467L,467,S29,K,L,D0,1,D0,,3394,1009589,0.003361764,0.055929947,,0.031673999,
K467L,467,S29,K,L,D0,1,D0,,3394,1009589,0.003361764,0.055929947,,0.031673999,
K467L,467,S29,K,L,D0,2,D0,,4764,1533758,0.003106096,-0.058185977,,0.031673999,
K467L,467,S29,K,L,D0,2,D0,,4764,1533758,0.003106096,-0.058185977,,0.031673999,
K467L,467,S29,K,L,i_50,1,Imatinib,50,3584,1605903,0.002231766,-0.535102637,0.032115743,0.031673999,1.032316781
K467L,467,S29,K,L,i_100,1,Imatinib,100,4318,1501070,0.002876615,-0.168916534,0.035579993,0.031673999,1.324760341
K467L,467,S29,K,L,i_200,1,Imatinib,200,4507,1625430,0.002772805,-0.221942498,0.030186415,0.031673999,0.898430405
K467L,467,S29,K,L,i_300,1,Imatinib,300,3762,1495698,0.002515214,-0.362607579,0.020258719,0.031673999,0.439595567
K467L,467,S29,K,L,i_444,1,Imatinib,444,2573,1159488,0.002219083,-0.543324953,0.010303095,0.031673999,0.214658883
K467L,467,S29,K,L,i_500,1,Imatinib,500,2617,1082233,0.002418148,-0.419385735,0.007525999,0.031673999,0.175756461
K467L,467,S29,K,L,i_579,1,Imatinib,579,3531,1434143,0.002462098,-0.393400584,0.005292005,0.031673999,0.149642894
K467L,467,S29,K,L,i_750,1,Imatinib,750,2845,1243646,0.002287628,-0.499435754,-0.000665036,0.031673999,0.097450522
K467L,467,S29,K,L,i_1000,1,Imatinib,1000,3162,1149553,0.002750634,-0.233524136,-0.001431984,0.031673999,0.092215156
K467L,467,S29,K,L,i_1250,1,Imatinib,1250,2447,977748,0.00250269,-0.369809005,-0.00405529,0.031673999,0.076343773
K467L,467,S29,K,L,i_2500,1,Imatinib,2500,2820,1124752,0.002507219,-0.367200291,-0.005696528,0.031673999,0.067834937
K467L,467,S29,K,L,i_5000,1,Imatinib,5000,1573,764852,0.002056607,-0.653022367,-0.011113143,0.031673999,0.045928281
K467L,467,S29,K,L,N,1,None,0,4185,1673746,0.002500379,-0.371141506,0.031673999,0.031673999,1
K467M,467,S29,K,M,a_5,1,Asciminib,5,5232,1698411,0.003080526,-0.361153206,0.032666599,0.029411422,1.264115564
K467M,467,S29,K,M,a_10,1,Asciminib,10,3927,1450953,0.002706497,-0.547903316,0.027749381,0.029411422,0.887215866
K467M,467,S29,K,M,a_50,1,Asciminib,50,2214,1311506,0.001688136,-1.228899312,0.008216638,0.029411422,0.217398226
K467M,467,S29,K,M,a_89,1,Asciminib,89,2175,1317239,0.001651181,-1.260831858,0.003094733,0.029411422,0.150348164
K467M,467,S29,K,M,a_128,1,Asciminib,128,2234,1178751,0.001895226,-1.061959935,0.002447725,0.029411422,0.14350489
K467M,467,S29,K,M,a_250,1,Asciminib,250,8079,5028356,0.001606688,-1.30024019,-0.001922883,0.029411422,0.104761397
K467M,467,S29,K,M,a_363,1,Asciminib,363,2405,1407560,0.001708631,-1.211489654,-0.002746125,0.029411422,0.098732273
K467M,467,S29,K,M,a_500,1,Asciminib,500,2377,1483951,0.001601805,-1.304631678,-0.004562444,0.029411422,0.086629198
K467M,467,S29,K,M,a_638,1,Asciminib,638,1181,862155,0.001369823,-1.53034033,-0.008835208,0.029411422,0.063688111
K467M,467,S29,K,M,a_750,1,Asciminib,750,1578,941415,0.0016762,-1.239135666,-0.005527598,0.029411422,0.080813644
K467M,467,S29,K,M,a_1151,1,Asciminib,1151,1641,880135,0.001864487,-1.085551622,-0.00417922,0.029411422,0.089052767
K467M,467,S29,K,M,a_2500,1,Asciminib,2500,5165,2498175,0.002067509,-0.93643632,-0.003125702,0.029411422,0.096070509
K467M,467,S29,K,M,D0,1,D0,,3961,1009589,0.003923379,-0.012233522,,0.029411422,
K467M,467,S29,K,M,D0,1,D0,,3961,1009589,0.003923379,-0.012233522,,0.029411422,
K467M,467,S29,K,M,D0,2,D0,,6120,1533758,0.003990199,0.012130658,,0.029411422,
K467M,467,S29,K,M,D0,2,D0,,6120,1533758,0.003990199,0.012130658,,0.029411422,
K467M,467,S29,K,M,i_50,1,Imatinib,50,4515,1605903,0.002811502,-0.492988892,0.032556584,0.029411422,1.254141994
K467M,467,S29,K,M,i_100,1,Imatinib,100,4158,1501070,0.002770024,-0.514431624,0.031963187,0.029411422,1.20168784
K467M,467,S29,K,M,i_200,1,Imatinib,200,4542,1625430,0.002794337,-0.501823847,0.027256655,0.029411422,0.856292509
K467M,467,S29,K,M,i_300,1,Imatinib,300,3644,1495698,0.002436321,-0.699626074,0.016730855,0.029411422,0.401318124
K467M,467,S29,K,M,i_444,1,Imatinib,444,2852,1159488,0.002459706,-0.685844034,0.008811224,0.029411422,0.226907179
K467M,467,S29,K,M,i_500,1,Imatinib,500,2674,1082233,0.002470817,-0.679341799,0.004804814,0.029411422,0.170047787
K467M,467,S29,K,M,i_579,1,Imatinib,579,3747,1434143,0.00261271,-0.598783033,0.003142089,0.029411422,0.150861673
K467M,467,S29,K,M,i_750,1,Imatinib,750,3761,1243646,0.003024172,-0.387789705,0.00050366,0.029411422,0.124760564
K467M,467,S29,K,M,i_1000,1,Imatinib,1000,3139,1149553,0.002730627,-0.53509808,-0.00458882,0.029411422,0.086464842
K467M,467,S29,K,M,i_1250,1,Imatinib,1250,3235,977748,0.003308623,-0.258098999,-0.002885925,0.029411422,0.097743462
K467M,467,S29,K,M,i_2500,1,Imatinib,2500,3881,1124752,0.003450538,-0.197508626,-0.003920218,0.029411422,0.090729013
K467M,467,S29,K,M,i_5000,1,Imatinib,5000,2296,764852,0.003001888,-0.398460001,-0.008448418,0.029411422,0.065486682
K467M,467,S29,K,M,N,1,None,0,4408,1673746,0.002633613,-0.58728651,0.029411422,0.029411422,1
K467N,467,S29,K,N,a_5,1,Asciminib,5,7093,1698411,0.004176257,-0.243567769,0.033897467,0.034692346,0.94437565
K467N,467,S29,K,N,a_10,1,Asciminib,10,6832,1450953,0.004708629,-0.070470909,0.032747079,0.034692346,0.869306779
K467N,467,S29,K,N,a_50,1,Asciminib,50,4171,1311506,0.003180313,-0.636609192,0.014416651,0.034692346,0.232271111
K467N,467,S29,K,N,a_89,1,Asciminib,89,3549,1317239,0.002694272,-0.875882654,0.00712433,0.034692346,0.137394746
K467N,467,S29,K,N,a_128,1,Asciminib,128,3173,1178751,0.002691832,-0.87718957,0.004381876,0.034692346,0.112775768
K467N,467,S29,K,N,a_250,1,Asciminib,250,10917,5028356,0.002171087,-1.187360339,-0.000741271,0.034692346,0.077986431
K467N,467,S29,K,N,a_363,1,Asciminib,363,2982,1407560,0.00211856,-1.22269426,-0.002863414,0.034692346,0.066936245
K467N,467,S29,K,N,a_500,1,Asciminib,500,3449,1483951,0.002324201,-1.089043423,-0.002305695,0.034692346,0.069678815
K467N,467,S29,K,N,a_638,1,Asciminib,638,2150,862155,0.002493751,-0.987460605,-0.003152416,0.034692346,0.065557815
K467N,467,S29,K,N,a_750,1,Asciminib,750,2125,941415,0.00225724,-1.131218001,-0.004397931,0.034692346,0.059934684
K467N,467,S29,K,N,a_1151,1,Asciminib,1151,1982,880135,0.002251927,-1.134617868,-0.004692839,0.034692346,0.058675485
K467N,467,S29,K,N,a_2500,1,Asciminib,2500,8023,2498175,0.003211544,-0.622510842,0.000160428,0.034692346,0.083217463
K467N,467,S29,K,N,D0,1,D0,,4838,1009589,0.004792049,-0.045135424,,0.034692346,
K467N,467,S29,K,N,D0,1,D0,,4838,1009589,0.004792049,-0.045135424,,0.034692346,
K467N,467,S29,K,N,D0,2,D0,,7817,1533758,0.005096632,0.043766072,,0.034692346,
K467N,467,S29,K,N,D0,2,D0,,7817,1533758,0.005096632,0.043766072,,0.034692346,
K467N,467,S29,K,N,i_50,1,Imatinib,50,6886,1605903,0.00428793,-0.205496669,0.035566014,0.034692346,1.064924726
K467N,467,S29,K,N,i_100,1,Imatinib,100,6463,1501070,0.004305595,-0.199565361,0.035259165,0.034692346,1.041655203
K467N,467,S29,K,N,i_200,1,Imatinib,200,7199,1625430,0.004428982,-0.158803005,0.030847351,0.034692346,0.758176071
K467N,467,S29,K,N,i_300,1,Imatinib,300,6804,1495698,0.004549047,-0.120213862,0.022796064,0.034692346,0.424632035
K467N,467,S29,K,N,i_444,1,Imatinib,444,4855,1159488,0.004187193,-0.23979469,0.013480409,0.034692346,0.217129905
K467N,467,S29,K,N,i_500,1,Imatinib,500,4572,1082233,0.004224599,-0.226963831,0.009540246,0.034692346,0.163498543
K467N,467,S29,K,N,i_579,1,Imatinib,579,6045,1434143,0.004215061,-0.230224641,0.007000109,0.034692346,0.136171382
K467N,467,S29,K,N,i_750,1,Imatinib,750,5079,1243646,0.00408396,-0.275809508,0.001675854,0.034692346,0.092811249
K467N,467,S29,K,N,i_1000,1,Imatinib,1000,4817,1149553,0.004190324,-0.238716155,-0.001486334,0.034692346,0.073913121
K467N,467,S29,K,N,i_1250,1,Imatinib,1250,3541,977748,0.003621588,-0.449155838,-0.004885882,0.034692346,0.057865588
K467N,467,S29,K,N,i_2500,1,Imatinib,2500,4626,1124752,0.004112907,-0.265619763,-0.004633197,0.034692346,0.058927993
K467N,467,S29,K,N,i_5000,1,Imatinib,5000,2626,764852,0.003433344,-0.526163697,-0.009785203,0.034692346,0.040665162
K467N,467,S29,K,N,N,1,None,0,7814,1673746,0.00466857,-0.082797449,0.034692346,0.034692346,1
K467P,467,S29,K,P,a_5,1,Asciminib,5,5993,1698411,0.003528592,0.086920554,0.037356975,0.037906988,0.961172881
K467P,467,S29,K,P,a_10,1,Asciminib,10,3985,1450953,0.002746471,-0.274593264,0.030610354,0.037906988,0.591343811
K467P,467,S29,K,P,a_50,1,Asciminib,50,3590,1311506,0.002737311,-0.279412764,0.018155735,0.037906988,0.241209313
K467P,467,S29,K,P,a_89,1,Asciminib,89,3441,1317239,0.002612282,-0.34686144,0.012662053,0.037906988,0.162409339
K467P,467,S29,K,P,a_128,1,Asciminib,128,2843,1178751,0.002411875,-0.462017096,0.008727846,0.037906988,0.122346484
K467P,467,S29,K,P,a_250,1,Asciminib,250,9631,5028356,0.001915338,-0.794573391,0.00337037,0.037906988,0.0831893
K467P,467,S29,K,P,a_363,1,Asciminib,363,3251,1407560,0.002309671,-0.524485065,0.004445346,0.037906988,0.089883741
K467P,467,S29,K,P,a_500,1,Asciminib,500,3386,1483951,0.002281746,-0.542033682,0.003420329,0.037906988,0.083489078
K467P,467,S29,K,P,a_638,1,Asciminib,638,2441,862155,0.002831277,-0.230719073,0.004769053,0.037906988,0.092003251
K467P,467,S29,K,P,a_750,1,Asciminib,750,2036,941415,0.002162702,-0.619337384,0.000960367,0.037906988,0.069937259
K467P,467,S29,K,P,a_1151,1,Asciminib,1151,2227,880135,0.002530294,-0.392867376,0.003071706,0.037906988,0.081419512
K467P,467,S29,K,P,a_2500,1,Asciminib,2500,6134,2498175,0.002455392,-0.436218576,0.002110511,0.037906988,0.075975346
K467P,467,S29,K,P,D0,1,D0,,3290,1009589,0.003258752,-0.027852713,,0.037906988,
K467P,467,S29,K,P,D0,1,D0,,3290,1009589,0.003258752,-0.027852713,,0.037906988,
K467P,467,S29,K,P,D0,2,D0,,5193,1533758,0.003385801,0.027325156,,0.037906988,
K467P,467,S29,K,P,D0,2,D0,,5193,1533758,0.003385801,0.027325156,,0.037906988,
K467P,467,S29,K,P,i_50,1,Imatinib,50,6182,1605903,0.003849548,0.2125167,0.039941722,0.037906988,1.157775876
K467P,467,S29,K,P,i_100,1,Imatinib,100,5928,1501070,0.003949183,0.249381991,0.039958686,0.037906988,1.15919084
K467P,467,S29,K,P,i_200,1,Imatinib,200,5545,1625430,0.003411405,0.038193833,0.032909487,0.037906988,0.697801866
K467P,467,S29,K,P,i_300,1,Imatinib,300,4126,1495698,0.002758578,-0.268247285,0.02124647,0.037906988,0.301327575
K467P,467,S29,K,P,i_444,1,Imatinib,444,3062,1159488,0.002640821,-0.331185806,0.012523739,0.037906988,0.160799993
K467P,467,S29,K,P,i_500,1,Imatinib,500,3153,1082233,0.002913421,-0.189458169,0.00993285,0.037906988,0.13343538
K467P,467,S29,K,P,i_579,1,Imatinib,579,4460,1434143,0.003109871,-0.095317374,0.0084123,0.037906988,0.119598195
K467P,467,S29,K,P,i_750,1,Imatinib,750,4390,1243646,0.003529943,0.087472854,0.005478645,0.037906988,0.096825901
K467P,467,S29,K,P,i_1000,1,Imatinib,1000,4490,1149553,0.003905866,0.233470262,0.00345645,0.037906988,0.083706494
K467P,467,S29,K,P,i_1250,1,Imatinib,1250,3122,977748,0.003193052,-0.057236248,-0.000783321,0.037906988,0.061685756
K467P,467,S29,K,P,i_2500,1,Imatinib,2500,4498,1124752,0.003999104,0.267504529,0.000947477,0.037906988,0.069872382
K467P,467,S29,K,P,i_5000,1,Imatinib,5000,3090,764852,0.004039997,0.282182122,-0.001323548,0.037906988,0.059332468
K467P,467,S29,K,P,N,1,None,0,6496,1673746,0.003881115,0.224298825,0.037906988,0.037906988,1
K467Q,467,S29,K,Q,a_5,1,Asciminib,5,5331,1698411,0.003138816,0.300521606,0.039592922,0.038547159,1.078202109
K467Q,467,S29,K,Q,a_10,1,Asciminib,10,3571,1450953,0.002461141,-0.050371609,0.032957476,0.038547159,0.668674988
K467Q,467,S29,K,Q,a_50,1,Asciminib,50,3276,1311506,0.002497892,-0.028988006,0.020777148,0.038547159,0.278192836
K467Q,467,S29,K,Q,a_89,1,Asciminib,89,3444,1317239,0.00261456,0.036869055,0.016678892,0.038547159,0.207107939
K467Q,467,S29,K,Q,a_128,1,Asciminib,128,2951,1178751,0.002503497,-0.02575403,0.013294589,0.038547159,0.162320098
K467Q,467,S29,K,Q,a_250,1,Asciminib,250,14199,5028356,0.002823786,0.147931673,0.013236386,0.038547159,0.161641296
K467Q,467,S29,K,Q,a_363,1,Asciminib,363,4212,1407560,0.002992412,0.23161006,0.012360049,0.038547159,0.151757426
K467Q,467,S29,K,Q,a_500,1,Asciminib,500,2808,1483951,0.001892246,-0.429599475,0.004597275,0.038547159,0.086778916
K467Q,467,S29,K,Q,a_638,1,Asciminib,638,2040,862155,0.002366164,-0.107148972,0.006062568,0.038547159,0.09643457
K467Q,467,S29,K,Q,a_750,1,Asciminib,750,2147,941415,0.00228061,-0.16027951,0.005765723,0.038547159,0.09439536
K467Q,467,S29,K,Q,a_1151,1,Asciminib,1151,2518,880135,0.002860925,0.166782593,0.008930047,0.038547159,0.118548626
K467Q,467,S29,K,Q,a_2500,1,Asciminib,2500,6939,2498175,0.002777628,0.124154268,0.007976418,0.038547159,0.110682083
K467Q,467,S29,K,Q,D0,1,D0,,2571,1009589,0.002546581,-0.001137442,,0.038547159,
K467Q,467,S29,K,Q,D0,1,D0,,2571,1009589,0.002546581,-0.001137442,,0.038547159,
K467Q,467,S29,K,Q,D0,2,D0,,3912,1533758,0.002550598,0.001136546,,0.038547159,
K467Q,467,S29,K,Q,D0,2,D0,,3912,1533758,0.002550598,0.001136546,,0.038547159,
K467Q,467,S29,K,Q,i_50,1,Imatinib,50,4922,1605903,0.003064942,0.266160949,0.040503263,0.038547159,1.151239844
K467Q,467,S29,K,Q,i_100,1,Imatinib,100,4466,1501070,0.002975211,0.223293039,0.03968559,0.038547159,1.085420052
K467Q,467,S29,K,Q,i_200,1,Imatinib,200,4774,1625430,0.002937069,0.204678184,0.034652223,0.038547159,0.755454774
K467Q,467,S29,K,Q,i_300,1,Imatinib,300,4180,1495698,0.002794682,0.13298508,0.025446517,0.038547159,0.389361823
K467Q,467,S29,K,Q,i_444,1,Imatinib,444,3596,1159488,0.003101369,0.283206176,0.018955112,0.038547159,0.243990158
K467Q,467,S29,K,Q,i_500,1,Imatinib,500,3302,1082233,0.003051099,0.259630026,0.014633845,0.038547159,0.178751521
K467Q,467,S29,K,Q,i_579,1,Imatinib,579,3869,1434143,0.002697778,0.082072889,0.010269198,0.038547159,0.130548147
K467Q,467,S29,K,Q,i_750,1,Imatinib,750,3968,1243646,0.003190619,0.324137185,0.007956015,0.038547159,0.110519607
K467Q,467,S29,K,Q,i_1000,1,Imatinib,1000,3553,1149553,0.003090767,0.27826575,0.003925364,0.038547159,0.082680686
K467Q,467,S29,K,Q,i_1250,1,Imatinib,1250,3134,977748,0.003205325,0.330771639,0.003278294,0.038547159,0.078917028
K467Q,467,S29,K,Q,i_2500,1,Imatinib,2500,3397,1124752,0.003020221,0.24495533,0.000711435,0.038547159,0.065600491
K467Q,467,S29,K,Q,i_5000,1,Imatinib,5000,2295,764852,0.003000581,0.235542682,-0.001811763,0.038547159,0.054702691
K467Q,467,S29,K,Q,N,1,None,0,5199,1673746,0.003106206,0.285454592,0.038547159,0.038547159,1
K467R,467,S29,K,R,a_5,1,Asciminib,5,7267,1698411,0.004278705,-0.052971303,0.035892605,0.033361027,1.199942475
K467R,467,S29,K,R,a_10,1,Asciminib,10,3954,1450953,0.002725105,-0.703833506,0.026117124,0.033361027,0.593593223
K467R,467,S29,K,R,a_50,1,Asciminib,50,2762,1311506,0.002105976,-1.075656678,0.009820761,0.033361027,0.183617741
K467R,467,S29,K,R,a_89,1,Asciminib,89,2548,1317239,0.001934349,-1.198297444,0.003749335,0.033361027,0.118594895
K467R,467,S29,K,R,a_128,1,Asciminib,128,2092,1178751,0.00177476,-1.322521733,-0.000279801,0.033361027,0.088731562
K467R,467,S29,K,R,a_250,1,Asciminib,250,9415,5028356,0.001872381,-1.245271289,-0.001347475,0.033361027,0.082166122
K467R,467,S29,K,R,a_363,1,Asciminib,363,2949,1407560,0.002095115,-1.083116188,-0.001402329,0.033361027,0.08184225
K467R,467,S29,K,R,a_500,1,Asciminib,500,3233,1483951,0.002178643,-1.026715537,-0.001653255,0.033361027,0.080376908
K467R,467,S29,K,R,a_638,1,Asciminib,638,1938,862155,0.002247856,-0.981596187,-0.003091028,0.033361027,0.072472507
K467R,467,S29,K,R,a_750,1,Asciminib,750,2524,941415,0.002681071,-0.727336425,-0.000170153,0.033361027,0.089434841
K467R,467,S29,K,R,a_1151,1,Asciminib,1151,2062,880135,0.002342822,-0.921897991,-0.002466115,0.033361027,0.075807785
K467R,467,S29,K,R,a_2500,1,Asciminib,2500,5668,2498175,0.002268856,-0.968180374,-0.003457994,0.033361027,0.070582747
K467R,467,S29,K,R,D0,1,D0,,4370,1009589,0.004328494,-0.036280406,,0.033361027,
K467R,467,S29,K,R,D0,1,D0,,4370,1009589,0.004328494,-0.036280406,,0.033361027,
K467R,467,S29,K,R,D0,2,D0,,6977,1533758,0.004548958,0.035390375,,0.033361027,
K467R,467,S29,K,R,D0,2,D0,,6977,1533758,0.004548958,0.035390375,,0.033361027,
K467R,467,S29,K,R,i_50,1,Imatinib,50,5744,1605903,0.003576804,-0.311474594,0.034456651,0.033361027,1.082079795
K467R,467,S29,K,R,i_100,1,Imatinib,100,5781,1501070,0.003851253,-0.204817773,0.035204183,0.033361027,1.141915643
K467R,467,S29,K,R,i_200,1,Imatinib,200,4771,1625430,0.002935223,-0.59667533,0.026263762,0.033361027,0.599893522
K467R,467,S29,K,R,i_300,1,Imatinib,300,5242,1495698,0.003504718,-0.340847142,0.020486504,0.033361027,0.395752743
K467R,467,S29,K,R,i_444,1,Imatinib,444,3609,1159488,0.003112581,-0.512034335,0.010630641,0.033361027,0.194643063
K467R,467,S29,K,R,i_500,1,Imatinib,500,3402,1082233,0.003143501,-0.497773587,0.006705446,0.033361027,0.146724017
K467R,467,S29,K,R,i_579,1,Imatinib,579,4920,1434143,0.00343062,-0.371676158,0.005519414,0.033361027,0.134714685
K467R,467,S29,K,R,i_750,1,Imatinib,750,3818,1243646,0.003070005,-0.531904372,-0.001004913,0.033361027,0.084217907
K467R,467,S29,K,R,i_1000,1,Imatinib,1000,4171,1149553,0.003628367,-0.29082526,-0.002031805,0.033361027,0.078215776
K467R,467,S29,K,R,i_1250,1,Imatinib,1250,3275,977748,0.003349534,-0.406185268,-0.004436072,0.033361027,0.065783176
K467R,467,S29,K,R,i_2500,1,Imatinib,2500,4985,1124752,0.004432088,-0.002159017,-0.001875325,0.033361027,0.079101982
K467R,467,S29,K,R,i_5000,1,Imatinib,5000,3140,764852,0.004105369,-0.112633547,-0.005456425,0.033361027,0.06112364
K467R,467,S29,K,R,N,1,None,0,6423,1673746,0.0038375,-0.209978901,0.033361027,0.033361027,1
K467S,467,S29,K,S,a_5,1,Asciminib,5,2042,1698411,0.0012023,-0.398862732,0.03227186,0.037323309,0.695096702
K467S,467,S29,K,S,a_10,1,Asciminib,10,1330,1450953,0.000916639,-0.79023452,0.02521269,0.037323309,0.418129308
K467S,467,S29,K,S,a_50,1,Asciminib,50,945,1311506,0.000720546,-1.137498151,0.009173413,0.037323309,0.131757453
K467S,467,S29,K,S,a_89,1,Asciminib,89,1021,1317239,0.000775106,-1.032194244,0.005488081,0.037323309,0.101050347
K467S,467,S29,K,S,a_128,1,Asciminib,128,861,1178751,0.000730434,-1.11783383,0.001862845,0.037323309,0.077835829
K467S,467,S29,K,S,a_250,1,Asciminib,250,4184,5028356,0.000832081,-0.929863921,0.001954167,0.037323309,0.078349299
K467S,467,S29,K,S,a_363,1,Asciminib,363,1464,1407560,0.001040098,-0.607940846,0.003571743,0.037323309,0.088026904
K467S,467,S29,K,S,a_500,1,Asciminib,500,1153,1483951,0.00077698,-1.02871092,-0.001674143,0.037323309,0.060336592
K467S,467,S29,K,S,a_638,1,Asciminib,638,893,862155,0.001035777,-0.613947066,0.000757473,0.037323309,0.071881226
K467S,467,S29,K,S,a_750,1,Asciminib,750,804,941415,0.000854034,-0.892295317,-0.00189692,0.037323309,0.059376515
K467S,467,S29,K,S,a_1151,1,Asciminib,1151,708,880135,0.000804422,-0.978635447,-0.003060036,0.037323309,0.054606585
K467S,467,S29,K,S,a_2500,1,Asciminib,2500,3045,2498175,0.00121889,-0.379092293,0.002708501,0.037323309,0.08272229
K467S,467,S29,K,S,D0,1,D0,,1569,1009589,0.001554098,-0.028582722,,0.037323309,
K467S,467,S29,K,S,D0,1,D0,,1569,1009589,0.001554098,-0.028582722,,0.037323309,
K467S,467,S29,K,S,D0,2,D0,,2479,1533758,0.001616291,0.028027424,,0.037323309,
K467S,467,S29,K,S,D0,2,D0,,2479,1533758,0.001616291,0.028027424,,0.037323309,
K467S,467,S29,K,S,i_50,1,Imatinib,50,1929,1605903,0.001201193,-0.400191588,0.033527974,0.037323309,0.760891781
K467S,467,S29,K,S,i_100,1,Imatinib,100,2382,1501070,0.001586868,0.001522179,0.037364122,0.037323309,1.002942889
K467S,467,S29,K,S,i_200,1,Imatinib,200,1819,1625430,0.001119088,-0.502335862,0.027251295,0.037323309,0.484234972
K467S,467,S29,K,S,i_300,1,Imatinib,300,1716,1495698,0.00114729,-0.466429332,0.019171927,0.037323309,0.27065793
K467S,467,S29,K,S,i_444,1,Imatinib,444,1625,1159488,0.001401481,-0.177708149,0.014130322,0.037323309,0.188266825
K467S,467,S29,K,S,i_500,1,Imatinib,500,1610,1082233,0.001487665,-0.091610428,0.010957107,0.037323309,0.149813133
K467S,467,S29,K,S,i_579,1,Imatinib,579,2317,1434143,0.001615599,0.027409182,0.009696985,0.037323309,0.136819151
K467S,467,S29,K,S,i_750,1,Imatinib,750,2005,1243646,0.001612195,0.024366373,0.004818054,0.037323309,0.096291202
K467S,467,S29,K,S,i_1000,1,Imatinib,1000,1600,1149553,0.001391845,-0.187661056,-0.000951896,0.037323309,0.063557216
K467S,467,S29,K,S,i_1250,1,Imatinib,1250,1849,977748,0.00189108,0.254550662,0.002480423,0.037323309,0.08137495
K467S,467,S29,K,S,i_2500,1,Imatinib,2500,1892,1124752,0.001682149,0.085645178,-0.000956202,0.037323309,0.063537512
K467S,467,S29,K,S,i_5000,1,Imatinib,5000,1682,764852,0.002199118,0.472265211,0.000666216,0.037323309,0.071410479
K467S,467,S29,K,S,N,1,None,0,2982,1673746,0.001781632,0.168539672,0.037323309,0.037323309,1
K467T,467,S29,K,T,a_5,1,Asciminib,5,9751,1698411,0.005741249,-0.363249662,0.032644653,0.032240076,1.029557953
K467T,467,S29,K,T,a_10,1,Asciminib,10,7911,1450953,0.005452279,-0.437754937,0.028902399,0.032240076,0.786381888
K467T,467,S29,K,T,a_50,1,Asciminib,50,5534,1311506,0.004219577,-0.807515986,0.012627622,0.032240076,0.24363192
K467T,467,S29,K,T,a_89,1,Asciminib,89,5203,1317239,0.003949929,-0.902787646,0.006842692,0.032240076,0.160636431
K467T,467,S29,K,T,a_128,1,Asciminib,128,4105,1178751,0.0034825,-1.084490995,0.002211873,0.032240076,0.115091176
K467T,467,S29,K,T,a_250,1,Asciminib,250,16666,5028356,0.003314403,-1.155865036,-0.000411583,0.032240076,0.095281515
K467T,467,S29,K,T,a_363,1,Asciminib,363,4954,1407560,0.003519566,-1.069216774,-0.001256832,0.032240076,0.089655799
K467T,467,S29,K,T,a_500,1,Asciminib,500,4207,1483951,0.002834999,-1.381265859,-0.005364641,0.032240076,0.066700715
K467T,467,S29,K,T,a_638,1,Asciminib,638,2812,862155,0.003261594,-1.179036796,-0.00515781,0.032240076,0.067701442
K467T,467,S29,K,T,a_750,1,Asciminib,750,3220,941415,0.003420383,-1.110456279,-0.0041806,0.032240076,0.072636431
K467T,467,S29,K,T,a_1151,1,Asciminib,1151,2748,880135,0.003122248,-1.242028952,-0.005817203,0.032240076,0.064562332
K467T,467,S29,K,T,a_2500,1,Asciminib,2500,9091,2498175,0.003639057,-1.021049767,-0.004011424,0.032240076,0.073526602
K467T,467,S29,K,T,D0,1,D0,,7731,1009589,0.007657572,0.05227272,,0.032240076,
K467T,467,S29,K,T,D0,1,D0,,7731,1009589,0.007657572,0.05227272,,0.032240076,
K467T,467,S29,K,T,D0,2,D0,,10909,1533758,0.007112595,-0.054238136,,0.032240076,
K467T,467,S29,K,T,D0,2,D0,,10909,1533758,0.007112595,-0.054238136,,0.032240076,
K467T,467,S29,K,T,i_50,1,Imatinib,50,9499,1605903,0.005915052,-0.320223332,0.034365071,0.032240076,1.165324513
K467T,467,S29,K,T,i_100,1,Imatinib,100,9374,1501070,0.006244879,-0.241940683,0.034815586,0.032240076,1.20374399
K467T,467,S29,K,T,i_200,1,Imatinib,200,10331,1625430,0.006355857,-0.216527646,0.030243097,0.032240076,0.866076094
K467T,467,S29,K,T,i_300,1,Imatinib,300,8618,1495698,0.005761858,-0.35808003,0.020306113,0.032240076,0.423481537
K467T,467,S29,K,T,i_444,1,Imatinib,444,5646,1159488,0.004869391,-0.600872982,0.00970069,0.032240076,0.197338285
K467T,467,S29,K,T,i_500,1,Imatinib,500,5337,1082233,0.00493147,-0.582596349,0.005817532,0.032240076,0.149206628
K467T,467,S29,K,T,i_579,1,Imatinib,579,7424,1434143,0.005176611,-0.512606395,0.004044175,0.032240076,0.131321746
K467T,467,S29,K,T,i_750,1,Imatinib,750,6809,1243646,0.005475031,-0.431747174,4.35E-05,0.032240076,0.098455352
K467T,467,S29,K,T,i_1000,1,Imatinib,1000,6029,1149553,0.005244647,-0.493768475,-0.004156187,0.032240076,0.072764218
K467T,467,S29,K,T,i_1250,1,Imatinib,1250,5443,977748,0.005566874,-0.407746771,-0.004452418,0.032240076,0.071228692
K467T,467,S29,K,T,i_2500,1,Imatinib,2500,6101,1124752,0.005424307,-0.445175423,-0.006512761,0.032240076,0.061408668
K467T,467,S29,K,T,i_5000,1,Imatinib,5000,4404,764852,0.005757977,-0.359052269,-0.008035903,0.032240076,0.055030344
K467T,467,S29,K,T,N,1,None,0,9922,1673746,0.00592802,-0.317063872,0.032240076,0.032240076,1
K467V,467,S29,K,V,a_5,1,Asciminib,5,3445,1698411,0.002028367,-0.365338774,0.032622785,0.035144755,0.833949987
K467V,467,S29,K,V,a_10,1,Asciminib,10,2347,1450953,0.001617558,-0.691840083,0.02624267,0.035144755,0.526791685
K467V,467,S29,K,V,a_50,1,Asciminib,50,1776,1311506,0.001354168,-0.948249963,0.011154437,0.035144755,0.177763219
K467V,467,S29,K,V,a_89,1,Asciminib,89,1916,1317239,0.001454558,-0.845076708,0.007446802,0.035144755,0.136115353
K467V,467,S29,K,V,a_128,1,Asciminib,128,1782,1178751,0.00151177,-0.789418795,0.005300649,0.035144755,0.116626869
K467V,467,S29,K,V,a_250,1,Asciminib,250,5193,5028356,0.001032743,-1.339175706,-0.002330454,0.035144755,0.067325579
K467V,467,S29,K,V,a_363,1,Asciminib,363,1873,1407560,0.001330672,-0.973502659,-0.000254909,0.035144755,0.078177311
K467V,467,S29,K,V,a_500,1,Asciminib,500,1853,1483951,0.001248694,-1.065237711,-0.0020565,0.035144755,0.068666738
K467V,467,S29,K,V,a_638,1,Asciminib,638,996,862155,0.001155245,-1.177458658,-0.00514129,0.035144755,0.054990478
K467V,467,S29,K,V,a_750,1,Asciminib,750,1065,941415,0.001131276,-1.207706452,-0.005198602,0.035144755,0.054764032
K467V,467,S29,K,V,a_1151,1,Asciminib,1151,1239,880135,0.001407739,-0.892277684,-0.002156054,0.035144755,0.068176303
K467V,467,S29,K,V,a_2500,1,Asciminib,2500,4320,2498175,0.001729262,-0.595500368,0.00044317,0.035144755,0.082207061
K467V,467,S29,K,V,D0,1,D0,,2691,1009589,0.002665441,0.028717157,,0.035144755,
K467V,467,S29,K,V,D0,1,D0,,2691,1009589,0.002665441,0.028717157,,0.035144755,
K467V,467,S29,K,V,D0,2,D0,,3927,1533758,0.002560378,-0.029300408,,0.035144755,
K467V,467,S29,K,V,D0,2,D0,,3927,1533758,0.002560378,-0.029300408,,0.035144755,
K467V,467,S29,K,V,i_50,1,Imatinib,50,4084,1605903,0.002543117,-0.039059024,0.037308261,0.035144755,1.168560266
K467V,467,S29,K,V,i_100,1,Imatinib,100,3699,1501070,0.002464242,-0.084513093,0.036463517,0.035144755,1.099604826
K467V,467,S29,K,V,i_200,1,Imatinib,200,3525,1625430,0.002168657,-0.268855306,0.029695338,0.035144755,0.675462256
K467V,467,S29,K,V,i_300,1,Imatinib,300,3420,1495698,0.002286558,-0.192479719,0.022039595,0.035144755,0.389235189
K467V,467,S29,K,V,i_444,1,Imatinib,444,2486,1159488,0.00214405,-0.28531873,0.013003869,0.035144755,0.203082342
K467V,467,S29,K,V,i_500,1,Imatinib,500,2061,1082233,0.001904396,-0.456323771,0.007139337,0.035144755,0.133135203
K467V,467,S29,K,V,i_579,1,Imatinib,579,2521,1434143,0.001757844,-0.571849903,0.003424022,0.035144755,0.101886812
K467V,467,S29,K,V,i_750,1,Imatinib,750,2349,1243646,0.001888801,-0.468186309,-0.000337921,0.035144755,0.077711452
K467V,467,S29,K,V,i_1000,1,Imatinib,1000,2657,1149553,0.002311333,-0.176931892,-0.000839584,0.035144755,0.074954621
K467V,467,S29,K,V,i_1250,1,Imatinib,1250,2241,977748,0.002292002,-0.189049073,-0.00216312,0.035144755,0.06814163
K467V,467,S29,K,V,i_2500,1,Imatinib,2500,2645,1124752,0.00235163,-0.151996347,-0.003443802,0.035144755,0.062139335
K467V,467,S29,K,V,i_5000,1,Imatinib,5000,1763,764852,0.002305021,-0.180877179,-0.00617079,0.035144755,0.051061768
K467V,467,S29,K,V,N,1,None,0,4255,1673746,0.002542202,-0.039578613,0.035144755,0.035144755,1
K467W,467,S29,K,W,a_5,1,Asciminib,5,2905,1698411,0.001710422,0.216944077,0.038718043,0.031781348,1.647801603
K467W,467,S29,K,W,a_10,1,Asciminib,10,2095,1450953,0.001443879,-0.02745901,0.033197322,0.031781348,1.107328213
K467W,467,S29,K,W,a_50,1,Asciminib,50,2163,1311506,0.001649249,0.164400791,0.022801516,0.031781348,0.523851036
K467W,467,S29,K,W,a_89,1,Asciminib,89,2106,1317239,0.001598799,0.119579838,0.017544698,0.031781348,0.358782526
K467W,467,S29,K,W,a_128,1,Asciminib,128,2147,1178751,0.001821419,0.30765473,0.016784668,0.031781348,0.339676694
K467W,467,S29,K,W,a_250,1,Asciminib,250,10468,5028356,0.002081794,0.500418664,0.016926173,0.031781348,0.343155134
K467W,467,S29,K,W,a_363,1,Asciminib,363,2914,1407560,0.002070249,0.49239599,0.015089921,0.031781348,0.300657727
K467W,467,S29,K,W,a_500,1,Asciminib,500,3029,1483951,0.002041173,0.471989657,0.014034989,0.031781348,0.278666976
K467W,467,S29,K,W,a_638,1,Asciminib,638,1890,862155,0.002192181,0.5749586,0.013202778,0.031781348,0.262459883
K467W,467,S29,K,W,a_750,1,Asciminib,750,2114,941415,0.002245556,0.609664165,0.01382539,0.031781348,0.274493144
K467W,467,S29,K,W,a_1151,1,Asciminib,1151,2232,880135,0.002535975,0.785131826,0.015402844,0.031781348,0.307508563
K467W,467,S29,K,W,a_2500,1,Asciminib,2500,4741,2498175,0.001897785,0.366908384,0.010517536,0.031781348,0.21632043
K467W,467,S29,K,W,D0,1,D0,,1497,1009589,0.001482782,0.010897659,,0.031781348,
K467W,467,S29,K,W,D0,1,D0,,1497,1009589,0.001482782,0.010897659,,0.031781348,
K467W,467,S29,K,W,D0,2,D0,,2240,1533758,0.001460465,-0.010980603,,0.031781348,
K467W,467,S29,K,W,D0,2,D0,,2240,1533758,0.001460465,-0.010980603,,0.031781348,
K467W,467,S29,K,W,i_50,1,Imatinib,50,2307,1605903,0.001436575,-0.034775216,0.037353103,0.031781348,1.493565705
K467W,467,S29,K,W,i_100,1,Imatinib,100,2057,1501070,0.001370356,-0.102857929,0.036271485,0.031781348,1.381665794
K467W,467,S29,K,W,i_200,1,Imatinib,200,2424,1625430,0.001491298,0.019159806,0.032710242,0.031781348,1.069167503
K467W,467,S29,K,W,i_300,1,Imatinib,300,2055,1495698,0.00137394,-0.099088979,0.023017196,0.031781348,0.532049398
K467W,467,S29,K,W,i_444,1,Imatinib,444,2152,1159488,0.001855992,0.334781723,0.019494997,0.031781348,0.412872164
K467W,467,S29,K,W,i_500,1,Imatinib,500,1622,1082233,0.001498753,0.026354215,0.012191945,0.031781348,0.244036606
K467W,467,S29,K,W,i_579,1,Imatinib,579,2020,1434143,0.001408507,-0.063242057,0.00874806,0.031781348,0.190444069
K467W,467,S29,K,W,i_750,1,Imatinib,750,2090,1243646,0.001680543,0.191518591,0.006567781,0.031781348,0.162776559
K467W,467,S29,K,W,i_1000,1,Imatinib,1000,2041,1149553,0.001775473,0.270794733,0.003847158,0.031781348,0.133819727
K467W,467,S29,K,W,i_1250,1,Imatinib,1250,1399,977748,0.001430839,-0.040547089,-0.000608621,0.031781348,0.097093799
K467W,467,S29,K,W,i_2500,1,Imatinib,2500,2255,1124752,0.002004886,0.446112035,0.002817116,0.031781348,0.124254338
K467W,467,S29,K,W,i_5000,1,Imatinib,5000,1017,764852,0.001329669,-0.146341303,-0.005809274,0.031781348,0.066768439
K467W,467,S29,K,W,N,1,None,0,1918,1673746,0.001145933,-0.360886354,0.031781348,0.031781348,1
K467Y,467,S29,K,Y,a_5,1,Asciminib,5,892,1698411,0.000525197,-0.210958267,0.034238819,0.033520823,1.053055262
K467Y,467,S29,K,Y,a_10,1,Asciminib,10,971,1450953,0.000669215,0.138654151,0.034936172,0.033520823,1.107278434
K467Y,467,S29,K,Y,a_50,1,Asciminib,50,723,1311506,0.000551275,-0.141045117,0.019604149,0.033520823,0.367144234
K467Y,467,S29,K,Y,a_89,1,Asciminib,89,711,1317239,0.000539765,-0.171483929,0.014497881,0.033520823,0.254195452
K467Y,467,S29,K,Y,a_128,1,Asciminib,128,637,1178751,0.000540403,-0.169781979,0.011786924,0.033520823,0.209121321
K467Y,467,S29,K,Y,a_250,1,Asciminib,250,1640,5028356,0.00032615,-0.898279241,0.002284791,0.033520823,0.105505275
K467Y,467,S29,K,Y,a_363,1,Asciminib,363,480,1407560,0.000341016,-0.833978372,0.001205612,0.033520823,0.097617823
K467Y,467,S29,K,Y,a_500,1,Asciminib,500,494,1483951,0.000332895,-0.86874877,3.19E-07,0.033520823,0.089503616
K467Y,467,S29,K,Y,a_638,1,Asciminib,638,420,862155,0.000487151,-0.319446197,0.003840269,0.033520823,0.118008351
K467Y,467,S29,K,Y,a_750,1,Asciminib,750,350,941415,0.000371781,-0.70936418,1.80E-05,0.033520823,0.089617487
K467Y,467,S29,K,Y,a_1151,1,Asciminib,1151,486,880135,0.000552188,-0.138656777,0.005732748,0.033520823,0.135234987
K467Y,467,S29,K,Y,a_2500,1,Asciminib,2500,799,2498175,0.000319833,-0.926495396,-0.003021641,0.033520823,0.072002284
K467Y,467,S29,K,Y,D0,1,D0,,741,1009589,0.000733962,0.271889089,,0.033520823,
K467Y,467,S29,K,Y,D0,1,D0,,741,1009589,0.000733962,0.271889089,,0.033520823,
K467Y,467,S29,K,Y,D0,2,D0,,739,1533758,0.000481823,-0.335312861,,0.033520823,
K467Y,467,S29,K,Y,D0,2,D0,,739,1533758,0.000481823,-0.335312861,,0.033520823,
K467Y,467,S29,K,Y,i_50,1,Imatinib,50,942,1605903,0.000586586,-0.05147405,0.037178302,0.033520823,1.301267114
K467Y,467,S29,K,Y,i_100,1,Imatinib,100,861,1501070,0.000573591,-0.083794375,0.03647104,0.033520823,1.236661776
K467Y,467,S29,K,Y,i_200,1,Imatinib,200,932,1625430,0.000573387,-0.084307829,0.031627156,0.033520823,0.872542421
K467Y,467,S29,K,Y,i_300,1,Imatinib,300,899,1495698,0.000601057,-0.016314147,0.023883672,0.033520823,0.499636295
K467Y,467,S29,K,Y,i_444,1,Imatinib,444,622,1159488,0.000536444,-0.180389665,0.014102253,0.033520823,0.247056783
K467Y,467,S29,K,Y,i_500,1,Imatinib,500,817,1082233,0.000754921,0.312508583,0.015187371,0.033520823,0.26713301
K467Y,467,S29,K,Y,i_579,1,Imatinib,579,668,1434143,0.000465783,-0.384157138,0.005388764,0.033520823,0.131926779
K467Y,467,S29,K,Y,i_750,1,Imatinib,750,531,1243646,0.00042697,-0.509680381,-0.000772275,0.033520823,0.084660759
K467Y,467,S29,K,Y,i_1000,1,Imatinib,1000,698,1149553,0.000607193,-0.001662303,0.000995114,0.033520823,0.096149498
K467Y,467,S29,K,Y,i_1250,1,Imatinib,1250,691,977748,0.000706726,0.217334769,0.002090852,0.033520823,0.104042281
K467Y,467,S29,K,Y,i_2500,1,Imatinib,2500,1082,1124752,0.00096199,0.662205305,0.005079152,0.033520823,0.12901839
K467Y,467,S29,K,Y,i_5000,1,Imatinib,5000,495,764852,0.000647184,0.090359652,-0.00333152,0.033520823,0.070413613
K467Y,467,S29,K,Y,N,1,None,0,889,1673746,0.000531144,-0.194713545,0.033520823,0.033520823,1
V468A,468,S29,V,A,a_5,1,Asciminib,5,9147,1698411,0.005385622,-0.367654282,0.032598546,0.033314104,0.949784497
V468A,468,S29,V,A,a_10,1,Asciminib,10,7274,1450953,0.005013257,-0.471019175,0.028554194,0.033314104,0.70984152
V468A,468,S29,V,A,a_50,1,Asciminib,50,5121,1311506,0.003904671,-0.831566162,0.012375868,0.033314104,0.221451205
V468A,468,S29,V,A,a_89,1,Asciminib,89,4670,1317239,0.003545294,-0.970861895,0.0061301,0.033314104,0.141246555
V468A,468,S29,V,A,a_128,1,Asciminib,128,4649,1178751,0.003944005,-0.817105882,0.005010824,0.033314104,0.130310381
V468A,468,S29,V,A,a_250,1,Asciminib,250,20666,5028356,0.004109892,-0.757666837,0.003756702,0.033314104,0.119059381
V468A,468,S29,V,A,a_363,1,Asciminib,363,7101,1407560,0.0050449,-0.461941528,0.005100044,0.033314104,0.131150162
V468A,468,S29,V,A,a_500,1,Asciminib,500,7488,1483951,0.005045989,-0.461630333,0.004261981,0.033314104,0.123470517
V468A,468,S29,V,A,a_638,1,Asciminib,638,4360,862155,0.005057095,-0.458458347,0.002385109,0.033314104,0.107863615
V468A,468,S29,V,A,a_750,1,Asciminib,750,4442,941415,0.004718429,-0.558460666,0.001597616,0.033314104,0.101917958
V468A,468,S29,V,A,a_1151,1,Asciminib,1151,3789,880135,0.004305021,-0.690746908,-4.65E-05,0.033314104,0.090540285
V468A,468,S29,V,A,a_2500,1,Asciminib,2500,15594,2498175,0.006242157,-0.154722722,0.005057171,0.033314104,0.130745951
V468A,468,S29,V,A,D0,1,D0,,6910,1009589,0.006844369,-0.021849699,,0.033314104,
V468A,468,S29,V,A,D0,1,D0,,6910,1009589,0.006844369,-0.021849699,,0.033314104,
V468A,468,S29,V,A,D0,2,D0,,10818,1533758,0.007053264,0.021523715,,0.033314104,
V468A,468,S29,V,A,D0,2,D0,,10818,1533758,0.007053264,0.021523715,,0.033314104,
V468A,468,S29,V,A,i_50,1,Imatinib,50,8642,1605903,0.005381396,-0.368786836,0.033856714,0.033314104,1.039841139
V468A,468,S29,V,A,i_100,1,Imatinib,100,8641,1501070,0.00575656,-0.271560288,0.034505532,0.033314104,1.089569646
V468A,468,S29,V,A,i_200,1,Imatinib,200,8259,1625430,0.005081117,-0.45162163,0.027782165,0.033314104,0.671460807
V468A,468,S29,V,A,i_300,1,Imatinib,300,6928,1495698,0.004631951,-0.58514729,0.017929203,0.033314104,0.330313573
V468A,468,S29,V,A,i_444,1,Imatinib,444,5340,1159488,0.004605481,-0.59341546,0.009778754,0.033314104,0.183682748
V468A,468,S29,V,A,i_500,1,Imatinib,500,4996,1082233,0.004616381,-0.590004975,0.00573998,0.033314104,0.137334332
V468A,468,S29,V,A,i_579,1,Imatinib,579,6128,1434143,0.004272935,-0.7015399,0.002066444,0.033314104,0.105416986
V468A,468,S29,V,A,i_750,1,Imatinib,750,6376,1243646,0.005126861,-0.438691569,-2.92E-05,0.033314104,0.090653021
V468A,468,S29,V,A,i_1000,1,Imatinib,1000,6282,1149553,0.005464733,-0.346616353,-0.002615818,0.033314104,0.075248868
V468A,468,S29,V,A,i_1250,1,Imatinib,1250,5298,977748,0.005418574,-0.358854055,-0.003940615,0.033314104,0.068402918
V468A,468,S29,V,A,i_2500,1,Imatinib,2500,6995,1124752,0.006219149,-0.160050188,-0.003528108,0.033314104,0.07046499
V468A,468,S29,V,A,i_5000,1,Imatinib,5000,5060,764852,0.006615659,-0.070882445,-0.00501938,0.033314104,0.06329108
V468A,468,S29,V,A,N,1,None,0,10024,1673746,0.005988961,-0.214461506,0.033314104,0.033314104,1
V468C,468,S29,V,C,a_5,1,Asciminib,5,2934,1698411,0.001727497,-0.273208013,0.033587197,0.033614195,0.998058018
V468C,468,S29,V,C,a_10,1,Asciminib,10,2298,1450953,0.001583787,-0.398513253,0.029313176,0.033614195,0.733686546
V468C,468,S29,V,C,a_50,1,Asciminib,50,1219,1311506,0.000929466,-1.167417546,0.008860221,0.033614195,0.168253051
V468C,468,S29,V,C,a_89,1,Asciminib,89,1414,1317239,0.001073457,-0.959626276,0.006247713,0.033614195,0.139402934
V468C,468,S29,V,C,a_128,1,Asciminib,128,1121,1178751,0.000951007,-1.13436398,0.001689809,0.033614195,0.100403743
V468C,468,S29,V,C,a_250,1,Asciminib,250,4272,5028356,0.000849582,-1.297066411,-0.00188966,0.033614195,0.077593038
V468C,468,S29,V,C,a_363,1,Asciminib,363,1503,1407560,0.001067805,-0.967242676,-0.000189381,0.033614195,0.087697887
V468C,468,S29,V,C,a_500,1,Asciminib,500,1137,1483951,0.000766198,-1.446102465,-0.006043341,0.033614195,0.057536103
V468C,468,S29,V,C,a_638,1,Asciminib,638,1087,862155,0.001260794,-0.727558492,-0.000431796,0.033614195,0.0861805
V468C,468,S29,V,C,a_750,1,Asciminib,750,926,941415,0.000983626,-1.085709911,-0.003921558,0.033614195,0.067032732
V468C,468,S29,V,C,a_1151,1,Asciminib,1151,1017,880135,0.001155505,-0.853368319,-0.001748756,0.033614195,0.078384232
V468C,468,S29,V,C,a_2500,1,Asciminib,2500,2402,2498175,0.000961502,-1.118529656,-0.00503183,0.033614195,0.061882749
V468C,468,S29,V,C,D0,1,D0,,2186,1009589,0.002165238,0.052634041,,0.033614195,
V468C,468,S29,V,C,D0,1,D0,,2186,1009589,0.002165238,0.052634041,,0.033614195,
V468C,468,S29,V,C,D0,2,D0,,3083,1533758,0.002010095,-0.054627243,,0.033614195,
V468C,468,S29,V,C,D0,2,D0,,3083,1533758,0.002010095,-0.054627243,,0.033614195,
V468C,468,S29,V,C,i_50,1,Imatinib,50,2904,1605903,0.001808328,-0.207234564,0.035547822,0.033614195,1.149378225
V468C,468,S29,V,C,i_100,1,Imatinib,100,2748,1501070,0.001830694,-0.189500516,0.035364522,0.033614195,1.134308892
V468C,468,S29,V,C,i_200,1,Imatinib,200,2802,1625430,0.001723852,-0.276255735,0.029617871,0.033614195,0.749960065
V468C,468,S29,V,C,i_300,1,Imatinib,300,2688,1495698,0.001797154,-0.216177032,0.021791534,0.033614195,0.42688886
V468C,468,S29,V,C,i_444,1,Imatinib,444,1514,1159488,0.001305749,-0.677013947,0.008903656,0.033614195,0.168780063
V468C,468,S29,V,C,i_500,1,Imatinib,500,1811,1082233,0.001673392,-0.319115856,0.008575611,0.033614195,0.164840311
V468C,468,S29,V,C,i_579,1,Imatinib,579,1581,1434143,0.001102401,-0.92124278,-0.000233376,0.033614195,0.08742053
V468C,468,S29,V,C,i_750,1,Imatinib,750,1846,1243646,0.001484345,-0.492064596,-0.000587876,0.033614195,0.085217446
V468C,468,S29,V,C,i_1000,1,Imatinib,1000,1978,1149553,0.001720669,-0.278921821,-0.001907201,0.033614195,0.077495103
V468C,468,S29,V,C,i_1250,1,Imatinib,1250,1567,977748,0.001602662,-0.381420669,-0.00417684,0.033614195,0.065811907
V468C,468,S29,V,C,i_2500,1,Imatinib,2500,2104,1124752,0.001870635,-0.158363491,-0.003510452,0.033614195,0.069046532
V468C,468,S29,V,C,i_5000,1,Imatinib,5000,1166,764852,0.001524478,-0.453575992,-0.009025365,0.033614195,0.046418911
V468C,468,S29,V,C,N,1,None,0,3072,1673746,0.001835404,-0.185793655,0.033614195,0.033614195,1
V468D,468,S29,V,D,a_5,1,Asciminib,5,2932,1698411,0.001726319,0.752278347,0.044321851,0.043363501,1.071437503
V468D,468,S29,V,D,a_10,1,Asciminib,10,3499,1450953,0.002411518,1.234520741,0.046407557,0.043363501,1.245045454
V468D,468,S29,V,D,a_50,1,Asciminib,50,5329,1311506,0.004063268,1.987219289,0.041882536,0.043363501,0.898858661
V468D,468,S29,V,D,a_89,1,Asciminib,89,5946,1317239,0.004513987,2.138981195,0.03868352,0.043363501,0.7139384
V468D,468,S29,V,D,a_128,1,Asciminib,128,6492,1178751,0.005507524,2.425982869,0.038959042,0.043363501,0.728242638
V468D,468,S29,V,D,a_250,1,Asciminib,250,40892,5028356,0.00813228,2.988238791,0.04296834,0.043363501,0.971949369
V468D,468,S29,V,D,a_363,1,Asciminib,363,9833,1407560,0.006985848,2.769014085,0.038921254,0.043363501,0.726263936
V468D,468,S29,V,D,a_500,1,Asciminib,500,11923,1483951,0.008034632,2.970810788,0.040192314,0.043363501,0.795865202
V468D,468,S29,V,D,a_638,1,Asciminib,638,6365,862155,0.007382663,2.84872021,0.03700421,0.043363501,0.632630389
V468D,468,S29,V,D,a_750,1,Asciminib,750,6200,941415,0.006585831,2.683944334,0.035538677,0.043363501,0.569277465
V468D,468,S29,V,D,a_1151,1,Asciminib,1151,4440,880135,0.005044681,2.299341806,0.03125339,0.043363501,0.418144619
V468D,468,S29,V,D,a_2500,1,Asciminib,2500,10141,2498175,0.004059363,1.985832339,0.027464215,0.043363501,0.318303932
V468D,468,S29,V,D,D0,1,D0,,1134,1009589,0.001123229,0.132231408,,0.043363501,
V468D,468,S29,V,D,D0,1,D0,,1134,1009589,0.001123229,0.132231408,,0.043363501,
V468D,468,S29,V,D,D0,2,D0,,1421,1533758,0.000926483,-0.14558545,,0.043363501,
V468D,468,S29,V,D,D0,2,D0,,1421,1533758,0.000926483,-0.14558545,,0.043363501,
V468D,468,S29,V,D,i_50,1,Imatinib,50,1949,1605903,0.001213647,0.243928201,0.040270533,0.043363501,0.800360004
V468D,468,S29,V,D,i_100,1,Imatinib,100,3035,1501070,0.002021891,0.980284124,0.047609671,0.043363501,1.357607934
V468D,468,S29,V,D,i_200,1,Imatinib,200,2476,1625430,0.001523289,0.571768751,0.038494878,0.043363501,0.704307075
V468D,468,S29,V,D,i_300,1,Imatinib,300,1999,1495698,0.0013365,0.383038429,0.028064041,0.043363501,0.332351859
V468D,468,S29,V,D,i_444,1,Imatinib,444,1655,1159488,0.001427354,0.477922192,0.020993373,0.043363501,0.199757888
V468D,468,S29,V,D,i_500,1,Imatinib,500,1439,1082233,0.001329658,0.375634317,0.015848162,0.043363501,0.137916844
V468D,468,S29,V,D,i_579,1,Imatinib,579,2180,1434143,0.001520072,0.568718115,0.015363335,0.043363501,0.13318556
V468D,468,S29,V,D,i_750,1,Imatinib,750,2035,1243646,0.001636318,0.675031773,0.011629133,0.043363501,0.101786836
V468D,468,S29,V,D,i_1000,1,Imatinib,1000,1435,1149553,0.001248311,0.284556618,0.003991216,0.043363501,0.058730005
V468D,468,S29,V,D,i_1250,1,Imatinib,1250,1025,977748,0.001048327,0.032668189,0.000157787,0.043363501,0.044564782
V468D,468,S29,V,D,i_2500,1,Imatinib,2500,1620,1124752,0.001440318,0.490965745,0.003286639,0.043363501,0.055824969
V468D,468,S29,V,D,i_5000,1,Imatinib,5000,1043,764852,0.001363663,0.412065505,3.61E-05,0.043363501,0.044175889
V468D,468,S29,V,D,N,1,None,0,2876,1673746,0.001718301,0.745561932,0.043363501,0.043363501,1
V468E,468,S29,V,E,a_5,1,Asciminib,5,7346,1698411,0.004325219,0.013566214,0.036589111,0.036389569,1.014470729
V468E,468,S29,V,E,a_10,1,Asciminib,10,7047,1450953,0.004856808,0.180801364,0.035377364,0.036389569,0.929713508
V468E,468,S29,V,E,a_50,1,Asciminib,50,9983,1311506,0.00761186,0.829041956,0.029758891,0.036389569,0.620388835
V468E,468,S29,V,E,a_89,1,Asciminib,89,10982,1317239,0.008337135,0.960344717,0.026345712,0.036389569,0.485217642
V468E,468,S29,V,E,a_128,1,Asciminib,128,11256,1178751,0.009549091,1.156156272,0.025666668,0.036389569,0.462065378
V468E,468,S29,V,E,a_250,1,Asciminib,250,62064,5028356,0.012342802,1.52639092,0.027665913,0.036389569,0.533602942
V468E,468,S29,V,E,a_363,1,Asciminib,363,17265,1407560,0.012265907,1.517374946,0.025819263,0.036389569,0.467170011
V468E,468,S29,V,E,a_500,1,Asciminib,500,18171,1483951,0.012245013,1.514915395,0.024952196,0.036389569,0.438896851
V468E,468,S29,V,E,a_638,1,Asciminib,638,10158,862155,0.011782104,1.459318243,0.022460136,0.036389569,0.366807113
V468E,468,S29,V,E,a_750,1,Asciminib,750,11042,941415,0.011729152,1.452819794,0.02265143,0.036389569,0.371894149
V468E,468,S29,V,E,a_1151,1,Asciminib,1151,11467,880135,0.013028683,1.604412301,0.023978962,0.036389569,0.409194888
V468E,468,S29,V,E,a_2500,1,Asciminib,2500,23942,2498175,0.009583796,1.161390163,0.018834064,0.036389569,0.282522713
V468E,468,S29,V,E,D0,1,D0,,4221,1009589,0.004180909,-0.035390329,,0.036389569,
V468E,468,S29,V,E,D0,1,D0,,4221,1009589,0.004180909,-0.035390329,,0.036389569,
V468E,468,S29,V,E,D0,2,D0,,6731,1533758,0.004388567,0.034542926,,0.036389569,
V468E,468,S29,V,E,D0,2,D0,,6731,1533758,0.004388567,0.034542926,,0.036389569,
V468E,468,S29,V,E,i_50,1,Imatinib,50,6882,1605903,0.004285439,0.000236076,0.037719597,0.036389569,1.100497104
V468E,468,S29,V,E,i_100,1,Imatinib,100,6496,1501070,0.00432758,0.014353314,0.037498437,0.036389569,1.083112117
V468E,468,S29,V,E,i_200,1,Imatinib,200,5251,1625430,0.00323053,-0.407436293,0.028244691,0.036389569,0.556309083
V468E,468,S29,V,E,i_300,1,Imatinib,300,5633,1495698,0.003766135,-0.186122497,0.022106141,0.036389569,0.357576195
V468E,468,S29,V,E,i_444,1,Imatinib,444,3821,1159488,0.00329542,-0.378744693,0.012025899,0.036389569,0.173048346
V468E,468,S29,V,E,i_500,1,Imatinib,500,3490,1082233,0.003224814,-0.409991164,0.00762434,0.036389569,0.126047497
V468E,468,S29,V,E,i_579,1,Imatinib,579,5414,1434143,0.003775077,-0.182701059,0.00749758,0.036389569,0.124902326
V468E,468,S29,V,E,i_750,1,Imatinib,750,3778,1243646,0.003037842,-0.496160246,-0.000630748,0.036389569,0.069567146
V468E,468,S29,V,E,i_1000,1,Imatinib,1000,3844,1149553,0.003343908,-0.357671709,-0.002731544,0.036389569,0.059801761
V468E,468,S29,V,E,i_1250,1,Imatinib,1250,3357,977748,0.0034334,-0.31956911,-0.003529386,0.036389569,0.056463281
V468E,468,S29,V,E,i_2500,1,Imatinib,2500,4421,1124752,0.003930644,-0.12444126,-0.003155359,0.036389569,0.058004492
V468E,468,S29,V,E,i_5000,1,Imatinib,5000,2668,764852,0.003488257,-0.296700912,-0.007383218,0.036389569,0.042781879
V468E,468,S29,V,E,N,1,None,0,7577,1673746,0.004526971,0.079339078,0.036389569,0.036389569,1
V468F,468,S29,V,F,a_5,1,Asciminib,5,6524,1698411,0.003841237,-0.113215133,0.035261981,0.034922307,1.024758071
V468F,468,S29,V,F,a_10,1,Asciminib,10,6972,1450953,0.004805118,0.209785486,0.035680765,0.034922307,1.056127629
V468F,468,S29,V,F,a_50,1,Asciminib,50,12914,1311506,0.009846695,1.244853324,0.034111548,0.034922307,0.943296523
V468F,468,S29,V,F,a_89,1,Asciminib,89,17551,1317239,0.013324082,1.6811779,0.033891297,0.034922307,0.928455596
V468F,468,S29,V,F,a_128,1,Asciminib,128,14395,1178751,0.012212079,1.555450594,0.029846427,0.034922307,0.693875095
V468F,468,S29,V,F,a_250,1,Asciminib,250,81521,5028356,0.016212257,1.964226754,0.032249119,0.034922307,0.824919489
V468F,468,S29,V,F,a_363,1,Asciminib,363,21156,1407560,0.015030265,1.855012259,0.029353605,0.034922307,0.669685881
V468F,468,S29,V,F,a_500,1,Asciminib,500,22919,1483951,0.01544458,1.894242442,0.028922941,0.034922307,0.649239017
V468F,468,S29,V,F,a_638,1,Asciminib,638,13999,862155,0.01623722,1.966446405,0.027768686,0.034922307,0.597464338
V468F,468,S29,V,F,a_750,1,Asciminib,750,13571,941415,0.014415534,1.794766086,0.026230878,0.034922307,0.534842556
V468F,468,S29,V,F,a_1151,1,Asciminib,1151,10460,880135,0.01188454,1.516227917,0.023055859,0.034922307,0.425545159
V468F,468,S29,V,F,a_2500,1,Asciminib,2500,16755,2498175,0.006706896,0.690858943,0.013908607,0.034922307,0.22025124
V468F,468,S29,V,F,D0,1,D0,,4324,1009589,0.004282931,0.043812131,,0.034922307,
V468F,468,S29,V,F,D0,1,D0,,4324,1009589,0.004282931,0.043812131,,0.034922307,
V468F,468,S29,V,F,D0,2,D0,,6176,1533758,0.004026711,-0.045184412,,0.034922307,
V468F,468,S29,V,F,D0,2,D0,,6176,1533758,0.004026711,-0.045184412,,0.034922307,
V468F,468,S29,V,F,i_50,1,Imatinib,50,5677,1605903,0.003535083,-0.233042307,0.03527767,0.034922307,1.025916294
V468F,468,S29,V,F,i_100,1,Imatinib,100,5947,1501070,0.003961841,-0.068615476,0.036629931,0.034922307,1.130826682
V468F,468,S29,V,F,i_200,1,Imatinib,200,5649,1625430,0.003475388,-0.257612222,0.029813029,0.034922307,0.692208561
V468F,468,S29,V,F,i_300,1,Imatinib,300,4926,1495698,0.003293446,-0.335188574,0.020545738,0.034922307,0.355186252
V468F,468,S29,V,F,i_444,1,Imatinib,444,3525,1159488,0.003040135,-0.450650927,0.011273194,0.034922307,0.182184364
V468F,468,S29,V,F,i_500,1,Imatinib,500,3450,1082233,0.003187853,-0.382201072,0.007915243,0.034922307,0.143057508
V468F,468,S29,V,F,i_579,1,Imatinib,579,5167,1434143,0.003602849,-0.205648296,0.007257371,0.034922307,0.136439313
V468F,468,S29,V,F,i_750,1,Imatinib,750,4066,1243646,0.003269419,-0.345751965,0.000943705,0.034922307,0.086599668
V468F,468,S29,V,F,i_1000,1,Imatinib,1000,3968,1149553,0.003451776,-0.267447252,-0.001787087,0.034922307,0.071142076
V468F,468,S29,V,F,i_1250,1,Imatinib,1250,4002,977748,0.004093079,-0.021599713,-0.000410282,0.034922307,0.078555776
V468F,468,S29,V,F,i_2500,1,Imatinib,2500,4377,1124752,0.003891525,-0.094450844,-0.002841423,0.034922307,0.065941417
V468F,468,S29,V,F,i_5000,1,Imatinib,5000,3284,764852,0.004293641,0.047415316,-0.003781055,0.034922307,0.06162781
V468F,468,S29,V,F,N,1,None,0,6667,1673746,0.003983281,-0.060829176,0.034922307,0.034922307,1
V468G,468,S29,V,G,a_5,1,Asciminib,5,6010,1698411,0.003538602,-0.156649778,0.034807313,0.034937922,0.990640221
V468G,468,S29,V,G,a_10,1,Asciminib,10,5843,1450953,0.004027008,0.029879353,0.033797532,0.034937922,0.921172401
V468G,468,S29,V,G,a_50,1,Asciminib,50,4893,1311506,0.003730825,-0.080334273,0.020239662,0.034937922,0.347054066
V468G,468,S29,V,G,a_89,1,Asciminib,89,5162,1317239,0.003918803,-0.009416139,0.016194385,0.034937922,0.259360921
V468G,468,S29,V,G,a_128,1,Asciminib,128,4209,1178751,0.003570729,-0.143610633,0.012060882,0.034937922,0.192598636
V468G,468,S29,V,G,a_250,1,Asciminib,250,15677,5028356,0.003117719,-0.33933834,0.008135709,0.034937922,0.145183134
V468G,468,S29,V,G,a_363,1,Asciminib,363,3836,1407560,0.002725283,-0.533422849,0.004351787,0.034937922,0.110559467
V468G,468,S29,V,G,a_500,1,Asciminib,500,4827,1483951,0.003252803,-0.278145777,0.006182672,0.034937922,0.126138095
V468G,468,S29,V,G,a_638,1,Asciminib,638,2361,862155,0.002738487,-0.526450275,0.001673378,0.034937922,0.091168379
V468G,468,S29,V,G,a_750,1,Asciminib,750,2697,941415,0.002864836,-0.461376372,0.002613881,0.034937922,0.097555784
V468G,468,S29,V,G,a_1151,1,Asciminib,1151,2280,880135,0.002590512,-0.606592058,0.000834465,0.034937922,0.085824657
V468G,468,S29,V,G,a_2500,1,Asciminib,2500,7836,2498175,0.00313669,-0.330586294,0.003216255,0.034937922,0.10187996
V468G,468,S29,V,G,D0,1,D0,,3971,1009589,0.003933284,-0.004094884,,0.034937922,
V468G,468,S29,V,G,D0,1,D0,,3971,1009589,0.003933284,-0.004094884,,0.034937922,
V468G,468,S29,V,G,D0,2,D0,,6067,1533758,0.003955644,0.004083294,,0.034937922,
V468G,468,S29,V,G,D0,2,D0,,6067,1533758,0.003955644,0.004083294,,0.034937922,
V468G,468,S29,V,G,i_50,1,Imatinib,50,5910,1605903,0.003680172,-0.100055771,0.036669755,0.034937922,1.132799472
V468G,468,S29,V,G,i_100,1,Imatinib,100,5388,1501070,0.00358944,-0.136070554,0.03592382,0.034937922,1.073564753
V468G,468,S29,V,G,i_200,1,Imatinib,200,6461,1625430,0.003974948,0.0111069,0.032625945,0.034937922,0.84665468
V468G,468,S29,V,G,i_300,1,Imatinib,300,4628,1495698,0.003094208,-0.35025919,0.02038798,0.034937922,0.350780079
V468G,468,S29,V,G,i_444,1,Imatinib,444,3848,1159488,0.003318706,-0.249208238,0.013381869,0.034937922,0.211816312
V468G,468,S29,V,G,i_500,1,Imatinib,500,3112,1082233,0.002875536,-0.455998226,0.007142744,0.034937922,0.135165842
V468G,468,S29,V,G,i_579,1,Imatinib,579,4261,1434143,0.002971112,-0.408825981,0.005130534,0.034937922,0.1169356
V468G,468,S29,V,G,i_750,1,Imatinib,750,5111,1243646,0.00410969,0.059200558,0.005182694,0.034937922,0.117375577
V468G,468,S29,V,G,i_1000,1,Imatinib,1000,3792,1149553,0.003298673,-0.257943167,-0.001687599,0.034937922,0.071572987
V468G,468,S29,V,G,i_1250,1,Imatinib,1250,3504,977748,0.003583746,-0.138360958,-0.001632523,0.034937922,0.071857373
V468G,468,S29,V,G,i_2500,1,Imatinib,2500,4845,1124752,0.004307616,0.127060585,-0.000522671,0.034937922,0.077835105
V468G,468,S29,V,G,i_5000,1,Imatinib,5000,3472,764852,0.00453944,0.202685283,-0.00215571,0.034937922,0.069200893
V468G,468,S29,V,G,N,1,None,0,6336,1673746,0.003785521,-0.059337421,0.034937922,0.034937922,1
V468H,468,S29,V,H,a_5,1,Asciminib,5,5394,1698411,0.00317591,0.212278043,0.0386692,0.036183379,1.195995736
V468H,468,S29,V,H,a_10,1,Asciminib,10,5626,1450953,0.003877452,0.500216906,0.038720963,0.036183379,1.200461428
V468H,468,S29,V,H,a_50,1,Asciminib,50,8640,1311506,0.006587846,1.264915046,0.034321552,0.036183379,0.874544955
V468H,468,S29,V,H,a_89,1,Asciminib,89,10381,1317239,0.007880878,1.523464529,0.032240374,0.036183379,0.752844664
V468H,468,S29,V,H,a_128,1,Asciminib,128,10260,1178751,0.008704128,1.666807972,0.031012101,0.036183379,0.689125412
V468H,468,S29,V,H,a_250,1,Asciminib,250,45497,5028356,0.009048086,1.722720862,0.029721068,0.036183379,0.627955231
V468H,468,S29,V,H,a_363,1,Asciminib,363,13838,1407560,0.009831197,1.842475261,0.029222369,0.036183379,0.605807682
V468H,468,S29,V,H,a_500,1,Asciminib,500,15509,1483951,0.010451154,1.930698448,0.029304557,0.036183379,0.60940319
V468H,468,S29,V,H,a_638,1,Asciminib,638,9837,862155,0.011409781,2.057307375,0.028719806,0.036183379,0.584278669
V468H,468,S29,V,H,a_750,1,Asciminib,750,8511,941415,0.009040646,1.721534047,0.025464295,0.036183379,0.462192376
V468H,468,S29,V,H,a_1151,1,Asciminib,1151,10975,880135,0.012469678,2.185460442,0.030061296,0.036183379,0.64352782
V468H,468,S29,V,H,a_2500,1,Asciminib,2500,24209,2498175,0.009690674,1.821705181,0.025746153,0.036183379,0.471667848
V468H,468,S29,V,H,D0,1,D0,,2562,1009589,0.002537666,-0.111389479,,0.036183379,
V468H,468,S29,V,H,D0,1,D0,,2562,1009589,0.002537666,-0.111389479,,0.036183379,
V468H,468,S29,V,H,D0,2,D0,,4517,1533758,0.002945054,0.103402186,,0.036183379,
V468H,468,S29,V,H,D0,2,D0,,4517,1533758,0.002945054,0.103402186,,0.036183379,
V468H,468,S29,V,H,i_50,1,Imatinib,50,4394,1605903,0.002736155,-0.002741742,0.037688425,0.036183379,1.114452577
V468H,468,S29,V,H,i_100,1,Imatinib,100,4261,1501070,0.002838642,0.050308937,0.037874816,0.036183379,1.129509447
V468H,468,S29,V,H,i_200,1,Imatinib,200,5023,1625430,0.003090259,0.17283599,0.034318903,0.036183379,0.874378203
V468H,468,S29,V,H,i_300,1,Imatinib,300,4162,1495698,0.002782647,0.0215662,0.024280199,0.036183379,0.424421166
V468H,468,S29,V,H,i_444,1,Imatinib,444,2855,1159488,0.002462294,-0.154889002,0.01436919,0.036183379,0.207915897
V468H,468,S29,V,H,i_500,1,Imatinib,500,2480,1082233,0.002291558,-0.258562876,0.009209471,0.036183379,0.143399422
V468H,468,S29,V,H,i_579,1,Imatinib,579,3129,1434143,0.002181791,-0.329379084,0.005962174,0.036183379,0.113502912
V468H,468,S29,V,H,i_750,1,Imatinib,750,2291,1243646,0.001842164,-0.573490285,-0.001440229,0.036183379,0.066610052
V468H,468,S29,V,H,i_1000,1,Imatinib,1000,2691,1149553,0.00234091,-0.22782245,-0.0013723,0.036183379,0.066936633
V468H,468,S29,V,H,i_1250,1,Imatinib,1250,2055,977748,0.002101769,-0.38328805,-0.004196387,0.036183379,0.054620655
V468H,468,S29,V,H,i_2500,1,Imatinib,2500,2386,1124752,0.002121357,-0.369904748,-0.005724838,0.036183379,0.048928677
V468H,468,S29,V,H,i_5000,1,Imatinib,5000,1980,764852,0.002588736,-0.082643945,-0.005142498,0.036183379,0.051023796
V468H,468,S29,V,H,N,1,None,0,4782,1673746,0.002857064,0.059641664,0.036183379,0.036183379,1
V468I,468,S29,V,I,a_5,1,Asciminib,5,4119,1698411,0.002425208,0.098224499,0.037475303,0.03681185,1.048927935
V468I,468,S29,V,I,a_10,1,Asciminib,10,2749,1450953,0.001894617,-0.257977888,0.030784281,0.03681185,0.647922028
V468I,468,S29,V,I,a_50,1,Asciminib,50,1268,1311506,0.000966827,-1.22855367,0.008220256,0.03681185,0.127633201
V468I,468,S29,V,I,a_89,1,Asciminib,89,1368,1317239,0.001038536,-1.125332909,0.004513118,0.03681185,0.097733717
V468I,468,S29,V,I,a_128,1,Asciminib,128,1414,1178751,0.001199575,-0.917360882,0.003961369,0.03681185,0.09392726
V468I,468,S29,V,I,a_250,1,Asciminib,250,6981,5028356,0.001388327,-0.70653709,0.004291922,0.03681185,0.096189527
V468I,468,S29,V,I,a_363,1,Asciminib,363,2038,1407560,0.001447896,-0.645926377,0.003174115,0.03681185,0.088751328
V468I,468,S29,V,I,a_500,1,Asciminib,500,1937,1483951,0.001305299,-0.795503508,0.000767041,0.03681185,0.074628992
V468I,468,S29,V,I,a_638,1,Asciminib,638,1502,862155,0.001742146,-0.379018363,0.003216676,0.03681185,0.089023711
V468I,468,S29,V,I,a_750,1,Asciminib,750,1202,941415,0.001276801,-0.827349857,-0.00121708,0.03681185,0.064694252
V468I,468,S29,V,I,a_1151,1,Asciminib,1151,1278,880135,0.00145205,-0.641792906,0.000465987,0.03681185,0.073028748
V468I,468,S29,V,I,a_2500,1,Asciminib,2500,3657,2498175,0.001463869,-0.630097924,8.10E-05,0.03681185,0.071032297
V468I,468,S29,V,I,D0,1,D0,,2174,1009589,0.002153352,-0.073300164,,0.03681185,
V468I,468,S29,V,I,D0,1,D0,,2174,1009589,0.002153352,-0.073300164,,0.03681185,
V468I,468,S29,V,I,D0,2,D0,,3647,1533758,0.00237782,0.069755323,,0.03681185,
V468I,468,S29,V,I,D0,2,D0,,3647,1533758,0.00237782,0.069755323,,0.03681185,
V468I,468,S29,V,I,i_50,1,Imatinib,50,4014,1605903,0.002499528,0.141771856,0.039201174,0.03681185,1.187715105
V468I,468,S29,V,I,i_100,1,Imatinib,100,4256,1501070,0.002835311,0.323622887,0.040735829,0.03681185,1.326476988
V468I,468,S29,V,I,i_200,1,Imatinib,200,4052,1625430,0.002492879,0.13792874,0.033953499,0.03681185,0.81399484
V468I,468,S29,V,I,i_300,1,Imatinib,300,2843,1495698,0.001900785,-0.253288815,0.021403053,0.03681185,0.329745763
V468I,468,S29,V,I,i_444,1,Imatinib,444,2215,1159488,0.001910326,-0.246065198,0.01341477,0.03681185,0.185520528
V468I,468,S29,V,I,i_500,1,Imatinib,500,1880,1082233,0.001737149,-0.383162484,0.007905179,0.03681185,0.12477037
V468I,468,S29,V,I,i_579,1,Imatinib,579,2767,1434143,0.001929375,-0.231750247,0.006984139,0.03681185,0.116764624
V468I,468,S29,V,I,i_750,1,Imatinib,750,2198,1243646,0.001767384,-0.358268506,0.000812684,0.03681185,0.074874648
V468I,468,S29,V,I,i_1000,1,Imatinib,1000,2716,1149553,0.002362657,0.060526489,0.001646098,0.03681185,0.079505101
V468I,468,S29,V,I,i_1250,1,Imatinib,1250,1868,977748,0.001910513,-0.245924137,-0.00275848,0.03681185,0.057898504
V468I,468,S29,V,I,i_2500,1,Imatinib,2500,2570,1124752,0.002284948,0.01227742,-0.001724206,0.03681185,0.06237467
V468I,468,S29,V,I,i_5000,1,Imatinib,5000,1228,764852,0.001605539,-0.496825963,-0.0094781,0.03681185,0.035690299
V468I,468,S29,V,I,N,1,None,0,4120,1673746,0.002461544,0.119679722,0.03681185,0.03681185,1
V468K,468,S29,V,K,a_5,1,Asciminib,5,11424,1698411,0.006726287,-0.163858664,0.034731851,0.032965476,1.135620305
V468K,468,S29,V,K,a_10,1,Asciminib,10,12736,1450953,0.008777679,0.220170525,0.035789475,0.032965476,1.225474244
V468K,468,S29,V,K,a_50,1,Asciminib,50,22546,1311506,0.017190924,1.189906164,0.033536369,0.032965476,1.041960759
V468K,468,S29,V,K,a_89,1,Asciminib,89,27672,1317239,0.021007577,1.479168858,0.031776693,0.032965476,0.917968345
V468K,468,S29,V,K,a_128,1,Asciminib,128,25419,1178751,0.021564351,1.516907352,0.029442962,0.032965476,0.775985828
V468K,468,S29,V,K,a_250,1,Asciminib,250,156804,5028356,0.03118395,2.049062735,0.033137171,0.032965476,1.012438766
V468K,468,S29,V,K,a_363,1,Asciminib,363,40831,1407560,0.029008355,1.944727552,0.030292733,0.032965476,0.824945865
V468K,468,S29,V,K,a_500,1,Asciminib,500,48745,1483951,0.03284812,2.124069859,0.031328743,0.032965476,0.88883403
V468K,468,S29,V,K,a_638,1,Asciminib,638,27170,862155,0.031514055,2.064254469,0.028792528,0.032965476,0.740483243
V468K,468,S29,V,K,a_750,1,Asciminib,750,28844,941415,0.030638985,2.023627573,0.028626569,0.032965476,0.731687858
V468K,468,S29,V,K,a_1151,1,Asciminib,1151,26976,880135,0.030649843,2.024138779,0.028372602,0.032965476,0.718430059
V468K,468,S29,V,K,a_2500,1,Asciminib,2500,55183,2498175,0.022089325,1.551608419,0.022918817,0.032965476,0.485119776
V468K,468,S29,V,K,D0,1,D0,,7463,1009589,0.007392117,-0.027681434,,0.032965476,
V468K,468,S29,V,K,D0,1,D0,,7463,1009589,0.007392117,-0.027681434,,0.032965476,
V468K,468,S29,V,K,D0,2,D0,,11777,1533758,0.007678526,0.027160285,,0.032965476,
V468K,468,S29,V,K,D0,2,D0,,11777,1533758,0.007678526,0.027160285,,0.032965476,
V468K,468,S29,V,K,i_50,1,Imatinib,50,9939,1605903,0.006189041,-0.283953073,0.034744743,0.032965476,1.136674867
V468K,468,S29,V,K,i_100,1,Imatinib,100,10142,1501070,0.006756514,-0.157390005,0.035700651,0.032965476,1.217661966
V468K,468,S29,V,K,i_200,1,Imatinib,200,11159,1625430,0.00686526,-0.134354608,0.031103273,0.032965476,0.87452133
V468K,468,S29,V,K,i_300,1,Imatinib,300,9184,1495698,0.006140277,-0.295365288,0.020962602,0.032965476,0.421385621
V468K,468,S29,V,K,i_444,1,Imatinib,444,7133,1159488,0.006151853,-0.292647939,0.012927148,0.032965476,0.23627483
V468K,468,S29,V,K,i_500,1,Imatinib,500,6699,1082233,0.006189979,-0.28373441,0.008945979,0.032965476,0.17739014
V468K,468,S29,V,K,i_579,1,Imatinib,579,8859,1434143,0.006177208,-0.28671405,0.006408786,0.032965476,0.147772448
V468K,468,S29,V,K,i_750,1,Imatinib,750,7051,1243646,0.00566962,-0.410417028,0.0002668,0.032965476,0.094959513
V468K,468,S29,V,K,i_1000,1,Imatinib,1000,6994,1149553,0.006084104,-0.30862421,-0.002218122,0.032965476,0.079403007
V468K,468,S29,V,K,i_1250,1,Imatinib,1250,5727,977748,0.005857337,-0.363424005,-0.003988453,0.032965476,0.069900472
V468K,468,S29,V,K,i_2500,1,Imatinib,2500,7184,1124752,0.006387186,-0.238488606,-0.004349191,0.032965476,0.068108311
V468K,468,S29,V,K,i_5000,1,Imatinib,5000,5054,764852,0.006607814,-0.189495875,-0.00626101,0.032965476,0.059349774
V468K,468,S29,V,K,N,1,None,0,10622,1673746,0.006346244,-0.247766102,0.032965476,0.032965476,1
V468L,468,S29,V,L,a_5,1,Asciminib,5,22940,1698411,0.013506742,-0.056270518,0.03585807,0.034031007,1.140593257
V468L,468,S29,V,L,a_10,1,Asciminib,10,24346,1450953,0.016779317,0.256733683,0.036172213,0.034031007,1.166685527
V468L,468,S29,V,L,a_50,1,Asciminib,50,18615,1311506,0.014193606,0.015290919,0.021240654,0.034031007,0.398158388
V468L,468,S29,V,L,a_89,1,Asciminib,89,16647,1317239,0.012637798,-0.152205213,0.014699688,0.034031007,0.248613715
V468L,468,S29,V,L,a_128,1,Asciminib,128,12489,1178751,0.010595113,-0.40655132,0.009308455,0.034031007,0.168634141
V468L,468,S29,V,L,a_250,1,Asciminib,250,45408,5028356,0.009030387,-0.637090589,0.005018878,0.034031007,0.123826581
V468L,468,S29,V,L,a_363,1,Asciminib,363,12417,1407560,0.008821649,-0.670830056,0.002913427,0.034031007,0.106408932
V468L,468,S29,V,L,a_500,1,Asciminib,500,10914,1483951,0.00735469,-0.933213796,-0.000674492,0.034031007,0.082183898
V468L,468,S29,V,L,a_638,1,Asciminib,638,6391,862155,0.00741282,-0.921855865,-0.002465675,0.034031007,0.072240023
V468L,468,S29,V,L,a_750,1,Asciminib,750,6914,941415,0.007344264,-0.935260526,-0.002346674,0.034031007,0.072861636
V468L,468,S29,V,L,a_1151,1,Asciminib,1151,6751,880135,0.007670414,-0.8725739,-0.001949798,0.034031007,0.074973699
V468L,468,S29,V,L,a_2500,1,Asciminib,2500,19656,2498175,0.007868144,-0.83585507,-0.002072831,0.034031007,0.074312487
V468L,468,S29,V,L,D0,1,D0,,14074,1009589,0.013940326,-0.010685968,,0.034031007,
V468L,468,S29,V,L,D0,1,D0,,14074,1009589,0.013940326,-0.010685968,,0.034031007,
V468L,468,S29,V,L,D0,2,D0,,21699,1533758,0.014147603,0.010607399,,0.034031007,
V468L,468,S29,V,L,D0,2,D0,,21699,1533758,0.014147603,0.010607399,,0.034031007,
V468L,468,S29,V,L,i_50,1,Imatinib,50,21137,1605903,0.013162065,-0.093564415,0.036737706,0.034031007,1.215167993
V468L,468,S29,V,L,i_100,1,Imatinib,100,20016,1501070,0.013334488,-0.074787851,0.036565319,0.034031007,1.200178745
V468L,468,S29,V,L,i_200,1,Imatinib,200,22894,1625430,0.014084888,0.004197834,0.032553622,0.034031007,0.899090372
V468L,468,S29,V,L,i_300,1,Imatinib,300,21679,1495698,0.014494236,0.045529014,0.024531038,0.034031007,0.504595714
V468L,468,S29,V,L,i_444,1,Imatinib,444,14684,1159488,0.01266421,-0.149193159,0.014428813,0.034031007,0.24381198
V468L,468,S29,V,L,i_500,1,Imatinib,500,14135,1082233,0.013060958,-0.104689545,0.010820197,0.034031007,0.188025378
V468L,468,S29,V,L,i_579,1,Imatinib,579,18430,1434143,0.01285088,-0.128083102,0.008069313,0.034031007,0.154240541
V468L,468,S29,V,L,i_750,1,Imatinib,750,16301,1243646,0.013107428,-0.099565704,0.00352075,0.034031007,0.111165135
V468L,468,S29,V,L,i_1000,1,Imatinib,1000,13734,1149553,0.011947253,-0.233271404,-0.001429339,0.034031007,0.077836495
V468L,468,S29,V,L,i_1250,1,Imatinib,1250,12540,977748,0.012825391,-0.130947526,-0.00155492,0.034031007,0.077135879
V468L,468,S29,V,L,i_2500,1,Imatinib,2500,13326,1124752,0.011847945,-0.245313423,-0.004420632,0.034031007,0.062754937
V468L,468,S29,V,L,i_5000,1,Imatinib,5000,8770,764852,0.011466271,-0.292554058,-0.007339809,0.034031007,0.050858972
V468L,468,S29,V,L,N,1,None,0,21244,1673746,0.012692487,-0.145975463,0.034031007,0.034031007,1
V468M,468,S29,V,M,a_5,1,Asciminib,5,10759,1698411,0.006334745,0.100490418,0.037499022,0.036517031,1.073262768
V468M,468,S29,V,M,a_10,1,Asciminib,10,11761,1450953,0.008105707,0.456141992,0.038259592,0.036517031,1.133674792
V468M,468,S29,V,M,a_50,1,Asciminib,50,12412,1311506,0.009463929,0.679643241,0.028195005,0.036517031,0.549258604
V468M,468,S29,V,M,a_89,1,Asciminib,89,10614,1317239,0.008057763,0.447583368,0.020978195,0.036517031,0.326672789
V468M,468,S29,V,M,a_128,1,Asciminib,128,8957,1178751,0.007598721,0.362960563,0.017363602,0.036517031,0.251818436
V468M,468,S29,V,M,a_250,1,Asciminib,250,32379,5028356,0.006439282,0.124103682,0.012986958,0.036517031,0.183752545
V468M,468,S29,V,M,a_363,1,Asciminib,363,6816,1407560,0.004842422,-0.287067134,0.006930605,0.036517031,0.118810835
V468M,468,S29,V,M,a_500,1,Asciminib,500,7340,1483951,0.004946255,-0.25645944,0.006409682,0.036517031,0.114437191
V468M,468,S29,V,M,a_638,1,Asciminib,638,3811,862155,0.004420319,-0.418645609,0.002801863,0.036517031,0.088257894
V468M,468,S29,V,M,a_750,1,Asciminib,750,4556,941415,0.004839523,-0.287931047,0.004429484,0.036517031,0.099231138
V468M,468,S29,V,M,a_1151,1,Asciminib,1151,3748,880135,0.004258438,-0.47247183,0.002238417,0.036517031,0.084749094
V468M,468,S29,V,M,a_2500,1,Asciminib,2500,9799,2498175,0.003922463,-0.591036063,0.000489902,0.036517031,0.074724047
V468M,468,S29,V,M,D0,1,D0,,5991,1009589,0.005934098,0.006232688,,0.036517031,
V468M,468,S29,V,M,D0,1,D0,,5991,1009589,0.005934098,0.006232688,,0.036517031,
V468M,468,S29,V,M,D0,2,D0,,9023,1533758,0.005882936,-0.006259732,,0.036517031,
V468M,468,S29,V,M,D0,2,D0,,9023,1533758,0.005882936,-0.006259732,,0.036517031,
V468M,468,S29,V,M,i_50,1,Imatinib,50,10083,1605903,0.00627871,0.087672241,0.038634867,0.036517031,1.164723996
V468M,468,S29,V,M,i_100,1,Imatinib,100,8551,1501070,0.005696603,-0.052694158,0.036796593,0.036517031,1.020332378
V468M,468,S29,V,M,i_200,1,Imatinib,200,9010,1625430,0.005543149,-0.092090369,0.03154569,0.036517031,0.699117393
V468M,468,S29,V,M,i_300,1,Imatinib,300,7622,1495698,0.005095949,-0.213445347,0.021820129,0.036517031,0.347087991
V468M,468,S29,V,M,i_444,1,Imatinib,444,5778,1159488,0.004983234,-0.245713734,0.013418449,0.036517031,0.189550852
V468M,468,S29,V,M,i_500,1,Imatinib,500,4924,1082233,0.004549852,-0.376976425,0.007969934,0.036517031,0.128042759
V468M,468,S29,V,M,i_579,1,Imatinib,579,6897,1434143,0.004809144,-0.297015966,0.006300947,0.036517031,0.113544766
V468M,468,S29,V,M,i_750,1,Imatinib,750,5863,1243646,0.004714364,-0.325732877,0.001153262,0.036517031,0.078379618
V468M,468,S29,V,M,i_1000,1,Imatinib,1000,6350,1149553,0.005523886,-0.097112439,-4.04E-06,0.036517031,0.072113249
V468M,468,S29,V,M,i_1250,1,Imatinib,1250,5156,977748,0.005273342,-0.16407837,-0.00190173,0.036517031,0.062903669
V468M,468,S29,V,M,i_2500,1,Imatinib,2500,6898,1124752,0.006132908,0.053775148,-0.001289813,0.036517031,0.065737034
V468M,468,S29,V,M,i_5000,1,Imatinib,5000,4365,764852,0.005706986,-0.050066911,-0.004801486,0.036517031,0.051050841
V468M,468,S29,V,M,N,1,None,0,10537,1673746,0.006295459,0.091515613,0.036517031,0.036517031,1
V468N,468,S29,V,N,a_5,1,Asciminib,5,1189,1698411,0.000700066,0.220565887,0.038755956,0.036955,1.138451277
V468N,468,S29,V,N,a_10,1,Asciminib,10,1526,1450953,0.001051723,0.807756967,0.041940251,0.036955,1.431808072
V468N,468,S29,V,N,a_50,1,Asciminib,50,2188,1311506,0.001668311,1.473391123,0.036503851,0.036955,0.968039172
V468N,468,S29,V,N,a_89,1,Asciminib,89,1671,1317239,0.001268563,1.078197394,0.027579378,0.036955,0.509133593
V468N,468,S29,V,N,a_128,1,Asciminib,128,2264,1178751,0.001920677,1.676617756,0.031114789,0.036955,0.656721517
V468N,468,S29,V,N,a_250,1,Asciminib,250,7383,5028356,0.001468273,1.289123157,0.025182225,0.036955,0.428424914
V468N,468,S29,V,N,a_363,1,Asciminib,363,1933,1407560,0.001373298,1.192648009,0.022420065,0.036955,0.351159291
V468N,468,S29,V,N,a_500,1,Asciminib,500,2346,1483951,0.001580915,1.395762351,0.023704918,0.036955,0.385194868
V468N,468,S29,V,N,a_638,1,Asciminib,638,923,862155,0.001070573,0.833386177,0.015907964,0.036955,0.219723215
V468N,468,S29,V,N,a_750,1,Asciminib,750,1124,941415,0.001193947,0.990742082,0.017814463,0.036955,0.25205229
V468N,468,S29,V,N,a_1151,1,Asciminib,1151,510,880135,0.000579457,-0.05222479,0.006637507,0.036955,0.112718747
V468N,468,S29,V,N,a_2500,1,Asciminib,2500,1388,2498175,0.000555606,-0.112864183,0.005495341,0.036955,0.103820123
V468N,468,S29,V,N,D0,1,D0,,574,1009589,0.000568548,-0.079642662,,0.036955,
V468N,468,S29,V,N,D0,1,D0,,574,1009589,0.000568548,-0.079642662,,0.036955,
V468N,468,S29,V,N,D0,2,D0,,971,1533758,0.000633086,0.075475124,,0.036955,
V468N,468,S29,V,N,D0,2,D0,,971,1533758,0.000633086,0.075475124,,0.036955,
V468N,468,S29,V,N,i_50,1,Imatinib,50,1148,1605903,0.000714863,0.250740681,0.040341845,0.036955,1.276156524
V468N,468,S29,V,N,i_100,1,Imatinib,100,932,1501070,0.00062089,0.047413396,0.037844505,0.036955,1.066139708
V468N,468,S29,V,N,i_200,1,Imatinib,200,1164,1625430,0.000716118,0.253272424,0.035160901,0.036955,0.878820032
V468N,468,S29,V,N,i_300,1,Imatinib,300,928,1495698,0.000620446,0.046380596,0.024539952,0.036955,0.409064086
V468N,468,S29,V,N,i_444,1,Imatinib,444,622,1159488,0.000536444,-0.163498611,0.014279066,0.036955,0.195407671
V468N,468,S29,V,N,i_500,1,Imatinib,500,558,1082233,0.000515601,-0.220671319,0.009606115,0.036955,0.139579667
V468N,468,S29,V,N,i_579,1,Imatinib,579,550,1434143,0.000383504,-0.647682568,0.002630216,0.036955,0.084467833
V468N,468,S29,V,N,i_750,1,Imatinib,750,415,1243646,0.000333696,-0.848389851,-0.004317841,0.036955,0.051219009
V468N,468,S29,V,N,i_1000,1,Imatinib,1000,565,1149553,0.000491495,-0.289747418,-0.002020522,0.036955,0.060431934
V468N,468,S29,V,N,i_1250,1,Imatinib,1250,455,977748,0.000465355,-0.368593342,-0.004042565,0.036955,0.052244289
V468N,468,S29,V,N,i_2500,1,Imatinib,2500,514,1124752,0.00045699,-0.394763875,-0.00598506,0.036955,0.045425379
V468N,468,S29,V,N,i_5000,1,Imatinib,5000,423,764852,0.000553048,-0.119520156,-0.005528513,0.036955,0.046943385
V468N,468,S29,V,N,N,1,None,0,1103,1673746,0.000659001,0.133354976,0.036955,0.036955,1
V468P,468,S29,V,P,a_5,1,Asciminib,5,10476,1698411,0.006168118,-0.145501339,0.034924013,0.038670489,0.76357325
V468P,468,S29,V,P,a_10,1,Asciminib,10,6614,1450953,0.004558383,-0.581809521,0.027394455,0.038670489,0.444025002
V468P,468,S29,V,P,a_50,1,Asciminib,50,5536,1311506,0.004221102,-0.692712244,0.013829372,0.038670489,0.167200699
V468P,468,S29,V,P,a_89,1,Asciminib,89,5598,1317239,0.004249798,-0.682937424,0.009144055,0.038670489,0.119325139
V468P,468,S29,V,P,a_128,1,Asciminib,128,5440,1178751,0.004615054,-0.563984122,0.007660469,0.038670489,0.107236199
V468P,468,S29,V,P,a_250,1,Asciminib,250,23419,5028356,0.004657387,-0.550811004,0.005922042,0.038670489,0.094619832
V468P,468,S29,V,P,a_363,1,Asciminib,363,7273,1407560,0.005167098,-0.400977624,0.005738206,0.038670489,0.093375679
V468P,468,S29,V,P,a_500,1,Asciminib,500,7064,1483951,0.004760265,-0.519289891,0.003658408,0.038670489,0.080389654
V468P,468,S29,V,P,a_638,1,Asciminib,638,3967,862155,0.004601261,-0.56830255,0.001235274,0.038670489,0.067519729
V468P,468,S29,V,P,a_750,1,Asciminib,750,5311,941415,0.005641508,-0.274250995,0.004572685,0.038670489,0.0858596
V468P,468,S29,V,P,a_1151,1,Asciminib,1151,4455,880135,0.005061723,-0.430703081,0.002675647,0.038670489,0.074897962
V468P,468,S29,V,P,a_2500,1,Asciminib,2500,15786,2498175,0.006319013,-0.110632572,0.005518701,0.038670489,0.091911539
V468P,468,S29,V,P,D0,1,D0,,7039,1009589,0.006972144,0.031270611,,0.038670489,
V468P,468,S29,V,P,D0,1,D0,,7039,1009589,0.006972144,0.031270611,,0.038670489,
V468P,468,S29,V,P,D0,2,D0,,10235,1533758,0.006673152,-0.03196345,,0.038670489,
V468P,468,S29,V,P,D0,2,D0,,10235,1533758,0.006673152,-0.03196345,,0.038670489,
V468P,468,S29,V,P,i_50,1,Imatinib,50,13659,1605903,0.008505495,0.318063428,0.041046571,0.038670489,1.186583202
V468P,468,S29,V,P,i_100,1,Imatinib,100,12173,1501070,0.008109549,0.24928982,0.039957721,0.038670489,1.09711139
V468P,468,S29,V,P,i_200,1,Imatinib,200,14640,1625430,0.009006847,0.400690443,0.036704053,0.038670489,0.867982819
V468P,468,S29,V,P,i_300,1,Imatinib,300,12324,1495698,0.008239631,0.272247997,0.026904302,0.038670489,0.428628187
V468P,468,S29,V,P,i_444,1,Imatinib,444,10433,1159488,0.008997937,0.39926249,0.020169973,0.038670489,0.263939046
V468P,468,S29,V,P,i_500,1,Imatinib,500,9550,1082233,0.008824347,0.371157816,0.015801303,0.038670489,0.192707578
V468P,468,S29,V,P,i_579,1,Imatinib,579,12065,1434143,0.00841269,0.302235348,0.012573829,0.038670489,0.152748959
V468P,468,S29,V,P,i_750,1,Imatinib,750,10110,1243646,0.008129323,0.252803428,0.007209303,0.038670489,0.103808713
V468P,468,S29,V,P,i_1000,1,Imatinib,1000,9027,1149553,0.007852617,0.202841846,0.003135836,0.038670489,0.077421174
V468P,468,S29,V,P,i_1250,1,Imatinib,1250,8899,977748,0.009101527,0.415776863,0.004168117,0.038670489,0.083394682
V468P,468,S29,V,P,i_2500,1,Imatinib,2500,10391,1124752,0.009238481,0.437323886,0.002725123,0.038670489,0.075165246
V468P,468,S29,V,P,i_5000,1,Imatinib,5000,6066,764852,0.007930946,0.217161203,-0.002004178,0.038670489,0.05347313
V468P,468,S29,V,P,N,1,None,0,14032,1673746,0.00838359,0.297236361,0.038670489,0.038670489,1
V468Q,468,S29,V,Q,a_5,1,Asciminib,5,3706,1698411,0.00218204,-0.183597641,0.034525226,0.033516038,1.075366567
V468Q,468,S29,V,Q,a_10,1,Asciminib,10,3764,1450953,0.002594157,0.065990938,0.034175543,0.033516038,1.04862987
V468Q,468,S29,V,Q,a_50,1,Asciminib,50,4884,1311506,0.003723963,0.58756389,0.027231131,0.033516038,0.636027618
V468Q,468,S29,V,Q,a_89,1,Asciminib,89,7585,1317239,0.005758256,1.216357146,0.029025615,0.033516038,0.723749167
V468Q,468,S29,V,Q,a_128,1,Asciminib,128,7054,1178751,0.0059843,1.271907679,0.026878338,0.033516038,0.620075298
V468Q,468,S29,V,Q,a_250,1,Asciminib,250,31283,5028356,0.006221318,1.32794527,0.02558861,0.033516038,0.565087455
V468Q,468,S29,V,Q,a_363,1,Asciminib,363,7711,1407560,0.005478274,1.144446644,0.0219155,0.033516038,0.433770914
V468Q,468,S29,V,Q,a_500,1,Asciminib,500,11933,1483951,0.008041371,1.698166525,0.026870444,0.033516038,0.619722978
V468Q,468,S29,V,Q,a_638,1,Asciminib,638,5469,862155,0.006343407,1.355982991,0.021378437,0.033516038,0.417317798
V468Q,468,S29,V,Q,a_750,1,Asciminib,750,5266,941415,0.005593707,1.174529874,0.019738329,0.033516038,0.370836117
V468Q,468,S29,V,Q,a_1151,1,Asciminib,1151,5555,880135,0.006311532,1.348715275,0.021302359,0.033516038,0.415038156
V468Q,468,S29,V,Q,a_2500,1,Asciminib,2500,12470,2498175,0.004991644,1.010240115,0.017251846,0.033516038,0.310049975
V468Q,468,S29,V,Q,D0,1,D0,,2440,1009589,0.002416825,-0.036161851,,0.033516038,
V468Q,468,S29,V,Q,D0,1,D0,,2440,1009589,0.002416825,-0.036161851,,0.033516038,
V468Q,468,S29,V,Q,D0,2,D0,,3895,1533758,0.002539514,0.035277557,,0.033516038,
V468Q,468,S29,V,Q,D0,2,D0,,3895,1533758,0.002539514,0.035277557,,0.033516038,
V468Q,468,S29,V,Q,i_50,1,Imatinib,50,3273,1605903,0.002038106,-0.282046054,0.034764705,0.033516038,1.094069334
V468Q,468,S29,V,Q,i_100,1,Imatinib,100,3018,1501070,0.002010566,-0.301673353,0.034190312,0.033516038,1.049745526
V468Q,468,S29,V,Q,i_200,1,Imatinib,200,3311,1625430,0.002036999,-0.282829319,0.02954906,0.033516038,0.751546356
V468Q,468,S29,V,Q,i_300,1,Imatinib,300,3157,1495698,0.00211072,-0.231539548,0.021630722,0.033516038,0.424967431
V468Q,468,S29,V,Q,i_444,1,Imatinib,444,2805,1159488,0.002419171,-0.034762021,0.015626663,0.033516038,0.275812234
V468Q,468,S29,V,Q,i_500,1,Imatinib,500,2200,1082233,0.002032834,-0.285782517,0.00892454,0.033516038,0.170232887
V468Q,468,S29,V,Q,i_579,1,Imatinib,579,3422,1434143,0.002386094,-0.054624027,0.008838273,0.033516038,0.169178814
V468Q,468,S29,V,Q,i_750,1,Imatinib,750,2301,1243646,0.001850205,-0.421589804,0.000149845,0.033516038,0.090503581
V468Q,468,S29,V,Q,i_1000,1,Imatinib,1000,2505,1149553,0.002179108,-0.185537282,-0.000929664,0.033516038,0.083735645
V468Q,468,S29,V,Q,i_1250,1,Imatinib,1250,2429,977748,0.00248428,0.003553003,-0.000146987,0.033516038,0.088589871
V468Q,468,S29,V,Q,i_2500,1,Imatinib,2500,3086,1124752,0.002743716,0.146856227,-0.000315453,0.033516038,0.087521803
V468Q,468,S29,V,Q,i_5000,1,Imatinib,5000,1653,764852,0.002161202,-0.197440694,-0.006344175,0.033516038,0.056702595
V468Q,468,S29,V,Q,N,1,None,0,3623,1673746,0.002164606,-0.195170704,0.033516038,0.033516038,1
V468R,468,S29,V,R,a_5,1,Asciminib,5,13389,1698411,0.007883251,0.731283176,0.044102076,0.042901142,1.090315639
V468R,468,S29,V,R,a_10,1,Asciminib,10,14798,1450953,0.010198814,1.102822,0.045028952,0.042901142,1.165560743
V468R,468,S29,V,R,a_50,1,Asciminib,50,25979,1311506,0.019808525,2.060542075,0.042650069,0.042901142,0.982085119
V468R,468,S29,V,R,a_89,1,Asciminib,89,32372,1317239,0.024575646,2.371649952,0.041119065,0.042901142,0.879581077
V468R,468,S29,V,R,a_128,1,Asciminib,128,32828,1178751,0.027849817,2.552088447,0.040279099,0.042901142,0.827962726
V468R,468,S29,V,R,a_250,1,Asciminib,250,195679,5028356,0.038915105,3.034750821,0.043455222,0.042901142,1.040700157
V468R,468,S29,V,R,a_363,1,Asciminib,363,54767,1407560,0.038909176,3.034531018,0.041700649,0.042901142,0.917194707
V468R,468,S29,V,R,a_500,1,Asciminib,500,71140,1483951,0.047939588,3.335638103,0.044011277,0.042901142,1.083210925
V468R,468,S29,V,R,a_638,1,Asciminib,638,40193,862155,0.046619227,3.295345679,0.041679425,0.042901142,0.915794195
V468R,468,S29,V,R,a_750,1,Asciminib,750,43443,941415,0.046146492,3.280641572,0.041784823,0.042901142,0.922770268
V468R,468,S29,V,R,a_1151,1,Asciminib,1151,46964,880135,0.053359996,3.49017914,0.043718916,0.042901142,1.060647636
V468R,468,S29,V,R,a_2500,1,Asciminib,2500,128175,2498175,0.051307454,3.433589034,0.042619137,0.042901142,0.979900394
V468R,468,S29,V,R,D0,1,D0,,4818,1009589,0.004772239,0.007158786,,0.042901142,
V468R,468,S29,V,R,D0,1,D0,,4818,1009589,0.004772239,0.007158786,,0.042901142,
V468R,468,S29,V,R,D0,2,D0,,7247,1533758,0.004724996,-0.007194486,,0.042901142,
V468R,468,S29,V,R,D0,2,D0,,7247,1533758,0.004724996,-0.007194486,,0.042901142,
V468R,468,S29,V,R,i_50,1,Imatinib,50,12272,1605903,0.007641807,0.686406218,0.044902334,0.042901142,1.154983187
V468R,468,S29,V,R,i_100,1,Imatinib,100,11951,1501070,0.007961654,0.745560668,0.045152617,0.042901142,1.175985143
V468R,468,S29,V,R,i_200,1,Imatinib,200,14283,1625430,0.008787213,0.887898192,0.041804078,0.042901142,0.924050464
V468R,468,S29,V,R,i_300,1,Imatinib,300,14261,1495698,0.009534679,1.005676826,0.034581737,0.042901142,0.549362258
V468R,468,S29,V,R,i_444,1,Imatinib,444,12590,1159488,0.010858241,1.193210978,0.02848092,0.042901142,0.354071637
V468R,468,S29,V,R,i_500,1,Imatinib,500,10399,1082233,0.009608837,1.016854246,0.022560366,0.042901142,0.231185269
V468R,468,S29,V,R,i_579,1,Imatinib,579,13238,1434143,0.0092306,0.958916876,0.019447883,0.042901142,0.184771628
V468R,468,S29,V,R,i_750,1,Imatinib,750,10793,1243646,0.008678515,0.869940628,0.013669412,0.042901142,0.121884116
V468R,468,S29,V,R,i_1000,1,Imatinib,1000,8835,1149553,0.007685596,0.694649641,0.008284014,0.042901142,0.082708474
V468R,468,S29,V,R,i_1250,1,Imatinib,1250,6635,977748,0.006786002,0.51505437,0.005207341,0.042901142,0.06627426
V468R,468,S29,V,R,i_2500,1,Imatinib,2500,6133,1124752,0.005452758,0.199478508,0.00023539,0.042901142,0.046331455
V468R,468,S29,V,R,i_5000,1,Imatinib,5000,4337,764852,0.005670378,0.255937416,-0.001598274,0.042901142,0.040601188
V468R,468,S29,V,R,N,1,None,0,12924,1673746,0.007721602,0.701392632,0.042901142,0.042901142,1
V468S,468,S29,V,S,a_5,1,Asciminib,5,1085,1698411,0.000638832,-0.620371078,0.029953141,0.026037423,1.325688154
V468S,468,S29,V,S,a_10,1,Asciminib,10,1159,1450953,0.000798785,-0.298000722,0.030365328,0.026037423,1.365620832
V468S,468,S29,V,S,a_50,1,Asciminib,50,1175,1311506,0.000895917,-0.132444152,0.019694183,0.026037423,0.633361928
V468S,468,S29,V,S,a_89,1,Asciminib,89,1500,1317239,0.001138746,0.213564868,0.01852852,0.026037423,0.582374843
V468S,468,S29,V,S,a_128,1,Asciminib,128,1111,1178751,0.000942523,-0.059280679,0.012943637,0.026037423,0.389554081
V468S,468,S29,V,S,a_250,1,Asciminib,250,3049,5028356,0.000606361,-0.695631144,0.004406084,0.026037423,0.210671252
V468S,468,S29,V,S,a_363,1,Asciminib,363,887,1407560,0.000630169,-0.640070913,0.003235409,0.026037423,0.193641848
V468S,468,S29,V,S,a_500,1,Asciminib,500,562,1483951,0.000378719,-1.37468192,-0.005295721,0.026037423,0.104770154
V468S,468,S29,V,S,a_638,1,Asciminib,638,492,862155,0.000570663,-0.783169449,-0.001013924,0.026037423,0.142602114
V468S,468,S29,V,S,a_750,1,Asciminib,750,595,941415,0.000632027,-0.635821673,0.000787811,0.026037423,0.16235467
V468S,468,S29,V,S,a_1151,1,Asciminib,1151,440,880135,0.000499923,-0.974101806,-0.003012578,0.026037423,0.123489387
V468S,468,S29,V,S,a_2500,1,Asciminib,2500,1026,2498175,0.0004107,-1.257724313,-0.006488901,0.026037423,0.096145239
V468S,468,S29,V,S,D0,1,D0,,989,1009589,0.000979607,-0.003606171,,0.026037423,
V468S,468,S29,V,S,D0,1,D0,,989,1009589,0.000979607,-0.003606171,,0.026037423,
V468S,468,S29,V,S,D0,2,D0,,1510,1533758,0.00098451,0.00359718,,0.026037423,
V468S,468,S29,V,S,D0,2,D0,,1510,1533758,0.00098451,0.00359718,,0.026037423,
V468S,468,S29,V,S,i_50,1,Imatinib,50,920,1605903,0.000572886,-0.777559488,0.029577737,0.026037423,1.290335981
V468S,468,S29,V,S,i_100,1,Imatinib,100,797,1501070,0.000530955,-0.887220128,0.028060887,0.026037423,1.156836861
V468S,468,S29,V,S,i_200,1,Imatinib,200,845,1625430,0.000519862,-0.917678681,0.022903542,0.026037423,0.798005798
V468S,468,S29,V,S,i_300,1,Imatinib,300,1147,1495698,0.000766866,-0.356834016,0.020319156,0.026037423,0.662512925
V468S,468,S29,V,S,i_444,1,Imatinib,444,997,1159488,0.000859862,-0.19170298,0.013983826,0.026037423,0.419849506
V468S,468,S29,V,S,i_500,1,Imatinib,500,841,1082233,0.000777097,-0.337713934,0.008380928,0.026037423,0.280475868
V468S,468,S29,V,S,i_579,1,Imatinib,579,1292,1434143,0.000900886,-0.124463315,0.008107205,0.026037423,0.275002329
V468S,468,S29,V,S,i_750,1,Imatinib,750,959,1243646,0.00077112,-0.348853666,0.000911237,0.026037423,0.163803889
V468S,468,S29,V,S,i_1000,1,Imatinib,1000,635,1149553,0.000552389,-0.830124987,-0.007677122,0.026037423,0.088261859
V468S,468,S29,V,S,i_1250,1,Imatinib,1250,726,977748,0.000742523,-0.403373633,-0.00440664,0.026037423,0.111696206
V468S,468,S29,V,S,i_2500,1,Imatinib,2500,452,1124752,0.000401866,-1.289092755,-0.015346774,0.026037423,0.050809994
V468S,468,S29,V,S,i_5000,1,Imatinib,5000,302,764852,0.000394848,-1.314512562,-0.018037533,0.026037423,0.04186116
V468S,468,S29,V,S,N,1,None,0,875,1673746,0.000522779,-0.909606187,0.026037423,0.026037423,1
V468T,468,S29,V,T,a_5,1,Asciminib,5,3377,1698411,0.001988329,-0.082381272,0.035584746,0.033995647,1.121217419
V468T,468,S29,V,T,a_10,1,Asciminib,10,3299,1450953,0.002273678,0.111090159,0.034647636,0.033995647,1.048062455
V468T,468,S29,V,T,a_50,1,Asciminib,50,3067,1311506,0.002338533,0.151665928,0.022668209,0.033995647,0.442384642
V468T,468,S29,V,T,a_89,1,Asciminib,89,3292,1317239,0.002499167,0.247509373,0.018883847,0.033995647,0.336872875
V468T,468,S29,V,T,a_128,1,Asciminib,128,2767,1178751,0.0023474,0.157125818,0.015208951,0.033995647,0.258556217
V468T,468,S29,V,T,a_250,1,Asciminib,250,11565,5028356,0.002299956,0.127668736,0.013024276,0.033995647,0.220923517
V468T,468,S29,V,T,a_363,1,Asciminib,363,2409,1407560,0.001711472,-0.298699859,0.006808836,0.033995647,0.141218005
V468T,468,S29,V,T,a_500,1,Asciminib,500,2723,1483951,0.001834966,-0.198184303,0.007019698,0.033995647,0.14337835
V468T,468,S29,V,T,a_638,1,Asciminib,638,1418,862155,0.001644716,-0.356099467,0.003456588,0.033995647,0.110934836
V468T,468,S29,V,T,a_750,1,Asciminib,750,1715,941415,0.001821726,-0.208632,0.005259576,0.033995647,0.126312388
V468T,468,S29,V,T,a_1151,1,Asciminib,1151,1606,880135,0.00182472,-0.206262672,0.005025059,0.033995647,0.124197484
V468T,468,S29,V,T,a_2500,1,Asciminib,2500,5073,2498175,0.002030682,-0.051973213,0.00613274,0.033995647,0.1345083
V468T,468,S29,V,T,D0,1,D0,,2066,1009589,0.002046377,-0.040865673,,0.033995647,
V468T,468,S29,V,T,D0,1,D0,,2066,1009589,0.002046377,-0.040865673,,0.033995647,
V468T,468,S29,V,T,D0,2,D0,,3319,1533758,0.002163966,0.03973993,,0.033995647,
V468T,468,S29,V,T,D0,2,D0,,3319,1533758,0.002163966,0.03973993,,0.033995647,
V468T,468,S29,V,T,i_50,1,Imatinib,50,2913,1605903,0.001813933,-0.214816883,0.035468451,0.033995647,1.111868431
V468T,468,S29,V,T,i_100,1,Imatinib,100,2880,1501070,0.001918631,-0.133860275,0.035946957,0.033995647,1.150842505
V468T,468,S29,V,T,i_200,1,Imatinib,200,2794,1625430,0.00171893,-0.292427237,0.02944859,0.033995647,0.720803929
V468T,468,S29,V,T,i_300,1,Imatinib,300,2346,1495698,0.001568498,-0.424553724,0.019610275,0.033995647,0.354961194
V468T,468,S29,V,T,i_444,1,Imatinib,444,1863,1159488,0.001606744,-0.389798046,0.011910194,0.033995647,0.20389448
V468T,468,S29,V,T,i_500,1,Imatinib,500,1686,1082233,0.00155789,-0.434344433,0.007369413,0.033995647,0.147034378
V468T,468,S29,V,T,i_579,1,Imatinib,579,2448,1434143,0.001706943,-0.302523157,0.006243298,0.033995647,0.135583288
V468T,468,S29,V,T,i_750,1,Imatinib,750,1636,1243646,0.001315487,-0.678340968,-0.002537792,0.033995647,0.072049088
V468T,468,S29,V,T,i_1000,1,Imatinib,1000,1860,1149553,0.00161802,-0.379708192,-0.002962219,0.033995647,0.069880656
V468T,468,S29,V,T,i_1250,1,Imatinib,1250,1807,977748,0.001848124,-0.18787591,-0.002150839,0.033995647,0.074084642
V468T,468,S29,V,T,i_2500,1,Imatinib,2500,2092,1124752,0.001859966,-0.178661911,-0.003722933,0.033995647,0.066156123
V468T,468,S29,V,T,i_5000,1,Imatinib,5000,1377,764852,0.001800348,-0.225661788,-0.00663959,0.033995647,0.053625152
V468T,468,S29,V,T,N,1,None,0,3177,1673746,0.001898137,-0.149353348,0.033995647,0.033995647,1
V468W,468,S29,V,W,a_5,1,Asciminib,5,11214,1698411,0.006602642,0.283606252,0.039415854,0.036719449,1.214267658
V468W,468,S29,V,W,a_10,1,Asciminib,10,10901,1450953,0.007512993,0.469950596,0.038404139,0.036719449,1.128960908
V468W,468,S29,V,W,a_50,1,Asciminib,50,18600,1311506,0.014182169,1.38656911,0.03559501,0.036719449,0.922230934
V468W,468,S29,V,W,a_89,1,Asciminib,89,22652,1317239,0.017196576,1.6646122,0.033717889,0.036719449,0.805644796
V468W,468,S29,V,W,a_128,1,Asciminib,128,23371,1178751,0.019826918,1.869951368,0.033138579,0.036719449,0.772732268
V468W,468,S29,V,W,a_250,1,Asciminib,250,128964,5028356,0.025647349,2.241300595,0.035149491,0.036719449,0.893117627
V468W,468,S29,V,W,a_363,1,Asciminib,363,35604,1407560,0.025294836,2.221333808,0.03318821,0.036719449,0.775498499
V468W,468,S29,V,W,a_500,1,Asciminib,500,44536,1483951,0.030011773,2.46801943,0.034929161,0.036719449,0.87906122
V468W,468,S29,V,W,a_638,1,Asciminib,638,23197,862155,0.026905835,2.310409966,0.03136925,0.036719449,0.680304822
V468W,468,S29,V,W,a_750,1,Asciminib,750,26918,941415,0.028593128,2.398159374,0.032547118,0.036719449,0.740516137
V468W,468,S29,V,W,a_1151,1,Asciminib,1151,27634,880135,0.031397456,2.533138569,0.033700744,0.036719449,0.804650861
V468W,468,S29,V,W,a_2500,1,Asciminib,2500,72037,2498175,0.02883585,2.410354455,0.031908055,0.036719449,0.707215127
V468W,468,S29,V,W,D0,1,D0,,5374,1009589,0.005322958,-0.027208973,,0.036719449,
V468W,468,S29,V,W,D0,1,D0,,5374,1009589,0.005322958,-0.027208973,,0.036719449,
V468W,468,S29,V,W,D0,2,D0,,8475,1533758,0.005525644,0.026705301,,0.036719449,
V468W,468,S29,V,W,D0,2,D0,,8475,1533758,0.005525644,0.026705301,,0.036719449,
V468W,468,S29,V,W,i_50,1,Imatinib,50,9852,1605903,0.006134866,0.177594676,0.039576163,0.036719449,1.228364211
V468W,468,S29,V,W,i_100,1,Imatinib,100,9763,1501070,0.006504027,0.261896077,0.040089681,0.036719449,1.274630988
V468W,468,S29,V,W,i_200,1,Imatinib,200,10840,1625430,0.006669005,0.298034227,0.035629462,0.036719449,0.924521372
V468W,468,S29,V,W,i_300,1,Imatinib,300,10297,1495698,0.006884411,0.343896064,0.027654304,0.036719449,0.520643138
V468W,468,S29,V,W,i_444,1,Imatinib,444,8145,1159488,0.007024652,0.372989612,0.019894953,0.036719449,0.297790886
V468W,468,S29,V,W,i_500,1,Imatinib,500,7043,1082233,0.006507841,0.262741746,0.014666418,0.036719449,0.204371012
V468W,468,S29,V,W,i_579,1,Imatinib,579,11051,1434143,0.007705647,0.506478937,0.014711823,0.036719449,0.205040233
V468W,468,S29,V,W,i_750,1,Imatinib,750,7765,1243646,0.006243738,0.202972841,0.006687683,0.036719449,0.115061654
V468W,468,S29,V,W,i_1000,1,Imatinib,1000,6611,1149553,0.005750931,0.084358334,0.001895567,0.036719449,0.081486368
V468W,468,S29,V,W,i_1250,1,Imatinib,1250,5808,977748,0.005940181,0.13106967,0.001187841,0.036719449,0.077438142
V468W,468,S29,V,W,i_2500,1,Imatinib,2500,6372,1124752,0.005665249,0.062702137,-0.001196367,0.036719449,0.065223283
V468W,468,S29,V,W,i_5000,1,Imatinib,5000,4744,764852,0.006202507,0.193414296,-0.002252757,0.036719449,0.060446362
V468W,468,S29,V,W,N,1,None,0,9804,1673746,0.00585752,0.110852678,0.036719449,0.036719449,1
V468Y,468,S29,V,Y,a_5,1,Asciminib,5,4784,1698411,0.00281675,-0.382167722,0.032446621,0.030638944,1.139002354
V468Y,468,S29,V,Y,a_10,1,Asciminib,10,3858,1450953,0.002658942,-0.465347135,0.028613568,0.030638944,0.864307122
V468Y,468,S29,V,Y,a_50,1,Asciminib,50,7229,1311506,0.005511984,0.586372192,0.027218656,0.030638944,0.781718368
V468Y,468,S29,V,Y,a_89,1,Asciminib,89,7591,1317239,0.005762811,0.650573328,0.023103066,0.030638944,0.581244827
V468Y,468,S29,V,Y,a_128,1,Asciminib,128,7793,1178751,0.006611235,0.84872033,0.02244847,0.030638944,0.55448575
V468Y,468,S29,V,Y,a_250,1,Asciminib,250,43598,5028356,0.008670428,1.239903765,0.024667003,0.030638944,0.650522273
V468Y,468,S29,V,Y,a_363,1,Asciminib,363,10003,1407560,0.007106624,0.952964926,0.019911095,0.030638944,0.461900779
V468Y,468,S29,V,Y,a_500,1,Asciminib,500,12594,1483951,0.008486803,1.209021721,0.021750142,0.030638944,0.527295717
V468Y,468,S29,V,Y,a_638,1,Asciminib,638,7221,862155,0.008375524,1.189979983,0.01964074,0.030638944,0.452996568
V468Y,468,S29,V,Y,a_750,1,Asciminib,750,8551,941415,0.009083135,1.30699091,0.021124913,0.030638944,0.504085056
V468Y,468,S29,V,Y,a_1151,1,Asciminib,1151,6585,880135,0.007481807,1.027187215,0.017936647,0.030638944,0.400690722
V468Y,468,S29,V,Y,a_2500,1,Asciminib,2500,14824,2498175,0.005933932,0.692788847,0.013928809,0.030638944,0.300253021
V468Y,468,S29,V,Y,D0,1,D0,,3833,1009589,0.003796594,0.04850641,,0.030638944,
V468Y,468,S29,V,Y,D0,1,D0,,3833,1009589,0.003796594,0.04850641,,0.030638944,
V468Y,468,S29,V,Y,D0,2,D0,,5438,1533758,0.00354554,-0.050194209,,0.030638944,
V468Y,468,S29,V,Y,D0,2,D0,,5438,1533758,0.00354554,-0.050194209,,0.030638944,
V468Y,468,S29,V,Y,i_50,1,Imatinib,50,4411,1605903,0.002746741,-0.418478484,0.033336549,0.030638944,1.214372559
V468Y,468,S29,V,Y,i_100,1,Imatinib,100,4204,1501070,0.002800669,-0.390428078,0.03326124,0.030638944,1.20780573
V468Y,468,S29,V,Y,i_200,1,Imatinib,200,4094,1625430,0.002518718,-0.543509816,0.026820291,0.030638944,0.759615417
V468Y,468,S29,V,Y,i_300,1,Imatinib,300,3505,1495698,0.002343388,-0.647603953,0.017275415,0.030638944,0.382061346
V468Y,468,S29,V,Y,i_444,1,Imatinib,444,3412,1159488,0.002942678,-0.319069734,0.012650568,0.030638944,0.2738532
V468Y,468,S29,V,Y,i_500,1,Imatinib,500,2502,1082233,0.002311887,-0.66712884,0.004932657,0.030638944,0.157103154
V468Y,468,S29,V,Y,i_579,1,Imatinib,579,3532,1434143,0.002462795,-0.575903032,0.003381594,0.030638944,0.140502611
V468Y,468,S29,V,Y,i_750,1,Imatinib,750,2911,1243646,0.002340698,-0.649260537,-0.002233382,0.030638944,0.093779643
V468Y,468,S29,V,Y,i_1000,1,Imatinib,1000,3420,1149553,0.002975069,-0.303276149,-0.002162139,0.030638944,0.094261919
V468Y,468,S29,V,Y,i_1250,1,Imatinib,1250,2885,977748,0.002950658,-0.315162757,-0.003483261,0.030638944,0.085708887
V468Y,468,S29,V,Y,i_2500,1,Imatinib,2500,2937,1124752,0.002611242,-0.491463158,-0.006997295,0.030638944,0.066549502
V468Y,468,S29,V,Y,i_5000,1,Imatinib,5000,2141,764852,0.002799234,-0.391167212,-0.008372078,0.030638944,0.060277666
V468Y,468,S29,V,Y,N,1,None,0,4436,1673746,0.002650342,-0.470020733,0.030638944,0.030638944,1
Y469A,469,S29,Y,A,a_5,1,Asciminib,5,3359,1698411,0.001977731,0.132296998,0.037831969,0.033325777,1.383263902
Y469A,469,S29,Y,A,a_10,1,Asciminib,10,3082,1450953,0.002124121,0.235316897,0.035948025,0.033325777,1.207801629
Y469A,469,S29,Y,A,a_50,1,Asciminib,50,1982,1311506,0.00151124,-0.255816623,0.018402737,0.033325777,0.341482489
Y469A,469,S29,Y,A,a_89,1,Asciminib,89,2141,1317239,0.001625369,-0.150781514,0.014714591,0.033325777,0.261844268
Y469A,469,S29,Y,A,a_128,1,Asciminib,128,1277,1178751,0.00108335,-0.736049647,0.00585931,0.033325777,0.138402997
Y469A,469,S29,Y,A,a_250,1,Asciminib,250,5651,5028356,0.001123827,-0.683129782,0.004536946,0.033325777,0.125833487
Y469A,469,S29,Y,A,a_363,1,Asciminib,363,1515,1407560,0.001076331,-0.745427805,0.002132547,0.033325777,0.105830925
Y469A,469,S29,Y,A,a_500,1,Asciminib,500,1467,1483951,0.000988577,-0.868123761,6.86E-06,0.033325777,0.090812181
Y469A,469,S29,Y,A,a_638,1,Asciminib,638,1062,862155,0.001231797,-0.55078458,0.00141865,0.033325777,0.100528589
Y469A,469,S29,Y,A,a_750,1,Asciminib,750,1081,941415,0.001148271,-0.6520854,0.000617565,0.033325777,0.094894338
Y469A,469,S29,Y,A,a_1151,1,Asciminib,1151,1054,880135,0.001197544,-0.591471045,0.000992749,0.033325777,0.097492682
Y469A,469,S29,Y,A,a_2500,1,Asciminib,2500,2640,2498175,0.001056771,-0.771885791,-0.001403209,0.033325777,0.082045037
Y469A,469,S29,Y,A,D0,1,D0,,1753,1009589,0.00173635,-0.055491278,,0.033325777,
Y469A,469,S29,Y,A,D0,1,D0,,1753,1009589,0.00173635,-0.055491278,,0.033325777,
Y469A,469,S29,Y,A,D0,2,D0,,2872,1533758,0.001872525,0.053435703,,0.033325777,
Y469A,469,S29,Y,A,D0,2,D0,,2872,1533758,0.001872525,0.053435703,,0.033325777,
Y469A,469,S29,Y,A,i_50,1,Imatinib,50,3013,1605903,0.001876203,0.056266742,0.038306118,0.033325777,1.431302106
Y469A,469,S29,Y,A,i_100,1,Imatinib,100,2773,1501070,0.001847349,0.033907183,0.037703124,0.033325777,1.370490941
Y469A,469,S29,Y,A,i_200,1,Imatinib,200,3338,1625430,0.00205361,0.186613351,0.034463123,0.033325777,1.085335247
Y469A,469,S29,Y,A,i_300,1,Imatinib,300,2869,1495698,0.001918168,0.088179884,0.024977502,0.033325777,0.548221545
Y469A,469,S29,Y,A,i_444,1,Imatinib,444,2491,1159488,0.002148362,0.251687955,0.018625183,0.033325777,0.346995752
Y469A,469,S29,Y,A,i_500,1,Imatinib,500,1904,1082233,0.001759325,-0.036526837,0.011533715,0.033325777,0.208247403
Y469A,469,S29,Y,A,i_579,1,Imatinib,579,2862,1434143,0.001995617,0.145285611,0.0109309,0.033325777,0.199402256
Y469A,469,S29,Y,A,i_750,1,Imatinib,750,2036,1243646,0.001637122,-0.140387501,0.003093433,0.033325777,0.113411924
Y469A,469,S29,Y,A,i_1000,1,Imatinib,1000,1899,1149553,0.001651946,-0.127382255,-0.000320905,0.033325777,0.088694172
Y469A,469,S29,Y,A,i_1250,1,Imatinib,1250,1143,977748,0.001169013,-0.626258359,-0.006739768,0.033325777,0.055870476
Y469A,469,S29,Y,A,i_2500,1,Imatinib,2500,1943,1124752,0.001727492,-0.062870209,-0.002510841,0.033325777,0.075756086
Y469A,469,S29,Y,A,i_5000,1,Imatinib,5000,1546,764852,0.002021306,0.163738626,-0.002563398,0.033325777,0.075469958
Y469A,469,S29,Y,A,N,1,None,0,2605,1673746,0.001556389,-0.213346412,0.033325777,0.033325777,1
Y469C,469,S29,Y,C,a_5,1,Asciminib,5,9794,1698411,0.005766567,0.348492635,0.040095076,0.037602682,1.196561935
Y469C,469,S29,Y,C,a_10,1,Asciminib,10,8271,1450953,0.005700391,0.331841039,0.036958427,0.037602682,0.954673042
Y469C,469,S29,Y,C,a_50,1,Asciminib,50,5828,1311506,0.004443746,-0.027443472,0.020793316,0.037602682,0.298115491
Y469C,469,S29,Y,C,a_89,1,Asciminib,89,5807,1317239,0.004408463,-0.038944039,0.015885291,0.037602682,0.209370027
Y469C,469,S29,Y,C,a_128,1,Asciminib,128,4100,1178751,0.003478258,-0.380855026,0.00957744,0.037602682,0.132945314
Y469C,469,S29,Y,C,a_250,1,Asciminib,250,17093,5028356,0.003399322,-0.413973013,0.007354443,0.037602682,0.113282208
Y469C,469,S29,Y,C,a_363,1,Asciminib,363,4065,1407560,0.002887976,-0.64916101,0.003140255,0.037602682,0.083634874
Y469C,469,S29,Y,C,a_500,1,Asciminib,500,3972,1483951,0.002676638,-0.758797773,0.001151272,0.037602682,0.072475876
Y469C,469,S29,Y,C,a_638,1,Asciminib,638,2725,862155,0.003160685,-0.51898288,0.001751546,0.037602682,0.075676941
Y469C,469,S29,Y,C,a_750,1,Asciminib,750,3235,941415,0.003436317,-0.398356974,0.00327356,0.037602682,0.084441461
Y469C,469,S29,Y,C,a_1151,1,Asciminib,1151,2566,880135,0.002915462,-0.635495505,0.000531907,0.037602682,0.069314875
Y469C,469,S29,Y,C,a_2500,1,Asciminib,2500,10942,2498175,0.004379997,-0.048289928,0.006171296,0.037602682,0.104031682
Y469C,469,S29,Y,C,D0,1,D0,,4640,1009589,0.00459593,0.021136768,,0.037602682,
Y469C,469,S29,Y,C,D0,1,D0,,4640,1009589,0.00459593,0.021136768,,0.037602682,
Y469C,469,S29,Y,C,D0,2,D0,,6844,1533758,0.004462242,-0.02145105,,0.037602682,
Y469C,469,S29,Y,C,D0,2,D0,,6844,1533758,0.004462242,-0.02145105,,0.037602682,
Y469C,469,S29,Y,C,i_50,1,Imatinib,50,8347,1605903,0.005197699,0.198653076,0.039796599,0.037602682,1.171121771
Y469C,469,S29,Y,C,i_100,1,Imatinib,100,8262,1501070,0.005504074,0.281279863,0.040292588,0.037602682,1.213699673
Y469C,469,S29,Y,C,i_200,1,Imatinib,200,10776,1625430,0.00662963,0.549708483,0.038263954,0.037602682,1.04876324
Y469C,469,S29,Y,C,i_300,1,Imatinib,300,10301,1495698,0.006887085,0.604673645,0.030384089,0.037602682,0.594675939
Y469C,469,S29,Y,C,i_444,1,Imatinib,444,7494,1159488,0.006463198,0.513028147,0.021360857,0.037602682,0.310549687
Y469C,469,S29,Y,C,i_500,1,Imatinib,500,6470,1082233,0.00597838,0.400534633,0.016108815,0.037602682,0.212766838
Y469C,469,S29,Y,C,i_579,1,Imatinib,579,8396,1434143,0.005854367,0.370293342,0.013286251,0.037602682,0.173637929
Y469C,469,S29,Y,C,i_750,1,Imatinib,750,6721,1243646,0.005404271,0.254880077,0.007231041,0.037602682,0.112280157
Y469C,469,S29,Y,C,i_1000,1,Imatinib,1000,6421,1149553,0.005585649,0.302505075,0.004179098,0.037602682,0.090130374
Y469C,469,S29,Y,C,i_1250,1,Imatinib,1250,5110,977748,0.005226296,0.206568765,0.001978155,0.037602682,0.076921803
Y469C,469,S29,Y,C,i_2500,1,Imatinib,2500,5720,1124752,0.005085566,0.167188274,-0.00010262,0.037602682,0.066219405
Y469C,469,S29,Y,C,i_5000,1,Imatinib,5000,3663,764852,0.004789162,0.080553244,-0.003434172,0.037602682,0.052096711
Y469C,469,S29,Y,C,N,1,None,0,8679,1673746,0.005185375,0.195228275,0.037602682,0.037602682,1
Y469D,469,S29,Y,D,a_5,1,Asciminib,5,11525,1698411,0.006785754,0.00552575,0.036504945,0.03288312,1.297930931
Y469D,469,S29,Y,D,a_10,1,Asciminib,10,9951,1450953,0.006858251,0.02085725,0.03370309,0.03288312,1.060815418
Y469D,469,S29,Y,D,a_50,1,Asciminib,50,5709,1311506,0.004353011,-0.634969821,0.014433812,0.03288312,0.264913968
Y469D,469,S29,Y,D,a_89,1,Asciminib,89,5326,1317239,0.004043306,-0.741448179,0.008531572,0.03288312,0.173199454
Y469D,469,S29,Y,D,a_128,1,Asciminib,128,5366,1178751,0.004552276,-0.570395415,0.007593357,0.03288312,0.161885993
Y469D,469,S29,Y,D,a_250,1,Asciminib,250,19078,5028356,0.003794083,-0.833232237,0.002965694,0.03288312,0.116012813
Y469D,469,S29,Y,D,a_363,1,Asciminib,363,5192,1407560,0.003688653,-0.873889513,0.000787828,0.03288312,0.099175822
Y469D,469,S29,Y,D,a_500,1,Asciminib,500,6394,1483951,0.004308768,-0.649708186,0.002293207,0.03288312,0.110529402
Y469D,469,S29,Y,D,a_638,1,Asciminib,638,3976,862155,0.0046117,-0.551684887,0.001409226,0.03288312,0.103713772
Y469D,469,S29,Y,D,a_750,1,Asciminib,750,3908,941415,0.004151198,-0.703455753,7.98E-05,0.03288312,0.094246926
Y469D,469,S29,Y,D,a_1151,1,Asciminib,1151,3864,880135,0.004390236,-0.622685115,0.000666005,0.03288312,0.09830973
Y469D,469,S29,Y,D,a_2500,1,Asciminib,2500,10394,2498175,0.004160637,-0.700178959,-0.000652591,0.03288312,0.08940567
Y469D,469,S29,Y,D,D0,1,D0,,6922,1009589,0.006856255,0.02043737,,0.03288312,
Y469D,469,S29,Y,D,D0,1,D0,,6922,1009589,0.006856255,0.02043737,,0.03288312,
Y469D,469,S29,Y,D,D0,2,D0,,10220,1533758,0.006663372,-0.020731053,,0.03288312,
Y469D,469,S29,Y,D,D0,2,D0,,10220,1533758,0.006663372,-0.020731053,,0.03288312,
Y469D,469,S29,Y,D,i_50,1,Imatinib,50,10634,1605903,0.00662182,-0.029755762,0.037405646,0.03288312,1.384891666
Y469D,469,S29,Y,D,i_100,1,Imatinib,100,9418,1501070,0.006274191,-0.107554009,0.036222327,0.03288312,1.271786962
Y469D,469,S29,Y,D,i_200,1,Imatinib,200,12619,1625430,0.007763484,0.19972078,0.03460033,0.03288312,1.131607426
Y469D,469,S29,Y,D,i_300,1,Imatinib,300,11685,1495698,0.007812406,0.208783447,0.026239964,0.03288312,0.619831739
Y469D,469,S29,Y,D,i_444,1,Imatinib,444,8692,1159488,0.007496412,0.14921681,0.017552529,0.03288312,0.331607734
Y469D,469,S29,Y,D,i_500,1,Imatinib,500,7078,1082233,0.006540181,-0.047652852,0.011417249,0.03288312,0.213196141
Y469D,469,S29,Y,D,i_579,1,Imatinib,579,9196,1434143,0.006412192,-0.076165893,0.008612776,0.03288312,0.174215059
Y469D,469,S29,Y,D,i_750,1,Imatinib,750,7656,1243646,0.006156093,-0.134968531,0.003150158,0.03288312,0.117563904
Y469D,469,S29,Y,D,i_1000,1,Imatinib,1000,7555,1149553,0.00657212,-0.040624703,0.000587261,0.03288312,0.097753937
Y469D,469,S29,Y,D,i_1250,1,Imatinib,1250,6154,977748,0.006294055,-0.102993617,-0.001262303,0.03288312,0.085565733
Y469D,469,S29,Y,D,i_2500,1,Imatinib,2500,5807,1124752,0.005162916,-0.388797373,-0.005922603,0.03288312,0.061175283
Y469D,469,S29,Y,D,i_5000,1,Imatinib,5000,4350,764852,0.005687375,-0.249220591,-0.0068862,0.03288312,0.05707489
Y469D,469,S29,Y,D,N,1,None,0,9477,1673746,0.005662149,-0.255633645,0.03288312,0.03288312,1
Y469E,469,S29,Y,E,a_5,1,Asciminib,5,16056,1698411,0.009453542,0.589592258,0.042618874,0.038700372,1.325953948
Y469E,469,S29,Y,E,a_10,1,Asciminib,10,13543,1450953,0.009333865,0.571211925,0.039464129,0.038700372,1.056530559
Y469E,469,S29,Y,E,a_50,1,Asciminib,50,8046,1311506,0.006134932,-0.034215408,0.020722428,0.038700372,0.274058977
Y469E,469,S29,Y,E,a_89,1,Asciminib,89,6186,1317239,0.004696186,-0.419773037,0.011898824,0.038700372,0.145190085
Y469E,469,S29,Y,E,a_128,1,Asciminib,128,6221,1178751,0.00527762,-0.251375227,0.010932817,0.038700372,0.13543493
Y469E,469,S29,Y,E,a_250,1,Asciminib,250,22541,5028356,0.004482777,-0.486869917,0.006591368,0.038700372,0.099077958
Y469E,469,S29,Y,E,a_363,1,Asciminib,363,7009,1407560,0.004979539,-0.335250535,0.006426228,0.038700372,0.097906888
Y469E,469,S29,Y,E,a_500,1,Asciminib,500,6409,1483951,0.004318876,-0.540606923,0.003435264,0.038700372,0.078938377
Y469E,469,S29,Y,E,a_638,1,Asciminib,638,4212,862155,0.004885432,-0.36277647,0.003386694,0.038700372,0.078662804
Y469E,469,S29,Y,E,a_750,1,Asciminib,750,4680,941415,0.00497124,-0.337656954,0.00390896,0.038700372,0.081677093
Y469E,469,S29,Y,E,a_1151,1,Asciminib,1151,3645,880135,0.00414141,-0.601140658,0.000891529,0.038700372,0.065727577
Y469E,469,S29,Y,E,a_2500,1,Asciminib,2500,13045,2498175,0.005221812,-0.266712242,0.00388488,0.038700372,0.081535609
Y469E,469,S29,Y,E,D0,1,D0,,6209,1009589,0.006150027,-0.030669903,,0.038700372,
Y469E,469,S29,Y,E,D0,1,D0,,6209,1009589,0.006150027,-0.030669903,,0.038700372,
Y469E,469,S29,Y,E,D0,2,D0,,9838,1533758,0.00641431,0.030031448,,0.038700372,
Y469E,469,S29,Y,E,D0,2,D0,,9838,1533758,0.00641431,0.030031448,,0.038700372,
Y469E,469,S29,Y,E,i_50,1,Imatinib,50,12978,1605903,0.008081435,0.363348674,0.041520611,0.038700372,1.225142506
Y469E,469,S29,Y,E,i_100,1,Imatinib,100,12048,1501070,0.008026275,0.353467776,0.041048242,0.038700372,1.184175317
Y469E,469,S29,Y,E,i_200,1,Imatinib,200,13800,1625430,0.008490061,0.434512197,0.037058095,0.038700372,0.888479249
Y469E,469,S29,Y,E,i_300,1,Imatinib,300,14179,1495698,0.009479855,0.593602238,0.030268195,0.038700372,0.544919744
Y469E,469,S29,Y,E,i_444,1,Imatinib,444,9878,1159488,0.008519277,0.439468342,0.020590843,0.038700372,0.27147476
Y469E,469,S29,Y,E,i_500,1,Imatinib,500,9303,1082233,0.008596116,0.45242215,0.016651967,0.038700372,0.204439093
Y469E,469,S29,Y,E,i_579,1,Imatinib,579,12658,1434143,0.008826177,0.490525946,0.01454483,0.038700372,0.175661037
Y469E,469,S29,Y,E,i_750,1,Imatinib,750,11036,1243646,0.008873908,0.498306833,0.0097792,0.038700372,0.124640158
Y469E,469,S29,Y,E,i_1000,1,Imatinib,1000,9497,1149553,0.008261472,0.395136133,0.005148747,0.038700372,0.089303284
Y469E,469,S29,Y,E,i_1250,1,Imatinib,1250,7405,977748,0.007573526,0.269702412,0.002639029,0.038700372,0.074540202
Y469E,469,S29,Y,E,i_2500,1,Imatinib,2500,8328,1124752,0.007404299,0.237100398,0.000629211,0.038700372,0.064497834
Y469E,469,S29,Y,E,i_5000,1,Imatinib,5000,5719,764852,0.007477264,0.251247651,-0.001647366,0.038700372,0.054746758
Y469E,469,S29,Y,E,N,1,None,0,12946,1673746,0.007734746,0.300091158,0.038700372,0.038700372,1
Y469F,469,S29,Y,F,a_5,1,Asciminib,5,8969,1698411,0.005280818,-0.077902309,0.035631631,0.034759386,1.064815591
Y469F,469,S29,Y,F,a_10,1,Asciminib,10,6635,1450953,0.004572857,-0.285568152,0.03049547,0.034759386,0.735649166
Y469F,469,S29,Y,F,a_50,1,Asciminib,50,4810,1311506,0.003667539,-0.603851344,0.014759556,0.034759386,0.236930656
Y469F,469,S29,Y,F,a_89,1,Asciminib,89,4169,1317239,0.003164953,-0.81647959,0.007746153,0.034759386,0.142993977
Y469F,469,S29,Y,F,a_128,1,Asciminib,128,4054,1178751,0.003439234,-0.696576736,0.006272507,0.034759386,0.128599126
Y469F,469,S29,Y,F,a_250,1,Asciminib,250,15573,5028356,0.003097036,-0.847775635,0.002813456,0.034759386,0.100248118
Y469F,469,S29,Y,F,a_363,1,Asciminib,363,5169,1407560,0.003672312,-0.601975049,0.003634192,0.034759386,0.106350611
Y469F,469,S29,Y,F,a_500,1,Asciminib,500,5081,1483951,0.003423968,-0.702994821,0.00173541,0.034759386,0.092761249
Y469F,469,S29,Y,F,a_638,1,Asciminib,638,3081,862155,0.003573603,-0.641284316,0.000471311,0.034759386,0.084691383
Y469F,469,S29,Y,F,a_750,1,Asciminib,750,3571,941415,0.003793226,-0.555238441,0.001631346,0.034759386,0.092068825
Y469F,469,S29,Y,F,a_1151,1,Asciminib,1151,3050,880135,0.003465377,-0.685651322,6.88E-06,0.034759386,0.08190623
Y469F,469,S29,Y,F,a_2500,1,Asciminib,2500,8107,2498175,0.003245169,-0.78037023,-0.001492023,0.034759386,0.073527085
Y469F,469,S29,Y,F,D0,1,D0,,5693,1009589,0.005638928,0.016757173,,0.034759386,
Y469F,469,S29,Y,F,D0,1,D0,,5693,1009589,0.005638928,0.016757173,,0.034759386,
Y469F,469,S29,Y,F,D0,2,D0,,8449,1533758,0.005508692,-0.016954101,,0.034759386,
Y469F,469,S29,Y,F,D0,2,D0,,8449,1533758,0.005508692,-0.016954101,,0.034759386,
Y469F,469,S29,Y,F,i_50,1,Imatinib,50,8255,1605903,0.00514041,-0.116780368,0.036494684,0.034759386,1.133082136
Y469F,469,S29,Y,F,i_100,1,Imatinib,100,8856,1501070,0.005899791,0.082000136,0.038206555,0.034759386,1.281711317
Y469F,469,S29,Y,F,i_200,1,Imatinib,200,10455,1625430,0.006432144,0.2066359,0.034672716,0.034759386,0.993779197
Y469F,469,S29,Y,F,i_300,1,Imatinib,300,8723,1495698,0.00583206,0.065341653,0.024738434,0.034759386,0.486018527
Y469F,469,S29,Y,F,i_444,1,Imatinib,444,6585,1159488,0.005679231,0.027031722,0.016273512,0.034759386,0.264217421
Y469F,469,S29,Y,F,i_500,1,Imatinib,500,5551,1082233,0.00512921,-0.119927275,0.01066069,0.034759386,0.176381482
Y469F,469,S29,Y,F,i_579,1,Imatinib,579,7418,1434143,0.005172427,-0.107822446,0.008281399,0.034759386,0.148612197
Y469F,469,S29,Y,F,i_750,1,Imatinib,750,7297,1243646,0.005867425,0.074063739,0.00533828,0.034759386,0.120233493
Y469F,469,S29,Y,F,i_1000,1,Imatinib,1000,6621,1149553,0.00575963,0.047312318,0.001507774,0.034759386,0.091253305
Y469F,469,S29,Y,F,i_1250,1,Imatinib,1250,5536,977748,0.005661991,0.022645528,5.29E-05,0.034759386,0.082177883
Y469F,469,S29,Y,F,i_2500,1,Imatinib,2500,6097,1124752,0.005420751,-0.040171216,-0.002273231,0.034759386,0.069505565
Y469F,469,S29,Y,F,i_5000,1,Imatinib,5000,4265,764852,0.005576242,0.000629395,-0.004270804,0.034759386,0.060194537
Y469F,469,S29,Y,F,N,1,None,0,8848,1673746,0.005286346,-0.076393052,0.034759386,0.034759386,1
Y469G,469,S29,Y,G,a_5,1,Asciminib,5,3992,1698411,0.002350432,0.339438709,0.040000301,0.037155776,1.227286634
Y469G,469,S29,Y,G,a_10,1,Asciminib,10,3299,1450953,0.002273678,0.291540598,0.036536567,0.037155776,0.95639614
Y469G,469,S29,Y,G,a_50,1,Asciminib,50,1411,1311506,0.001075862,-0.787993812,0.012831977,0.037155776,0.173545834
Y469G,469,S29,Y,G,a_89,1,Asciminib,89,1649,1317239,0.001251861,-0.569413125,0.010332412,0.037155776,0.1449622
Y469G,469,S29,Y,G,a_128,1,Asciminib,128,1164,1178751,0.000987486,-0.911655328,0.004021094,0.037155776,0.0920248
Y469G,469,S29,Y,G,a_250,1,Asciminib,250,4958,5028356,0.000986008,-0.913815914,0.002122155,0.037155776,0.080265069
Y469G,469,S29,Y,G,a_363,1,Asciminib,363,1654,1407560,0.001175083,-0.660724579,0.003019209,0.037155776,0.085620304
Y469G,469,S29,Y,G,a_500,1,Asciminib,500,1699,1483951,0.001144917,-0.698244994,0.00178513,0.037155776,0.078340816
Y469G,469,S29,Y,G,a_638,1,Asciminib,638,904,862155,0.001048535,-0.825111882,-0.001452971,0.037155776,0.062049064
Y469G,469,S29,Y,G,a_750,1,Asciminib,750,1183,941415,0.001256619,-0.563940064,0.001540259,0.037155776,0.076971713
Y469G,469,S29,Y,G,a_1151,1,Asciminib,1151,873,880135,0.000991893,-0.905230567,-0.002291643,0.037155776,0.058413152
Y469G,469,S29,Y,G,a_2500,1,Asciminib,2500,3080,2498175,0.0012329,-0.591431584,0.000485762,0.037155776,0.071344069
Y469G,469,S29,Y,G,D0,1,D0,,1871,1009589,0.001853229,-0.00344593,,0.037155776,
Y469G,469,S29,Y,G,D0,1,D0,,1871,1009589,0.001853229,-0.00344593,,0.037155776,
Y469G,469,S29,Y,G,D0,2,D0,,2856,1533758,0.001862093,0.003437719,,0.037155776,
Y469G,469,S29,Y,G,D0,2,D0,,2856,1533758,0.001862093,0.003437719,,0.037155776,
Y469G,469,S29,Y,G,i_50,1,Imatinib,50,3445,1605903,0.002145211,0.207631838,0.039890588,0.037155776,1.21763008
Y469G,469,S29,Y,G,i_100,1,Imatinib,100,3747,1501070,0.002496219,0.42625733,0.041810193,0.037155776,1.398105332
Y469G,469,S29,Y,G,i_200,1,Imatinib,200,3994,1625430,0.002457196,0.403525514,0.03673373,0.037155776,0.970069724
Y469G,469,S29,Y,G,i_300,1,Imatinib,300,3569,1495698,0.002386177,0.361213603,0.027835582,0.037155776,0.511169523
Y469G,469,S29,Y,G,i_444,1,Imatinib,444,2260,1159488,0.001949136,0.069347492,0.016716468,0.037155776,0.229550956
Y469G,469,S29,Y,G,i_500,1,Imatinib,500,2144,1082233,0.001981089,0.092806376,0.012887557,0.037155776,0.174241714
Y469G,469,S29,Y,G,i_579,1,Imatinib,579,2707,1434143,0.001887538,0.023018612,0.009651026,0.037155776,0.138022017
Y469G,469,S29,Y,G,i_750,1,Imatinib,750,2153,1243646,0.0017312,-0.101714957,0.003498252,0.037155776,0.088624958
Y469G,469,S29,Y,G,i_1000,1,Imatinib,1000,2039,1149553,0.001773733,-0.066698599,0.000314323,0.037155776,0.070468841
Y469G,469,S29,Y,G,i_1250,1,Imatinib,1250,2029,977748,0.002075177,0.159746888,0.00148803,0.037155776,0.076682807
Y469G,469,S29,Y,G,i_2500,1,Imatinib,2500,1818,1124752,0.001616356,-0.200742125,-0.003954066,0.037155776,0.05182365
Y469G,469,S29,Y,G,i_5000,1,Imatinib,5000,1279,764852,0.001672219,-0.151723644,-0.005865615,0.037155776,0.045160151
Y469G,469,S29,Y,G,N,1,None,0,3456,1673746,0.002064829,0.152535218,0.037155776,0.037155776,1
Y469H,469,S29,Y,H,a_5,1,Asciminib,5,11601,1698411,0.006830502,-0.189086945,0.034467765,0.035546818,0.925249504
Y469H,469,S29,Y,H,a_10,1,Asciminib,10,9057,1450953,0.006242104,-0.31904612,0.030145027,0.035546818,0.677782411
Y469H,469,S29,Y,H,a_50,1,Asciminib,50,6394,1311506,0.004875311,-0.675584254,0.014008665,0.035546818,0.21208948
Y469H,469,S29,Y,H,a_89,1,Asciminib,89,5147,1317239,0.003907415,-0.994863939,0.00587885,0.035546818,0.118115331
Y469H,469,S29,Y,H,a_128,1,Asciminib,128,5272,1178751,0.004472531,-0.799987214,0.00519002,0.035546818,0.112400211
Y469H,469,S29,Y,H,a_250,1,Asciminib,250,17732,5028356,0.003526401,-1.142882021,-0.000275678,0.035546818,0.075833148
Y469H,469,S29,Y,H,a_363,1,Asciminib,363,6376,1407560,0.004529825,-0.781623382,0.001753657,0.035546818,0.087763672
Y469H,469,S29,Y,H,a_500,1,Asciminib,500,5638,1483951,0.003799317,-1.035338567,-0.00174352,0.035546818,0.068227718
Y469H,469,S29,Y,H,a_638,1,Asciminib,638,3283,862155,0.0038079,-1.032083008,-0.003619517,0.035546818,0.059607362
Y469H,469,S29,Y,H,a_750,1,Asciminib,750,3499,941415,0.003716746,-1.067038671,-0.00372611,0.035546818,0.059151646
Y469H,469,S29,Y,H,a_1151,1,Asciminib,1151,3695,880135,0.00419822,-0.89130096,-0.00214583,0.035546818,0.066279762
Y469H,469,S29,Y,H,a_2500,1,Asciminib,2500,12943,2498175,0.005180982,-0.587852986,0.000523222,0.035546818,0.080323026
Y469H,469,S29,Y,H,D0,1,D0,,7500,1009589,0.007428766,-0.067956091,,0.035546818,
Y469H,469,S29,Y,H,D0,1,D0,,7500,1009589,0.007428766,-0.067956091,,0.035546818,
Y469H,469,S29,Y,H,D0,2,D0,,12493,1533758,0.008145353,0.064898595,,0.035546818,
Y469H,469,S29,Y,H,D0,2,D0,,12493,1533758,0.008145353,0.064898595,,0.035546818,
Y469H,469,S29,Y,H,i_50,1,Imatinib,50,12044,1605903,0.00749983,-0.054220635,0.037149551,0.035546818,1.122318636
Y469H,469,S29,Y,H,i_100,1,Imatinib,100,11137,1501070,0.007419374,-0.069781089,0.036617729,0.035546818,1.080156116
Y469H,469,S29,Y,H,i_200,1,Imatinib,200,13734,1625430,0.008449456,0.117779947,0.033742584,0.035546818,0.878178956
Y469H,469,S29,Y,H,i_300,1,Imatinib,300,11751,1495698,0.007856533,0.012814132,0.024188583,0.035546818,0.441404786
Y469H,469,S29,Y,H,i_444,1,Imatinib,444,9546,1159488,0.008232944,0.080329857,0.016831429,0.035546818,0.259887091
Y469H,469,S29,Y,H,i_500,1,Imatinib,500,8142,1082233,0.007523334,-0.049706507,0.011395752,0.035546818,0.175717653
Y469H,469,S29,Y,H,i_579,1,Imatinib,579,9660,1434143,0.00673573,-0.209244285,0.007219729,0.035546818,0.130087177
Y469H,469,S29,Y,H,i_750,1,Imatinib,750,8746,1243646,0.007032548,-0.147031127,0.003023888,0.035546818,0.096168736
Y469H,469,S29,Y,H,i_1000,1,Imatinib,1000,7993,1149553,0.006953137,-0.163414484,-0.000698086,0.035546818,0.073561528
Y469H,469,S29,Y,H,i_1250,1,Imatinib,1250,6577,977748,0.006726682,-0.211183505,-0.00239482,0.035546818,0.065102134
Y469H,469,S29,Y,H,i_2500,1,Imatinib,2500,7295,1124752,0.006485874,-0.263777544,-0.004613912,0.035546818,0.055488881
Y469H,469,S29,Y,H,i_5000,1,Imatinib,5000,5103,764852,0.006671879,-0.222985464,-0.006611574,0.035546818,0.048055231
Y469H,469,S29,Y,H,N,1,None,0,13023,1673746,0.00778075,-0.001169274,0.035546818,0.035546818,1
Y469I,469,S29,Y,I,a_5,1,Asciminib,5,20025,1698411,0.011790432,0.666988968,0.043429053,0.040379058,1.245577924
Y469I,469,S29,Y,I,a_10,1,Asciminib,10,19584,1450953,0.013497336,0.862047021,0.042508552,0.040379058,1.165702064
Y469I,469,S29,Y,I,a_50,1,Asciminib,50,17924,1311506,0.013666731,0.880040569,0.030292737,0.040379058,0.483736424
Y469I,469,S29,Y,I,a_89,1,Asciminib,89,16787,1317239,0.012744081,0.779199643,0.024449509,0.040379058,0.317611125
Y469I,469,S29,Y,I,a_128,1,Asciminib,128,13336,1178751,0.01131367,0.60743936,0.019922773,0.040379058,0.229270548
Y469I,469,S29,Y,I,a_250,1,Asciminib,250,59872,5028356,0.011906874,0.681167015,0.018818222,0.040379058,0.211743384
Y469I,469,S29,Y,I,a_363,1,Asciminib,363,16166,1407560,0.011485123,0.629138677,0.016521325,0.040379058,0.179468282
Y469I,469,S29,Y,I,a_500,1,Asciminib,500,16397,1483951,0.011049556,0.573360773,0.015096129,0.040379058,0.161965663
Y469I,469,S29,Y,I,a_638,1,Asciminib,638,9550,862155,0.011076895,0.576925815,0.013223371,0.040379058,0.141534825
Y469I,469,S29,Y,I,a_750,1,Asciminib,750,10798,941415,0.011469968,0.627233722,0.014009306,0.040379058,0.149774842
Y469I,469,S29,Y,I,a_1151,1,Asciminib,1151,9816,880135,0.011152835,0.586782765,0.013326552,0.040379058,0.14259021
Y469I,469,S29,Y,I,a_2500,1,Asciminib,2500,29520,2498175,0.011816626,0.670190524,0.013692253,0.040379058,0.146394536
Y469I,469,S29,Y,I,D0,1,D0,,7082,1009589,0.007014736,-0.082167003,,0.040379058,
Y469I,469,S29,Y,I,D0,1,D0,,7082,1009589,0.007014736,-0.082167003,,0.040379058,
Y469I,469,S29,Y,I,D0,2,D0,,12020,1533758,0.00783696,0.077738372,,0.040379058,
Y469I,469,S29,Y,I,D0,2,D0,,12020,1533758,0.00783696,0.077738372,,0.040379058,
Y469I,469,S29,Y,I,i_50,1,Imatinib,50,16706,1605903,0.01040287,0.486353935,0.042808213,0.040379058,1.191126106
Y469I,469,S29,Y,I,i_100,1,Imatinib,100,15555,1501070,0.010362608,0.480759484,0.042380714,0.040379058,1.155021818
Y469I,469,S29,Y,I,i_200,1,Imatinib,200,17054,1625430,0.010491993,0.49866108,0.037729597,0.040379058,0.826329864
Y469I,469,S29,Y,I,i_300,1,Imatinib,300,15857,1495698,0.010601739,0.513673291,0.02943151,0.040379058,0.45465177
Y469I,469,S29,Y,I,i_444,1,Imatinib,444,12327,1159488,0.010631417,0.517706193,0.021409826,0.040379058,0.255180358
Y469I,469,S29,Y,I,i_500,1,Imatinib,500,12489,1082233,0.011540029,0.636019171,0.018573836,0.040379058,0.208050176
Y469I,469,S29,Y,I,i_579,1,Imatinib,579,16733,1434143,0.011667595,0.651879586,0.016233858,0.040379058,0.175791891
Y469I,469,S29,Y,I,i_750,1,Imatinib,750,13179,1243646,0.010597067,0.513037365,0.009933397,0.040379058,0.111683353
Y469I,469,S29,Y,I,i_1000,1,Imatinib,1000,12402,1149553,0.010788541,0.538872157,0.006653356,0.040379058,0.088190986
Y469I,469,S29,Y,I,i_1250,1,Imatinib,1250,10756,977748,0.01100079,0.566979421,0.005750885,0.040379058,0.082642728
Y469I,469,S29,Y,I,i_2500,1,Imatinib,2500,11027,1124752,0.009803939,0.400805758,0.002342856,0.040379058,0.064660387
Y469I,469,S29,Y,I,i_5000,1,Imatinib,5000,8170,764852,0.010681805,0.524527812,0.001213294,0.040379058,0.059609818
Y469I,469,S29,Y,I,N,1,None,0,17102,1673746,0.010217799,0.460456789,0.040379058,0.040379058,1
Y469K,469,S29,Y,K,a_5,1,Asciminib,5,43068,1698411,0.02535782,0.557649801,0.042284505,0.040309465,1.152810532
Y469K,469,S29,Y,K,a_10,1,Asciminib,10,39551,1450953,0.027258636,0.661932477,0.04041378,0.040309465,1.007538933
Y469K,469,S29,Y,K,a_50,1,Asciminib,50,44076,1311506,0.033607166,0.963987986,0.031171488,0.040309465,0.517920068
Y469K,469,S29,Y,K,a_89,1,Asciminib,89,50640,1317239,0.038444048,1.157979365,0.028414525,0.040309465,0.42467305
Y469K,469,S29,Y,K,a_128,1,Asciminib,128,46312,1178751,0.039289044,1.189346159,0.026014095,0.040309465,0.35726888
Y469K,469,S29,Y,K,a_250,1,Asciminib,250,194565,5028356,0.038693561,1.167312602,0.023907129,0.040309465,0.30698138
Y469K,469,S29,Y,K,a_363,1,Asciminib,363,53178,1407560,0.037780272,1.13285219,0.02179413,0.040309465,0.263657576
Y469K,469,S29,Y,K,a_500,1,Asciminib,500,54443,1483951,0.036687869,1.090522204,0.020509705,0.040309465,0.24036836
Y469K,469,S29,Y,K,a_638,1,Asciminib,638,33557,862155,0.038922236,1.175813668,0.019492449,0.040309465,0.223392455
Y469K,469,S29,Y,K,a_750,1,Asciminib,750,33734,941415,0.035833293,1.056519743,0.018503014,0.040309465,0.208031777
Y469K,469,S29,Y,K,a_1151,1,Asciminib,1151,31189,880135,0.035436609,1.040459655,0.018075581,0.040309465,0.20172707
Y469K,469,S29,Y,K,a_2500,1,Asciminib,2500,85379,2498175,0.034176549,0.988225815,0.017021403,0.040309465,0.186982467
Y469K,469,S29,Y,K,D0,1,D0,,17410,1009589,0.017244641,0.001367199,,0.040309465,
Y469K,469,S29,Y,K,D0,1,D0,,17410,1009589,0.017244641,0.001367199,,0.040309465,
Y469K,469,S29,Y,K,D0,2,D0,,26399,1533758,0.017211972,-0.001368496,,0.040309465,
Y469K,469,S29,Y,K,D0,2,D0,,26399,1533758,0.017211972,-0.001368496,,0.040309465,
Y469K,469,S29,Y,K,i_50,1,Imatinib,50,39338,1605903,0.024495876,0.50775795,0.043032268,0.040309465,1.216577758
Y469K,469,S29,Y,K,i_100,1,Imatinib,100,34705,1501070,0.023120174,0.424371365,0.041790451,0.040309465,1.112523656
Y469K,469,S29,Y,K,i_200,1,Imatinib,200,35137,1625430,0.021617049,0.327388685,0.03593674,0.040309465,0.729908439
Y469K,469,S29,Y,K,i_300,1,Imatinib,300,33744,1495698,0.022560704,0.389031186,0.028126773,0.040309465,0.415965138
Y469K,469,S29,Y,K,i_444,1,Imatinib,444,28305,1159488,0.024411637,0.502788127,0.021253666,0.040309465,0.253594811
Y469K,469,S29,Y,K,i_500,1,Imatinib,500,26543,1082233,0.024526142,0.509539393,0.017249863,0.040309465,0.190083589
Y469K,469,S29,Y,K,i_579,1,Imatinib,579,38284,1434143,0.026694688,0.631771782,0.016023372,0.040309465,0.174017628
Y469K,469,S29,Y,K,i_750,1,Imatinib,750,31648,1243646,0.025447756,0.562757538,0.010453861,0.040309465,0.116530355
Y469K,469,S29,Y,K,i_1000,1,Imatinib,1000,29871,1149553,0.025984883,0.592891645,0.007218825,0.040309465,0.092317085
Y469K,469,S29,Y,K,i_1250,1,Imatinib,1250,24883,977748,0.025449298,0.562844941,0.005707606,0.040309465,0.082799453
Y469K,469,S29,Y,K,i_2500,1,Imatinib,2500,26883,1124752,0.023901269,0.472306304,0.003091315,0.040309465,0.068583258
Y469K,469,S29,Y,K,i_5000,1,Imatinib,5000,18988,764852,0.024825718,0.527054531,0.001239744,0.040309465,0.060023452
Y469K,469,S29,Y,K,N,1,None,0,39495,1673746,0.02359677,0.453808507,0.040309465,0.040309465,1
Y469L,469,S29,Y,L,a_5,1,Asciminib,5,26124,1698411,0.015381436,0.711516491,0.043895161,0.043188681,1.052182502
Y469L,469,S29,Y,L,a_10,1,Asciminib,10,23313,1450953,0.016067371,0.774460177,0.041591704,0.043188681,0.891381925
Y469L,469,S29,Y,L,a_50,1,Asciminib,50,20377,1311506,0.0155371,0.726043556,0.028680717,0.043188681,0.351841895
Y469L,469,S29,Y,L,a_89,1,Asciminib,89,21438,1317239,0.016274951,0.792979485,0.024593755,0.043188681,0.262150984
Y469L,469,S29,Y,L,a_128,1,Asciminib,128,19338,1178751,0.0164055,0.804505897,0.021985639,0.043188681,0.217269012
Y469L,469,S29,Y,L,a_250,1,Asciminib,250,77182,5028356,0.015349351,0.708503932,0.019104381,0.043188681,0.176564407
Y469L,469,S29,Y,L,a_363,1,Asciminib,363,22783,1407560,0.016186166,0.785087606,0.018153777,0.043188681,0.164884007
Y469L,469,S29,Y,L,a_500,1,Asciminib,500,23024,1483951,0.015515337,0.72402134,0.016673223,0.043188681,0.148211802
Y469L,469,S29,Y,L,a_638,1,Asciminib,638,14643,862155,0.016984185,0.854518287,0.016129172,0.043188681,0.142518331
Y469L,469,S29,Y,L,a_750,1,Asciminib,750,15434,941415,0.01639447,0.803535563,0.01585481,0.043188681,0.139730641
Y469L,469,S29,Y,L,a_1151,1,Asciminib,1151,14415,880135,0.016378169,0.8021004,0.015580468,0.043188681,0.136997679
Y469L,469,S29,Y,L,a_2500,1,Asciminib,2500,40592,2498175,0.016248662,0.790647179,0.014953177,0.043188681,0.130947829
Y469L,469,S29,Y,L,D0,1,D0,,9718,1009589,0.009625699,0.035289538,,0.043188681,
Y469L,469,S29,Y,L,D0,1,D0,,9718,1009589,0.009625699,0.035289538,,0.043188681,
Y469L,469,S29,Y,L,D0,2,D0,,14050,1533758,0.009160506,-0.036174441,,0.043188681,
Y469L,469,S29,Y,L,D0,2,D0,,14050,1533758,0.009160506,-0.036174441,,0.043188681,
Y469L,469,S29,Y,L,i_50,1,Imatinib,50,24119,1605903,0.015018964,0.677111637,0.044805039,0.043188681,1.12342024
Y469L,469,S29,Y,L,i_100,1,Imatinib,100,20966,1501070,0.01396737,0.572386684,0.043339855,0.043188681,1.010944031
Y469L,469,S29,Y,L,i_200,1,Imatinib,200,21398,1625430,0.013164516,0.48698083,0.037607329,0.043188681,0.669076214
Y469L,469,S29,Y,L,i_300,1,Imatinib,300,19083,1495698,0.012758592,0.441795383,0.028679101,0.043188681,0.351800961
Y469L,469,S29,Y,L,i_444,1,Imatinib,444,15322,1159488,0.013214453,0.492443035,0.021145375,0.043188681,0.20451417
Y469L,469,S29,Y,L,i_500,1,Imatinib,500,13409,1082233,0.012390123,0.399516809,0.016098161,0.043188681,0.142200475
Y469L,469,S29,Y,L,i_579,1,Imatinib,579,21299,1434143,0.014851378,0.66092311,0.016328524,0.043188681,0.144578703
Y469L,469,S29,Y,L,i_750,1,Imatinib,750,18542,1243646,0.014909387,0.666547278,0.011540318,0.043188681,0.102419094
Y469L,469,S29,Y,L,i_1000,1,Imatinib,1000,16121,1149553,0.014023712,0.578194553,0.007064978,0.043188681,0.074206273
Y469L,469,S29,Y,L,i_1250,1,Imatinib,1250,13693,977748,0.014004631,0.576230274,0.005847722,0.043188681,0.067979504
Y469L,469,S29,Y,L,i_2500,1,Imatinib,2500,16337,1124752,0.01452498,0.628862448,0.004730123,0.043188681,0.062723686
Y469L,469,S29,Y,L,i_5000,1,Imatinib,5000,11266,764852,0.014729647,0.649049158,0.002516767,0.043188681,0.05348373
Y469L,469,S29,Y,L,N,1,None,0,26056,1673746,0.015567476,0.728861315,0.043188681,0.043188681,1
Y469M,469,S29,Y,M,a_5,1,Asciminib,5,1155,1698411,0.000680047,0.323823592,0.039836844,0.035267543,1.389563525
Y469M,469,S29,Y,M,a_10,1,Asciminib,10,953,1450953,0.00065681,0.273663692,0.036349434,0.035267543,1.081010427
Y469M,469,S29,Y,M,a_50,1,Asciminib,50,530,1311506,0.000404116,-0.427043783,0.016610354,0.035267543,0.260978411
Y469M,469,S29,Y,M,a_89,1,Asciminib,89,405,1317239,0.000307461,-0.821406959,0.007694574,0.035267543,0.137345762
Y469M,469,S29,Y,M,a_128,1,Asciminib,128,382,1178751,0.000324072,-0.745498091,0.005760405,0.035267543,0.11949104
Y469M,469,S29,Y,M,a_250,1,Asciminib,250,1351,5028356,0.000268676,-1.015942759,0.001053105,0.035267543,0.085141601
Y469M,469,S29,Y,M,a_363,1,Asciminib,363,383,1407560,0.000272102,-0.997663764,-0.000507825,0.035267543,0.076090912
Y469M,469,S29,Y,M,a_500,1,Asciminib,500,545,1483951,0.000367263,-0.56499896,0.003179932,0.035267543,0.099230686
Y469M,469,S29,Y,M,a_638,1,Asciminib,638,140,862155,0.000162384,-1.742404076,-0.011055063,0.035267543,0.035606481
Y469M,469,S29,Y,M,a_750,1,Asciminib,750,312,941415,0.000331416,-0.713168451,-2.18E-05,0.035267543,0.078800507
Y469M,469,S29,Y,M,a_1151,1,Asciminib,1151,345,880135,0.000391985,-0.471012107,0.002253697,0.035267543,0.092828939
Y469M,469,S29,Y,M,a_2500,1,Asciminib,2500,395,2498175,0.000158115,-1.780833624,-0.011964739,0.035267543,0.033349107
Y469M,469,S29,Y,M,D0,1,D0,,477,1009589,0.000472469,-0.201590565,,0.035267543,
Y469M,469,S29,Y,M,D0,1,D0,,477,1009589,0.000472469,-0.201590565,,0.035267543,
Y469M,469,S29,Y,M,D0,2,D0,,942,1533758,0.000614178,0.176844456,,0.035267543,
Y469M,469,S29,Y,M,D0,2,D0,,942,1533758,0.000614178,0.176844456,,0.035267543,
Y469M,469,S29,Y,M,i_50,1,Imatinib,50,1309,1605903,0.000815118,0.585196704,0.043842886,0.035267543,1.854146972
Y469M,469,S29,Y,M,i_100,1,Imatinib,100,905,1501070,0.000602903,0.150114801,0.03891957,0.035267543,1.300756448
Y469M,469,S29,Y,M,i_200,1,Imatinib,200,1022,1625430,0.000628757,0.21069013,0.034715155,0.035267543,0.961008639
Y469M,469,S29,Y,M,i_300,1,Imatinib,300,844,1495698,0.000564285,0.054612358,0.024626121,0.035267543,0.464784081
Y469M,469,S29,Y,M,i_444,1,Imatinib,444,862,1159488,0.000743432,0.452388246,0.020726087,0.035267543,0.350994468
Y469M,469,S29,Y,M,i_500,1,Imatinib,500,837,1082233,0.000773401,0.50940475,0.017248453,0.035267543,0.273248283
Y469M,469,S29,Y,M,i_579,1,Imatinib,579,822,1434143,0.000573165,0.077137775,0.010217538,0.035267543,0.164704825
Y469M,469,S29,Y,M,i_750,1,Imatinib,750,617,1243646,0.000496122,-0.13111713,0.003190474,0.035267543,0.099306035
Y469M,469,S29,Y,M,i_1000,1,Imatinib,1000,854,1149553,0.000742897,0.451351352,0.0057372,0.035267543,0.119291568
Y469M,469,S29,Y,M,i_1250,1,Imatinib,1250,529,977748,0.000541039,-0.006078597,-0.000247809,0.035267543,0.077528837
Y469M,469,S29,Y,M,i_2500,1,Imatinib,2500,843,1124752,0.000749499,0.464113964,0.003005558,0.035267543,0.097992643
Y469M,469,S29,Y,M,i_5000,1,Imatinib,5000,382,764852,0.000499443,-0.121491613,-0.00554915,0.035267543,0.052929106
Y469M,469,S29,Y,M,N,1,None,0,892,1673746,0.000532936,-0.027848632,0.035267543,0.035267543,1
Y469N,469,S29,Y,N,a_5,1,Asciminib,5,5346,1698411,0.003147648,-0.031983936,0.036112298,0.031959012,1.348559038
Y469N,469,S29,Y,N,a_10,1,Asciminib,10,4358,1450953,0.003003543,-0.099592744,0.032442236,0.031959012,1.035404463
Y469N,469,S29,Y,N,a_50,1,Asciminib,50,2621,1311506,0.001998466,-0.687365207,0.013885344,0.031959012,0.272176625
Y469N,469,S29,Y,N,a_89,1,Asciminib,89,2311,1317239,0.001754427,-0.875258025,0.007130868,0.031959012,0.167356952
Y469N,469,S29,Y,N,a_128,1,Asciminib,128,1970,1178751,0.001671261,-0.945321518,0.00366868,0.031959012,0.130431924
Y469N,469,S29,Y,N,a_250,1,Asciminib,250,8992,5028356,0.001788258,-0.847702912,0.002814217,0.031959012,0.122649423
Y469N,469,S29,Y,N,a_363,1,Asciminib,363,2734,1407560,0.001942368,-0.728441332,0.00231036,0.031959012,0.118279721
Y469N,469,S29,Y,N,a_500,1,Asciminib,500,2034,1483951,0.001370665,-1.231381929,-0.003795676,0.031959012,0.076204292
Y469N,469,S29,Y,N,a_638,1,Asciminib,638,1169,862155,0.001355905,-1.247002392,-0.005869265,0.031959012,0.065635676
Y469N,469,S29,Y,N,a_750,1,Asciminib,750,1315,941415,0.001396833,-1.204098099,-0.00516083,0.031959012,0.069070429
Y469N,469,S29,Y,N,a_1151,1,Asciminib,1151,1125,880135,0.001278213,-1.332129886,-0.006760368,0.031959012,0.061556777
Y469N,469,S29,Y,N,a_2500,1,Asciminib,2500,3969,2498175,0.00158876,-1.018357134,-0.003983238,0.031959012,0.075182112
Y469N,469,S29,Y,N,D0,1,D0,,3226,1009589,0.00319536,-0.010279811,,0.031959012,
Y469N,469,S29,Y,N,D0,1,D0,,3226,1009589,0.00319536,-0.010279811,,0.031959012,
Y469N,469,S29,Y,N,D0,2,D0,,4971,1533758,0.003241059,0.010207081,,0.031959012,
Y469N,469,S29,Y,N,D0,2,D0,,4971,1533758,0.003241059,0.010207081,,0.031959012,
Y469N,469,S29,Y,N,i_50,1,Imatinib,50,4207,1605903,0.00261971,-0.296851089,0.034609728,0.031959012,1.210279827
Y469N,469,S29,Y,N,i_100,1,Imatinib,100,3670,1501070,0.002444923,-0.396469346,0.033198001,0.031959012,1.093307168
Y469N,469,S29,Y,N,i_200,1,Imatinib,200,4634,1625430,0.002850938,-0.174821536,0.030679671,0.031959012,0.912002518
Y469N,469,S29,Y,N,i_300,1,Imatinib,300,4128,1495698,0.002759915,-0.221634089,0.021734411,0.031959012,0.478944159
Y469N,469,S29,Y,N,i_444,1,Imatinib,444,3961,1159488,0.003416163,0.086118659,0.016892026,0.031959012,0.33796161
Y469N,469,S29,Y,N,i_500,1,Imatinib,500,2613,1082233,0.002414452,-0.414562167,0.007576491,0.031959012,0.172813647
Y469N,469,S29,Y,N,i_579,1,Imatinib,579,4471,1434143,0.003117541,-0.045849491,0.008930124,0.031959012,0.190504409
Y469N,469,S29,Y,N,i_750,1,Imatinib,750,3303,1243646,0.0026559,-0.277057069,0.001662794,0.031959012,0.112891551
Y469N,469,S29,Y,N,i_1000,1,Imatinib,1000,2193,1149553,0.001907698,-0.754425324,-0.006884708,0.031959012,0.061008151
Y469N,469,S29,Y,N,i_1250,1,Imatinib,1250,1863,977748,0.001905399,-0.756165064,-0.008099614,0.031959012,0.055898317
Y469N,469,S29,Y,N,i_2500,1,Imatinib,2500,2265,1124752,0.002013777,-0.676354035,-0.008932708,0.031959012,0.052643959
Y469N,469,S29,Y,N,i_5000,1,Imatinib,5000,1577,764852,0.002061837,-0.642328009,-0.011001196,0.031959012,0.045359532
Y469N,469,S29,Y,N,N,1,None,0,4244,1673746,0.00253563,-0.343914105,0.031959012,0.031959012,1
Y469P,469,S29,Y,P,a_5,1,Asciminib,5,14526,1698411,0.0085527,-0.284478613,0.033469218,0.036762068,0.78892405
Y469P,469,S29,Y,P,a_10,1,Asciminib,10,10545,1450953,0.007267637,-0.519372171,0.028048041,0.036762068,0.533973022
Y469P,469,S29,Y,P,a_50,1,Asciminib,50,8606,1311506,0.006561922,-0.66674014,0.014101244,0.036762068,0.195620384
Y469P,469,S29,Y,P,a_89,1,Asciminib,89,9022,1317239,0.006849175,-0.604928419,0.009960642,0.036762068,0.145191363
Y469P,469,S29,Y,P,a_128,1,Asciminib,128,8594,1178751,0.007290768,-0.514787791,0.00817545,0.036762068,0.127678929
Y469P,469,S29,Y,P,a_250,1,Asciminib,250,32273,5028356,0.006418201,-0.698689579,0.004374068,0.036762068,0.097107567
Y469P,469,S29,Y,P,a_363,1,Asciminib,363,10876,1407560,0.007726846,-0.430978843,0.005424157,0.036762068,0.104734196
Y469P,469,S29,Y,P,a_500,1,Asciminib,500,10907,1483951,0.007349973,-0.503119594,0.003827677,0.036762068,0.093361503
Y469P,469,S29,Y,P,a_638,1,Asciminib,638,6448,862155,0.007478934,-0.478025998,0.002180277,0.036762068,0.082919172
Y469P,469,S29,Y,P,a_750,1,Asciminib,750,7390,941415,0.007849886,-0.408186954,0.003170661,0.036762068,0.089047859
Y469P,469,S29,Y,P,a_1151,1,Asciminib,1151,6859,880135,0.007793123,-0.418657052,0.002801743,0.036762068,0.086713699
Y469P,469,S29,Y,P,a_2500,1,Asciminib,2500,20532,2498175,0.0082188,-0.341930855,0.003097502,0.036762068,0.088580035
Y469P,469,S29,Y,P,D0,1,D0,,10245,1009589,0.010147694,-0.03777859,,0.036762068,
Y469P,469,S29,Y,P,D0,1,D0,,10245,1009589,0.010147694,-0.03777859,,0.036762068,
Y469P,469,S29,Y,P,D0,2,D0,,16390,1533758,0.010686171,0.036814507,,0.036762068,
Y469P,469,S29,Y,P,D0,2,D0,,16390,1533758,0.010686171,0.036814507,,0.036762068,
Y469P,469,S29,Y,P,i_50,1,Imatinib,50,16348,1605903,0.010179942,-0.033201083,0.037369581,0.036762068,1.044711659
Y469P,469,S29,Y,P,i_100,1,Imatinib,100,13781,1501070,0.009180784,-0.182241155,0.035440512,0.036762068,0.909234706
Y469P,469,S29,Y,P,i_200,1,Imatinib,200,13812,1625430,0.008497444,-0.293829666,0.02943391,0.036762068,0.590003147
Y469P,469,S29,Y,P,i_300,1,Imatinib,300,12319,1495698,0.008236288,-0.338864235,0.020507261,0.036762068,0.31025954
Y469P,469,S29,Y,P,i_444,1,Imatinib,444,9630,1159488,0.00830539,-0.326810664,0.012569537,0.036762068,0.175193844
Y469P,469,S29,Y,P,i_500,1,Imatinib,500,9818,1082233,0.009071984,-0.199440545,0.009828356,0.036762068,0.143815033
Y469P,469,S29,Y,P,i_579,1,Imatinib,579,13214,1434143,0.009213865,-0.177052112,0.007556712,0.036762068,0.122115783
Y469P,469,S29,Y,P,i_750,1,Imatinib,750,11949,1243646,0.00960804,-0.116616478,0.003342265,0.036762068,0.090154912
Y469P,469,S29,Y,P,i_1000,1,Imatinib,1000,13790,1149553,0.011995967,0.203618996,0.003143971,0.036762068,0.088876904
Y469P,469,S29,Y,P,i_1250,1,Imatinib,1250,11991,977748,0.012263896,0.235486915,0.002280866,0.036762068,0.083521889
Y469P,469,S29,Y,P,i_2500,1,Imatinib,2500,13304,1124752,0.011828385,0.183322663,6.63E-05,0.036762068,0.071211761
Y469P,469,S29,Y,P,i_5000,1,Imatinib,5000,8773,764852,0.011470193,0.138959179,-0.002822786,0.036762068,0.057837986
Y469P,469,S29,Y,P,N,1,None,0,18881,1673746,0.011280684,0.114924091,0.036762068,0.036762068,1
Y469Q,469,S29,Y,Q,a_5,1,Asciminib,5,21465,1698411,0.012638284,0.828117327,0.045115723,0.042703058,1.189712695
Y469Q,469,S29,Y,Q,a_10,1,Asciminib,10,20061,1450953,0.013826085,0.957709509,0.043509934,0.042703058,1.059815706
Y469Q,469,S29,Y,Q,a_50,1,Asciminib,50,11356,1311506,0.008658748,0.28254712,0.024038256,0.042703058,0.260835389
Y469Q,469,S29,Y,Q,a_89,1,Asciminib,89,10386,1317239,0.007884674,0.147439772,0.017836332,0.042703058,0.166892678
Y469Q,469,S29,Y,Q,a_128,1,Asciminib,128,9329,1178751,0.007914309,0.152852127,0.015164215,0.042703058,0.137683633
Y469Q,469,S29,Y,Q,a_250,1,Asciminib,250,37859,5028356,0.007529101,0.080866284,0.012534355,0.042703058,0.113932778
Y469Q,469,S29,Y,Q,a_363,1,Asciminib,363,11046,1407560,0.007847623,0.140644385,0.011407832,0.042703058,0.105056573
Y469Q,469,S29,Y,Q,a_500,1,Asciminib,500,12341,1483951,0.008316312,0.224332621,0.011442549,0.042703058,0.1053195
Y469Q,469,S29,Y,Q,a_638,1,Asciminib,638,6102,862155,0.007077614,-0.008348309,0.0070968,0.042703058,0.077023046
Y469Q,469,S29,Y,Q,a_750,1,Asciminib,750,7447,941415,0.007910433,0.152145291,0.009036144,0.042703058,0.088565061
Y469Q,469,S29,Y,Q,a_1151,1,Asciminib,1151,6808,880135,0.007735177,0.119822982,0.00843848,0.042703058,0.084834782
Y469Q,469,S29,Y,Q,a_2500,1,Asciminib,2500,20224,2498175,0.00809551,0.1855106,0.008618688,0.042703058,0.085942685
Y469Q,469,S29,Y,Q,D0,1,D0,,7253,1009589,0.007184112,0.013198431,,0.042703058,
Y469Q,469,S29,Y,Q,D0,1,D0,,7253,1009589,0.007184112,0.013198431,,0.042703058,
Y469Q,469,S29,Y,Q,D0,2,D0,,10818,1533758,0.007053264,-0.013320292,,0.042703058,
Y469Q,469,S29,Y,Q,D0,2,D0,,10818,1533758,0.007053264,-0.013320292,,0.042703058,
Y469Q,469,S29,Y,Q,i_50,1,Imatinib,50,19191,1605903,0.011950286,0.747361909,0.04554041,0.042703058,1.226652968
Y469Q,469,S29,Y,Q,i_100,1,Imatinib,100,17893,1501070,0.011920164,0.743720812,0.045133358,0.042703058,1.191224272
Y469Q,469,S29,Y,Q,i_200,1,Imatinib,200,19947,1625430,0.01227183,0.785667131,0.040733937,0.042703058,0.867815008
Y469Q,469,S29,Y,Q,i_300,1,Imatinib,300,18726,1495698,0.012519907,0.81454063,0.032580949,0.042703058,0.482491533
Y469Q,469,S29,Y,Q,i_444,1,Imatinib,444,14154,1159488,0.012207112,0.778038709,0.024134952,0.042703058,0.262657691
Y469Q,469,S29,Y,Q,i_500,1,Imatinib,500,13850,1082233,0.012797614,0.846191612,0.020773893,0.042703058,0.206201812
Y469Q,469,S29,Y,Q,i_579,1,Imatinib,579,18591,1434143,0.012963142,0.864732264,0.018461971,0.042703058,0.174582428
Y469Q,469,S29,Y,Q,i_750,1,Imatinib,750,16308,1243646,0.013113056,0.881320751,0.013788538,0.042703058,0.124699869
Y469Q,469,S29,Y,Q,i_1000,1,Imatinib,1000,14714,1149553,0.012799758,0.846433288,0.009872865,0.042703058,0.094064561
Y469Q,469,S29,Y,Q,i_1250,1,Imatinib,1250,9875,977748,0.010099739,0.504634842,0.005098271,0.042703058,0.066700374
Y469Q,469,S29,Y,Q,i_2500,1,Imatinib,2500,10424,1124752,0.009267821,0.380618831,0.002131542,0.042703058,0.053871745
Y469Q,469,S29,Y,Q,i_5000,1,Imatinib,5000,8311,764852,0.010866154,0.610158239,0.002109662,0.042703058,0.053786944
Y469Q,469,S29,Y,Q,N,1,None,0,19122,1673746,0.011424673,0.682469591,0.042703058,0.042703058,1
Y469R,469,S29,Y,R,a_5,1,Asciminib,5,7472,1698411,0.004399406,0.913203806,0.046006397,0.044399076,1.122689473
Y469R,469,S29,Y,R,a_10,1,Asciminib,10,8319,1450953,0.005733473,1.2953043,0.047043831,0.044399076,1.209760459
Y469R,469,S29,Y,R,a_50,1,Asciminib,50,7949,1311506,0.006060971,1.375443941,0.035478553,0.044399076,0.526092829
Y469R,469,S29,Y,R,a_89,1,Asciminib,89,8053,1317239,0.006113545,1.387904172,0.030821347,0.044399076,0.376214247
Y469R,469,S29,Y,R,a_128,1,Asciminib,128,6172,1178751,0.005236051,1.164374038,0.02575269,0.044399076,0.261181493
Y469R,469,S29,Y,R,a_250,1,Asciminib,250,26018,5028356,0.005174256,1.147246338,0.023697078,0.044399076,0.225250125
Y469R,469,S29,Y,R,a_363,1,Asciminib,363,6426,1407560,0.004565347,0.96661953,0.020054029,0.044399076,0.173280547
Y469R,469,S29,Y,R,a_500,1,Asciminib,500,7892,1483951,0.005318235,1.186842472,0.021517973,0.044399076,0.192542301
Y469R,469,S29,Y,R,a_638,1,Asciminib,638,4013,862155,0.004654615,0.994556958,0.017595078,0.044399076,0.145164478
Y469R,469,S29,Y,R,a_750,1,Asciminib,750,4789,941415,0.005087023,1.122716661,0.019195955,0.044399076,0.162899033
Y469R,469,S29,Y,R,a_1151,1,Asciminib,1151,4337,880135,0.004927653,1.07679568,0.018455942,0.044399076,0.15444679
Y469R,469,S29,Y,R,a_2500,1,Asciminib,2500,9787,2498175,0.00391766,0.745887127,0.014484634,0.044399076,0.116037744
Y469R,469,S29,Y,R,D0,1,D0,,2373,1009589,0.002350461,0.008838975,,0.044399076,
Y469R,469,S29,Y,R,D0,1,D0,,2373,1009589,0.002350461,0.008838975,,0.044399076,
Y469R,469,S29,Y,R,D0,2,D0,,3561,1533758,0.002321748,-0.008893462,,0.044399076,
Y469R,469,S29,Y,R,D0,2,D0,,3561,1533758,0.002321748,-0.008893462,,0.044399076,
Y469R,469,S29,Y,R,i_50,1,Imatinib,50,6421,1605903,0.003998374,0.775308216,0.045832948,0.044399076,1.108756154
Y469R,469,S29,Y,R,i_100,1,Imatinib,100,5421,1501070,0.003611424,0.628462721,0.043926852,0.044399076,0.966571398
Y469R,469,S29,Y,R,i_200,1,Imatinib,200,8717,1625430,0.005362889,1.198905253,0.045059659,0.044399076,1.048711194
Y469R,469,S29,Y,R,i_300,1,Imatinib,300,8754,1495698,0.005852786,1.325018448,0.037924562,0.044399076,0.62740376
Y469R,469,S29,Y,R,i_444,1,Imatinib,444,5347,1159488,0.004611518,0.981136758,0.026260955,0.044399076,0.270916489
Y469R,469,S29,Y,R,i_500,1,Imatinib,500,5955,1082233,0.005502512,1.23598534,0.024854201,0.044399076,0.244820265
Y469R,469,S29,Y,R,i_579,1,Imatinib,579,8769,1434143,0.006114453,1.388118417,0.023940707,0.044399076,0.229236163
Y469R,469,S29,Y,R,i_750,1,Imatinib,750,5974,1243646,0.004803618,1.040016323,0.015449742,0.044399076,0.124387693
Y469R,469,S29,Y,R,i_1000,1,Imatinib,1000,4227,1149553,0.003677081,0.6544561,0.007863274,0.044399076,0.072036832
Y469R,469,S29,Y,R,i_1250,1,Imatinib,1250,4550,977748,0.004653551,0.994226931,0.010223255,0.044399076,0.08537866
Y469R,469,S29,Y,R,i_2500,1,Imatinib,2500,5056,1124752,0.004495213,0.944284502,0.008031919,0.044399076,0.072916868
Y469R,469,S29,Y,R,i_5000,1,Imatinib,5000,3317,764852,0.004336787,0.892521467,0.005065403,0.044399076,0.058893505
Y469R,469,S29,Y,R,N,1,None,0,7021,1673746,0.004194782,0.844490891,0.044399076,0.044399076,1
Y469S,469,S29,Y,S,a_5,1,Asciminib,5,3787,1698411,0.002229731,0.147470569,0.037990804,0.033815574,1.350691344
Y469S,469,S29,Y,S,a_10,1,Asciminib,10,3344,1450953,0.002304692,0.195174827,0.035527823,0.033815574,1.131203312
Y469S,469,S29,Y,S,a_50,1,Asciminib,50,1858,1311506,0.001416692,-0.506873139,0.015774711,0.033815574,0.272820245
Y469S,469,S29,Y,S,a_89,1,Asciminib,89,1576,1317239,0.001196442,-0.75064883,0.008435261,0.033815574,0.160833993
Y469S,469,S29,Y,S,a_128,1,Asciminib,128,1578,1178751,0.001338705,-0.588561022,0.007403201,0.033815574,0.14931594
Y469S,469,S29,Y,S,a_250,1,Asciminib,250,4878,5028356,0.000970098,-1.053196268,0.00066314,0.033815574,0.091907262
Y469S,469,S29,Y,S,a_363,1,Asciminib,363,1437,1407560,0.001020916,-0.979535592,-0.000318061,0.033815574,0.085638379
Y469S,469,S29,Y,S,a_500,1,Asciminib,500,2032,1483951,0.001369317,-0.555942285,0.003274736,0.033815574,0.110920634
Y469S,469,S29,Y,S,a_638,1,Asciminib,638,1195,862155,0.001386062,-0.538407783,0.001548209,0.033815574,0.097954685
Y469S,469,S29,Y,S,a_750,1,Asciminib,750,1012,941415,0.001074978,-0.905092688,-0.002030881,0.033815574,0.075702448
Y469S,469,S29,Y,S,a_1151,1,Asciminib,1151,945,880135,0.001073699,-0.906809732,-0.002308174,0.033815574,0.074206033
Y469S,469,S29,Y,S,a_2500,1,Asciminib,2500,3332,2498175,0.001333774,-0.593885375,0.000460076,0.033815574,0.090573295
Y469S,469,S29,Y,S,D0,1,D0,,1961,1009589,0.001942375,-0.051577794,,0.033815574,
Y469S,469,S29,Y,S,D0,1,D0,,1961,1009589,0.001942375,-0.051577794,,0.033815574,
Y469S,469,S29,Y,S,D0,2,D0,,3196,1533758,0.002083771,0.049797307,,0.033815574,
Y469S,469,S29,Y,S,D0,2,D0,,3196,1533758,0.002083771,0.049797307,,0.033815574,
Y469S,469,S29,Y,S,i_50,1,Imatinib,50,2827,1605903,0.00176038,-0.193512103,0.035691467,0.033815574,1.144610372
Y469S,469,S29,Y,S,i_100,1,Imatinib,100,2945,1501070,0.001961934,-0.037122855,0.036959591,0.033815574,1.254038646
Y469S,469,S29,Y,S,i_200,1,Imatinib,200,3797,1625430,0.002335997,0.21463934,0.034756495,0.033815574,1.070093823
Y469S,469,S29,Y,S,i_300,1,Imatinib,300,3849,1495698,0.00257338,0.354265532,0.027762851,0.033815574,0.646749601
Y469S,469,S29,Y,S,i_444,1,Imatinib,444,2792,1159488,0.002407959,0.25841182,0.018695568,0.033815574,0.336673907
Y469S,469,S29,Y,S,i_500,1,Imatinib,500,2572,1082233,0.002376568,0.239480272,0.01442292,0.033815574,0.247518221
Y469S,469,S29,Y,S,i_579,1,Imatinib,579,3947,1434143,0.002752166,0.451168403,0.01413284,0.033815574,0.24240223
Y469S,469,S29,Y,S,i_750,1,Imatinib,750,2580,1243646,0.002074545,0.043395948,0.005017253,0.033815574,0.125747536
Y469S,469,S29,Y,S,i_1000,1,Imatinib,1000,1944,1149553,0.001691092,-0.251443996,-0.001619567,0.033815574,0.077977876
Y469S,469,S29,Y,S,i_1250,1,Imatinib,1250,1899,977748,0.001942218,-0.051693912,-0.000725304,0.033815574,0.083163792
Y469S,469,S29,Y,S,i_2500,1,Imatinib,2500,1790,1124752,0.001591462,-0.339046577,-0.005401819,0.033815574,0.059388644
Y469S,469,S29,Y,S,i_5000,1,Imatinib,5000,1896,764852,0.002478911,0.300307215,-0.001133817,0.033815574,0.080753326
Y469S,469,S29,Y,S,N,1,None,0,3002,1673746,0.001793582,-0.166555863,0.033815574,0.033815574,1
Y469T,469,S29,Y,T,a_5,1,Asciminib,5,10093,1698411,0.005942613,0.633256835,0.043075949,0.040844757,1.174269008
Y469T,469,S29,Y,T,a_10,1,Asciminib,10,9534,1450953,0.006570854,0.778240139,0.041631273,0.040844757,1.058263225
Y469T,469,S29,Y,T,a_50,1,Asciminib,50,8888,1311506,0.006776942,0.822793711,0.029693485,0.040844757,0.448031556
Y469T,469,S29,Y,T,a_89,1,Asciminib,89,8457,1317239,0.006420247,0.744788148,0.024089294,0.040844757,0.29927472
Y469T,469,S29,Y,T,a_128,1,Asciminib,128,6895,1178751,0.005849412,0.610450859,0.019954297,0.040844757,0.222214277
Y469T,469,S29,Y,T,a_250,1,Asciminib,250,21433,5028356,0.004262427,0.153834402,0.013298175,0.040844757,0.137606941
Y469T,469,S29,Y,T,a_363,1,Asciminib,363,6266,1407560,0.004451675,0.21650765,0.012201959,0.040844757,0.127163516
Y469T,469,S29,Y,T,a_500,1,Asciminib,500,6658,1483951,0.004486671,0.227804717,0.011478894,0.040844757,0.120712676
Y469T,469,S29,Y,T,a_638,1,Asciminib,638,3366,862155,0.00390417,0.02717531,0.007468656,0.040844757,0.090439039
Y469T,469,S29,Y,T,a_750,1,Asciminib,750,3739,941415,0.003971681,0.051909027,0.007986884,0.040844757,0.093877282
Y469T,469,S29,Y,T,a_1151,1,Asciminib,1151,3214,880135,0.003651713,-0.069267504,0.006459106,0.040844757,0.084098471
Y469T,469,S29,Y,T,a_2500,1,Asciminib,2500,9234,2498175,0.003696298,-0.051759509,0.006134977,0.040844757,0.082158562
Y469T,469,S29,Y,T,D0,1,D0,,3967,1009589,0.003929322,0.036439603,,0.040844757,
Y469T,469,S29,Y,T,D0,1,D0,,3967,1009589,0.003929322,0.036439603,,0.040844757,
Y469T,469,S29,Y,T,D0,2,D0,,5726,1533758,0.003733314,-0.037383897,,0.040844757,
Y469T,469,S29,Y,T,D0,2,D0,,5726,1533758,0.003733314,-0.037383897,,0.040844757,
Y469T,469,S29,Y,T,i_50,1,Imatinib,50,8436,1605903,0.005253119,0.455333643,0.042483497,0.040844757,1.125232027
Y469T,469,S29,Y,T,i_100,1,Imatinib,100,8429,1501070,0.005615328,0.551529528,0.043121526,0.040844757,1.178128676
Y469T,469,S29,Y,T,i_200,1,Imatinib,200,10015,1625430,0.006161447,0.685428391,0.039684652,0.040844757,0.919865697
Y469T,469,S29,Y,T,i_300,1,Imatinib,300,10283,1495698,0.006875051,0.843529713,0.032884402,0.040844757,0.563749344
Y469T,469,S29,Y,T,i_444,1,Imatinib,444,7776,1159488,0.006706408,0.807699632,0.024445439,0.040844757,0.307048077
Y469T,469,S29,Y,T,i_500,1,Imatinib,500,7327,1082233,0.006770261,0.821370779,0.020514072,0.040844757,0.231353286
Y469T,469,S29,Y,T,i_579,1,Imatinib,579,10746,1434143,0.007492977,0.967698256,0.019539805,0.040844757,0.215680628
Y469T,469,S29,Y,T,i_750,1,Imatinib,750,8224,1243646,0.006612814,0.787423681,0.012805636,0.040844757,0.132812524
Y469T,469,S29,Y,T,i_1000,1,Imatinib,1000,5594,1149553,0.004866239,0.344966573,0.004623579,0.040844757,0.073687298
Y469T,469,S29,Y,T,i_1250,1,Imatinib,1250,5052,977748,0.005166976,0.431479356,0.004332489,0.040844757,0.072158995
Y469T,469,S29,Y,T,i_2500,1,Imatinib,2500,5404,1124752,0.004804615,0.326580044,0.001565872,0.040844757,0.059126281
Y469T,469,S29,Y,T,i_5000,1,Imatinib,5000,3866,764852,0.005054573,0.399748423,-9.29E-05,0.040844757,0.052470202
Y469T,469,S29,Y,T,N,1,None,0,9100,1673746,0.005436906,0.504945239,0.040844757,0.040844757,1
Y469V,469,S29,Y,V,a_5,1,Asciminib,5,16012,1698411,0.009427636,0.798393433,0.044804577,0.04214188,1.211324294
Y469V,469,S29,Y,V,a_10,1,Asciminib,10,14554,1450953,0.010030649,0.88784046,0.042778554,0.04214188,1.046907468
Y469V,469,S29,Y,V,a_50,1,Asciminib,50,9107,1311506,0.006943926,0.357248914,0.024820224,0.04214188,0.287319864
Y469V,469,S29,Y,V,a_89,1,Asciminib,89,8163,1317239,0.006197053,0.193079762,0.018314085,0.04214188,0.179855556
Y469V,469,S29,Y,V,a_128,1,Asciminib,128,5835,1178751,0.004950155,-0.131028902,0.012192586,0.04214188,0.115746928
Y469V,469,S29,Y,V,a_250,1,Asciminib,250,25665,5028356,0.005104054,-0.086859001,0.010778629,0.04214188,0.104543288
Y469V,469,S29,Y,V,a_363,1,Asciminib,363,7420,1407560,0.005271534,-0.040279797,0.009513942,0.04214188,0.095444391
Y469V,469,S29,Y,V,a_500,1,Asciminib,500,7730,1483951,0.005209067,-0.057477604,0.008492597,0.04214188,0.088677566
Y469V,469,S29,Y,V,a_638,1,Asciminib,638,4049,862155,0.004696371,-0.206956088,0.0050178,0.04214188,0.069049357
Y469V,469,S29,Y,V,a_750,1,Asciminib,750,5150,941415,0.005470489,0.013167124,0.007581339,0.04214188,0.08304614
Y469V,469,S29,Y,V,a_1151,1,Asciminib,1151,4536,880135,0.005153755,-0.072878657,0.006421305,0.04214188,0.076391688
Y469V,469,S29,Y,V,a_2500,1,Asciminib,2500,13520,2498175,0.005411951,-0.002353859,0.006652148,0.04214188,0.077671983
Y469V,469,S29,Y,V,D0,1,D0,,5542,1009589,0.005489363,0.018136051,,0.04214188,
Y469V,469,S29,Y,V,D0,1,D0,,5542,1009589,0.005489363,0.018136051,,0.04214188,
Y469V,469,S29,Y,V,D0,2,D0,,8209,1533758,0.005352213,-0.018366945,,0.04214188,
Y469V,469,S29,Y,V,D0,2,D0,,8209,1533758,0.005352213,-0.018366945,,0.04214188,
Y469V,469,S29,Y,V,i_50,1,Imatinib,50,12484,1605903,0.007773819,0.520121041,0.043161683,0.04214188,1.076188707
Y469V,469,S29,Y,V,i_100,1,Imatinib,100,12558,1501070,0.008366032,0.626040993,0.043901502,0.04214188,1.135068241
Y469V,469,S29,Y,V,i_200,1,Imatinib,200,14775,1625430,0.009089902,0.745762236,0.040316218,0.04214188,0.876825203
Y469V,469,S29,Y,V,i_300,1,Imatinib,300,12837,1495698,0.008582615,0.66291471,0.030993749,0.04214188,0.448132907
Y469V,469,S29,Y,V,i_444,1,Imatinib,444,9959,1159488,0.008589136,0.664010434,0.022941319,0.04214188,0.250965365
Y469V,469,S29,Y,V,i_500,1,Imatinib,500,9464,1082233,0.008744882,0.689936372,0.019138234,0.04214188,0.190850956
Y469V,469,S29,Y,V,i_579,1,Imatinib,579,14050,1434143,0.009796792,0.853806779,0.018347605,0.04214188,0.180290146
Y469V,469,S29,Y,V,i_750,1,Imatinib,750,10165,1243646,0.008173548,0.592459862,0.010764781,0.04214188,0.104439104
Y469V,469,S29,Y,V,i_1000,1,Imatinib,1000,7883,1149553,0.006857448,0.339169229,0.004562893,0.04214188,0.066824397
Y469V,469,S29,Y,V,i_1250,1,Imatinib,1250,6923,977748,0.007080557,0.3853602,0.00384972,0.04214188,0.063479674
Y469V,469,S29,Y,V,i_2500,1,Imatinib,2500,7619,1124752,0.006773938,0.32149216,0.001512612,0.04214188,0.053648206
Y469V,469,S29,Y,V,i_5000,1,Imatinib,5000,5971,764852,0.007806739,0.52621749,0.001230982,0.04214188,0.052571315
Y469V,469,S29,Y,V,N,1,None,0,14030,1673746,0.008382395,0.628859933,0.04214188,0.04214188,1
Y469W,469,S29,Y,W,a_5,1,Asciminib,5,7199,1698411,0.004238668,-0.169940717,0.034668185,0.031294993,1.274902685
Y469W,469,S29,Y,W,a_10,1,Asciminib,10,5675,1450953,0.003911222,-0.285932011,0.030491661,0.031294993,0.943801061
Y469W,469,S29,Y,W,a_50,1,Asciminib,50,3945,1311506,0.003007992,-0.664750723,0.014122069,0.031294993,0.290413216
Y469W,469,S29,Y,W,a_89,1,Asciminib,89,4278,1317239,0.003247702,-0.554132265,0.01049237,0.031294993,0.223624077
Y469W,469,S29,Y,W,a_128,1,Asciminib,128,3347,1178751,0.002839446,-0.747942059,0.005734822,0.031294993,0.158764661
Y469W,469,S29,Y,W,a_250,1,Asciminib,250,16594,5028356,0.003300085,-0.531048623,0.006128912,0.031294993,0.163334039
Y469W,469,S29,Y,W,a_363,1,Asciminib,363,4580,1407560,0.003253858,-0.551400439,0.0041636,0.031294993,0.141782613
Y469W,469,S29,Y,W,a_500,1,Asciminib,500,3723,1483951,0.002508843,-0.926529454,-0.000604521,0.031294993,0.100583707
Y469W,469,S29,Y,W,a_638,1,Asciminib,638,2892,862155,0.003354385,-0.507503232,0.001871713,0.031294993,0.12021468
Y469W,469,S29,Y,W,a_750,1,Asciminib,750,2893,941415,0.003073034,-0.633888038,0.000808053,0.031294993,0.111351913
Y469W,469,S29,Y,W,a_1151,1,Asciminib,1151,2834,880135,0.003219961,-0.566508592,0.001254053,0.031294993,0.114985682
Y469W,469,S29,Y,W,a_2500,1,Asciminib,2500,8427,2498175,0.003373262,-0.499407033,0.001449062,0.031294993,0.116611545
Y469W,469,S29,Y,W,D0,1,D0,,4826,1009589,0.004780163,0.003508203,,0.031294993,
Y469W,469,S29,Y,W,D0,1,D0,,4826,1009589,0.004780163,0.003508203,,0.031294993,
Y469W,469,S29,Y,W,D0,2,D0,,7296,1533758,0.004756943,-0.003516755,,0.031294993,
Y469W,469,S29,Y,W,D0,2,D0,,7296,1533758,0.004756943,-0.003516755,,0.031294993,
Y469W,469,S29,Y,W,i_50,1,Imatinib,50,6416,1605903,0.00399526,-0.255262227,0.035045075,0.031294993,1.309972179
Y469W,469,S29,Y,W,i_100,1,Imatinib,100,6250,1501070,0.004163697,-0.195686682,0.035299766,0.031294993,1.334215797
Y469W,469,S29,Y,W,i_200,1,Imatinib,200,7232,1625430,0.004449284,-0.099978365,0.031463119,0.031294993,1.012178659
Y469W,469,S29,Y,W,i_300,1,Imatinib,300,7301,1495698,0.004881333,0.033723558,0.02440746,0.031294993,0.609021109
Y469W,469,S29,Y,W,i_444,1,Imatinib,444,5642,1159488,0.004865941,0.029167161,0.016295865,0.031294993,0.339616857
Y469W,469,S29,Y,W,i_500,1,Imatinib,500,5922,1082233,0.005472019,0.198521736,0.013994172,0.031294993,0.287751178
Y469W,469,S29,Y,W,i_579,1,Imatinib,579,7291,1434143,0.005083872,0.092376202,0.010377052,0.031294993,0.221775033
Y469W,469,S29,Y,W,i_750,1,Imatinib,750,5863,1243646,0.004714364,-0.016488444,0.004390392,0.031294993,0.144116787
Y469W,469,S29,Y,W,i_1000,1,Imatinib,1000,4820,1149553,0.004192934,-0.185591452,-0.000930231,0.031294993,0.098252347
Y469W,469,S29,Y,W,i_1250,1,Imatinib,1250,3816,977748,0.003902846,-0.289025029,-0.003209654,0.031294993,0.083381018
Y469W,469,S29,Y,W,i_2500,1,Imatinib,2500,3933,1124752,0.003496771,-0.447528362,-0.006537391,0.031294993,0.065616266
Y469W,469,S29,Y,W,i_5000,1,Imatinib,5000,2618,764852,0.003422884,-0.478339035,-0.009284581,0.031294993,0.053840499
Y469W,469,S29,Y,W,N,1,None,0,6018,1673746,0.003595528,-0.407348117,0.031294993,0.031294993,1
E470A,470,S29,E,A,a_5,1,Asciminib,5,3758,1698411,0.002212656,-0.95519342,0.026448265,0.02983458,0.783632881
E470A,470,S29,E,A,a_10,1,Asciminib,10,3018,1450953,0.002080012,-1.044380848,0.022552321,0.02983458,0.59195619
E470A,470,S29,E,A,a_50,1,Asciminib,50,2683,1311506,0.00204574,-1.06835022,0.009897244,0.02983458,0.237999153
E470A,470,S29,E,A,a_89,1,Asciminib,89,2475,1317239,0.00187893,-1.191061473,0.00382508,0.02983458,0.153710555
E470A,470,S29,E,A,a_128,1,Asciminib,128,2690,1178751,0.002282077,-0.910625688,0.004031872,0.02983458,0.156016271
E470A,470,S29,E,A,a_250,1,Asciminib,250,10171,5028356,0.002022729,-1.084670035,0.000333677,0.02983458,0.11954469
E470A,470,S29,E,A,a_363,1,Asciminib,363,2775,1407560,0.001971497,-1.121681516,-0.001806026,0.02983458,0.102476313
E470A,470,S29,E,A,a_500,1,Asciminib,500,2877,1483951,0.001938743,-1.1458511,-0.002900351,0.02983458,0.094711962
E470A,470,S29,E,A,a_638,1,Asciminib,638,1628,862155,0.001888292,-1.183891335,-0.005208627,0.02983458,0.080209698
E470A,470,S29,E,A,a_750,1,Asciminib,750,1613,941415,0.001713378,-1.324129173,-0.006417299,0.02983458,0.073524598
E470A,470,S29,E,A,a_1151,1,Asciminib,1151,1658,880135,0.001883802,-1.187325594,-0.005244576,0.02983458,0.080002355
E470A,470,S29,E,A,a_2500,1,Asciminib,2500,4793,2498175,0.001918601,-1.160918469,-0.005475551,0.02983458,0.078682904
E470A,470,S29,E,A,D0,1,D0,,4200,1009589,0.004160109,-0.044351635,,0.02983458,
E470A,470,S29,E,A,D0,1,D0,,4200,1009589,0.004160109,-0.044351635,,0.02983458,
E470A,470,S29,E,A,D0,2,D0,,6779,1533758,0.004419863,0.043028736,,0.02983458,
E470A,470,S29,E,A,D0,2,D0,,6779,1533758,0.004419863,0.043028736,,0.02983458,
E470A,470,S29,E,A,i_50,1,Imatinib,50,4553,1605903,0.002835165,-0.597540161,0.031462155,0.02983458,1.124327915
E470A,470,S29,E,A,i_100,1,Imatinib,100,4155,1501070,0.002768025,-0.632115646,0.030731287,0.02983458,1.066692677
E470A,470,S29,E,A,i_200,1,Imatinib,200,4689,1625430,0.002884775,-0.572514014,0.026516679,0.02983458,0.787502435
E470A,470,S29,E,A,i_300,1,Imatinib,300,3619,1495698,0.002419606,-0.826200665,0.015405889,0.02983458,0.35385582
E470A,470,S29,E,A,i_444,1,Imatinib,444,3017,1159488,0.002602011,-0.721346059,0.008439594,0.02983458,0.214287009
E470A,470,S29,E,A,i_500,1,Imatinib,500,3171,1082233,0.002930053,-0.550046127,0.006158264,0.02983458,0.181827879
E470A,470,S29,E,A,i_579,1,Imatinib,579,4287,1434143,0.002989242,-0.521193333,0.003954288,0.02983458,0.15514719
E470A,470,S29,E,A,i_750,1,Imatinib,750,3735,1243646,0.003003266,-0.514440509,-0.000822104,0.02983458,0.109999308
E470A,470,S29,E,A,i_1000,1,Imatinib,1000,3786,1149553,0.003293454,-0.381371438,-0.00297963,0.02983458,0.094172875
E470A,470,S29,E,A,i_1250,1,Imatinib,1250,3430,977748,0.003508061,-0.290298875,-0.003222989,0.02983458,0.092537165
E470A,470,S29,E,A,i_2500,1,Imatinib,2500,3540,1124752,0.00314736,-0.446830438,-0.006530086,0.02983458,0.072929949
E470A,470,S29,E,A,i_5000,1,Imatinib,5000,2246,764852,0.002936516,-0.546867455,-0.010001928,0.02983458,0.056799457
E470A,470,S29,E,A,N,1,None,0,4915,1673746,0.002936527,-0.546862058,0.02983458,0.02983458,1
E470C,470,S29,E,C,a_5,1,Asciminib,5,287,1698411,0.000168981,-0.54849559,0.030705524,0.024046076,1.615234646
E470C,470,S29,E,C,a_10,1,Asciminib,10,212,1450953,0.000146111,-0.758297229,0.025547006,0.024046076,1.114122318
E470C,470,S29,E,C,a_50,1,Asciminib,50,98,1311506,7.47E-05,-1.72573146,0.003015865,0.024046076,0.219989568
E470C,470,S29,E,C,a_89,1,Asciminib,89,59,1317239,4.48E-05,-2.464090979,-0.009500822,0.024046076,0.089333687
E470C,470,S29,E,C,a_128,1,Asciminib,128,144,1178751,0.000122163,-1.01655089,0.002923061,0.024046076,0.218524514
E470C,470,S29,E,C,a_250,1,Asciminib,250,630,5028356,0.000125289,-0.980095672,0.001428347,0.024046076,0.196228309
E470C,470,S29,E,C,a_363,1,Asciminib,363,188,1407560,0.000133564,-0.887824466,0.000641958,0.024046076,0.185426545
E470C,470,S29,E,C,a_500,1,Asciminib,500,22,1483951,1.48E-05,-4.059228733,-0.033397197,0.024046076,0.01598802
E470C,470,S29,E,C,a_638,1,Asciminib,638,126,862155,0.000146145,-0.757956141,-0.000749994,0.024046076,0.16774387
E470C,470,S29,E,C,a_750,1,Asciminib,750,110,941415,0.000116845,-1.080759928,-0.003869742,0.024046076,0.133996859
E470C,470,S29,E,C,a_1151,1,Asciminib,1151,92,880135,0.000104529,-1.241451675,-0.005811161,0.024046076,0.116516659
E470C,470,S29,E,C,a_2500,1,Asciminib,2500,365,2498175,0.000146107,-0.758338785,-0.001261401,0.024046076,0.161679662
E470C,470,S29,E,C,D0,1,D0,,293,1009589,0.000290217,0.231771862,,0.024046076,
E470C,470,S29,E,C,D0,1,D0,,293,1009589,0.000290217,0.231771862,,0.024046076,
E470C,470,S29,E,C,D0,2,D0,,313,1533758,0.000204074,-0.276268918,,0.024046076,
E470C,470,S29,E,C,D0,2,D0,,313,1533758,0.000204074,-0.276268918,,0.024046076,
E470C,470,S29,E,C,i_50,1,Imatinib,50,343,1605903,0.000213587,-0.210536884,0.035513254,0.024046076,2.283334337
E470C,470,S29,E,C,i_100,1,Imatinib,100,160,1501070,0.000106591,-1.213280058,0.024647736,0.024046076,1.044271486
E470C,470,S29,E,C,i_200,1,Imatinib,200,167,1625430,0.000102742,-1.266334031,0.019253865,0.024046076,0.708192584
E470C,470,S29,E,C,i_300,1,Imatinib,300,174,1495698,0.000116334,-1.087092307,0.01267491,0.024046076,0.440994035
E470C,470,S29,E,C,i_444,1,Imatinib,444,205,1159488,0.000176802,-0.483224686,0.010932216,0.024046076,0.388991456
E470C,470,S29,E,C,i_500,1,Imatinib,500,203,1082233,0.000187575,-0.397892117,0.007750991,0.024046076,0.309361097
E470C,470,S29,E,C,i_579,1,Imatinib,579,284,1434143,0.000198028,-0.319658661,0.006063926,0.024046076,0.273975992
E470C,470,S29,E,C,i_750,1,Imatinib,750,63,1243646,5.07E-05,-2.286512858,-0.019371919,0.024046076,0.043888821
E470C,470,S29,E,C,i_1000,1,Imatinib,1000,219,1149553,0.000190509,-0.375502819,-0.002918198,0.024046076,0.143498927
E470C,470,S29,E,C,i_1250,1,Imatinib,1250,261,977748,0.00026694,0.111154515,0.000979371,0.024046076,0.189986412
E470C,470,S29,E,C,i_2500,1,Imatinib,2500,249,1124752,0.000221382,-0.158821896,-0.003515251,0.024046076,0.137460934
E470C,470,S29,E,C,i_5000,1,Imatinib,5000,186,764852,0.000243184,-0.023310601,-0.004521405,0.024046076,0.127854984
E470C,470,S29,E,C,N,1,None,0,193,1673746,0.00011531,-1.099840467,0.024046076,0.024046076,1
E470D,470,S29,E,D,a_5,1,Asciminib,5,3477,1698411,0.002047208,-0.511335499,0.03109451,0.032746055,0.88788662
E470D,470,S29,E,D,a_10,1,Asciminib,10,2664,1450953,0.001836035,-0.668399651,0.026488041,0.032746055,0.637260345
E470D,470,S29,E,D,a_50,1,Asciminib,50,1954,1311506,0.00148989,-0.969786886,0.010928992,0.032746055,0.207872874
E470D,470,S29,E,D,a_89,1,Asciminib,89,2134,1317239,0.001620055,-0.848949902,0.007406258,0.032746055,0.161303857
E470D,470,S29,E,D,a_128,1,Asciminib,128,1826,1178751,0.001549097,-0.913565175,0.004001102,0.032746055,0.126231638
E470D,470,S29,E,D,a_250,1,Asciminib,250,7289,5028356,0.001449579,-1.009358839,0.001122024,0.032746055,0.102598679
E470D,470,S29,E,D,a_363,1,Asciminib,363,2458,1407560,0.001746284,-0.740704451,0.002181991,0.032746055,0.110735298
E470D,470,S29,E,D,a_500,1,Asciminib,500,2584,1483951,0.001741297,-0.744830331,0.001297481,0.032746055,0.103903018
E470D,470,S29,E,D,a_638,1,Asciminib,638,1384,862155,0.00160528,-0.862168171,-0.001840872,0.032746055,0.082888517
E470D,470,S29,E,D,a_750,1,Asciminib,750,1472,941415,0.001563604,-0.90011802,-0.001978807,0.032746055,0.082069396
E470D,470,S29,E,D,a_1151,1,Asciminib,1151,1668,880135,0.001895164,-0.622670391,0.000666159,0.032746055,0.099285818
E470D,470,S29,E,D,a_2500,1,Asciminib,2500,4916,2498175,0.001967837,-0.568382573,0.000727036,0.032746055,0.099721955
E470D,470,S29,E,D,D0,1,D0,,2949,1009589,0.002920991,0.00146478,,0.032746055,
E470D,470,S29,E,D,D0,1,D0,,2949,1009589,0.002920991,0.00146478,,0.032746055,
E470D,470,S29,E,D,D0,2,D0,,4471,1533758,0.002915062,-0.001466269,,0.032746055,
E470D,470,S29,E,D,D0,2,D0,,4471,1533758,0.002915062,-0.001466269,,0.032746055,
E470D,470,S29,E,D,i_50,1,Imatinib,50,3968,1605903,0.002470884,-0.239965674,0.035205197,0.032746055,1.193700578
E470D,470,S29,E,D,i_100,1,Imatinib,100,4105,1501070,0.002734716,-0.09360198,0.036368375,0.032746055,1.297977203
E470D,470,S29,E,D,i_200,1,Imatinib,200,3753,1625430,0.002308927,-0.337770082,0.028973947,0.032746055,0.762165341
E470D,470,S29,E,D,i_300,1,Imatinib,300,3212,1495698,0.002147492,-0.442339959,0.019424091,0.032746055,0.383206447
E470D,470,S29,E,D,i_444,1,Imatinib,444,2603,1159488,0.002244956,-0.378305523,0.012030496,0.032746055,0.225030287
E470D,470,S29,E,D,i_500,1,Imatinib,500,2097,1082233,0.00193766,-0.590677223,0.005732943,0.032746055,0.142995216
E470D,470,S29,E,D,i_579,1,Imatinib,579,2541,1434143,0.00177179,-0.719785454,0.001875452,0.032746055,0.108318057
E470D,470,S29,E,D,i_750,1,Imatinib,750,3177,1243646,0.002554585,-0.191903741,0.002554168,0.032746055,0.113742758
E470D,470,S29,E,D,i_1000,1,Imatinib,1000,2588,1149553,0.00225131,-0.374228311,-0.002904857,0.032746055,0.07677581
E470D,470,S29,E,D,i_1250,1,Imatinib,1250,2569,977748,0.002627466,-0.151320641,-0.001768183,0.032746055,0.083323457
E470D,470,S29,E,D,i_2500,1,Imatinib,2500,3239,1124752,0.002879746,-0.01905141,-0.002052152,0.032746055,0.081637144
E470D,470,S29,E,D,i_5000,1,Imatinib,5000,1846,764852,0.002413539,-0.273842909,-0.007143943,0.032746055,0.056581122
E470D,470,S29,E,D,N,1,None,0,4054,1673746,0.002422112,-0.268727465,0.032746055,0.032746055,1
E470F,470,S29,E,F,a_5,1,Asciminib,5,5657,1698411,0.00333076,-0.63280768,0.029822956,0.031431472,0.890641598
E470F,470,S29,E,F,a_10,1,Asciminib,10,4239,1450953,0.002921528,-0.821936052,0.024880843,0.031431472,0.623974784
E470F,470,S29,E,F,a_50,1,Asciminib,50,3663,1311506,0.002792972,-0.886857937,0.011797081,0.031431472,0.243247415
E470F,470,S29,E,F,a_89,1,Asciminib,89,3307,1317239,0.002510554,-1.040653317,0.005399533,0.031431472,0.153462405
E470F,470,S29,E,F,a_128,1,Asciminib,128,3091,1178751,0.002622267,-0.977844571,0.003328233,0.031431472,0.132200813
E470F,470,S29,E,F,a_250,1,Asciminib,250,11580,5028356,0.00230294,-1.165182676,-0.000509119,0.031431472,0.100286664
E470F,470,S29,E,F,a_363,1,Asciminib,363,3055,1407560,0.002170423,-1.250683272,-0.003156399,0.031431472,0.082882882
E470F,470,S29,E,F,a_500,1,Asciminib,500,3164,1483951,0.002132146,-1.276353086,-0.004266428,0.031431472,0.076516505
E470F,470,S29,E,F,a_638,1,Asciminib,638,2003,862155,0.002323248,-1.152515978,-0.004880194,0.031431472,0.073208778
E470F,470,S29,E,F,a_750,1,Asciminib,750,2420,941415,0.002570599,-1.006554928,-0.003092974,0.031431472,0.083262237
E470F,470,S29,E,F,a_1151,1,Asciminib,1151,2348,880135,0.002667773,-0.953023557,-0.002791934,0.031431472,0.085086641
E470F,470,S29,E,F,a_2500,1,Asciminib,2500,7628,2498175,0.003053429,-0.75822893,-0.001260251,0.031431472,0.095007062
E470F,470,S29,E,F,D0,1,D0,,5186,1009589,0.005136744,-0.007805121,,0.031431472,
E470F,470,S29,E,F,D0,1,D0,,5186,1009589,0.005136744,-0.007805121,,0.031431472,
E470F,470,S29,E,F,D0,2,D0,,7964,1533758,0.005192475,0.007763122,,0.031431472,
E470F,470,S29,E,F,D0,2,D0,,7964,1533758,0.005192475,0.007763122,,0.031431472,
E470F,470,S29,E,F,i_50,1,Imatinib,50,6203,1605903,0.003862624,-0.419077859,0.033330275,0.031431472,1.146499941
E470F,470,S29,E,F,i_100,1,Imatinib,100,6052,1501070,0.004031791,-0.357238499,0.033608664,0.031431472,1.169712252
E470F,470,S29,E,F,i_200,1,Imatinib,200,5751,1625430,0.003538141,-0.54566782,0.026797702,0.031431472,0.71631771
E470F,470,S29,E,F,i_300,1,Imatinib,300,5499,1495698,0.003676544,-0.490308851,0.018921959,0.031431472,0.406291279
E470F,470,S29,E,F,i_444,1,Imatinib,444,4611,1159488,0.003976755,-0.377067454,0.012043456,0.031431472,0.247600878
E470F,470,S29,E,F,i_500,1,Imatinib,500,3539,1082233,0.003270091,-0.659328607,0.005014309,0.031431472,0.149264445
E470F,470,S29,E,F,i_579,1,Imatinib,579,4604,1434143,0.00321028,-0.685960281,0.00222953,0.031431472,0.122145799
E470F,470,S29,E,F,i_750,1,Imatinib,750,4788,1243646,0.00384997,-0.423811963,0.000126584,0.031431472,0.104983511
E470F,470,S29,E,F,i_1000,1,Imatinib,1000,4637,1149553,0.004033742,-0.356540487,-0.002719703,0.031431472,0.085530297
E470F,470,S29,E,F,i_1250,1,Imatinib,1250,3739,977748,0.003824094,-0.433541344,-0.004722432,0.031431472,0.074045086
E470F,470,S29,E,F,i_2500,1,Imatinib,2500,5164,1124752,0.004591234,-0.169777162,-0.003629929,0.031431472,0.080104688
E470F,470,S29,E,F,i_5000,1,Imatinib,5000,3018,764852,0.003945861,-0.388318941,-0.008342263,0.031431472,0.057056747
E470F,470,S29,E,F,N,1,None,0,6577,1673746,0.003929509,-0.394310168,0.031431472,0.031431472,1
E470G,470,S29,E,G,a_5,1,Asciminib,5,4412,1698411,0.002597722,-0.249477399,0.033835606,0.033713063,1.008862158
E470G,470,S29,E,G,a_10,1,Asciminib,10,2901,1450953,0.001999376,-0.627175062,0.026919575,0.033713063,0.613158924
E470G,470,S29,E,G,a_50,1,Asciminib,50,2459,1311506,0.001874944,-0.719877243,0.013545012,0.033713063,0.234078298
E470G,470,S29,E,G,a_89,1,Asciminib,89,2107,1317239,0.001599558,-0.949051388,0.006358409,0.033713063,0.139521714
E470G,470,S29,E,G,a_128,1,Asciminib,128,1934,1178751,0.00164072,-0.91239577,0.004013343,0.033713063,0.117845618
E470G,470,S29,E,G,a_250,1,Asciminib,250,7061,5028356,0.001404236,-1.136938847,-0.000213466,0.033713063,0.08692496
E470G,470,S29,E,G,a_363,1,Asciminib,363,2097,1407560,0.001489812,-1.05159413,-0.001072361,0.033713063,0.081712322
E470G,470,S29,E,G,a_500,1,Asciminib,500,2365,1483951,0.001593718,-0.954327842,-0.000895511,0.033713063,0.082759433
E470G,470,S29,E,G,a_638,1,Asciminib,638,1474,862155,0.001709669,-0.853007214,-0.001744976,0.033713063,0.077849424
E470G,470,S29,E,G,a_750,1,Asciminib,750,1523,941415,0.001617777,-0.932711374,-0.00231999,0.033713063,0.074692187
E470G,470,S29,E,G,a_1151,1,Asciminib,1151,1063,880135,0.001207769,-1.354379708,-0.006993276,0.033713063,0.053351329
E470G,470,S29,E,G,a_2500,1,Asciminib,2500,4436,2498175,0.001775696,-0.798339748,-0.001680125,0.033713063,0.078213773
E470G,470,S29,E,G,D0,1,D0,,3274,1009589,0.003242904,0.070561655,,0.033713063,
E470G,470,S29,E,G,D0,1,D0,,3274,1009589,0.003242904,0.070561655,,0.033713063,
E470G,470,S29,E,G,D0,2,D0,,4499,1533758,0.002933318,-0.074191072,,0.033713063,
E470G,470,S29,E,G,D0,2,D0,,4499,1533758,0.002933318,-0.074191072,,0.033713063,
E470G,470,S29,E,G,i_50,1,Imatinib,50,4705,1605903,0.002929816,-0.075914601,0.036922462,0.033713063,1.259955919
E470G,470,S29,E,G,i_100,1,Imatinib,100,4336,1501070,0.002888606,-0.09635107,0.036339598,0.033713063,1.208174539
E470G,470,S29,E,G,i_200,1,Imatinib,200,4979,1625430,0.003063189,-0.011689982,0.03238731,0.033713063,0.908960013
E470G,470,S29,E,G,i_300,1,Imatinib,300,4078,1495698,0.002726486,-0.179681701,0.022173563,0.033713063,0.435681417
E470G,470,S29,E,G,i_444,1,Imatinib,444,3112,1159488,0.002683943,-0.202370399,0.013872161,0.033713063,0.239657393
E470G,470,S29,E,G,i_500,1,Imatinib,500,2333,1082233,0.002155728,-0.518549401,0.006487967,0.033713063,0.140829284
E470G,470,S29,E,G,i_579,1,Imatinib,579,3743,1434143,0.002609921,-0.242718406,0.006869326,0.033713063,0.144749731
E470G,470,S29,E,G,i_750,1,Imatinib,750,2832,1243646,0.002277175,-0.43947919,-3.74E-05,0.033713063,0.088033782
E470G,470,S29,E,G,i_1000,1,Imatinib,1000,3736,1149553,0.003249959,0.073696902,0.001783964,0.033713063,0.100369684
E470G,470,S29,E,G,i_1250,1,Imatinib,1250,2935,977748,0.003001796,-0.040898652,-0.000612301,0.033713063,0.084464313
E470G,470,S29,E,G,i_2500,1,Imatinib,2500,3259,1124752,0.002897528,-0.09190215,-0.002814744,0.033713063,0.072078313
E470G,470,S29,E,G,i_5000,1,Imatinib,5000,2129,764852,0.002783545,-0.149801137,-0.005845491,0.033713063,0.057947617
E470G,470,S29,E,G,N,1,None,0,4574,1673746,0.002732792,-0.176348812,0.033713063,0.033713063,1
E470H,470,S29,E,H,a_5,1,Asciminib,5,11303,1698411,0.006655044,-0.133951329,0.035044917,0.033241862,1.138623373
E470H,470,S29,E,H,a_10,1,Asciminib,10,8166,1450953,0.005628025,-0.375770762,0.029551241,0.033241862,0.76665015
E470H,470,S29,E,H,a_50,1,Asciminib,50,5832,1311506,0.004446796,-0.71563323,0.013589438,0.033241862,0.2429318
E470H,470,S29,E,H,a_89,1,Asciminib,89,5414,1317239,0.004110112,-0.829221786,0.00761277,0.033241862,0.157978762
E470H,470,S29,E,H,a_128,1,Asciminib,128,5310,1178751,0.004504768,-0.696946676,0.006268635,0.033241862,0.143406451
E470H,470,S29,E,H,a_250,1,Asciminib,250,19213,5028356,0.003820931,-0.934475436,0.001905894,0.033241862,0.104748847
E470H,470,S29,E,H,a_363,1,Asciminib,363,4584,1407560,0.0032567,-1.164988919,-0.002259362,0.033241862,0.077607738
E470H,470,S29,E,H,a_500,1,Asciminib,500,6343,1483951,0.0042744,-0.772677655,0.001005979,0.033241862,0.098176972
E470H,470,S29,E,H,a_638,1,Asciminib,638,3210,862155,0.003723228,-0.971845413,-0.002988958,0.033241862,0.073636159
E470H,470,S29,E,H,a_750,1,Asciminib,750,4089,941415,0.004343462,-0.749554224,-0.000402726,0.033241862,0.088707546
E470H,470,S29,E,H,a_1151,1,Asciminib,1151,3219,880135,0.003657393,-0.997583699,-0.003258383,0.033241862,0.072221486
E470H,470,S29,E,H,a_2500,1,Asciminib,2500,12274,2498175,0.004913187,-0.571740501,0.000691885,0.033241862,0.095981641
E470H,470,S29,E,H,D0,1,D0,,7070,1009589,0.00700285,-0.060457423,,0.033241862,
E470H,470,S29,E,H,D0,1,D0,,7070,1009589,0.00700285,-0.060457423,,0.033241862,
E470H,470,S29,E,H,D0,2,D0,,11660,1533758,0.007602242,0.058025473,,0.033241862,
E470H,470,S29,E,H,D0,2,D0,,11660,1533758,0.007602242,0.058025473,,0.033241862,
E470H,470,S29,E,H,i_50,1,Imatinib,50,9769,1605903,0.006083182,-0.263573407,0.034958074,0.033241862,1.131526133
E470H,470,S29,E,H,i_100,1,Imatinib,100,9665,1501070,0.00643874,-0.181621066,0.035447003,0.033241862,1.172068538
E470H,470,S29,E,H,i_200,1,Imatinib,200,10316,1625430,0.006346628,-0.202409196,0.030390887,0.033241862,0.814427215
E470H,470,S29,E,H,i_300,1,Imatinib,300,9080,1495698,0.006070744,-0.266526151,0.021264487,0.033241862,0.422159933
E470H,470,S29,E,H,i_444,1,Imatinib,444,7787,1159488,0.006715895,-0.120819805,0.014725822,0.033241862,0.263644174
E470H,470,S29,E,H,i_500,1,Imatinib,500,7545,1082233,0.006971696,-0.06688978,0.011215879,0.033241862,0.204769409
E470H,470,S29,E,H,i_579,1,Imatinib,579,9125,1434143,0.006362685,-0.198763867,0.007329436,0.033241862,0.154788647
E470H,470,S29,E,H,i_750,1,Imatinib,750,7062,1243646,0.005678465,-0.362898606,0.000764217,0.033241862,0.096482804
E470H,470,S29,E,H,i_1000,1,Imatinib,1000,7156,1149553,0.006225028,-0.230319137,-0.001398435,0.033241862,0.082570617
E470H,470,S29,E,H,i_1250,1,Imatinib,1250,5475,977748,0.005599602,-0.383075162,-0.004194159,0.033241862,0.067515809
E470H,470,S29,E,H,i_2500,1,Imatinib,2500,6627,1124752,0.005891966,-0.309650555,-0.005094105,0.033241862,0.063279767
E470H,470,S29,E,H,i_5000,1,Imatinib,5000,4602,764852,0.00601685,-0.279391075,-0.007202021,0.033241862,0.054369085
E470H,470,S29,E,H,N,1,None,0,10484,1673746,0.006263794,-0.221362796,0.033241862,0.033241862,1
E470I,470,S29,E,I,a_5,1,Asciminib,5,3427,1698411,0.002017768,-0.553098324,0.030657343,0.031159991,0.964456419
E470I,470,S29,E,I,a_10,1,Asciminib,10,2982,1450953,0.002055201,-0.526579425,0.027972596,0.031159991,0.794937031
E470I,470,S29,E,I,a_50,1,Asciminib,50,2705,1311506,0.002062514,-0.521454709,0.015622073,0.031159991,0.32669441
E470I,470,S29,E,I,a_89,1,Asciminib,89,2811,1317239,0.002134009,-0.472292574,0.011349057,0.031159991,0.240175052
E470I,470,S29,E,I,a_128,1,Asciminib,128,2391,1178751,0.002028418,-0.54550376,0.007853919,0.031159991,0.18674016
E470I,470,S29,E,I,a_250,1,Asciminib,250,10565,5028356,0.002101084,-0.494724827,0.006509144,0.031159991,0.16950702
E470I,470,S29,E,I,a_363,1,Asciminib,363,3157,1407560,0.002242888,-0.400501056,0.005743194,0.031159991,0.160412073
E470I,470,S29,E,I,a_500,1,Asciminib,500,2894,1483951,0.001950199,-0.602237428,0.002790124,0.031159991,0.129687139
E470I,470,S29,E,I,a_638,1,Asciminib,638,1832,862155,0.002124908,-0.47845856,0.002175749,0.031159991,0.124075455
E470I,470,S29,E,I,a_750,1,Asciminib,750,1757,941415,0.001866339,-0.665647449,0.000475599,0.031159991,0.109780082
E470I,470,S29,E,I,a_1151,1,Asciminib,1151,1530,880135,0.00173837,-0.768123977,-0.00085643,0.031159991,0.099740621
E470I,470,S29,E,I,a_2500,1,Asciminib,2500,4439,2498175,0.001776897,-0.73649873,-0.001032782,0.031159991,0.098482186
E470I,470,S29,E,I,D0,1,D0,,2996,1009589,0.002967544,0.003410632,,0.031159991,
E470I,470,S29,E,I,D0,1,D0,,2996,1009589,0.002967544,0.003410632,,0.031159991,
E470I,470,S29,E,I,D0,2,D0,,4530,1533758,0.00295353,-0.003418714,,0.031159991,
E470I,470,S29,E,I,D0,2,D0,,4530,1533758,0.00295353,-0.003418714,,0.031159991,
E470I,470,S29,E,I,i_50,1,Imatinib,50,3455,1605903,0.002151438,-0.460557938,0.032896067,0.031159991,1.133145616
E470I,470,S29,E,I,i_100,1,Imatinib,100,3267,1501070,0.002176447,-0.443883697,0.032701673,0.031159991,1.117396216
E470I,470,S29,E,I,i_200,1,Imatinib,200,3652,1625430,0.00224679,-0.397993557,0.028343536,0.031159991,0.816453994
E470I,470,S29,E,I,i_300,1,Imatinib,300,3308,1495698,0.002211676,-0.420718567,0.019650421,0.031159991,0.436621322
E470I,470,S29,E,I,i_444,1,Imatinib,444,2301,1159488,0.001984497,-0.577085801,0.009949691,0.031159991,0.2171555
E470I,470,S29,E,I,i_500,1,Imatinib,500,2402,1082233,0.002219485,-0.415633883,0.007565273,0.031159991,0.182899279
E470I,470,S29,E,I,i_579,1,Imatinib,579,2522,1434143,0.001758542,-0.751479504,0.001543683,0.031159991,0.118555494
E470I,470,S29,E,I,i_750,1,Imatinib,750,2361,1243646,0.00189845,-0.641036739,-0.002147296,0.031159991,0.090888243
E470I,470,S29,E,I,i_1000,1,Imatinib,1000,2054,1149553,0.001786781,-0.728495697,-0.00661328,0.031159991,0.065896135
E470I,470,S29,E,I,i_1250,1,Imatinib,1250,2059,977748,0.00210586,-0.49144965,-0.005328608,0.031159991,0.072282075
E470I,470,S29,E,I,i_2500,1,Imatinib,2500,2115,1124752,0.001880415,-0.654808164,-0.008707168,0.031159991,0.056674243
E470I,470,S29,E,I,i_5000,1,Imatinib,5000,1629,764852,0.002129824,-0.475124808,-0.009250935,0.031159991,0.054498252
E470I,470,S29,E,I,N,1,None,0,3703,1673746,0.002212403,-0.420244954,0.031159991,0.031159991,1
E470K,470,S29,E,K,a_5,1,Asciminib,5,6473,1698411,0.003811209,0.062651088,0.037102925,0.037077566,1.001827488
E470K,470,S29,E,K,a_10,1,Asciminib,10,4764,1450953,0.003283359,-0.15242517,0.031889193,0.037077566,0.6882777
E470K,470,S29,E,K,a_50,1,Asciminib,50,3621,1311506,0.002760948,-0.402434026,0.016867965,0.037077566,0.233379061
E470K,470,S29,E,K,a_89,1,Asciminib,89,3394,1317239,0.002576602,-0.502128362,0.01103674,0.037077566,0.153364241
E470K,470,S29,E,K,a_128,1,Asciminib,128,3238,1178751,0.002746975,-0.409753804,0.009274931,0.037077566,0.135093287
E470K,470,S29,E,K,a_250,1,Asciminib,250,12678,5028356,0.002521301,-0.533429321,0.006103991,0.037077566,0.107517952
E470K,470,S29,E,K,a_363,1,Asciminib,363,3145,1407560,0.002234363,-0.707734199,0.002527119,0.037077566,0.083106513
E470K,470,S29,E,K,a_500,1,Asciminib,500,3264,1483951,0.002199534,-0.730400193,0.001448534,0.037077566,0.076896851
E470K,470,S29,E,K,a_638,1,Asciminib,638,1948,862155,0.002259455,-0.691623286,-5.56E-05,0.037077566,0.069004042
E470K,470,S29,E,K,a_750,1,Asciminib,750,2845,941415,0.003022047,-0.272071888,0.004595495,0.037077566,0.096452067
E470K,470,S29,E,K,a_1151,1,Asciminib,1151,2118,880135,0.002406449,-0.60069194,0.000896226,0.037077566,0.073898963
E470K,470,S29,E,K,a_2500,1,Asciminib,2500,8008,2498175,0.00320554,-0.187030364,0.004718979,0.037077566,0.097313431
E470K,470,S29,E,K,D0,1,D0,,3810,1009589,0.003773813,0.048425106,,0.037077566,
E470K,470,S29,E,K,D0,1,D0,,3810,1009589,0.003773813,0.048425106,,0.037077566,
E470K,470,S29,E,K,D0,2,D0,,5406,1533758,0.003524676,-0.050107152,,0.037077566,
E470K,470,S29,E,K,D0,2,D0,,5406,1533758,0.003524676,-0.050107152,,0.037077566,
E470K,470,S29,E,K,i_50,1,Imatinib,50,7312,1605903,0.004553202,0.319283522,0.041059343,0.037077566,1.332008408
E470K,470,S29,E,K,i_100,1,Imatinib,100,6249,1501070,0.00416303,0.190036289,0.039337463,0.037077566,1.176698385
E470K,470,S29,E,K,i_200,1,Imatinib,200,7644,1625430,0.004702756,0.365908556,0.036339961,0.037077566,0.948277979
E470K,470,S29,E,K,i_300,1,Imatinib,300,7043,1495698,0.004708838,0.367773381,0.027904249,0.037077566,0.516603895
E470K,470,S29,E,K,i_444,1,Imatinib,444,4613,1159488,0.00397848,0.124619608,0.017295049,0.037077566,0.240666943
E470K,470,S29,E,K,i_500,1,Imatinib,500,4791,1082233,0.004426958,0.27871788,0.014833654,0.037077566,0.201581463
E470K,470,S29,E,K,i_579,1,Imatinib,579,5939,1434143,0.004141149,0.182433353,0.011319758,0.037077566,0.156521449
E470K,470,S29,E,K,i_750,1,Imatinib,750,4966,1243646,0.003993098,0.129910581,0.005922877,0.037077566,0.106125
E470K,470,S29,E,K,i_1000,1,Imatinib,1000,5189,1149553,0.004513928,0.306785758,0.004223907,0.037077566,0.093905768
E470K,470,S29,E,K,i_1250,1,Imatinib,1250,3736,977748,0.003821025,0.066362075,0.00051049,0.037077566,0.071874805
E470K,470,S29,E,K,i_2500,1,Imatinib,2500,4134,1124752,0.003675477,0.010333661,-0.001744553,0.037077566,0.061103104
E470K,470,S29,E,K,i_5000,1,Imatinib,5000,3172,764852,0.004147208,0.18454246,-0.002345627,0.037077566,0.058515131
E470K,470,S29,E,K,N,1,None,0,6754,1673746,0.00403526,0.145063776,0.037077566,0.037077566,1
E470L,470,S29,E,L,a_5,1,Asciminib,5,1333,1698411,0.000784851,0.173541017,0.038263706,0.038960582,0.951062887
E470L,470,S29,E,L,a_10,1,Asciminib,10,821,1450953,0.000565835,-0.298496804,0.030360135,0.038960582,0.538357619
E470L,470,S29,E,L,a_50,1,Asciminib,50,1104,1311506,0.00084178,0.274565621,0.023954707,0.038960582,0.339451899
E470L,470,S29,E,L,a_89,1,Asciminib,89,1009,1317239,0.000765996,0.138458899,0.017742321,0.038960582,0.217031061
E470L,470,S29,E,L,a_128,1,Asciminib,128,1043,1178751,0.000884835,0.34653002,0.017191609,0.038960582,0.20859388
E470L,470,S29,E,L,a_250,1,Asciminib,250,3198,5028356,0.000635993,-0.129866998,0.010328427,0.038960582,0.127261001
E470L,470,S29,E,L,a_363,1,Asciminib,363,1049,1407560,0.000745261,0.098868113,0.010970524,0.038960582,0.133282519
E470L,470,S29,E,L,a_500,1,Asciminib,500,1232,1483951,0.000830216,0.254608658,0.011759474,0.038960582,0.141072721
E470L,470,S29,E,L,a_638,1,Asciminib,638,686,862155,0.000795681,0.19331117,0.009207744,0.038960582,0.117395779
E470L,470,S29,E,L,a_750,1,Asciminib,750,810,941415,0.000860407,0.306140924,0.01064815,0.038960582,0.130224532
E470L,470,S29,E,L,a_1151,1,Asciminib,1151,600,880135,0.000681714,-0.029712472,0.006873163,0.038960582,0.099232054
E470L,470,S29,E,L,a_2500,1,Asciminib,2500,2145,2498175,0.000858627,0.303152962,0.009850153,0.038960582,0.122953268
E470L,470,S29,E,L,D0,1,D0,,739,1009589,0.000731981,0.07292803,,0.038960582,
E470L,470,S29,E,L,D0,1,D0,,739,1009589,0.000731981,0.07292803,,0.038960582,
E470L,470,S29,E,L,D0,2,D0,,1012,1533758,0.000659817,-0.076811722,,0.038960582,
E470L,470,S29,E,L,D0,2,D0,,1012,1533758,0.000659817,-0.076811722,,0.038960582,
E470L,470,S29,E,L,i_50,1,Imatinib,50,1201,1605903,0.000747866,0.103901254,0.03880475,0.038960582,0.988842785
E470L,470,S29,E,L,i_100,1,Imatinib,100,1059,1501070,0.000705497,0.01976119,0.037555046,0.038960582,0.903753518
E470L,470,S29,E,L,i_200,1,Imatinib,200,1089,1625430,0.000669977,-0.054767616,0.031936379,0.038960582,0.603057571
E470L,470,S29,E,L,i_300,1,Imatinib,300,890,1495698,0.00059504,-0.225891809,0.021689841,0.038960582,0.288375065
E470L,470,S29,E,L,i_444,1,Imatinib,444,907,1159488,0.000782242,0.168736424,0.017756858,0.038960582,0.21725833
E470L,470,S29,E,L,i_500,1,Imatinib,500,753,1082233,0.000695784,-0.000239512,0.011913565,0.038960582,0.142646576
E470L,470,S29,E,L,i_579,1,Imatinib,579,1182,1434143,0.000824186,0.244091008,0.011965182,0.038960582,0.14317769
E470L,470,S29,E,L,i_750,1,Imatinib,750,1284,1243646,0.001032448,0.569119174,0.010520454,0.038960582,0.129032721
E470L,470,S29,E,L,i_1000,1,Imatinib,1000,977,1149553,0.000849896,0.288407341,0.004031524,0.038960582,0.080871633
E470L,470,S29,E,L,i_1250,1,Imatinib,1250,1009,977748,0.001031963,0.568441446,0.00576619,0.038960582,0.091630026
E470L,470,S29,E,L,i_2500,1,Imatinib,2500,1198,1124752,0.001065124,0.614070833,0.004575287,0.038960582,0.084100625
E470L,470,S29,E,L,i_5000,1,Imatinib,5000,739,764852,0.0009662,0.47344361,0.000678552,0.038960582,0.063525989
E470L,470,S29,E,L,N,1,None,0,1459,1673746,0.000871697,0.324949132,0.038960582,0.038960582,1
E470M,470,S29,E,M,a_5,1,Asciminib,5,9574,1698411,0.005637034,-0.294370471,0.033365671,0.030677913,1.213511985
E470M,470,S29,E,M,a_10,1,Asciminib,10,6066,1450953,0.004180701,-0.725561946,0.025889674,0.030677913,0.708395182
E470M,470,S29,E,M,a_50,1,Asciminib,50,5263,1311506,0.004012944,-0.78464567,0.012867025,0.030677913,0.277375278
E470M,470,S29,E,M,a_89,1,Asciminib,89,4075,1317239,0.003093592,-1.16002373,0.004149979,0.030677913,0.148078727
E470M,470,S29,E,M,a_128,1,Asciminib,128,3955,1178751,0.003355246,-1.042887957,0.002647368,0.030677913,0.132894565
E470M,470,S29,E,M,a_250,1,Asciminib,250,16526,5028356,0.003286561,-1.072727783,0.000458687,0.030677913,0.11351909
E470M,470,S29,E,M,a_363,1,Asciminib,363,4833,1407560,0.003433601,-1.009584083,-0.000632605,0.030677913,0.104940971
E470M,470,S29,E,M,a_500,1,Asciminib,500,4478,1483951,0.00301762,-1.195895584,-0.003424209,0.030677913,0.085832909
E470M,470,S29,E,M,a_638,1,Asciminib,638,2864,862155,0.003321908,-1.057294333,-0.003883426,0.030677913,0.083041367
E470M,470,S29,E,M,a_750,1,Asciminib,750,3792,941415,0.004027979,-0.779250438,-0.000713582,0.030677913,0.104330912
E470M,470,S29,E,M,a_1151,1,Asciminib,1151,3745,880135,0.004255029,-0.700137673,-0.000144758,0.030677913,0.10869252
E470M,470,S29,E,M,a_2500,1,Asciminib,2500,10528,2498175,0.004214276,-0.714021711,-0.000797495,0.030677913,0.103702467
E470M,470,S29,E,M,D0,1,D0,,6991,1009589,0.0069246,0.002424082,,0.030677913,
E470M,470,S29,E,M,D0,1,D0,,6991,1009589,0.0069246,0.002424082,,0.030677913,
E470M,470,S29,E,M,D0,2,D0,,10585,1533758,0.006901349,-0.002428161,,0.030677913,
E470M,470,S29,E,M,D0,2,D0,,10585,1533758,0.006901349,-0.002428161,,0.030677913,
E470M,470,S29,E,M,i_50,1,Imatinib,50,7829,1605903,0.004875139,-0.503863367,0.032442751,0.030677913,1.135494677
E470M,470,S29,E,M,i_100,1,Imatinib,100,8052,1501070,0.005364174,-0.365950741,0.033517465,0.030677913,1.226847393
E470M,470,S29,E,M,i_200,1,Imatinib,200,8526,1625430,0.005245381,-0.398259028,0.028340757,0.030677913,0.845121236
E470M,470,S29,E,M,i_300,1,Imatinib,300,7589,1495698,0.005073885,-0.446215769,0.01938352,0.030677913,0.443438443
E470M,470,S29,E,M,i_444,1,Imatinib,444,6103,1159488,0.00526353,-0.393275955,0.011873787,0.030677913,0.258231963
E470M,470,S29,E,M,i_500,1,Imatinib,500,6183,1082233,0.005713187,-0.27501079,0.009037297,0.030677913,0.210530582
E470M,470,S29,E,M,i_579,1,Imatinib,579,8037,1434143,0.005604044,-0.302838459,0.006239998,0.030677913,0.172125763
E470M,470,S29,E,M,i_750,1,Imatinib,750,8013,1243646,0.006443152,-0.101540065,0.003500083,0.030677913,0.14130936
E470M,470,S29,E,M,i_1000,1,Imatinib,1000,7202,1149553,0.006265044,-0.14198204,-0.000473734,0.030677913,0.106148253
E470M,470,S29,E,M,i_1250,1,Imatinib,1250,5679,977748,0.005808245,-0.25120433,-0.002813752,0.030677913,0.089689652
E470M,470,S29,E,M,i_2500,1,Imatinib,2500,7948,1124752,0.007066447,0.031678284,-0.00152112,0.030677913,0.098437802
E470M,470,S29,E,M,i_5000,1,Imatinib,5000,4122,764852,0.005389278,-0.359214668,-0.008037603,0.030677913,0.061573903
E470M,470,S29,E,M,N,1,None,0,8375,1673746,0.005003746,-0.466298074,0.030677913,0.030677913,1
E470N,470,S29,E,N,a_5,1,Asciminib,5,7344,1698411,0.004324042,-0.456595325,0.031667523,0.032742554,0.925517501
E470N,470,S29,E,N,a_10,1,Asciminib,10,5355,1450953,0.003690678,-0.685089976,0.026313329,0.032742554,0.629452927
E470N,470,S29,E,N,a_50,1,Asciminib,50,4098,1311506,0.003124652,-0.925280187,0.011394882,0.032742554,0.215018241
E470N,470,S29,E,N,a_89,1,Asciminib,89,3933,1317239,0.002985791,-0.990862709,0.005920734,0.032742554,0.144978321
E470N,470,S29,E,N,a_128,1,Asciminib,128,3824,1178751,0.003244112,-0.871152235,0.004445075,0.032742554,0.130364807
E470N,470,S29,E,N,a_250,1,Asciminib,250,13143,5028356,0.002613777,-1.182839842,-0.000693951,0.032742554,0.090046559
E470N,470,S29,E,N,a_363,1,Asciminib,363,4671,1407560,0.003318509,-0.83844074,0.001158901,0.032742554,0.102897383
E470N,470,S29,E,N,a_500,1,Asciminib,500,3785,1483951,0.002550623,-1.218125918,-0.003656914,0.032742554,0.072747431
E470N,470,S29,E,N,a_638,1,Asciminib,638,2438,862155,0.002827798,-1.069296806,-0.004009067,0.032742554,0.070926106
E470N,470,S29,E,N,a_750,1,Asciminib,750,2766,941415,0.00293813,-1.014077352,-0.003171718,0.032742554,0.075333706
E470N,470,S29,E,N,a_1151,1,Asciminib,1151,2451,880135,0.0027848,-1.091402014,-0.004240461,0.032742554,0.069754238
E470N,470,S29,E,N,a_2500,1,Asciminib,2500,8411,2498175,0.003366858,-0.817572971,-0.001881456,0.032742554,0.0826675
E470N,470,S29,E,N,D0,1,D0,,6137,1009589,0.006078711,0.034789723,,0.032742554,
E470N,470,S29,E,N,D0,1,D0,,6137,1009589,0.006078711,0.034789723,,0.032742554,
E470N,470,S29,E,N,D0,2,D0,,8879,1533758,0.005789049,-0.035649431,,0.032742554,
E470N,470,S29,E,N,D0,2,D0,,8879,1533758,0.005789049,-0.035649431,,0.032742554,
E470N,470,S29,E,N,i_50,1,Imatinib,50,8093,1605903,0.005039532,-0.235685922,0.035249997,0.032742554,1.197859085
E470N,470,S29,E,N,i_100,1,Imatinib,100,7290,1501070,0.004856536,-0.289048205,0.034322471,0.032742554,1.120476421
E470N,470,S29,E,N,i_200,1,Imatinib,200,7745,1625430,0.004764893,-0.316531951,0.029196265,0.032742554,0.774658641
E470N,470,S29,E,N,i_300,1,Imatinib,300,6509,1495698,0.004351814,-0.447358756,0.019371555,0.032742554,0.381855909
E470N,470,S29,E,N,i_444,1,Imatinib,444,5598,1159488,0.004827993,-0.297552166,0.012875811,0.032742554,0.2392119
E470N,470,S29,E,N,i_500,1,Imatinib,500,4933,1082233,0.004558168,-0.380521615,0.007932823,0.032742554,0.167578962
E470N,470,S29,E,N,i_579,1,Imatinib,579,6678,1434143,0.004656439,-0.349748554,0.005748949,0.032742554,0.143196196
E470N,470,S29,E,N,i_750,1,Imatinib,750,4987,1243646,0.004009984,-0.565379446,-0.001355326,0.032742554,0.085859129
E470N,470,S29,E,N,i_1000,1,Imatinib,1000,5826,1149553,0.005068057,-0.227543045,-0.001369375,0.032742554,0.085772322
E470N,470,S29,E,N,i_1250,1,Imatinib,1250,4688,977748,0.004794691,-0.307537779,-0.003403443,0.032742554,0.074087249
E470N,470,S29,E,N,i_2500,1,Imatinib,2500,4898,1124752,0.004354738,-0.446389922,-0.006525474,0.032742554,0.059172518
E470N,470,S29,E,N,i_5000,1,Imatinib,5000,3639,764852,0.004757783,-0.318686229,-0.007613357,0.032742554,0.054714549
E470N,470,S29,E,N,N,1,None,0,8242,1673746,0.004924284,-0.269061908,0.032742554,0.032742554,1
E470P,470,S29,E,P,a_5,1,Asciminib,5,21379,1698411,0.012587648,-0.001734946,0.036428941,0.034716313,1.131234166
E470P,470,S29,E,P,a_10,1,Asciminib,10,23558,1450953,0.016236225,0.365472578,0.037310477,0.034716313,1.205361884
E470P,470,S29,E,P,a_50,1,Asciminib,50,31766,1311506,0.02422101,0.94251533,0.030946715,0.034716313,0.76230309
E470P,470,S29,E,P,a_89,1,Asciminib,89,35259,1317239,0.026767352,1.086730728,0.027668703,0.034716313,0.602042121
E470P,470,S29,E,P,a_128,1,Asciminib,128,31140,1178751,0.026417793,1.067766251,0.024741413,0.034716313,0.487632724
E470P,470,S29,E,P,a_250,1,Asciminib,250,106756,5028356,0.021230796,0.752414758,0.019564034,0.034716313,0.335892516
E470P,470,S29,E,P,a_363,1,Asciminib,363,25886,1407560,0.01839069,0.545231932,0.015643,0.034716313,0.253275239
E470P,470,S29,E,P,a_500,1,Asciminib,500,23483,1483951,0.015824647,0.328429574,0.012532222,0.034716313,0.202451578
E470P,470,S29,E,P,a_638,1,Asciminib,638,11671,862155,0.013537009,0.103165313,0.00826411,0.034716313,0.148888345
E470P,470,S29,E,P,a_750,1,Asciminib,750,11808,941415,0.012542821,-0.006881817,0.007371469,0.034716313,0.139620297
E470P,470,S29,E,P,a_1151,1,Asciminib,1151,8569,880135,0.009736006,-0.372341676,0.003286566,0.034716313,0.104043964
E470P,470,S29,E,P,a_2500,1,Asciminib,2500,24739,2498175,0.009902829,-0.347831056,0.003035739,0.034716313,0.102181843
E470P,470,S29,E,P,D0,1,D0,,12755,1009589,0.012633854,0.003551104,,0.034716313,
E470P,470,S29,E,P,D0,1,D0,,12755,1009589,0.012633854,0.003551104,,0.034716313,
E470P,470,S29,E,P,D0,2,D0,,19282,1533758,0.012571736,-0.003559866,,0.034716313,
E470P,470,S29,E,P,D0,2,D0,,19282,1533758,0.012571736,-0.003559866,,0.034716313,
E470P,470,S29,E,P,i_50,1,Imatinib,50,18945,1605903,0.011797101,-0.095311312,0.03671942,0.034716313,1.15514248
E470P,470,S29,E,P,i_100,1,Imatinib,100,17793,1501070,0.011853544,-0.088425177,0.036422566,0.034716313,1.130715037
E470P,470,S29,E,P,i_200,1,Imatinib,200,17862,1625430,0.010989092,-0.197671498,0.030440481,0.034716313,0.735018282
E470P,470,S29,E,P,i_300,1,Imatinib,300,15760,1495698,0.010536886,-0.25829507,0.021350648,0.034716313,0.382002616
E470P,470,S29,E,P,i_444,1,Imatinib,444,10418,1159488,0.008985,-0.488153245,0.010880625,0.034716313,0.17975337
E470P,470,S29,E,P,i_500,1,Imatinib,500,9957,1082233,0.009200422,-0.453971802,0.007163957,0.034716313,0.137549748
E470P,470,S29,E,P,i_579,1,Imatinib,579,13840,1434143,0.009650363,-0.385088639,0.005379014,0.034716313,0.12096119
E470P,470,S29,E,P,i_750,1,Imatinib,750,12386,1243646,0.009959426,-0.339609232,0.001008007,0.034716313,0.088301514
E470P,470,S29,E,P,i_1000,1,Imatinib,1000,12090,1149553,0.010517131,-0.261002437,-0.001719623,0.034716313,0.072556668
E470P,470,S29,E,P,i_1250,1,Imatinib,1250,9744,977748,0.009965758,-0.338692245,-0.003729564,0.034716313,0.062780979
E470P,470,S29,E,P,i_2500,1,Imatinib,2500,12019,1124752,0.010685911,-0.238033764,-0.00434443,0.034716313,0.060062267
E470P,470,S29,E,P,i_5000,1,Imatinib,5000,7253,764852,0.00948288,-0.410346461,-0.008572844,0.034716313,0.044297844
E470P,470,S29,E,P,N,1,None,0,19949,1673746,0.011918774,-0.080507877,0.034716313,0.034716313,1
E470Q,470,S29,E,Q,a_5,1,Asciminib,5,4785,1698411,0.002817339,-0.135907691,0.035024438,0.038390978,0.784749394
E470Q,470,S29,E,Q,a_10,1,Asciminib,10,3497,1450953,0.00241014,-0.361123987,0.029704562,0.038390978,0.535035611
E470Q,470,S29,E,Q,a_50,1,Asciminib,50,2304,1311506,0.001756759,-0.817324686,0.012524946,0.038390978,0.155306556
E470Q,470,S29,E,Q,a_89,1,Asciminib,89,2361,1317239,0.001792385,-0.788360086,0.008040504,0.038390978,0.112451405
E470Q,470,S29,E,Q,a_128,1,Asciminib,128,2189,1178751,0.00185705,-0.737228036,0.005846975,0.038390978,0.096022935
E470Q,470,S29,E,Q,a_250,1,Asciminib,250,7967,5028356,0.001584414,-0.966291214,0.00157285,0.038390978,0.07058729
E470Q,470,S29,E,Q,a_363,1,Asciminib,363,2833,1407560,0.002012703,-0.621106815,0.003433923,0.038390978,0.080708775
E470Q,470,S29,E,Q,a_500,1,Asciminib,500,2306,1483951,0.00155396,-0.994291937,-0.00131385,0.038390978,0.05734053
E470Q,470,S29,E,Q,a_638,1,Asciminib,638,1732,862155,0.00200892,-0.623821234,0.000654112,0.038390978,0.066069084
E470Q,470,S29,E,Q,a_750,1,Asciminib,750,1735,941415,0.00184297,-0.748208078,-0.000388634,0.038390978,0.061290398
E470Q,470,S29,E,Q,a_1151,1,Asciminib,1151,2031,880135,0.002307601,-0.42384749,0.00274741,0.038390978,0.076816419
E470Q,470,S29,E,Q,a_2500,1,Asciminib,2500,4916,2498175,0.001967837,-0.653630622,-0.00016533,0.038390978,0.062283786
E470Q,470,S29,E,Q,D0,1,D0,,3228,1009589,0.003197341,0.046631487,,0.038390978,
E470Q,470,S29,E,Q,D0,1,D0,,3228,1009589,0.003197341,0.046631487,,0.038390978,
E470Q,470,S29,E,Q,D0,2,D0,,4592,1533758,0.002993953,-0.048189222,,0.038390978,
E470Q,470,S29,E,Q,D0,2,D0,,4592,1533758,0.002993953,-0.048189222,,0.038390978,
E470Q,470,S29,E,Q,i_50,1,Imatinib,50,5946,1605903,0.00370259,0.258293714,0.040420909,0.038390978,1.157375642
E470Q,470,S29,E,Q,i_100,1,Imatinib,100,5502,1501070,0.003665385,0.243723888,0.039899457,0.038390978,1.114728093
E470Q,470,S29,E,Q,i_200,1,Imatinib,200,4995,1625430,0.003073033,-0.010577744,0.032398953,0.038390978,0.649582253
E470Q,470,S29,E,Q,i_300,1,Imatinib,300,5119,1495698,0.003422482,0.144802104,0.025570216,0.038390978,0.397287572
E470Q,470,S29,E,Q,i_444,1,Imatinib,444,3718,1159488,0.003206588,0.050797886,0.016522293,0.038390978,0.207101692
E470Q,470,S29,E,Q,i_500,1,Imatinib,500,2868,1082233,0.002650076,-0.22420711,0.009569103,0.038390978,0.125534454
E470Q,470,S29,E,Q,i_579,1,Imatinib,579,4262,1434143,0.00297181,-0.058899286,0.00879352,0.038390978,0.118716501
E470Q,470,S29,E,Q,i_750,1,Imatinib,750,4064,1243646,0.003267811,0.078083522,0.005380358,0.038390978,0.092850499
E470Q,470,S29,E,Q,i_1000,1,Imatinib,1000,3590,1149553,0.003122953,0.012669866,0.001145142,0.038390978,0.06844668
E470Q,470,S29,E,Q,i_1250,1,Imatinib,1250,3113,977748,0.003183847,0.040529996,0.000240083,0.038390978,0.064128627
E470Q,470,S29,E,Q,i_2500,1,Imatinib,2500,3515,1124752,0.003125133,0.013676762,-0.001709558,0.038390978,0.055729893
E470Q,470,S29,E,Q,i_5000,1,Imatinib,5000,2733,764852,0.00357324,0.206991948,-0.002110628,0.038390978,0.054143591
E470Q,470,S29,E,Q,N,1,None,0,6250,1673746,0.003734139,0.270534587,0.038390978,0.038390978,1
E470R,470,S29,E,R,a_5,1,Asciminib,5,7861,1698411,0.004628444,-0.028346045,0.036150379,0.036157658,0.999476062
E470R,470,S29,E,R,a_10,1,Asciminib,10,4774,1450953,0.003290251,-0.520675496,0.028034398,0.036157658,0.557175656
E470R,470,S29,E,R,a_50,1,Asciminib,50,4289,1311506,0.003270286,-0.529456366,0.015538313,0.036157658,0.226594574
E470R,470,S29,E,R,a_89,1,Asciminib,89,4059,1317239,0.003081445,-0.615266066,0.009852429,0.036157658,0.150472269
E470R,470,S29,E,R,a_128,1,Asciminib,128,3898,1178751,0.00330689,-0.513398179,0.008189996,0.036157658,0.133497614
E470R,470,S29,E,R,a_250,1,Asciminib,250,13612,5028356,0.002707048,-0.802152917,0.003291028,0.036157658,0.093818112
E470R,470,S29,E,R,a_363,1,Asciminib,363,4373,1407560,0.003106795,-0.603446347,0.00361879,0.036157658,0.096058444
E470R,470,S29,E,R,a_500,1,Asciminib,500,4786,1483951,0.003225174,-0.549496332,0.003342211,0.036157658,0.094164486
E470R,470,S29,E,R,a_638,1,Asciminib,638,2481,862155,0.002877673,-0.713970707,-0.000289561,0.036157658,0.072497751
E470R,470,S29,E,R,a_750,1,Asciminib,750,2968,941415,0.003152701,-0.582284928,0.001348227,0.036157658,0.081571198
E470R,470,S29,E,R,a_1151,1,Asciminib,1151,3092,880135,0.003513097,-0.426129689,0.002723521,0.036157658,0.090061915
E470R,470,S29,E,R,a_2500,1,Asciminib,2500,8410,2498175,0.003366458,-0.487642017,0.001572217,0.036157658,0.082897385
E470R,470,S29,E,R,D0,1,D0,,4666,1009589,0.004621683,-0.030455064,,0.036157658,
E470R,470,S29,E,R,D0,1,D0,,4666,1009589,0.004621683,-0.030455064,,0.036157658,
E470R,470,S29,E,R,D0,2,D0,,7391,1533758,0.004818883,0.029825431,,0.036157658,
E470R,470,S29,E,R,D0,2,D0,,7391,1533758,0.004818883,0.029825431,,0.036157658,
E470R,470,S29,E,R,i_50,1,Imatinib,50,7801,1605903,0.004857703,0.041401045,0.038150506,0.036157658,1.154289565
E470R,470,S29,E,R,i_100,1,Imatinib,100,7376,1501070,0.004913828,0.057974125,0.037955054,0.036157658,1.138159507
E470R,470,S29,E,R,i_200,1,Imatinib,200,7419,1625430,0.004564331,-0.048469961,0.032002302,0.036157658,0.741421775
E470R,470,S29,E,R,i_300,1,Imatinib,300,7435,1495698,0.004970923,0.074640561,0.024835774,0.036157658,0.442561581
E470R,470,S29,E,R,i_444,1,Imatinib,444,5513,1159488,0.004754685,0.010476438,0.016100213,0.036157658,0.235949843
E470R,470,S29,E,R,i_500,1,Imatinib,500,4199,1082233,0.003879941,-0.282838625,0.008955356,0.036157658,0.141060591
E470R,470,S29,E,R,i_579,1,Imatinib,579,5971,1434143,0.004163462,-0.18108959,0.007514448,0.036157658,0.127159751
E470R,470,S29,E,R,i_750,1,Imatinib,750,5545,1243646,0.004458664,-0.082261699,0.003701886,0.036157658,0.096634874
E470R,470,S29,E,R,i_1000,1,Imatinib,1000,4756,1149553,0.00413726,-0.190197542,-0.000978447,0.036157658,0.068989595
E470R,470,S29,E,R,i_1250,1,Imatinib,1250,4923,977748,0.00503504,0.09312988,0.000790692,0.036157658,0.078361577
E470R,470,S29,E,R,i_2500,1,Imatinib,2500,5088,1124752,0.004523664,-0.061381536,-0.002495258,0.036157658,0.061852054
E470R,470,S29,E,R,i_5000,1,Imatinib,5000,4209,764852,0.005503025,0.221351719,-0.001960312,0.036157658,0.064280827
E470R,470,S29,E,R,N,1,None,0,8220,1673746,0.004911139,0.057184512,0.036157658,0.036157658,1
E470S,470,S29,E,S,a_5,1,Asciminib,5,6727,1698411,0.003960761,-0.393171158,0.032331439,0.032985468,0.95400147
E470S,470,S29,E,S,a_10,1,Asciminib,10,5614,1450953,0.003869181,-0.42692052,0.029015812,0.032985468,0.751401483
E470S,470,S29,E,S,a_50,1,Asciminib,50,6363,1311506,0.004851674,-0.100466082,0.020028925,0.032985468,0.393422552
E470S,470,S29,E,S,a_89,1,Asciminib,89,4497,1317239,0.003413959,-0.607503044,0.009933692,0.032985468,0.190190729
E470S,470,S29,E,S,a_128,1,Asciminib,128,3849,1178751,0.003265321,-0.67172412,0.006532661,0.032985468,0.148881877
E470S,470,S29,E,S,a_250,1,Asciminib,250,15185,5028356,0.003019874,-0.784460587,0.003476229,0.032985468,0.119472964
E470S,470,S29,E,S,a_363,1,Asciminib,363,3685,1407560,0.002618006,-0.990480598,-0.000432632,0.032985468,0.09016597
E470S,470,S29,E,S,a_500,1,Asciminib,500,4603,1483951,0.003101854,-0.745817808,0.001287144,0.032985468,0.102051338
E470S,470,S29,E,S,a_638,1,Asciminib,638,2330,862155,0.00270253,-0.94463801,-0.002704155,0.032985468,0.076562121
E470S,470,S29,E,S,a_750,1,Asciminib,750,3030,941415,0.003218559,-0.692533748,0.000194157,0.032985468,0.094328269
E470S,470,S29,E,S,a_1151,1,Asciminib,1151,2884,880135,0.00327677,-0.666674366,0.000205531,0.032985468,0.094405549
E470S,470,S29,E,S,a_2500,1,Asciminib,2500,8465,2498175,0.003388474,-0.618313271,0.000204368,0.032985468,0.094397642
E470S,470,S29,E,S,D0,1,D0,,5389,1009589,0.005337816,0.037300694,,0.032985468,
E470S,470,S29,E,S,D0,1,D0,,5389,1009589,0.005337816,0.037300694,,0.032985468,
E470S,470,S29,E,S,D0,2,D0,,7769,1533758,0.005065336,-0.038290753,,0.032985468,
E470S,470,S29,E,S,D0,2,D0,,7769,1533758,0.005065336,-0.038290753,,0.032985468,
E470S,470,S29,E,S,i_50,1,Imatinib,50,6891,1605903,0.004291044,-0.277620192,0.034811035,0.032985468,1.140470416
E470S,470,S29,E,S,i_100,1,Imatinib,100,6230,1501070,0.004150373,-0.325707889,0.033938722,0.032985468,1.071044467
E470S,470,S29,E,S,i_200,1,Imatinib,200,6802,1625430,0.004184739,-0.313811217,0.029224746,0.032985468,0.762790403
E470S,470,S29,E,S,i_300,1,Imatinib,300,6267,1495698,0.004190017,-0.311992709,0.020788549,0.032985468,0.415539268
E470S,470,S29,E,S,i_444,1,Imatinib,444,4965,1159488,0.004282062,-0.280642967,0.013052814,0.032985468,0.238079403
E470S,470,S29,E,S,i_500,1,Imatinib,500,4592,1082233,0.004243079,-0.293837292,0.008840223,0.032985468,0.175791333
E470S,470,S29,E,S,i_579,1,Imatinib,579,5813,1434143,0.004053292,-0.359854771,0.005643158,0.032985468,0.139645772
E470S,470,S29,E,S,i_750,1,Imatinib,750,5379,1243646,0.004325186,-0.266186692,0.001776584,0.032985468,0.105711708
E470S,470,S29,E,S,i_1000,1,Imatinib,1000,5727,1149553,0.004981936,-0.062242175,0.000360972,0.032985468,0.095468048
E470S,470,S29,E,S,i_1250,1,Imatinib,1250,5237,977748,0.005356186,0.042257224,0.000258164,0.032985468,0.094763982
E470S,470,S29,E,S,i_2500,1,Imatinib,2500,4915,1124752,0.004369852,-0.251364312,-0.004483972,0.032985468,0.067353549
E470S,470,S29,E,S,i_5000,1,Imatinib,5000,3321,764852,0.004342016,-0.260583589,-0.007005146,0.032985468,0.056172711
E470S,470,S29,E,S,N,1,None,0,7342,1673746,0.004386568,-0.245856289,0.032985468,0.032985468,1
E470T,470,S29,E,T,a_5,1,Asciminib,5,8423,1698411,0.004959341,0.018935873,0.03664532,0.035374628,1.095805608
E470T,470,S29,E,T,a_10,1,Asciminib,10,6880,1450953,0.004741711,-0.045804896,0.03300528,0.035374628,0.84316459
E470T,470,S29,E,T,a_50,1,Asciminib,50,5556,1311506,0.004236351,-0.208390481,0.018899187,0.035374628,0.305369806
E470T,470,S29,E,T,a_89,1,Asciminib,89,5737,1317239,0.004355322,-0.168433287,0.014529815,0.035374628,0.222945806
E470T,470,S29,E,T,a_128,1,Asciminib,128,4831,1178751,0.004098406,-0.256149815,0.010882837,0.035374628,0.17145937
E470T,470,S29,E,T,a_250,1,Asciminib,250,21475,5028356,0.00427078,-0.196713241,0.009628689,0.035374628,0.156655274
E470T,470,S29,E,T,a_363,1,Asciminib,363,6631,1407560,0.004710989,-0.055182639,0.009357941,0.035374628,0.153631029
E470T,470,S29,E,T,a_500,1,Asciminib,500,5874,1483951,0.003958352,-0.306312862,0.005887823,0.035374628,0.119666093
E470T,470,S29,E,T,a_638,1,Asciminib,638,3741,862155,0.004339127,-0.173807876,0.005364791,0.035374628,0.115243471
E470T,470,S29,E,T,a_750,1,Asciminib,750,3835,941415,0.004073655,-0.264888841,0.004670687,0.035374628,0.109625661
E470T,470,S29,E,T,a_1151,1,Asciminib,1151,4789,880135,0.005441211,0.152715028,0.008782789,0.035374628,0.147398954
E470T,470,S29,E,T,a_2500,1,Asciminib,2500,12873,2498175,0.005152962,0.074189186,0.007453391,0.035374628,0.133944585
E470T,470,S29,E,T,D0,1,D0,,5028,1009589,0.004980244,0.02500388,,0.035374628,
E470T,470,S29,E,T,D0,1,D0,,5028,1009589,0.004980244,0.02500388,,0.035374628,
E470T,470,S29,E,T,D0,2,D0,,7376,1533758,0.004809103,-0.025444886,,0.035374628,
E470T,470,S29,E,T,D0,2,D0,,7376,1533758,0.004809103,-0.025444886,,0.035374628,
E470T,470,S29,E,T,i_50,1,Imatinib,50,7450,1605903,0.004639134,-0.077357001,0.036907363,0.035374628,1.11667653
E470T,470,S29,E,T,i_100,1,Imatinib,100,6452,1501070,0.004298267,-0.187457491,0.035385909,0.035374628,1.000812512
E470T,470,S29,E,T,i_200,1,Imatinib,200,8002,1625430,0.004923005,0.008326529,0.03259684,0.035374628,0.818730153
E470T,470,S29,E,T,i_300,1,Imatinib,300,7195,1495698,0.004810463,-0.025036893,0.023792364,0.035374628,0.434341996
E470T,470,S29,E,T,i_444,1,Imatinib,444,4852,1159488,0.004184606,-0.226121012,0.013623543,0.035374628,0.208862708
E470T,470,S29,E,T,i_500,1,Imatinib,500,5329,1082233,0.004924078,0.008641022,0.012006526,0.035374628,0.185907994
E470T,470,S29,E,T,i_579,1,Imatinib,579,6857,1434143,0.004781253,-0.033824035,0.009056004,0.035374628,0.150327217
E470T,470,S29,E,T,i_750,1,Imatinib,750,5378,1243646,0.004324382,-0.178718803,0.002692186,0.035374628,0.095070568
E470T,470,S29,E,T,i_1000,1,Imatinib,1000,5169,1149553,0.00449653,-0.122400454,-0.000268756,0.035374628,0.076817431
E470T,470,S29,E,T,i_1250,1,Imatinib,1250,4030,977748,0.004121716,-0.247967419,-0.002779869,0.035374628,0.064111996
E470T,470,S29,E,T,i_2500,1,Imatinib,2500,5582,1124752,0.004962872,0.019962519,-0.00164376,0.035374628,0.069576813
E470T,470,S29,E,T,i_5000,1,Imatinib,5000,3107,764852,0.004062224,-0.268942948,-0.007092651,0.035374628,0.046998288
E470T,470,S29,E,T,N,1,None,0,8093,1673746,0.004835262,-0.017618685,0.035374628,0.035374628,1
E470V,470,S29,E,V,a_5,1,Asciminib,5,7098,1698411,0.0041792,-0.265511037,0.033667768,0.032140449,1.116241161
E470V,470,S29,E,V,a_10,1,Asciminib,10,5568,1450953,0.003837478,-0.388579568,0.02941716,0.032140449,0.8219491
E470V,470,S29,E,V,a_50,1,Asciminib,50,3935,1311506,0.003000368,-0.743598763,0.013296699,0.032140449,0.257496268
E470V,470,S29,E,V,a_89,1,Asciminib,89,3575,1317239,0.00271401,-0.888311881,0.006994222,0.032140449,0.163567694
E470V,470,S29,E,V,a_128,1,Asciminib,128,3123,1178751,0.002649415,-0.923064417,0.003901665,0.032140449,0.130916902
E470V,470,S29,E,V,a_250,1,Asciminib,250,12050,5028356,0.002396409,-1.067863544,0.000509605,0.032140449,0.102548359
E470V,470,S29,E,V,a_363,1,Asciminib,363,3843,1407560,0.002730257,-0.879701436,0.000726989,0.032140449,0.104166037
E470V,470,S29,E,V,a_500,1,Asciminib,500,3666,1483951,0.002470432,-1.02397466,-0.001624564,0.032140449,0.087941717
E470V,470,S29,E,V,a_638,1,Asciminib,638,2166,862155,0.002512309,-0.999723917,-0.003280787,0.032140449,0.078055981
E470V,470,S29,E,V,a_750,1,Asciminib,750,2486,941415,0.002640706,-0.92781444,-0.00226873,0.032140449,0.083956129
E470V,470,S29,E,V,a_1151,1,Asciminib,1151,2540,880135,0.002885921,-0.799706228,-0.001187029,0.032140449,0.090756207
E470V,470,S29,E,V,a_2500,1,Asciminib,2500,7430,2498175,0.002974171,-0.756250323,-0.001239539,0.032140449,0.090413729
E470V,470,S29,E,V,D0,1,D0,,4906,1009589,0.004859403,-0.047958854,,0.032140449,
E470V,470,S29,E,V,D0,1,D0,,4906,1009589,0.004859403,-0.047958854,,0.032140449,
E470V,470,S29,E,V,D0,2,D0,,7957,1533758,0.005187911,0.046415739,,0.032140449,
E470V,470,S29,E,V,D0,2,D0,,7957,1533758,0.005187911,0.046415739,,0.032140449,
E470V,470,S29,E,V,i_50,1,Imatinib,50,6050,1605903,0.003767351,-0.415187602,0.033370997,0.032140449,1.092642919
E470V,470,S29,E,V,i_100,1,Imatinib,100,5385,1501070,0.003587441,-0.485782903,0.032263078,0.032140449,1.008868365
E470V,470,S29,E,V,i_200,1,Imatinib,200,7176,1625430,0.004414832,-0.186379528,0.030558683,0.032140449,0.892358652
E470V,470,S29,E,V,i_300,1,Imatinib,300,6280,1495698,0.004198709,-0.258792339,0.021345443,0.032140449,0.45967275
E470V,470,S29,E,V,i_444,1,Imatinib,444,4865,1159488,0.004195817,-0.259786075,0.013271142,0.032140449,0.257022881
E470V,470,S29,E,V,i_500,1,Imatinib,500,4108,1082233,0.003795855,-0.404312948,0.007683779,0.032140449,0.171893484
E470V,470,S29,E,V,i_579,1,Imatinib,579,5574,1434143,0.003886642,-0.370213873,0.005534721,0.032140449,0.147251618
E470V,470,S29,E,V,i_750,1,Imatinib,750,5469,1243646,0.004397554,-0.192036814,0.002552775,0.032140449,0.118800155
E470V,470,S29,E,V,i_1000,1,Imatinib,1000,5446,1149553,0.004737494,-0.084613992,0.000126787,0.032140449,0.099760429
E470V,470,S29,E,V,i_1250,1,Imatinib,1250,3814,977748,0.003900801,-0.364967732,-0.004004612,0.032140449,0.074092242
E470V,470,S29,E,V,i_2500,1,Imatinib,2500,5018,1124752,0.004461428,-0.171232453,-0.003645163,0.032140449,0.076034805
E470V,470,S29,E,V,i_5000,1,Imatinib,5000,3681,764852,0.004812696,-0.061892758,-0.004925277,0.032140449,0.06934007
E470V,470,S29,E,V,N,1,None,0,6705,1673746,0.004005984,-0.326581267,0.032140449,0.032140449,1
E470W,470,S29,E,W,a_5,1,Asciminib,5,10302,1698411,0.00606567,-0.141299229,0.034968,0.032582478,1.187390012
E470W,470,S29,E,W,a_10,1,Asciminib,10,7809,1450953,0.00538198,-0.313829124,0.030199638,0.032582478,0.842345964
E470W,470,S29,E,W,a_50,1,Asciminib,50,6017,1311506,0.004587855,-0.5441462,0.015384541,0.032582478,0.289890671
E470W,470,S29,E,W,a_89,1,Asciminib,89,6756,1317239,0.00512891,-0.383313953,0.012280473,0.032582478,0.231831526
E470W,470,S29,E,W,a_128,1,Asciminib,128,5552,1178751,0.00471007,-0.506217576,0.008265162,0.032582478,0.173626859
E470W,470,S29,E,W,a_250,1,Asciminib,250,25069,5028356,0.004985526,-0.424220399,0.007247175,0.032582478,0.16135606
E470W,470,S29,E,W,a_363,1,Asciminib,363,6720,1407560,0.004774219,-0.486701337,0.004840861,0.032582478,0.135688104
E470W,470,S29,E,W,a_500,1,Asciminib,500,6178,1483951,0.00416321,-0.684269733,0.001931421,0.032582478,0.110043882
E470W,470,S29,E,W,a_638,1,Asciminib,638,4052,862155,0.004699851,-0.509351143,0.00185237,0.032582478,0.109419321
E470W,470,S29,E,W,a_750,1,Asciminib,750,4593,941415,0.004878826,-0.455432111,0.002676105,0.032582478,0.116105174
E470W,470,S29,E,W,a_1151,1,Asciminib,1151,4056,880135,0.004608384,-0.537705231,0.001555563,0.032582478,0.107105828
E470W,470,S29,E,W,a_2500,1,Asciminib,2500,11808,2498175,0.00472665,-0.50114797,0.001430838,0.032582478,0.106148307
E470W,470,S29,E,W,D0,1,D0,,6285,1009589,0.006225306,-0.103821501,,0.032582478,
E470W,470,S29,E,W,D0,1,D0,,6285,1009589,0.006225306,-0.103821501,,0.032582478,
E470W,470,S29,E,W,D0,2,D0,,10973,1533758,0.007154323,0.096849087,,0.032582478,
E470W,470,S29,E,W,D0,2,D0,,10973,1533758,0.007154323,0.096849087,,0.032582478,
E470W,470,S29,E,W,i_50,1,Imatinib,50,9029,1605903,0.005622382,-0.25078469,0.035091945,0.032582478,1.198033713
E470W,470,S29,E,W,i_100,1,Imatinib,100,8235,1501070,0.005486087,-0.286188755,0.034352403,0.032582478,1.135910586
E470W,470,S29,E,W,i_200,1,Imatinib,200,8656,1625430,0.00532536,-0.329087077,0.02906484,0.032582478,0.77625832
E470W,470,S29,E,W,i_300,1,Imatinib,300,6649,1495698,0.004445416,-0.589647678,0.017882094,0.032582478,0.347000989
E470W,470,S29,E,W,i_444,1,Imatinib,444,5297,1159488,0.004568396,-0.550278529,0.010230306,0.032582478,0.200016302
E470W,470,S29,E,W,i_500,1,Imatinib,500,4587,1082233,0.004238459,-0.65842638,0.005023754,0.032582478,0.137486693
E470W,470,S29,E,W,i_579,1,Imatinib,579,6276,1434143,0.004376133,-0.61230968,0.003000494,0.032582478,0.118848844
E470W,470,S29,E,W,i_750,1,Imatinib,750,6673,1243646,0.005365675,-0.31820653,0.001232047,0.032582478,0.104639832
E470W,470,S29,E,W,i_1000,1,Imatinib,1000,5373,1149553,0.004673991,-0.517311294,-0.00440263,0.032582478,0.069743729
E470W,470,S29,E,W,i_1250,1,Imatinib,1250,5669,977748,0.005798017,-0.206406465,-0.002344814,0.032582478,0.080881914
E470W,470,S29,E,W,i_2500,1,Imatinib,2500,5735,1124752,0.005098902,-0.391779595,-0.005953821,0.032582478,0.06237358
E470W,470,S29,E,W,i_5000,1,Imatinib,5000,3942,764852,0.005153938,-0.376290889,-0.008216355,0.032582478,0.052997213
E470W,470,S29,E,W,N,1,None,0,9194,1673746,0.005493068,-0.28435409,0.032582478,0.032582478,1
E470Y,470,S29,E,Y,a_5,1,Asciminib,5,5953,1698411,0.003505041,-0.537266288,0.03082307,0.031647581,0.942362982
E470Y,470,S29,E,Y,a_10,1,Asciminib,10,4682,1450953,0.003226845,-0.656573416,0.026611837,0.031647581,0.695883115
E470Y,470,S29,E,Y,a_50,1,Asciminib,50,3507,1311506,0.002674025,-0.92768454,0.011369713,0.031647581,0.232234777
E470Y,470,S29,E,Y,a_89,1,Asciminib,89,3672,1317239,0.002787649,-0.867648636,0.007210522,0.031647581,0.172136381
E470Y,470,S29,E,Y,a_128,1,Asciminib,128,3577,1178751,0.003034568,-0.745206439,0.005763458,0.031647581,0.155104402
E470Y,470,S29,E,Y,a_250,1,Asciminib,250,14974,5028356,0.002977912,-0.772396602,0.003602513,0.031647581,0.132755676
E470Y,470,S29,E,Y,a_363,1,Asciminib,363,3951,1407560,0.002806985,-0.857676137,0.000957547,0.031647581,0.109735491
E470Y,470,S29,E,Y,a_500,1,Asciminib,500,4237,1483951,0.002855216,-0.833097889,0.000373508,0.031647581,0.105216701
E470Y,470,S29,E,Y,a_638,1,Asciminib,638,2282,862155,0.002646856,-0.942417939,-0.002680916,0.031647581,0.084445262
E470Y,470,S29,E,Y,a_750,1,Asciminib,750,2442,941415,0.002593968,-0.971537108,-0.002726413,0.031647581,0.08416909
E470Y,470,S29,E,Y,a_1151,1,Asciminib,1151,2352,880135,0.002672317,-0.928606237,-0.002536337,0.031647581,0.085328903
E470Y,470,S29,E,Y,a_2500,1,Asciminib,2500,7954,2498175,0.003183924,-0.675891543,-0.000398354,0.031647581,0.099528893
E470Y,470,S29,E,Y,D0,1,D0,,5012,1009589,0.004964396,-0.035079244,,0.031647581,
E470Y,470,S29,E,Y,D0,1,D0,,5012,1009589,0.004964396,-0.035079244,,0.031647581,
E470Y,470,S29,E,Y,D0,2,D0,,7989,1533758,0.005208775,0.034246498,,0.031647581,
E470Y,470,S29,E,Y,D0,2,D0,,7989,1533758,0.005208775,0.034246498,,0.031647581,
E470Y,470,S29,E,Y,i_50,1,Imatinib,50,5847,1605903,0.003640942,-0.482385725,0.032667577,0.031647581,1.076203628
E470Y,470,S29,E,Y,i_100,1,Imatinib,100,5337,1501070,0.003555464,-0.516659807,0.031939863,0.031647581,1.021267302
E470Y,470,S29,E,Y,i_200,1,Imatinib,200,5979,1625430,0.003678411,-0.467614778,0.027614751,0.031647581,0.747991414
E470Y,470,S29,E,Y,i_300,1,Imatinib,300,4672,1495698,0.003123625,-0.703476195,0.016690552,0.031647581,0.340647839
E470Y,470,S29,E,Y,i_444,1,Imatinib,444,3833,1159488,0.003305769,-0.621711453,0.009482555,0.031647581,0.202729674
E470Y,470,S29,E,Y,i_500,1,Imatinib,500,3828,1082233,0.003537131,-0.524117871,0.006429677,0.031647581,0.16272574
E470Y,470,S29,E,Y,i_579,1,Imatinib,579,4575,1434143,0.003190058,-0.673114703,0.002363995,0.031647581,0.121429899
E470Y,470,S29,E,Y,i_750,1,Imatinib,750,5180,1243646,0.004165172,-0.28832135,0.001544881,0.031647581,0.11447551
E470Y,470,S29,E,Y,i_1000,1,Imatinib,1000,4227,1149553,0.003677081,-0.468136433,-0.003887874,0.031647581,0.077416699
E470Y,470,S29,E,Y,i_1250,1,Imatinib,1250,3430,977748,0.003508061,-0.536023571,-0.005795202,0.031647581,0.067482946
E470Y,470,S29,E,Y,i_2500,1,Imatinib,2500,3786,1124752,0.003366075,-0.595630084,-0.0080877,0.031647581,0.057214939
E470Y,470,S29,E,Y,i_5000,1,Imatinib,5000,2941,764852,0.003845188,-0.403643294,-0.008502676,0.031647581,0.055530742
E470Y,470,S29,E,Y,N,1,None,0,6571,1673746,0.003925924,-0.373665228,0.031647581,0.031647581,1
L471A,471,S29,L,A,a_5,1,Asciminib,5,3698,1698411,0.002177329,0.103788624,0.037533547,0.035557584,1.15288711
L471A,471,S29,L,A,a_10,1,Asciminib,10,3930,1450953,0.002708565,0.418757544,0.037868257,0.035557584,1.181008137
L471A,471,S29,L,A,a_50,1,Asciminib,50,3655,1311506,0.002786872,0.459876017,0.025894511,0.035557584,0.498704637
L471A,471,S29,L,A,a_89,1,Asciminib,89,2786,1317239,0.00211503,0.061907145,0.016940988,0.035557584,0.261742269
L471A,471,S29,L,A,a_128,1,Asciminib,128,2635,1178751,0.002235417,0.141772986,0.01504824,0.035557584,0.228396344
L471A,471,S29,L,A,a_250,1,Asciminib,250,9106,5028356,0.00181093,-0.162040316,0.009991641,0.035557584,0.158698687
L471A,471,S29,L,A,a_363,1,Asciminib,363,1921,1407560,0.001364773,-0.570109883,0.003967752,0.035557584,0.102851618
L471A,471,S29,L,A,a_500,1,Asciminib,500,2182,1483951,0.001470399,-0.462563334,0.004252214,0.035557584,0.104979871
L471A,471,S29,L,A,a_638,1,Asciminib,638,1121,862155,0.00130023,-0.640003871,0.000484714,0.035557584,0.080038569
L471A,471,S29,L,A,a_750,1,Asciminib,750,1415,941415,0.001503057,-0.430871673,0.002933201,0.035557584,0.095468815
L471A,471,S29,L,A,a_1151,1,Asciminib,1151,1127,880135,0.001280485,-0.6620802,0.000253622,0.035557584,0.078717855
L471A,471,S29,L,A,a_2500,1,Asciminib,2500,3582,2498175,0.001433847,-0.498880187,0.001454577,0.035557584,0.08582744
L471A,471,S29,L,A,D0,1,D0,,2104,1009589,0.002084016,0.040595627,,0.035557584,
L471A,471,S29,L,A,D0,1,D0,,2104,1009589,0.002084016,0.040595627,,0.035557584,
L471A,471,S29,L,A,D0,2,D0,,3019,1533758,0.001968368,-0.041771093,,0.035557584,
L471A,471,S29,L,A,D0,2,D0,,3019,1533758,0.001968368,-0.041771093,,0.035557584,
L471A,471,S29,L,A,i_50,1,Imatinib,50,3385,1605903,0.002107848,0.057000099,0.038313795,0.035557584,1.219507588
L471A,471,S29,L,A,i_100,1,Imatinib,100,3299,1501070,0.002197766,0.117266541,0.038575719,0.035557584,1.242723922
L471A,471,S29,L,A,i_200,1,Imatinib,200,3746,1625430,0.002304621,0.185758492,0.034454174,0.035557584,0.923628331
L471A,471,S29,L,A,i_300,1,Imatinib,300,2736,1495698,0.001829246,-0.147521657,0.02251021,0.035557584,0.390857991
L471A,471,S29,L,A,i_444,1,Imatinib,444,2119,1159488,0.001827531,-0.148875282,0.014432141,0.035557584,0.218486307
L471A,471,S29,L,A,i_500,1,Imatinib,500,1896,1082233,0.001751933,-0.209823155,0.009719672,0.035557584,0.155621315
L471A,471,S29,L,A,i_579,1,Imatinib,579,2748,1434143,0.001916127,-0.080577861,0.008566592,0.035557584,0.143223136
L471A,471,S29,L,A,i_750,1,Imatinib,750,2089,1243646,0.001679738,-0.270534374,0.001731073,0.035557584,0.087553187
L471A,471,S29,L,A,i_1000,1,Imatinib,1000,2416,1149553,0.002101686,0.052776491,0.001564972,0.035557584,0.086512353
L471A,471,S29,L,A,i_1250,1,Imatinib,1250,2537,977748,0.002594738,0.356817953,0.003550943,0.035557584,0.099810873
L471A,471,S29,L,A,i_2500,1,Imatinib,2500,2346,1124752,0.002085793,0.0418251,-0.001414905,0.035557584,0.069807123
L471A,471,S29,L,A,i_5000,1,Imatinib,5000,1762,764852,0.002303714,0.185190427,-0.002338844,0.035557584,0.065314395
L471A,471,S29,L,A,N,1,None,0,3391,1673746,0.002025994,-0.000140804,0.035557584,0.035557584,1
L471C,471,S29,L,C,a_5,1,Asciminib,5,12017,1698411,0.007075437,-0.0933375,0.035470057,0.032973519,1.196919055
L471C,471,S29,L,C,a_10,1,Asciminib,10,10242,1450953,0.007058809,-0.09673198,0.032472182,0.032973519,0.964547456
L471C,471,S29,L,C,a_50,1,Asciminib,50,12409,1311506,0.009461642,0.325933793,0.024492422,0.032973519,0.543003805
L471C,471,S29,L,C,a_89,1,Asciminib,89,11843,1317239,0.008990775,0.252288793,0.018933877,0.032973519,0.363908005
L471C,471,S29,L,C,a_128,1,Asciminib,128,12040,1178751,0.010214201,0.43634774,0.018131809,0.032973519,0.343488
L471C,471,S29,L,C,a_250,1,Asciminib,250,46716,5028356,0.009290512,0.2996013,0.014824043,0.032973519,0.270695094
L471C,471,S29,L,C,a_363,1,Asciminib,363,13229,1407560,0.009398534,0.316278932,0.013246351,0.032973519,0.241627969
L471C,471,S29,L,C,a_500,1,Asciminib,500,12886,1483951,0.008683575,0.202132388,0.01121016,0.032973519,0.20867822
L471C,471,S29,L,C,a_638,1,Asciminib,638,8243,862155,0.009560926,0.340993575,0.010753664,0.032973519,0.201930938
L471C,471,S29,L,C,a_750,1,Asciminib,750,9890,941415,0.010505463,0.476911024,0.012435748,0.032973519,0.227929371
L471C,471,S29,L,C,a_1151,1,Asciminib,1151,7452,880135,0.008466883,0.165674188,0.008918444,0.032973519,0.176936325
L471C,471,S29,L,C,a_2500,1,Asciminib,2500,16965,2498175,0.006790957,-0.15254177,0.005080001,0.032973519,0.134212188
L471C,471,S29,L,C,D0,1,D0,,7744,1009589,0.007670448,0.023154104,,0.032973519,
L471C,471,S29,L,C,D0,1,D0,,7744,1009589,0.007670448,0.023154104,,0.032973519,
L471C,471,S29,L,C,D0,2,D0,,11390,1533758,0.007426204,-0.023531779,,0.032973519,
L471C,471,S29,L,C,D0,2,D0,,11390,1533758,0.007426204,-0.023531779,,0.032973519,
L471C,471,S29,L,C,i_50,1,Imatinib,50,10475,1605903,0.00652281,-0.210663167,0.035511932,0.032973519,1.200533155
L471C,471,S29,L,C,i_100,1,Imatinib,100,9467,1501070,0.006306834,-0.259240686,0.034634492,0.032973519,1.12703475
L471C,471,S29,L,C,i_200,1,Imatinib,200,8993,1625430,0.00553269,-0.44817571,0.027818236,0.032973519,0.689919514
L471C,471,S29,L,C,i_300,1,Imatinib,300,8235,1495698,0.005505791,-0.455207008,0.019289401,0.032973519,0.373343458
L471C,471,S29,L,C,i_444,1,Imatinib,444,6574,1159488,0.005669744,-0.412873184,0.011668646,0.032973519,0.215681865
L471C,471,S29,L,C,i_500,1,Imatinib,500,5347,1082233,0.004940711,-0.611438214,0.005515619,0.032973519,0.138488397
L471C,471,S29,L,C,i_579,1,Imatinib,579,7484,1434143,0.005218448,-0.532536077,0.003835554,0.032973519,0.12270975
L471C,471,S29,L,C,i_750,1,Imatinib,750,7816,1243646,0.006284747,-0.26430217,0.001796311,0.032973519,0.105953077
L471C,471,S29,L,C,i_1000,1,Imatinib,1000,5906,1149553,0.005137649,-0.555048378,-0.004797657,0.032973519,0.065906077
L471C,471,S29,L,C,i_1250,1,Imatinib,1250,6523,977748,0.006671453,-0.178155708,-0.002049089,0.032973519,0.080328745
L471C,471,S29,L,C,i_2500,1,Imatinib,2500,7262,1124752,0.006456534,-0.225396754,-0.004212147,0.032973519,0.068743853
L471C,471,S29,L,C,i_5000,1,Imatinib,5000,5041,764852,0.006590818,-0.195699314,-0.006325947,0.032973519,0.059038737
L471C,471,S29,L,C,N,1,None,0,10646,1673746,0.006360583,-0.246997793,0.032973519,0.032973519,1
L471D,471,S29,L,D,a_5,1,Asciminib,5,12878,1698411,0.007582381,0.090581827,0.0373953,0.038956989,0.893649542
L471D,471,S29,L,D,a_10,1,Asciminib,10,11702,1450953,0.008065044,0.179613228,0.035364926,0.038956989,0.772109799
L471D,471,S29,L,D,a_50,1,Asciminib,50,17224,1311506,0.013132994,0.883054709,0.030324289,0.038956989,0.537108903
L471D,471,S29,L,D,a_89,1,Asciminib,89,24883,1317239,0.01889027,1.407502193,0.031026496,0.038956989,0.56496274
L471D,471,S29,L,D,a_128,1,Asciminib,128,26288,1178751,0.022301572,1.647004283,0.030804799,0.038956989,0.556016293
L471D,471,S29,L,D,a_250,1,Asciminib,250,150505,5028356,0.029931254,2.071511609,0.033372163,0.038956989,0.668908841
L471D,471,S29,L,D,a_363,1,Asciminib,363,42899,1407560,0.030477564,2.097606489,0.031893049,0.038956989,0.601334645
L471D,471,S29,L,D,a_500,1,Asciminib,500,53558,1483951,0.036091488,2.341517525,0.033604956,0.038956989,0.680214997
L471D,471,S29,L,D,a_638,1,Asciminib,638,29415,862155,0.034117995,2.26039176,0.030845667,0.038956989,0.557654761
L471D,471,S29,L,D,a_750,1,Asciminib,750,34698,941415,0.036857284,2.371808655,0.032271282,0.038956989,0.617935686
L471D,471,S29,L,D,a_1151,1,Asciminib,1151,30996,880135,0.035217325,2.306144207,0.031324597,0.038956989,0.577219758
L471D,471,S29,L,D,a_2500,1,Asciminib,2500,79649,2498175,0.031882874,2.162640598,0.02931502,0.038956989,0.499462983
L471D,471,S29,L,D,D0,1,D0,,7041,1009589,0.006974125,-0.030056957,,0.038956989,
L471D,471,S29,L,D,D0,1,D0,,7041,1009589,0.006974125,-0.030056957,,0.038956989,
L471D,471,S29,L,D,D0,2,D0,,11147,1533758,0.00726777,0.029443512,,0.038956989,
L471D,471,S29,L,D,D0,2,D0,,11147,1533758,0.00726777,0.029443512,,0.038956989,
L471D,471,S29,L,D,i_50,1,Imatinib,50,13872,1605903,0.008638131,0.278649942,0.040633996,0.038956989,1.128336567
L471D,471,S29,L,D,i_100,1,Imatinib,100,12361,1501070,0.008234793,0.209663097,0.039542914,0.038956989,1.043089068
L471D,471,S29,L,D,i_200,1,Imatinib,200,12377,1625430,0.0076146,0.096699134,0.033521913,0.038956989,0.676160041
L471D,471,S29,L,D,i_300,1,Imatinib,300,12032,1495698,0.008044405,0.175916458,0.025895916,0.038956989,0.390472698
L471D,471,S29,L,D,i_444,1,Imatinib,444,9506,1159488,0.008198446,0.20328131,0.018118469,0.038956989,0.223046846
L471D,471,S29,L,D,i_500,1,Imatinib,500,9136,1082233,0.008441805,0.245482309,0.014485748,0.038956989,0.171713254
L471D,471,S29,L,D,i_579,1,Imatinib,579,13591,1434143,0.00947674,0.412321619,0.013726197,0.038956989,0.162574811
L471D,471,S29,L,D,i_750,1,Imatinib,750,13268,1243646,0.010668631,0.583233924,0.010668205,0.038956989,0.130446454
L471D,471,S29,L,D,i_1000,1,Imatinib,1000,11054,1149553,0.009615912,0.433354427,0.005548811,0.038956989,0.090230406
L471D,471,S29,L,D,i_1250,1,Imatinib,1250,9851,977748,0.010075193,0.500666396,0.005056729,0.038956989,0.087089523
L471D,471,S29,L,D,i_2500,1,Imatinib,2500,11972,1124752,0.010644124,0.579916144,0.00421776,0.038956989,0.081984547
L471D,471,S29,L,D,i_5000,1,Imatinib,5000,6895,764852,0.009014816,0.340228833,-0.000715923,0.038956989,0.057472446
L471D,471,S29,L,D,N,1,None,0,14926,1673746,0.008917721,0.324605876,0.038956989,0.038956989,1
L471E,471,S29,L,E,a_5,1,Asciminib,5,13031,1698411,0.007672466,-0.075058816,0.035661396,0.033349078,1.181148064
L471E,471,S29,L,E,a_10,1,Asciminib,10,14838,1450953,0.010226382,0.339474861,0.037038336,0.033349078,1.304247959
L471E,471,S29,L,E,a_50,1,Asciminib,50,10731,1311506,0.008182197,0.01773912,0.021266281,0.033349078,0.418967738
L471E,471,S29,L,E,a_89,1,Asciminib,89,10845,1317239,0.00823313,0.026691924,0.016572359,0.033349078,0.298817055
L471E,471,S29,L,E,a_128,1,Asciminib,128,7940,1178751,0.006735943,-0.262869079,0.010812501,0.033349078,0.197378207
L471E,471,S29,L,E,a_250,1,Asciminib,250,44920,5028356,0.008933337,0.144450137,0.013199942,0.033349078,0.234397284
L471E,471,S29,L,E,a_363,1,Asciminib,363,8377,1407560,0.005951434,-0.441511839,0.005313899,0.033349078,0.132850227
L471E,471,S29,L,E,a_500,1,Asciminib,500,7854,1483951,0.005292628,-0.610764948,0.00270086,0.033349078,0.110066369
L471E,471,S29,L,E,a_638,1,Asciminib,638,5946,862155,0.006896672,-0.228848797,0.00478863,0.033349078,0.127919741
L471E,471,S29,L,E,a_750,1,Asciminib,750,9579,941415,0.010175109,0.332223217,0.010921175,0.033349078,0.198928664
L471E,471,S29,L,E,a_1151,1,Asciminib,1151,4614,880135,0.005242378,-0.624527822,0.000646716,0.033349078,0.094934309
L471E,471,S29,L,E,a_2500,1,Asciminib,2500,15162,2498175,0.006069231,-0.413235469,0.002351095,0.033349078,0.10732917
L471E,471,S29,L,E,D0,1,D0,,7936,1009589,0.007860624,-0.040105162,,0.033349078,
L471E,471,S29,L,E,D0,1,D0,,7936,1009589,0.007860624,-0.040105162,,0.033349078,
L471E,471,S29,L,E,D0,2,D0,,12736,1533758,0.008303787,0.039020376,,0.033349078,
L471E,471,S29,L,E,D0,2,D0,,12736,1533758,0.008303787,0.039020376,,0.033349078,
L471E,471,S29,L,E,i_50,1,Imatinib,50,12384,1605903,0.007711549,-0.067728374,0.037008154,0.033349078,1.301416727
L471E,471,S29,L,E,i_100,1,Imatinib,100,10721,1501070,0.007142239,-0.178372774,0.035481006,0.033349078,1.165906407
L471E,471,S29,L,E,i_200,1,Imatinib,200,11063,1625430,0.006806199,-0.247899763,0.029914698,0.033349078,0.78092561
L471E,471,S29,L,E,i_300,1,Imatinib,300,10207,1495698,0.006824239,-0.244081006,0.021499439,0.033349078,0.42606047
L471E,471,S29,L,E,i_444,1,Imatinib,444,7184,1159488,0.006195838,-0.38344963,0.011976648,0.033349078,0.2146353
L471E,471,S29,L,E,i_500,1,Imatinib,500,6215,1082233,0.005742756,-0.493005839,0.006755354,0.033349078,0.147378943
L471E,471,S29,L,E,i_579,1,Imatinib,579,8978,1434143,0.006260185,-0.368543879,0.005552202,0.033349078,0.135149314
L471E,471,S29,L,E,i_750,1,Imatinib,750,8885,1243646,0.007144316,-0.1779532,0.0027002,0.033349078,0.110061145
L471E,471,S29,L,E,i_1000,1,Imatinib,1000,7540,1149553,0.006559071,-0.301257551,-0.002141009,0.033349078,0.077669996
L471E,471,S29,L,E,i_1250,1,Imatinib,1250,6747,977748,0.006900551,-0.228037515,-0.002571245,0.033349078,0.075300893
L471E,471,S29,L,E,i_2500,1,Imatinib,2500,7391,1124752,0.006571226,-0.29858645,-0.004978287,0.033349078,0.063318969
L471E,471,S29,L,E,i_5000,1,Imatinib,5000,5311,764852,0.006943827,-0.219018078,-0.006570044,0.033349078,0.0564626
L471E,471,S29,L,E,N,1,None,0,11686,1673746,0.006981943,-0.21112041,0.033349078,0.033349078,1
L471F,471,S29,L,F,a_5,1,Asciminib,5,9666,1698411,0.005691202,-0.326309509,0.033031338,0.033082731,0.996306493
L471F,471,S29,L,F,a_10,1,Asciminib,10,9535,1450953,0.006571543,-0.118810733,0.032241064,0.033082731,0.941199622
L471F,471,S29,L,F,a_50,1,Asciminib,50,11916,1311506,0.009085738,0.348560832,0.024729279,0.033082731,0.54801721
L471F,471,S29,L,F,a_89,1,Asciminib,89,12006,1317239,0.009114519,0.353123652,0.019989403,0.033082731,0.389566909
L471F,471,S29,L,F,a_128,1,Asciminib,128,11087,1178751,0.009405718,0.39849526,0.017735574,0.033082731,0.331212431
L471F,471,S29,L,F,a_250,1,Asciminib,250,39466,5028356,0.007848689,0.137408722,0.013126233,0.033082731,0.237671013
L471F,471,S29,L,F,a_363,1,Asciminib,363,9918,1407560,0.007046236,-0.01819008,0.009745174,0.033082731,0.186317308
L471F,471,S29,L,F,a_500,1,Asciminib,500,11833,1483951,0.007973983,0.16025764,0.010771821,0.033082731,0.200611399
L471F,471,S29,L,F,a_638,1,Asciminib,638,5775,862155,0.006698332,-0.091241106,0.006229089,0.033082731,0.144646531
L471F,471,S29,L,F,a_750,1,Asciminib,750,6292,941415,0.006683556,-0.094426959,0.006455059,0.033082731,0.14701915
L471F,471,S29,L,F,a_1151,1,Asciminib,1151,4900,880135,0.005567328,-0.358057869,0.003436087,0.033082731,0.118296821
L471F,471,S29,L,F,a_2500,1,Asciminib,2500,15543,2498175,0.006221742,-0.197724343,0.004607036,0.033082731,0.128702718
L471F,471,S29,L,F,D0,1,D0,,7201,1009589,0.007132605,-0.000613714,,0.033082731,
L471F,471,S29,L,F,D0,1,D0,,7201,1009589,0.007132605,-0.000613714,,0.033082731,
L471F,471,S29,L,F,D0,2,D0,,10949,1533758,0.007138675,0.000613453,,0.033082731,
L471F,471,S29,L,F,D0,2,D0,,10949,1533758,0.007138675,0.000613453,,0.033082731,
L471F,471,S29,L,F,i_50,1,Imatinib,50,9397,1605903,0.005851536,-0.286227389,0.034720936,0.033082731,1.125188647
L471F,471,S29,L,F,i_100,1,Imatinib,100,8848,1501070,0.005894462,-0.275682755,0.034462378,0.033082731,1.104435762
L471F,471,S29,L,F,i_200,1,Imatinib,200,9094,1625430,0.005594827,-0.350949307,0.028835989,0.033082731,0.736559361
L471F,471,S29,L,F,i_300,1,Imatinib,300,8892,1495698,0.00594505,-0.263353842,0.021297694,0.033082731,0.428046819
L471F,471,S29,L,F,i_444,1,Imatinib,444,6147,1159488,0.005301478,-0.428648288,0.011503515,0.033082731,0.211463344
L471F,471,S29,L,F,i_500,1,Imatinib,500,7382,1082233,0.006821082,-0.065042285,0.011235219,0.033082731,0.207417645
L471F,471,S29,L,F,i_579,1,Imatinib,579,8105,1434143,0.005651459,-0.336419582,0.005888475,0.033082731,0.141142329
L471F,471,S29,L,F,i_750,1,Imatinib,750,7404,1243646,0.005953463,-0.261313874,0.001827592,0.033082731,0.10536023
L471F,471,S29,L,F,i_1000,1,Imatinib,1000,6112,1149553,0.005316849,-0.424471324,-0.003430794,0.033082731,0.072152466
L471F,471,S29,L,F,i_1250,1,Imatinib,1250,6048,977748,0.006185643,-0.20611933,-0.002341809,0.033082731,0.078037415
L471F,471,S29,L,F,i_2500,1,Imatinib,2500,8019,1124752,0.007129572,-0.001227478,-0.001865574,0.033082731,0.080759639
L471F,471,S29,L,F,i_5000,1,Imatinib,5000,4138,764852,0.005410197,-0.399361755,-0.008457858,0.033082731,0.050241073
L471F,471,S29,L,F,N,1,None,0,10137,1673746,0.006056475,-0.236564641,0.033082731,0.033082731,1
L471G,471,S29,L,G,a_5,1,Asciminib,5,11110,1698411,0.006541408,0.097935744,0.03747228,0.034569113,1.232479532
L471G,471,S29,L,G,a_10,1,Asciminib,10,12587,1450953,0.008674988,0.50519623,0.038773086,0.034569113,1.353489419
L471G,471,S29,L,G,a_50,1,Asciminib,50,14962,1311506,0.011408259,0.900341176,0.030505241,0.034569113,0.74632153
L471G,471,S29,L,G,a_89,1,Asciminib,89,13247,1317239,0.010056641,0.71841109,0.023813183,0.034569113,0.460967848
L471G,471,S29,L,G,a_128,1,Asciminib,128,9155,1178751,0.007766695,0.345635344,0.017182244,0.034569113,0.285973936
L471G,471,S29,L,G,a_250,1,Asciminib,250,35499,5028356,0.007059763,0.207954138,0.013864693,0.034569113,0.225210844
L471G,471,S29,L,G,a_363,1,Asciminib,363,8854,1407560,0.006290318,0.041467405,0.010369661,0.034569113,0.175106563
L471G,471,S29,L,G,a_500,1,Asciminib,500,9384,1483951,0.006323659,0.049094011,0.009608175,0.034569113,0.165764433
L471G,471,S29,L,G,a_638,1,Asciminib,638,5377,862155,0.006236698,0.029116756,0.007488979,0.034569113,0.14230685
L471G,471,S29,L,G,a_750,1,Asciminib,750,5327,941415,0.005658503,-0.111245012,0.00627901,0.034569113,0.130434062
L471G,471,S29,L,G,a_1151,1,Asciminib,1151,4082,880135,0.004637925,-0.398186099,0.00301603,0.034569113,0.103124121
L471G,471,S29,L,G,a_2500,1,Asciminib,2500,13886,2498175,0.005558458,-0.136980919,0.00524289,0.034569113,0.121057693
L471G,471,S29,L,G,D0,1,D0,,6015,1009589,0.00595787,-0.036868906,,0.034569113,
L471G,471,S29,L,G,D0,1,D0,,6015,1009589,0.00595787,-0.036868906,,0.034569113,
L471G,471,S29,L,G,D0,2,D0,,9611,1533758,0.006266308,0.035950131,,0.034569113,
L471G,471,S29,L,G,D0,2,D0,,9611,1533758,0.006266308,0.035950131,,0.034569113,
L471G,471,S29,L,G,i_50,1,Imatinib,50,10199,1605903,0.006350944,0.055305499,0.038296056,0.034569113,1.307791573
L471G,471,S29,L,G,i_100,1,Imatinib,100,9798,1501070,0.006527344,0.094830488,0.038340861,0.034569113,1.312017284
L471G,471,S29,L,G,i_200,1,Imatinib,200,9837,1625430,0.006051937,-0.014268572,0.032360318,0.034569113,0.852967986
L471G,471,S29,L,G,i_300,1,Imatinib,300,8464,1495698,0.005658896,-0.111144826,0.022890997,0.034569113,0.431354798
L471G,471,S29,L,G,i_444,1,Imatinib,444,5799,1159488,0.005001345,-0.289349298,0.012961678,0.034569113,0.211034141
L471G,471,S29,L,G,i_500,1,Imatinib,500,5993,1082233,0.005537625,-0.142398312,0.010425466,0.034569113,0.175811553
L471G,471,S29,L,G,i_579,1,Imatinib,579,7692,1434143,0.005363482,-0.188495669,0.007436922,0.034569113,0.14177447
L471G,471,S29,L,G,i_750,1,Imatinib,750,6457,1243646,0.005191992,-0.235377405,0.002099091,0.034569113,0.09653578
L471G,471,S29,L,G,i_1000,1,Imatinib,1000,5795,1149553,0.00504109,-0.277929869,-0.001896817,0.034569113,0.072400143
L471G,471,S29,L,G,i_1250,1,Imatinib,1250,5737,977748,0.005867565,-0.058903614,-0.000800774,0.034569113,0.078345097
L471G,471,S29,L,G,i_2500,1,Imatinib,2500,6293,1124752,0.005595011,-0.127524537,-0.003187634,0.034569113,0.065974577
L471G,471,S29,L,G,i_5000,1,Imatinib,5000,3997,764852,0.005225848,-0.226000491,-0.006643135,0.034569113,0.051442949
L471G,471,S29,L,G,N,1,None,0,9581,1673746,0.005724286,-0.094569912,0.034569113,0.034569113,1
L471H,471,S29,L,H,a_5,1,Asciminib,5,5765,1698411,0.003394349,-0.038062997,0.036048663,0.034205236,1.141937959
L471H,471,S29,L,H,a_10,1,Asciminib,10,5308,1450953,0.003658285,0.069969598,0.034217192,0.034205236,1.000861173
L471H,471,S29,L,H,a_50,1,Asciminib,50,6207,1311506,0.004732727,0.441473753,0.025701879,0.034205236,0.542134194
L471H,471,S29,L,H,a_89,1,Asciminib,89,6105,1317239,0.004634694,0.411276178,0.020598136,0.034205236,0.3754195
L471H,471,S29,L,H,a_128,1,Asciminib,128,5052,1178751,0.004285892,0.298397659,0.016687766,0.034205236,0.283297457
L471H,471,S29,L,H,a_250,1,Asciminib,250,18704,5028356,0.003719705,0.093990151,0.012671734,0.034205236,0.212160509
L471H,471,S29,L,H,a_363,1,Asciminib,363,4941,1407560,0.00351033,0.010408649,0.010044542,0.034205236,0.175595898
L471H,471,S29,L,H,a_500,1,Asciminib,500,4682,1483951,0.003155091,-0.143516506,0.007591954,0.034205236,0.147171554
L471H,471,S29,L,H,a_638,1,Asciminib,638,2707,862155,0.003139807,-0.150522266,0.005608542,0.034205236,0.127586341
L471H,471,S29,L,H,a_750,1,Asciminib,750,2637,941415,0.002801103,-0.315203159,0.004144003,0.034205236,0.114817799
L471H,471,S29,L,H,a_1151,1,Asciminib,1151,2849,880135,0.003237003,-0.106539098,0.006068952,0.034205236,0.131886649
L471H,471,S29,L,H,a_2500,1,Asciminib,2500,6744,2498175,0.002699571,-0.368467992,0.002819715,0.034205236,0.104375789
L471H,471,S29,L,H,D0,1,D0,,3626,1009589,0.003591561,0.043412843,,0.034205236,
L471H,471,S29,L,H,D0,1,D0,,3626,1009589,0.003591561,0.043412843,,0.034205236,
L471H,471,S29,L,H,D0,2,D0,,5182,1533758,0.003378629,-0.044759838,,0.034205236,
L471H,471,S29,L,H,D0,2,D0,,5182,1533758,0.003378629,-0.044759838,,0.034205236,
L471H,471,S29,L,H,i_50,1,Imatinib,50,4919,1605903,0.003063074,-0.186217684,0.035767824,0.034205236,1.119079336
L471H,471,S29,L,H,i_100,1,Imatinib,100,4860,1501070,0.00323769,-0.106232928,0.036236156,0.034205236,1.157458058
L471H,471,S29,L,H,i_200,1,Imatinib,200,5006,1625430,0.0030798,-0.178361121,0.030642619,0.034205236,0.77374848
L471H,471,S29,L,H,i_300,1,Imatinib,300,4445,1495698,0.002971857,-0.229833473,0.021648581,0.034205236,0.404914565
L471H,471,S29,L,H,i_444,1,Imatinib,444,3418,1159488,0.002947853,-0.241533477,0.013462207,0.034205236,0.224585665
L471H,471,S29,L,H,i_500,1,Imatinib,500,2860,1082233,0.002642684,-0.399193977,0.007737364,0.034205236,0.148720465
L471H,471,S29,L,H,i_579,1,Imatinib,579,3799,1434143,0.002648969,-0.395767157,0.005267232,0.034205236,0.124489207
L471H,471,S29,L,H,i_750,1,Imatinib,750,3829,1243646,0.00307885,-0.17880621,0.002691271,0.034205236,0.103414978
L471H,471,S29,L,H,i_1000,1,Imatinib,1000,3974,1149553,0.003456996,-0.011679095,0.00089026,0.034205236,0.090837936
L471H,471,S29,L,H,i_1250,1,Imatinib,1250,2646,977748,0.002706219,-0.364919508,-0.004004108,0.034205236,0.06385932
L471H,471,S29,L,H,i_2500,1,Imatinib,2500,3529,1124752,0.003137581,-0.151545487,-0.003439082,0.034205236,0.066510802
L471H,471,S29,L,H,i_5000,1,Imatinib,5000,2404,764852,0.003143092,-0.149013605,-0.005837247,0.034205236,0.055963322
L471H,471,S29,L,H,N,1,None,0,5333,1673746,0.003186266,-0.129331265,0.034205236,0.034205236,1
L471I,471,S29,L,I,a_5,1,Asciminib,5,7477,1698411,0.00440235,-0.096229451,0.035439785,0.034591826,1.062955261
L471I,471,S29,L,I,a_10,1,Asciminib,10,7872,1450953,0.0054254,0.205226069,0.035633038,0.034591826,1.077848847
L471I,471,S29,L,I,a_50,1,Asciminib,50,5788,1311506,0.004413247,-0.09266285,0.020110608,0.034591826,0.352520082
L471I,471,S29,L,I,a_89,1,Asciminib,89,5613,1317239,0.004261186,-0.143248437,0.014793447,0.034591826,0.240392242
L471I,471,S29,L,I,a_128,1,Asciminib,128,3843,1178751,0.003260231,-0.529529383,0.008021137,0.034591826,0.147623575
L471I,471,S29,L,I,a_250,1,Asciminib,250,17165,5028356,0.003413641,-0.463192206,0.006839223,0.034591826,0.135580813
L471I,471,S29,L,I,a_363,1,Asciminib,363,4446,1407560,0.003158658,-0.575191837,0.003914555,0.034591826,0.109836371
L471I,471,S29,L,I,a_500,1,Asciminib,500,4261,1483951,0.002871389,-0.712754768,0.001633244,0.034591826,0.093199032
L471I,471,S29,L,I,a_638,1,Asciminib,638,2631,862155,0.003051655,-0.624911284,0.000642702,0.034591826,0.086783654
L471I,471,S29,L,I,a_750,1,Asciminib,750,3400,941415,0.003611585,-0.381871363,0.003446129,0.034591826,0.106193732
L471I,471,S29,L,I,a_1151,1,Asciminib,1151,2852,880135,0.003240412,-0.538326117,0.001549063,0.034591826,0.092635862
L471I,471,S29,L,I,a_2500,1,Asciminib,2500,8130,2498175,0.003254376,-0.532122555,0.001106601,0.034591826,0.089731244
L471I,471,S29,L,I,D0,1,D0,,4755,1009589,0.004709837,0.00117388,,0.034591826,
L471I,471,S29,L,I,D0,1,D0,,4755,1009589,0.004709837,0.00117388,,0.034591826,
L471I,471,S29,L,I,D0,2,D0,,7212,1533758,0.004702176,-0.001174836,,0.034591826,
L471I,471,S29,L,I,D0,2,D0,,7212,1533758,0.004702176,-0.001174836,,0.034591826,
L471I,471,S29,L,I,i_50,1,Imatinib,50,6884,1605903,0.004286685,-0.13464102,0.036307721,0.034591826,1.13150029
L471I,471,S29,L,I,i_100,1,Imatinib,100,7530,1501070,0.005016422,0.092155244,0.038312857,0.034591826,1.307234995
L471I,471,S29,L,I,i_200,1,Imatinib,200,6714,1625430,0.004130599,-0.188152254,0.030540127,0.034591826,0.746975888
L471I,471,S29,L,I,i_300,1,Imatinib,300,5951,1495698,0.003978744,-0.242190153,0.021519233,0.034591826,0.390148924
L471I,471,S29,L,I,i_444,1,Imatinib,444,4572,1159488,0.00394312,-0.25516585,0.013319505,0.034591826,0.216187951
L471I,471,S29,L,I,i_500,1,Imatinib,500,4351,1082233,0.004020391,-0.227167486,0.009538114,0.034591826,0.164660862
L471I,471,S29,L,I,i_579,1,Imatinib,579,5887,1434143,0.004104891,-0.19715962,0.007346229,0.034591826,0.140621558
L471I,471,S29,L,I,i_750,1,Imatinib,750,4793,1243646,0.003853991,-0.288150309,0.001546672,0.034591826,0.092619911
L471I,471,S29,L,I,i_1000,1,Imatinib,1000,5267,1149553,0.004581781,-0.038594888,0.000608509,0.034591826,0.086570268
L471I,471,S29,L,I,i_1250,1,Imatinib,1250,4413,977748,0.004513433,-0.060278202,-0.000815163,0.034591826,0.078136088
L471I,471,S29,L,I,i_2500,1,Imatinib,2500,5105,1124752,0.004538778,-0.052199335,-0.00239914,0.034591826,0.069714316
L471I,471,S29,L,I,i_5000,1,Imatinib,5000,3238,764852,0.004233499,-0.152652895,-0.005875342,0.034591826,0.054278008
L471I,471,S29,L,I,N,1,None,0,7388,1673746,0.004414051,-0.092400106,0.034591826,0.034591826,1
L471K,471,S29,L,K,a_5,1,Asciminib,5,7799,1698411,0.004591939,-0.195753507,0.03439798,0.03415097,1.017943833
L471K,471,S29,L,K,a_10,1,Asciminib,10,9318,1450953,0.006421986,0.288162505,0.036501206,0.03415097,1.18437707
L471K,471,S29,L,K,a_50,1,Asciminib,50,8737,1311506,0.006661807,0.341056545,0.024650725,0.03415097,0.504585664
L471K,471,S29,L,K,a_89,1,Asciminib,89,7085,1317239,0.005378675,0.032393683,0.016632045,0.03415097,0.283267774
L471K,471,S29,L,K,a_128,1,Asciminib,128,6497,1178751,0.005511766,0.067657673,0.014272411,0.03415097,0.239008472
L471K,471,S29,L,K,a_250,1,Asciminib,250,20980,5028356,0.004172338,-0.334001059,0.008191579,0.03415097,0.154266113
L471K,471,S29,L,K,a_363,1,Asciminib,363,4979,1407560,0.003537327,-0.572197444,0.0039459,0.03415097,0.113634847
L471K,471,S29,L,K,a_500,1,Asciminib,500,5032,1483951,0.003390948,-0.633168571,0.002466341,0.03415097,0.102152012
L471K,471,S29,L,K,a_638,1,Asciminib,638,3251,862155,0.003770784,-0.47999265,0.00215969,0.03415097,0.099921326
L471K,471,S29,L,K,a_750,1,Asciminib,750,3330,941415,0.003537229,-0.572237606,0.001453401,0.03415097,0.09496708
L471K,471,S29,L,K,a_1151,1,Asciminib,1151,2935,880135,0.003334716,-0.657293269,0.000303731,0.03415097,0.087422622
L471K,471,S29,L,K,a_2500,1,Asciminib,2500,8950,2498175,0.003582615,-0.553843898,0.000879225,0.03415097,0.091121119
L471K,471,S29,L,K,D0,1,D0,,5098,1009589,0.00504958,-0.058693761,,0.03415097,
L471K,471,S29,L,K,D0,1,D0,,5098,1009589,0.00504958,-0.058693761,,0.03415097,
L471K,471,S29,L,K,D0,2,D0,,8388,1533758,0.00546892,0.056398955,,0.03415097,
L471K,471,S29,L,K,D0,2,D0,,8388,1533758,0.00546892,0.056398955,,0.03415097,
L471K,471,S29,L,K,i_50,1,Imatinib,50,7550,1605903,0.004701405,-0.161765147,0.03602379,0.03415097,1.144357118
L471K,471,S29,L,K,i_100,1,Imatinib,100,6861,1501070,0.00457074,-0.202429428,0.035229184,0.03415097,1.080724257
L471K,471,S29,L,K,i_200,1,Imatinib,200,6767,1625430,0.004163206,-0.337162076,0.028980312,0.03415097,0.689156159
L471K,471,S29,L,K,i_300,1,Imatinib,300,5606,1495698,0.003748083,-0.4887042,0.018938757,0.03415097,0.334446158
L471K,471,S29,L,K,i_444,1,Imatinib,444,4273,1159488,0.003685247,-0.51309561,0.010619531,0.03415097,0.183734483
L471K,471,S29,L,K,i_500,1,Imatinib,500,3693,1082233,0.003412389,-0.624074914,0.00538334,0.03415097,0.126025709
L471K,471,S29,L,K,i_579,1,Imatinib,579,4932,1434143,0.003438988,-0.612873122,0.002994596,0.03415097,0.10611213
L471K,471,S29,L,K,i_750,1,Imatinib,750,4851,1243646,0.003900628,-0.431150743,4.98E-05,0.03415097,0.08583856
L471K,471,S29,L,K,i_1000,1,Imatinib,1000,4992,1149553,0.004342557,-0.276312086,-0.001879883,0.03415097,0.074704018
L471K,471,S29,L,K,i_1250,1,Imatinib,1250,3955,977748,0.00404501,-0.378713928,-0.004148506,0.03415097,0.063446245
L471K,471,S29,L,K,i_2500,1,Imatinib,2500,5363,1124752,0.004768162,-0.141423717,-0.003333129,0.03415097,0.067282498
L471K,471,S29,L,K,i_5000,1,Imatinib,5000,3672,764852,0.004800929,-0.131543495,-0.005654372,0.03415097,0.056927051
L471K,471,S29,L,K,N,1,None,0,8019,1673746,0.00479105,-0.134515307,0.03415097,0.03415097,1
L471M,471,S29,L,M,a_5,1,Asciminib,5,14747,1698411,0.008682822,-0.150060071,0.034876293,0.033590421,1.097003953
L471M,471,S29,L,M,a_10,1,Asciminib,10,11284,1450953,0.007776958,-0.309018162,0.030249999,0.033590421,0.786226446
L471M,471,S29,L,M,a_50,1,Asciminib,50,9406,1311506,0.007171908,-0.425867116,0.016622671,0.033590421,0.294735182
L471M,471,S29,L,M,a_89,1,Asciminib,89,9462,1317239,0.007183207,-0.423596012,0.011858806,0.033590421,0.209155704
L471M,471,S29,L,M,a_128,1,Asciminib,128,8567,1178751,0.007267862,-0.406692947,0.009306972,0.033590421,0.174050753
L471M,471,S29,L,M,a_250,1,Asciminib,250,32370,5028356,0.006437492,-0.581725374,0.005598434,0.033590421,0.133264012
L471M,471,S29,L,M,a_363,1,Asciminib,363,9821,1407560,0.006977322,-0.465550531,0.005062265,0.033590421,0.128217502
L471M,471,S29,L,M,a_500,1,Asciminib,500,10095,1483951,0.006802785,-0.50209849,0.003838365,0.033590421,0.11740239
L471M,471,S29,L,M,a_638,1,Asciminib,638,5455,862155,0.006327169,-0.606664012,0.000833711,0.033590421,0.094563558
L471M,471,S29,L,M,a_750,1,Asciminib,750,6561,941415,0.006969296,-0.467211065,0.002552805,0.033590421,0.107023335
L471M,471,S29,L,M,a_1151,1,Asciminib,1151,5402,880135,0.006137695,-0.650527135,0.000374558,0.033590421,0.091488488
L471M,471,S29,L,M,a_2500,1,Asciminib,2500,17739,2498175,0.007100784,-0.440245806,0.002068354,0.033590421,0.103354668
L471M,471,S29,L,M,D0,1,D0,,9889,1009589,0.009795075,0.023832502,,0.033590421,
L471M,471,S29,L,M,D0,1,D0,,9889,1009589,0.009795075,0.023832502,,0.033590421,
L471M,471,S29,L,M,D0,2,D0,,14531,1533758,0.009474115,-0.024232824,,0.033590421,
L471M,471,S29,L,M,D0,2,D0,,14531,1533758,0.009474115,-0.024232824,,0.033590421,
L471M,471,S29,L,M,i_50,1,Imatinib,50,13073,1605903,0.008140591,-0.24309045,0.035172487,0.033590421,1.120649878
L471M,471,S29,L,M,i_100,1,Imatinib,100,12754,1501070,0.008496606,-0.181337416,0.035449973,0.033590421,1.143264436
L471M,471,S29,L,M,i_200,1,Imatinib,200,12315,1625430,0.007576457,-0.346700745,0.028880462,0.033590421,0.712399074
L471M,471,S29,L,M,i_300,1,Imatinib,300,11194,1495698,0.007484131,-0.364389199,0.020240069,0.033590421,0.382424002
L471M,471,S29,L,M,i_444,1,Imatinib,444,8328,1159488,0.007182481,-0.423741861,0.011554874,0.033590421,0.204628453
L471M,471,S29,L,M,i_500,1,Imatinib,500,7886,1082233,0.007286786,-0.402941469,0.007698135,0.033590421,0.155013267
L471M,471,S29,L,M,i_579,1,Imatinib,579,10371,1434143,0.007231496,-0.41392982,0.005077108,0.033590421,0.128354599
L471M,471,S29,L,M,i_750,1,Imatinib,750,8383,1243646,0.006740664,-0.515333296,-0.000831449,0.033590421,0.083879447
L471M,471,S29,L,M,i_1000,1,Imatinib,1000,10372,1149553,0.009022637,-0.094674817,2.15E-05,0.033590421,0.089191962
L471M,471,S29,L,M,i_1250,1,Imatinib,1250,7974,977748,0.008155476,-0.24045502,-0.00270123,0.033590421,0.073314352
L471M,471,S29,L,M,i_2500,1,Imatinib,2500,8918,1124752,0.007928859,-0.281110773,-0.004795354,0.033590421,0.06305324
L471M,471,S29,L,M,i_5000,1,Imatinib,5000,6019,764852,0.007869496,-0.29195274,-0.007333514,0.033590421,0.052521989
L471M,471,S29,L,M,N,1,None,0,14155,1673746,0.008457078,-0.188064804,0.033590421,0.033590421,1
L471N,471,S29,L,N,a_5,1,Asciminib,5,5081,1698411,0.00299162,-0.180019336,0.034562684,0.030146441,1.374334324
L471N,471,S29,L,N,a_10,1,Asciminib,10,4797,1450953,0.003306103,-0.035814528,0.033109858,0.030146441,1.237837626
L471N,471,S29,L,N,a_50,1,Asciminib,50,6039,1311506,0.00460463,0.442139086,0.025708843,0.030146441,0.726507109
L471N,471,S29,L,N,a_89,1,Asciminib,89,4877,1317239,0.003702441,0.127530661,0.017627926,0.030146441,0.406028032
L471N,471,S29,L,N,a_128,1,Asciminib,128,4253,1178751,0.003608056,0.09027568,0.014509173,0.030146441,0.324365834
L471N,471,S29,L,N,a_250,1,Asciminib,250,14359,5028356,0.002855605,-0.247149599,0.009100728,0.030146441,0.219744167
L471N,471,S29,L,N,a_363,1,Asciminib,363,3145,1407560,0.002234363,-0.601082584,0.003643534,0.030146441,0.148345793
L471N,471,S29,L,N,a_500,1,Asciminib,500,2977,1483951,0.002006131,-0.756530413,0.001175006,0.030146441,0.124189918
L471N,471,S29,L,N,a_638,1,Asciminib,638,1819,862155,0.002109829,-0.683819805,2.61E-05,0.030146441,0.114329829
L471N,471,S29,L,N,a_750,1,Asciminib,750,2182,941415,0.002317788,-0.548197823,0.001705046,0.030146441,0.12902096
L471N,471,S29,L,N,a_1151,1,Asciminib,1151,1972,880135,0.002240565,-0.597083362,0.000934,0.030146441,0.122053513
L471N,471,S29,L,N,a_2500,1,Asciminib,2500,5922,2498175,0.00237053,-0.515736232,0.00127813,0.030146441,0.125115453
L471N,471,S29,L,N,D0,1,D0,,3514,1009589,0.003480624,0.038399915,,0.030146441,
L471N,471,S29,L,N,D0,1,D0,,3514,1009589,0.003480624,0.038399915,,0.030146441,
L471N,471,S29,L,N,D0,2,D0,,5058,1533758,0.003297782,-0.039450012,,0.030146441,
L471N,471,S29,L,N,D0,2,D0,,5058,1533758,0.003297782,-0.039450012,,0.030146441,
L471N,471,S29,L,N,i_50,1,Imatinib,50,4173,1605903,0.002598538,-0.383246013,0.033705358,0.030146441,1.292065398
L471N,471,S29,L,N,i_100,1,Imatinib,100,4193,1501070,0.002793341,-0.278954606,0.034428129,0.030146441,1.361084158
L471N,471,S29,L,N,i_200,1,Imatinib,200,3741,1625430,0.002301545,-0.558343641,0.026665013,0.030146441,0.778284767
L471N,471,S29,L,N,i_300,1,Imatinib,300,3556,1495698,0.002377485,-0.511509762,0.018700031,0.030146441,0.438611378
L471N,471,S29,L,N,i_444,1,Imatinib,444,2531,1159488,0.00218286,-0.634726561,0.009346315,0.030146441,0.223664288
L471N,471,S29,L,N,i_500,1,Imatinib,500,2322,1082233,0.002145564,-0.659589346,0.00501158,0.030146441,0.163701606
L471N,471,S29,L,N,i_579,1,Imatinib,579,3150,1434143,0.002196434,-0.625783235,0.002859455,0.030146441,0.14020313
L471N,471,S29,L,N,i_750,1,Imatinib,750,3017,1243646,0.002425931,-0.482407368,-0.000486785,0.030146441,0.110185248
L471N,471,S29,L,N,i_1000,1,Imatinib,1000,2995,1149553,0.002605361,-0.379463159,-0.002959654,0.030146441,0.092214412
L471N,471,S29,L,N,i_1250,1,Imatinib,1250,2377,977748,0.002431097,-0.479338861,-0.005201834,0.030146441,0.078467105
L471N,471,S29,L,N,i_2500,1,Imatinib,2500,3060,1124752,0.0027206,-0.317021459,-0.005171263,0.030146441,0.078640013
L471N,471,S29,L,N,i_5000,1,Imatinib,5000,1860,764852,0.002431843,-0.478896075,-0.009290412,0.030146441,0.058457609
L471N,471,S29,L,N,N,1,None,0,3964,1673746,0.00236834,-0.517069825,0.030146441,0.030146441,1
L471P,471,S29,L,P,a_5,1,Asciminib,5,42357,1698411,0.024939193,0.48462198,0.04152006,0.040399823,1.083999059
L471P,471,S29,L,P,a_10,1,Asciminib,10,37687,1450953,0.025973963,0.543273357,0.039171672,0.040399823,0.915370026
L471P,471,S29,L,P,a_50,1,Asciminib,50,52289,1311506,0.039869433,1.16149026,0.033238915,0.040399823,0.597150927
L471P,471,S29,L,P,a_89,1,Asciminib,89,59913,1317239,0.045483773,1.351559131,0.030440892,0.040399823,0.488193677
L471P,471,S29,L,P,a_128,1,Asciminib,128,56869,1178751,0.048245134,1.436590629,0.028602217,0.040399823,0.427659641
L471P,471,S29,L,P,a_250,1,Asciminib,250,262444,5028356,0.052192804,1.550058104,0.027913657,0.040399823,0.406974835
L471P,471,S29,L,P,a_363,1,Asciminib,363,60480,1407560,0.042967973,1.269468907,0.023224216,0.040399823,0.290357104
L471P,471,S29,L,P,a_500,1,Asciminib,500,74168,1483951,0.049980087,1.4875606,0.02466585,0.040399823,0.322115185
L471P,471,S29,L,P,a_638,1,Asciminib,638,37784,862155,0.043825066,1.297963461,0.020771096,0.040399823,0.243346645
L471P,471,S29,L,P,a_750,1,Asciminib,750,37364,941415,0.039689191,1.154953354,0.019533404,0.040399823,0.22259926
L471P,471,S29,L,P,a_1151,1,Asciminib,1151,37553,880135,0.042667318,1.259338619,0.020366777,0.040399823,0.236364696
L471P,471,S29,L,P,a_2500,1,Asciminib,2500,91838,2498175,0.036762036,1.04442387,0.017609677,0.040399823,0.193807377
L471P,471,S29,L,P,D0,1,D0,,18021,1009589,0.017849838,0.002118162,,0.040399823,
L471P,471,S29,L,P,D0,1,D0,,18021,1009589,0.017849838,0.002118162,,0.040399823,
L471P,471,S29,L,P,D0,2,D0,,27297,1533758,0.017797462,-0.002121276,,0.040399823,
L471P,471,S29,L,P,D0,2,D0,,27297,1533758,0.017797462,-0.002121276,,0.040399823,
L471P,471,S29,L,P,i_50,1,Imatinib,50,38775,1605903,0.024145294,0.437949216,0.042301519,0.040399823,1.146738832
L471P,471,S29,L,P,i_100,1,Imatinib,100,34368,1501070,0.022895668,0.361281831,0.041130038,0.040399823,1.053982116
L471P,471,S29,L,P,i_200,1,Imatinib,200,37679,1625430,0.023180943,0.379146438,0.036478533,0.040399823,0.754022656
L471P,471,S29,L,P,i_300,1,Imatinib,300,34923,1495698,0.023348965,0.389565778,0.028132369,0.040399823,0.413434282
L471P,471,S29,L,P,i_444,1,Imatinib,444,31138,1159488,0.026854957,0.591395582,0.022181197,0.040399823,0.269350685
L471P,471,S29,L,P,i_500,1,Imatinib,500,29331,1082233,0.027102297,0.604622309,0.018245178,0.040399823,0.202881247
L471P,471,S29,L,P,i_579,1,Imatinib,579,39845,1434143,0.027783143,0.640417002,0.016113869,0.040399823,0.174019366
L471P,471,S29,L,P,i_750,1,Imatinib,750,35918,1243646,0.028881209,0.696338323,0.011852167,0.040399823,0.128037605
L471P,471,S29,L,P,i_1000,1,Imatinib,1000,31061,1149553,0.027020068,0.600238483,0.007295731,0.040399823,0.092227712
L471P,471,S29,L,P,i_1250,1,Imatinib,1250,26048,977748,0.026640811,0.579845208,0.005885563,0.040399823,0.083323325
L471P,471,S29,L,P,i_2500,1,Imatinib,2500,26380,1124752,0.023454059,0.396044821,0.00229302,0.040399823,0.064332531
L471P,471,S29,L,P,i_5000,1,Imatinib,5000,18721,764852,0.024476631,0.457612172,0.00051283,0.040399823,0.056593368
L471P,471,S29,L,P,N,1,None,0,41105,1673746,0.024558685,0.462440474,0.040399823,0.040399823,1
L471Q,471,S29,L,Q,a_5,1,Asciminib,5,10753,1698411,0.006331212,-0.038613574,0.0360429,0.032993874,1.24549107
L471Q,471,S29,L,Q,a_10,1,Asciminib,10,8882,1450953,0.006121494,-0.087211482,0.032571841,0.032993874,0.97007066
L471Q,471,S29,L,Q,a_50,1,Asciminib,50,9805,1311506,0.007476138,0.201197957,0.023186704,0.032993874,0.493557339
L471Q,471,S29,L,Q,a_89,1,Asciminib,89,7991,1317239,0.006066477,-0.100236343,0.015243691,0.032993874,0.278590269
L471Q,471,S29,L,Q,a_128,1,Asciminib,128,6530,1178751,0.005539762,-0.231271268,0.011143263,0.032993874,0.207371374
L471Q,471,S29,L,Q,a_250,1,Asciminib,250,25829,5028356,0.005136669,-0.340262175,0.008126038,0.032993874,0.166879355
L471Q,471,S29,L,Q,a_363,1,Asciminib,363,6300,1407560,0.004475831,-0.538939858,0.004294036,0.032993874,0.126642343
L471Q,471,S29,L,Q,a_500,1,Asciminib,500,6291,1483951,0.004239358,-0.617249358,0.002632982,0.032993874,0.112367082
L471Q,471,S29,L,Q,a_638,1,Asciminib,638,3745,862155,0.004343766,-0.582148715,0.001090334,0.032993874,0.100554556
L471Q,471,S29,L,Q,a_750,1,Asciminib,750,4478,941415,0.004756669,-0.451143483,0.002720998,0.032993874,0.113081434
L471Q,471,S29,L,Q,a_1151,1,Asciminib,1151,3383,880135,0.003843729,-0.758588823,-0.000756617,0.032993874,0.088033721
L471Q,471,S29,L,Q,a_2500,1,Asciminib,2500,10476,2498175,0.004193461,-0.632953749,5.11E-05,0.032993874,0.093305262
L471Q,471,S29,L,Q,D0,1,D0,,6379,1009589,0.006318413,-0.041533083,,0.032993874,
L471Q,471,S29,L,Q,D0,1,D0,,6379,1009589,0.006318413,-0.041533083,,0.032993874,
L471Q,471,S29,L,Q,D0,2,D0,,10257,1533758,0.006687496,0.040370789,,0.032993874,
L471Q,471,S29,L,Q,D0,2,D0,,10257,1533758,0.006687496,0.040370789,,0.032993874,
L471Q,471,S29,L,Q,i_50,1,Imatinib,50,9408,1605903,0.005858386,-0.150591959,0.036140749,0.032993874,1.254296695
L471Q,471,S29,L,Q,i_100,1,Imatinib,100,8193,1501070,0.005458107,-0.252694707,0.034703014,0.032993874,1.13095012
L471Q,471,S29,L,Q,i_200,1,Imatinib,200,8216,1625430,0.005054662,-0.363480511,0.028704814,0.032993874,0.734318582
L471Q,471,S29,L,Q,i_300,1,Imatinib,300,7768,1495698,0.005193562,-0.324370971,0.020658975,0.032993874,0.411431498
L471Q,471,S29,L,Q,i_444,1,Imatinib,444,5407,1159488,0.004663265,-0.479754798,0.010968538,0.032993874,0.204778954
L471Q,471,S29,L,Q,i_500,1,Imatinib,500,5516,1082233,0.005096869,-0.351483947,0.008236786,0.032993874,0.168215338
L471Q,471,S29,L,Q,i_579,1,Imatinib,579,6392,1434143,0.004457017,-0.545016741,0.003704908,0.032993874,0.121382864
L471Q,471,S29,L,Q,i_750,1,Imatinib,750,6335,1243646,0.005093893,-0.352326531,0.000874884,0.032993874,0.099006745
L471Q,471,S29,L,Q,i_1000,1,Imatinib,1000,6335,1149553,0.005510838,-0.238823629,-0.001487459,0.032993874,0.083521103
L471Q,471,S29,L,Q,i_1250,1,Imatinib,1250,4563,977748,0.004666847,-0.478647197,-0.005194594,0.032993874,0.063955377
L471Q,471,S29,L,Q,i_2500,1,Imatinib,2500,6095,1124752,0.005418972,-0.263075977,-0.004606569,0.032993874,0.066721245
L471Q,471,S29,L,Q,i_5000,1,Imatinib,5000,3600,764852,0.004706793,-0.466350875,-0.009159091,0.032993874,0.048074016
L471Q,471,S29,L,Q,N,1,None,0,9184,1673746,0.005487093,-0.245053231,0.032993874,0.032993874,1
L471R,471,S29,L,R,a_5,1,Asciminib,5,25936,1698411,0.015270744,-0.066432897,0.035751691,0.032479034,1.26570758
L471R,471,S29,L,R,a_10,1,Asciminib,10,25138,1450953,0.017325165,0.115665812,0.034695533,0.032479034,1.173027431
L471R,471,S29,L,R,a_50,1,Asciminib,50,24640,1311506,0.018787562,0.232574576,0.02351515,0.032479034,0.524452911
L471R,471,S29,L,R,a_89,1,Asciminib,89,23645,1317239,0.017950425,0.166814737,0.018039146,0.032479034,0.353570662
L471R,471,S29,L,R,a_128,1,Asciminib,128,17207,1178751,0.014597655,-0.131466678,0.012188004,0.032479034,0.232014784
L471R,471,S29,L,R,a_250,1,Asciminib,250,70673,5028356,0.014054892,-0.186130915,0.009739464,0.032479034,0.194514406
L471R,471,S29,L,R,a_363,1,Asciminib,363,16886,1407560,0.011996647,-0.414572075,0.005595901,0.032479034,0.144339721
L471R,471,S29,L,R,a_500,1,Asciminib,500,17709,1483951,0.011933682,-0.42216398,0.004675109,0.032479034,0.135080742
L471R,471,S29,L,R,a_638,1,Asciminib,638,10716,862155,0.01242932,-0.363455955,0.003379581,0.032479034,0.123050476
L471R,471,S29,L,R,a_750,1,Asciminib,750,11226,941415,0.011924603,-0.423262053,0.003012857,0.032479034,0.119843957
L471R,471,S29,L,R,a_1151,1,Asciminib,1151,10571,880135,0.012010657,-0.412888147,0.002862131,0.032479034,0.118550411
L471R,471,S29,L,R,a_2500,1,Asciminib,2500,29104,2498175,0.011650105,-0.456860367,0.001894435,0.032479034,0.110571698
L471R,471,S29,L,R,D0,1,D0,,16165,1009589,0.016011466,0.001902138,,0.032479034,
L471R,471,S29,L,R,D0,1,D0,,16165,1009589,0.016011466,0.001902138,,0.032479034,
L471R,471,S29,L,R,D0,2,D0,,24493,1533758,0.015969273,-0.00190465,,0.032479034,
L471R,471,S29,L,R,D0,2,D0,,24493,1533758,0.015969273,-0.00190465,,0.032479034,
L471R,471,S29,L,R,i_50,1,Imatinib,50,22501,1605903,0.014011432,-0.190598906,0.035721962,0.032479034,1.263001206
L471R,471,S29,L,R,i_100,1,Imatinib,100,20833,1501070,0.013878766,-0.204323923,0.035209353,0.032479034,1.217236308
L471R,471,S29,L,R,i_200,1,Imatinib,200,21999,1625430,0.013534265,-0.240586754,0.029991249,0.032479034,0.836005164
L471R,471,S29,L,R,i_300,1,Imatinib,300,21097,1495698,0.01410512,-0.180984317,0.022159927,0.032479034,0.475696276
L471R,471,S29,L,R,i_444,1,Imatinib,444,15117,1159488,0.013037651,-0.294519299,0.012907559,0.032479034,0.244351818
L471R,471,S29,L,R,i_500,1,Imatinib,500,13578,1082233,0.012546282,-0.349943421,0.008252912,0.032479034,0.17477064
L471R,471,S29,L,R,i_579,1,Imatinib,579,19428,1434143,0.013546766,-0.239254765,0.006905583,0.032479034,0.158612927
L471R,471,S29,L,R,i_750,1,Imatinib,750,18493,1243646,0.014869987,-0.104799875,0.003465959,0.032479034,0.123818145
L471R,471,S29,L,R,i_1000,1,Imatinib,1000,16269,1149553,0.014152458,-0.176150679,-0.000831407,0.032479034,0.090867605
L471R,471,S29,L,R,i_1250,1,Imatinib,1250,14173,977748,0.014495555,-0.141592692,-0.001666352,0.032479034,0.085565952
L471R,471,S29,L,R,i_2500,1,Imatinib,2500,16363,1124752,0.014548096,-0.136372928,-0.003280258,0.032479034,0.076179032
L471R,471,S29,L,R,i_5000,1,Imatinib,5000,9592,764852,0.012540988,-0.350552225,-0.007946926,0.032479034,0.054439291
L471R,471,S29,L,R,N,1,None,0,21826,1673746,0.01304021,-0.294236125,0.032479034,0.032479034,1
L471S,471,S29,L,S,a_5,1,Asciminib,5,13275,1698411,0.007816129,-0.172340566,0.034643064,0.032130495,1.198301316
L471S,471,S29,L,S,a_10,1,Asciminib,10,12951,1450953,0.008925858,0.019195904,0.033685699,0.032130495,1.118484599
L471S,471,S29,L,S,a_50,1,Asciminib,50,13018,1311506,0.009925993,0.172416604,0.022885425,0.032130495,0.513941905
L471S,471,S29,L,S,a_89,1,Asciminib,89,10834,1317239,0.008224779,-0.098817943,0.015258539,0.032130495,0.296775056
L471S,471,S29,L,S,a_128,1,Asciminib,128,8462,1178751,0.007178785,-0.295055211,0.010475581,0.032130495,0.210313964
L471S,471,S29,L,S,a_250,1,Asciminib,250,33244,5028356,0.006611306,-0.41385962,0.00735563,0.032130495,0.168000178
L471S,471,S29,L,S,a_363,1,Asciminib,363,8394,1407560,0.005963511,-0.56263286,0.00404602,0.032130495,0.132379544
L471S,471,S29,L,S,a_500,1,Asciminib,500,8897,1483951,0.005995481,-0.554919405,0.003285443,0.032130495,0.125325151
L471S,471,S29,L,S,a_638,1,Asciminib,638,4900,862155,0.005683433,-0.632032321,0.000568159,0.032130495,0.103055445
L471S,471,S29,L,S,a_750,1,Asciminib,750,4962,941415,0.005270789,-0.740775912,-0.000310835,0.032130495,0.096735409
L471S,471,S29,L,S,a_1151,1,Asciminib,1151,4975,880135,0.005652542,-0.639895111,0.000485853,0.032130495,0.102446536
L471S,471,S29,L,S,a_2500,1,Asciminib,2500,14144,2498175,0.005661733,-0.63755117,2.99E-06,0.032130495,0.098946055
L471S,471,S29,L,S,D0,1,D0,,8901,1009589,0.008816459,0.001404429,,0.032130495,
L471S,471,S29,L,S,D0,1,D0,,8901,1009589,0.008816459,0.001404429,,0.032130495,
L471S,471,S29,L,S,D0,2,D0,,13496,1533758,0.008799302,-0.001405797,,0.032130495,
L471S,471,S29,L,S,D0,2,D0,,13496,1533758,0.008799302,-0.001405797,,0.032130495,
L471S,471,S29,L,S,i_50,1,Imatinib,50,11205,1605903,0.006977383,-0.336108912,0.034198783,0.032130495,1.160576338
L471S,471,S29,L,S,i_100,1,Imatinib,100,10298,1501070,0.00686044,-0.360493888,0.033574587,0.032130495,1.109572304
L471S,471,S29,L,S,i_200,1,Imatinib,200,11431,1625430,0.007032601,-0.324736616,0.02911038,0.032130495,0.804569232
L471S,471,S29,L,S,i_300,1,Imatinib,300,10558,1495698,0.007058912,-0.319349143,0.020711543,0.032130495,0.439479348
L471S,471,S29,L,S,i_444,1,Imatinib,444,7950,1159488,0.006856475,-0.361327931,0.012208215,0.032130495,0.238257291
L471S,471,S29,L,S,i_500,1,Imatinib,500,6878,1082233,0.006355378,-0.470816925,0.006987624,0.032130495,0.163607228
L471S,471,S29,L,S,i_579,1,Imatinib,579,9741,1434143,0.00679221,-0.374913901,0.005485521,0.032130495,0.14683613
L471S,471,S29,L,S,i_750,1,Imatinib,750,8223,1243646,0.00661201,-0.413705958,0.000232372,0.032130495,0.100593782
L471S,471,S29,L,S,i_1000,1,Imatinib,1000,7941,1149553,0.006907902,-0.350547189,-0.002656966,0.032130495,0.081700336
L471S,471,S29,L,S,i_1250,1,Imatinib,1250,6481,977748,0.006628497,-0.410113053,-0.004477188,0.032130495,0.071664976
L471S,471,S29,L,S,i_2500,1,Imatinib,2500,8000,1124752,0.007112679,-0.308401834,-0.005081034,0.032130495,0.068615966
L471S,471,S29,L,S,i_5000,1,Imatinib,5000,5074,764852,0.006633963,-0.408923899,-0.008557953,0.032130495,0.053420099
L471S,471,S29,L,S,N,1,None,0,11748,1673746,0.007018986,-0.327532244,0.032130495,0.032130495,1
L471T,471,S29,L,T,a_5,1,Asciminib,5,6734,1698411,0.003964882,-0.184112264,0.034519839,0.03353086,1.073802977
L471T,471,S29,L,T,a_10,1,Asciminib,10,5251,1450953,0.003619001,-0.315798957,0.030179018,0.03353086,0.785580298
L471T,471,S29,L,T,a_50,1,Asciminib,50,4401,1311506,0.003355684,-0.424783401,0.016634015,0.03353086,0.296243711
L471T,471,S29,L,T,a_89,1,Asciminib,89,3525,1317239,0.002676052,-0.75128424,0.008428609,0.03353086,0.164086421
L471T,471,S29,L,T,a_128,1,Asciminib,128,3171,1178751,0.002690136,-0.743711482,0.005779107,0.03353086,0.135589114
L471T,471,S29,L,T,a_250,1,Asciminib,250,10960,5028356,0.002179639,-1.047301266,0.000724848,0.03353086,0.094228477
L471T,471,S29,L,T,a_363,1,Asciminib,363,3621,1407560,0.002572537,-0.808198609,0.001475471,0.03353086,0.099461168
L471T,471,S29,L,T,a_500,1,Asciminib,500,3883,1483951,0.002616663,-0.783662113,0.000890995,0.03353086,0.095362463
L471T,471,S29,L,T,a_638,1,Asciminib,638,1918,862155,0.002224658,-1.017806813,-0.003470076,0.03353086,0.069664293
L471T,471,S29,L,T,a_750,1,Asciminib,750,2182,941415,0.002317788,-0.958642009,-0.002591428,0.03353086,0.07421383
L471T,471,S29,L,T,a_1151,1,Asciminib,1151,2250,880135,0.002556426,-0.817262098,-0.001370801,0.03353086,0.081031317
L471T,471,S29,L,T,a_2500,1,Asciminib,2500,5787,2498175,0.002316491,-0.959449264,-0.003366598,0.03353086,0.07018526
L471T,471,S29,L,T,D0,1,D0,,4682,1009589,0.004637531,0.041966473,,0.03353086,
L471T,471,S29,L,T,D0,1,D0,,4682,1009589,0.004637531,0.041966473,,0.03353086,
L471T,471,S29,L,T,D0,2,D0,,6705,1533758,0.004371615,-0.043223902,,0.03353086,
L471T,471,S29,L,T,D0,2,D0,,6705,1533758,0.004371615,-0.043223902,,0.03353086,
L471T,471,S29,L,T,i_50,1,Imatinib,50,5538,1605903,0.003448527,-0.385410065,0.033682705,0.03353086,1.010992817
L471T,471,S29,L,T,i_100,1,Imatinib,100,5979,1501070,0.003983159,-0.17747741,0.035490379,0.03353086,1.151522942
L471T,471,S29,L,T,i_200,1,Imatinib,200,5506,1625430,0.003387411,-0.411207182,0.028205218,0.03353086,0.681508723
L471T,471,S29,L,T,i_300,1,Imatinib,300,5270,1495698,0.003523439,-0.35440631,0.020344569,0.03353086,0.386968128
L471T,471,S29,L,T,i_444,1,Imatinib,444,4046,1159488,0.003489471,-0.368381934,0.012134375,0.03353086,0.214263883
L471T,471,S29,L,T,i_500,1,Imatinib,500,3432,1082233,0.003171221,-0.506351951,0.006615648,0.03353086,0.144006733
L471T,471,S29,L,T,i_579,1,Imatinib,579,4333,1434143,0.003021317,-0.576213012,0.003378349,0.03353086,0.114065692
L471T,471,S29,L,T,i_750,1,Imatinib,750,3636,1243646,0.002923662,-0.623614051,-0.001964918,0.03353086,0.077638179
L471T,471,S29,L,T,i_1000,1,Imatinib,1000,3214,1149553,0.002795869,-0.688093419,-0.006190354,0.03353086,0.057272917
L471T,471,S29,L,T,i_1250,1,Imatinib,1250,3174,977748,0.003246235,-0.472622822,-0.005131531,0.03353086,0.061809873
L471T,471,S29,L,T,i_2500,1,Imatinib,2500,4184,1124752,0.003719931,-0.276114446,-0.004743053,0.03353086,0.063563126
L471T,471,S29,L,T,i_5000,1,Imatinib,5000,2931,764852,0.003832114,-0.233249913,-0.006719021,0.03353086,0.055133849
L471T,471,S29,L,T,N,1,None,0,6592,1673746,0.003938471,-0.19375473,0.03353086,0.03353086,1
L471V,471,S29,L,V,a_5,1,Asciminib,5,16770,1698411,0.009873935,0.08384827,0.037324814,0.034853933,1.194710008
L471V,471,S29,L,V,a_10,1,Asciminib,10,14856,1450953,0.010238788,0.136196134,0.034910442,0.034853933,1.004076971
L471V,471,S29,L,V,a_50,1,Asciminib,50,9826,1311506,0.00749215,-0.314397062,0.017789525,0.034853933,0.292691133
L471V,471,S29,L,V,a_89,1,Asciminib,89,9531,1317239,0.007235589,-0.364666434,0.012475673,0.034853933,0.199640962
L471V,471,S29,L,V,a_128,1,Asciminib,128,7750,1178751,0.006574756,-0.502839578,0.008300522,0.034853933,0.147807347
L471V,471,S29,L,V,a_250,1,Asciminib,250,31338,5028356,0.006232256,-0.580022483,0.00561626,0.034853933,0.121831974
L471V,471,S29,L,V,a_363,1,Asciminib,363,8923,1407560,0.006339339,-0.555444475,0.004121267,0.034853933,0.10939918
L471V,471,S29,L,V,a_500,1,Asciminib,500,9786,1483951,0.006594557,-0.498501065,0.003876023,0.034853933,0.107484406
L471V,471,S29,L,V,a_638,1,Asciminib,638,4728,862155,0.005483933,-0.764566026,-0.000819186,0.034853933,0.076653155
L471V,471,S29,L,V,a_750,1,Asciminib,750,5332,941415,0.005663815,-0.718002858,-7.25E-05,0.034853933,0.080887211
L471V,471,S29,L,V,a_1151,1,Asciminib,1151,4798,880135,0.005451436,-0.77314047,-0.000908942,0.034853933,0.076159386
L471V,471,S29,L,V,a_2500,1,Asciminib,2500,16279,2498175,0.006516357,-0.515711262,0.001278392,0.034853933,0.089149644
L471V,471,S29,L,V,D0,1,D0,,9473,1009589,0.009383026,0.010276395,,0.034853933,
L471V,471,S29,L,V,D0,1,D0,,9473,1009589,0.009383026,0.010276395,,0.034853933,
L471V,471,S29,L,V,D0,2,D0,,14187,1533758,0.00924983,-0.01035012,,0.034853933,
L471V,471,S29,L,V,D0,2,D0,,14187,1533758,0.00924983,-0.01035012,,0.034853933,
L471V,471,S29,L,V,i_50,1,Imatinib,50,15238,1605903,0.009488742,0.026440009,0.037993896,0.034853933,1.253672655
L471V,471,S29,L,V,i_100,1,Imatinib,100,14884,1501070,0.009915594,0.089922241,0.038289482,0.034853933,1.28063953
L471V,471,S29,L,V,i_200,1,Imatinib,200,14467,1625430,0.008900414,-0.065904442,0.0318198,0.034853933,0.803757629
L471V,471,S29,L,V,i_300,1,Imatinib,300,13473,1495698,0.009007834,-0.048596577,0.023545744,0.034853933,0.442998202
L471V,471,S29,L,V,i_444,1,Imatinib,444,9620,1159488,0.008296765,-0.167227888,0.014240028,0.034853933,0.226683363
L471V,471,S29,L,V,i_500,1,Imatinib,500,8665,1082233,0.008006594,-0.218588282,0.00962792,0.034853933,0.162630761
L471V,471,S29,L,V,i_579,1,Imatinib,579,11638,1434143,0.008114951,-0.199194531,0.007324928,0.034853933,0.137781207
L471V,471,S29,L,V,i_750,1,Imatinib,750,13246,1243646,0.010650941,0.19313208,0.006584671,0.034853933,0.130629943
L471V,471,S29,L,V,i_1000,1,Imatinib,1000,10390,1149553,0.009038296,-0.043726127,0.000554796,0.034853933,0.084623959
L471V,471,S29,L,V,i_1250,1,Imatinib,1250,9599,977748,0.009817458,0.075572639,0.000606905,0.034853933,0.084942053
L471V,471,S29,L,V,i_2500,1,Imatinib,2500,10216,1124752,0.009082891,-0.0366253,-0.002236113,0.034853933,0.069218764
L471V,471,S29,L,V,i_5000,1,Imatinib,5000,6577,764852,0.008599049,-0.115599739,-0.005487475,0.034853933,0.054771717
L471V,471,S29,L,V,N,1,None,0,14882,1673746,0.008891433,-0.067360982,0.034853933,0.034853933,1
L471W,471,S29,L,W,a_5,1,Asciminib,5,2369,1698411,0.001394833,-0.135633098,0.035027313,0.034005445,1.076348727
L471W,471,S29,L,W,a_10,1,Asciminib,10,2269,1450953,0.0015638,0.029330145,0.033791783,0.034005445,0.984734099
L471W,471,S29,L,W,a_50,1,Asciminib,50,1710,1311506,0.001303845,-0.232953759,0.018642062,0.034005445,0.330825727
L471W,471,S29,L,W,a_89,1,Asciminib,89,2198,1317239,0.001668642,0.122948578,0.017579961,0.034005445,0.306470183
L471W,471,S29,L,W,a_128,1,Asciminib,128,1937,1178751,0.001643265,0.100839283,0.014619751,0.034005445,0.247642297
L471W,471,S29,L,W,a_250,1,Asciminib,250,6426,5028356,0.001277952,-0.261891489,0.008946412,0.034005445,0.164597804
L471W,471,S29,L,W,a_363,1,Asciminib,363,1588,1407560,0.001128193,-0.441711185,0.005311812,0.034005445,0.126698944
L471W,471,S29,L,W,a_500,1,Asciminib,500,2124,1483951,0.001431314,-0.098385365,0.00806438,0.034005445,0.154469805
L471W,471,S29,L,W,a_638,1,Asciminib,638,1036,862155,0.00120164,-0.350720841,0.00351289,0.034005445,0.111306912
L471W,471,S29,L,W,a_750,1,Asciminib,750,1254,941415,0.001332037,-0.202091073,0.005328045,0.034005445,0.126847112
L471W,471,S29,L,W,a_1151,1,Asciminib,1151,1021,880135,0.001160049,-0.401539544,0.002980927,0.034005445,0.107124317
L471W,471,S29,L,W,a_2500,1,Asciminib,2500,2799,2498175,0.001120418,-0.451688732,0.001948571,0.034005445,0.099450535
L471W,471,S29,L,W,D0,1,D0,,1430,1009589,0.001416418,-0.113478625,,0.034005445,
L471W,471,S29,L,W,D0,1,D0,,1430,1009589,0.001416418,-0.113478625,,0.034005445,
L471W,471,S29,L,W,D0,2,D0,,2528,1533758,0.001648239,0.105199919,,0.034005445,
L471W,471,S29,L,W,D0,2,D0,,2528,1533758,0.001648239,0.105199919,,0.034005445,
L471W,471,S29,L,W,i_50,1,Imatinib,50,2184,1605903,0.001359983,-0.172137573,0.035915213,0.034005445,1.147405477
L471W,471,S29,L,W,i_100,1,Imatinib,100,1879,1501070,0.001251774,-0.291751865,0.034294169,0.034005445,1.021005735
L471W,471,S29,L,W,i_200,1,Imatinib,200,2024,1625430,0.001245209,-0.299337813,0.029376251,0.034005445,0.716553816
L471W,471,S29,L,W,i_300,1,Imatinib,300,1462,1495698,0.00097747,-0.648601271,0.017264975,0.034005445,0.299597977
L471W,471,S29,L,W,i_444,1,Imatinib,444,1271,1159488,0.001096173,-0.483249535,0.010931956,0.034005445,0.189893635
L471W,471,S29,L,W,i_500,1,Imatinib,500,996,1082233,0.000920319,-0.735519167,0.004216757,0.034005445,0.117093147
L471W,471,S29,L,W,i_579,1,Imatinib,579,1510,1434143,0.001052894,-0.54136601,0.003743123,0.034005445,0.113167399
L471W,471,S29,L,W,i_750,1,Imatinib,750,1241,1243646,0.000997872,-0.618798446,-0.001914509,0.034005445,0.0753029
L471W,471,S29,L,W,i_1000,1,Imatinib,1000,1545,1149553,0.001344001,-0.189191821,-0.00096792,0.034005445,0.080614059
L471W,471,S29,L,W,i_1250,1,Imatinib,1250,1157,977748,0.001183331,-0.372871396,-0.004087347,0.034005445,0.064397466
L471W,471,S29,L,W,i_2500,1,Imatinib,2500,1056,1124752,0.000938874,-0.706722773,-0.009250604,0.034005445,0.044403567
L471W,471,S29,L,W,i_5000,1,Imatinib,5000,1331,764852,0.001740206,0.183532379,-0.0023562,0.034005445,0.072945812
L471W,471,S29,L,W,N,1,None,0,2314,1673746,0.001382528,-0.148417419,0.034005445,0.034005445,1
L471Y,471,S29,L,Y,a_5,1,Asciminib,5,10027,1698411,0.005903754,-0.477689472,0.031446713,0.030519824,1.069013175
L471Y,471,S29,L,Y,a_10,1,Asciminib,10,10396,1450953,0.007164946,-0.198366128,0.031408289,0.030519824,1.066059855
L471Y,471,S29,L,Y,a_50,1,Asciminib,50,12255,1311506,0.00934422,0.184752197,0.023014552,0.030519824,0.58252708
L471Y,471,S29,L,Y,a_89,1,Asciminib,89,11193,1317239,0.008497319,0.047685754,0.01679212,0.030519824,0.37217366
L471Y,471,S29,L,Y,a_128,1,Asciminib,128,9100,1178751,0.007720036,-0.090714424,0.012614593,0.030519824,0.275497516
L471Y,471,S29,L,Y,a_250,1,Asciminib,250,33948,5028356,0.006751312,-0.284154091,0.00871337,0.030519824,0.208031726
L471Y,471,S29,L,Y,a_363,1,Asciminib,363,7638,1407560,0.005426412,-0.599323476,0.003661948,0.030519824,0.144602441
L471Y,471,S29,L,Y,a_500,1,Asciminib,500,7888,1483951,0.005315539,-0.629105878,0.002508869,0.030519824,0.133082137
L471Y,471,S29,L,Y,a_638,1,Asciminib,638,4894,862155,0.005676473,-0.534327042,0.001590925,0.030519824,0.12457084
L471Y,471,S29,L,Y,a_750,1,Asciminib,750,4417,941415,0.004691873,-0.809157888,-0.001026649,0.030519824,0.10317321
L471Y,471,S29,L,Y,a_1151,1,Asciminib,1151,4453,880135,0.005059451,-0.700341097,-0.000146888,0.030519824,0.109919911
L471Y,471,S29,L,Y,a_2500,1,Asciminib,2500,13816,2498175,0.005530437,-0.571928435,0.000689918,0.030519824,0.116746163
L471Y,471,S29,L,Y,D0,1,D0,,8165,1009589,0.008087449,-0.023637185,,0.030519824,
L471Y,471,S29,L,Y,D0,1,D0,,8165,1009589,0.008087449,-0.023637185,,0.030519824,
L471Y,471,S29,L,Y,D0,2,D0,,12814,1533758,0.008354643,0.023256147,,0.030519824,
L471Y,471,S29,L,Y,D0,2,D0,,12814,1533758,0.008354643,0.023256147,,0.030519824,
L471Y,471,S29,L,Y,i_50,1,Imatinib,50,9296,1605903,0.005788644,-0.506096659,0.032419374,0.030519824,1.146561603
L471Y,471,S29,L,Y,i_100,1,Imatinib,100,7766,1501070,0.005173643,-0.668141524,0.030354173,0.030519824,0.988143924
L471Y,471,S29,L,Y,i_200,1,Imatinib,200,9060,1625430,0.00557391,-0.560632351,0.026641055,0.030519824,0.75633462
L471Y,471,S29,L,Y,i_300,1,Imatinib,300,7132,1495698,0.004768342,-0.785834178,0.01582844,0.030519824,0.347225908
L471Y,471,S29,L,Y,i_444,1,Imatinib,444,5427,1159488,0.004680514,-0.812654955,0.007483784,0.030519824,0.190406336
L471Y,471,S29,L,Y,i_500,1,Imatinib,500,4955,1082233,0.004578496,-0.844448056,0.003076504,0.030519824,0.138633838
L471Y,471,S29,L,Y,i_579,1,Imatinib,579,7382,1434143,0.005147325,-0.675499121,0.002339036,0.030519824,0.131464717
L471Y,471,S29,L,Y,i_750,1,Imatinib,750,6585,1243646,0.005294915,-0.634714419,-0.002081115,0.030519824,0.095630104
L471Y,471,S29,L,Y,i_1000,1,Imatinib,1000,5859,1149553,0.005096764,-0.689740507,-0.006207596,0.030519824,0.071049799
L471Y,471,S29,L,Y,i_1250,1,Imatinib,1250,4868,977748,0.004978788,-0.723527391,-0.007757967,0.030519824,0.063545382
L471Y,471,S29,L,Y,i_2500,1,Imatinib,2500,5665,1124752,0.005036666,-0.706852951,-0.009251966,0.030519824,0.057064737
L471Y,471,S29,L,Y,i_5000,1,Imatinib,5000,4282,764852,0.005598469,-0.554289695,-0.010079623,0.030519824,0.053763517
L471Y,471,S29,L,Y,N,1,None,0,9856,1673746,0.005888588,-0.481400326,0.030519824,0.030519824,1
M472A,472,S29,M,A,a_5,1,Asciminib,5,8096,1698411,0.004766809,0.117279641,0.037674769,0.035244745,1.191200627
M472A,472,S29,M,A,a_10,1,Asciminib,10,7290,1450953,0.005024284,0.193173998,0.035506879,0.035244745,1.019052829
M472A,472,S29,M,A,a_50,1,Asciminib,50,5083,1311506,0.003875697,-0.181288206,0.01918289,0.035244745,0.314599909
M472A,472,S29,M,A,a_89,1,Asciminib,89,5713,1317239,0.004337102,-0.019012631,0.01609393,0.035244745,0.251865847
M472A,472,S29,M,A,a_128,1,Asciminib,128,4961,1178751,0.004208692,-0.062372066,0.012911277,0.035244745,0.200285839
M472A,472,S29,M,A,a_250,1,Asciminib,250,19192,5028356,0.003816754,-0.203397665,0.009558718,0.035244745,0.157332483
M472A,472,S29,M,A,a_363,1,Asciminib,363,6165,1407560,0.00437992,-0.004839555,0.009884926,0.035244745,0.161071486
M472A,472,S29,M,A,a_500,1,Asciminib,500,5399,1483951,0.00363826,-0.272495267,0.006241821,0.035244745,0.123908667
M472A,472,S29,M,A,a_638,1,Asciminib,638,3344,862155,0.003878653,-0.18018835,0.005298002,0.035244745,0.115768177
M472A,472,S29,M,A,a_750,1,Asciminib,750,3611,941415,0.003835715,-0.196248354,0.005389206,0.035244745,0.116530897
M472A,472,S29,M,A,a_1151,1,Asciminib,1151,4049,880135,0.004600431,0.06602488,0.007875329,0.035244745,0.139373484
M472A,472,S29,M,A,a_2500,1,Asciminib,2500,8970,2498175,0.003590621,-0.291510586,0.003625294,0.035244745,0.102632517
M472A,472,S29,M,A,D0,1,D0,,4670,1009589,0.004625645,0.073910425,,0.035244745,
M472A,472,S29,M,A,D0,1,D0,,4670,1009589,0.004625645,0.073910425,,0.035244745,
M472A,472,S29,M,A,D0,2,D0,,6386,1533758,0.004163629,-0.077902345,,0.035244745,
M472A,472,S29,M,A,D0,2,D0,,6386,1533758,0.004163629,-0.077902345,,0.035244745,
M472A,472,S29,M,A,i_50,1,Imatinib,50,7474,1605903,0.004654079,0.082751782,0.03858336,0.035244745,1.271732646
M472A,472,S29,M,A,i_100,1,Imatinib,100,6377,1501070,0.004248303,-0.048857404,0.036836756,0.035244745,1.121452524
M472A,472,S29,M,A,i_200,1,Imatinib,200,7562,1625430,0.004652307,0.082202394,0.033370163,0.035244745,0.873742179
M472A,472,S29,M,A,i_300,1,Imatinib,300,7379,1495698,0.004933483,0.166862381,0.02580114,0.035244745,0.506647583
M472A,472,S29,M,A,i_444,1,Imatinib,444,5306,1159488,0.004576158,0.058392758,0.016601795,0.035244745,0.261246092
M472A,472,S29,M,A,i_500,1,Imatinib,500,5401,1082233,0.004990607,0.183471381,0.013836626,0.035244745,0.214084482
M472A,472,S29,M,A,i_579,1,Imatinib,579,7337,1434143,0.005115947,0.219257373,0.011705227,0.035244745,0.183627625
M472A,472,S29,M,A,i_750,1,Imatinib,750,5710,1243646,0.004591339,0.063170832,0.005224254,0.035244745,0.115155101
M472A,472,S29,M,A,i_1000,1,Imatinib,1000,5693,1149553,0.00495236,0.172372088,0.002816883,0.035244745,0.096829257
M472A,472,S29,M,A,i_1250,1,Imatinib,1250,4678,977748,0.004784464,0.122613248,0.00109932,0.035244745,0.085565712
M472A,472,S29,M,A,i_2500,1,Imatinib,2500,5754,1124752,0.005115794,0.21921426,0.000441981,0.035244745,0.081610362
M472A,472,S29,M,A,i_5000,1,Imatinib,5000,3576,764852,0.004675414,0.089350192,-0.003342087,0.035244745,0.062147052
M472A,472,S29,M,A,N,1,None,0,7204,1673746,0.004304118,-0.030026455,0.035244745,0.035244745,1
M472C,472,S29,M,C,a_5,1,Asciminib,5,33167,1698411,0.019528253,0.196035412,0.038499174,0.03680531,1.129706914
M472C,472,S29,M,C,a_10,1,Asciminib,10,25940,1450953,0.017877905,0.0686502,0.03420338,0.03680531,0.829162656
M472C,472,S29,M,C,a_50,1,Asciminib,50,17415,1311506,0.013278628,-0.360421427,0.017307748,0.03680531,0.245655659
M472C,472,S29,M,C,a_89,1,Asciminib,89,15930,1317239,0.012093477,-0.495298358,0.011108235,0.03680531,0.157207392
M472C,472,S29,M,C,a_128,1,Asciminib,128,13512,1178751,0.011462981,-0.572545254,0.007570852,0.03680531,0.121860181
M472C,472,S29,M,C,a_250,1,Asciminib,250,50987,5028356,0.010139895,-0.749484832,0.003842351,0.03680531,0.093169667
M472C,472,S29,M,C,a_363,1,Asciminib,363,16845,1407560,0.011967518,-0.510403485,0.004592751,0.03680531,0.098341981
M472C,472,S29,M,C,a_500,1,Asciminib,500,14122,1483951,0.009516487,-0.841026525,0.000290512,0.03680531,0.072145856
M472C,472,S29,M,C,a_638,1,Asciminib,638,9192,862155,0.010661656,-0.677095958,9.64E-05,0.03680531,0.071144755
M472C,472,S29,M,C,a_750,1,Asciminib,750,10731,941415,0.011398799,-0.580645714,0.001365386,0.03680531,0.077951026
M472C,472,S29,M,C,a_1151,1,Asciminib,1151,10225,880135,0.011617536,-0.553223384,0.001393121,0.03680531,0.078106842
M472C,472,S29,M,C,a_2500,1,Asciminib,2500,29961,2498175,0.011993155,-0.507316258,0.00136627,0.03680531,0.077955985
M472C,472,S29,M,C,D0,1,D0,,17524,1009589,0.017357558,0.026036531,,0.03680531,
M472C,472,S29,M,C,D0,1,D0,,17524,1009589,0.017357558,0.026036531,,0.03680531,
M472C,472,S29,M,C,D0,2,D0,,25670,1533758,0.016736669,-0.026515065,,0.03680531,
M472C,472,S29,M,C,D0,2,D0,,25670,1533758,0.016736669,-0.026515065,,0.03680531,
M472C,472,S29,M,C,i_50,1,Imatinib,50,31445,1605903,0.019580884,0.19991839,0.039809844,0.03680531,1.241507645
M472C,472,S29,M,C,i_100,1,Imatinib,100,30421,1501070,0.02026621,0.24954883,0.039960432,0.03680531,1.255041696
M472C,472,S29,M,C,i_200,1,Imatinib,200,36620,1625430,0.022529423,0.402282872,0.036720722,0.03680531,0.993928209
M472C,472,S29,M,C,i_300,1,Imatinib,300,35479,1495698,0.023720698,0.476618948,0.02904363,0.03680531,0.571871495
M472C,472,S29,M,C,i_444,1,Imatinib,444,24727,1159488,0.021325792,0.323071834,0.01937242,0.03680531,0.285027937
M472C,472,S29,M,C,i_500,1,Imatinib,500,22497,1082233,0.020787575,0.286193998,0.014911913,0.03680531,0.206733536
M472C,472,S29,M,C,i_579,1,Imatinib,579,29396,1434143,0.020497259,0.26590348,0.012193512,0.03680531,0.169984255
M472C,472,S29,M,C,i_750,1,Imatinib,750,23841,1243646,0.019170246,0.169341373,0.006335633,0.03680531,0.111490408
M472C,472,S29,M,C,i_1000,1,Imatinib,1000,21819,1149553,0.018980421,0.154984507,0.002634872,0.03680531,0.085411757
M472C,472,S29,M,C,i_1250,1,Imatinib,1250,16820,977748,0.017202797,0.013115628,-4.69E-05,0.03680531,0.070414354
M472C,472,S29,M,C,i_2500,1,Imatinib,2500,17712,1124752,0.015747471,-0.114407297,-0.003050325,0.03680531,0.056721288
M472C,472,S29,M,C,i_5000,1,Imatinib,5000,13593,764852,0.017772066,0.060083888,-0.003648442,0.03680531,0.054330465
M472C,472,S29,M,C,N,1,None,0,30987,1673746,0.018513562,0.119054987,0.03680531,0.03680531,1
M472D,472,S29,M,D,a_5,1,Asciminib,5,8952,1698411,0.005270809,-0.141141419,0.034969652,0.035313838,0.975523205
M472D,472,S29,M,D,a_10,1,Asciminib,10,6651,1450953,0.004583884,-0.342595352,0.029898517,0.035313838,0.677122498
M472D,472,S29,M,D,a_50,1,Asciminib,50,6487,1311506,0.004946222,-0.232838804,0.018643265,0.035313838,0.301109529
M472D,472,S29,M,D,a_89,1,Asciminib,89,7353,1317239,0.005582131,-0.058349983,0.015682152,0.035313838,0.243294813
M472D,472,S29,M,D,a_128,1,Asciminib,128,6420,1178751,0.005446443,-0.093851533,0.012581754,0.035313838,0.194619283
M472D,472,S29,M,D,a_250,1,Asciminib,250,29308,5028356,0.005828545,0.003969986,0.011729415,0.035313838,0.183034896
M472D,472,S29,M,D,a_363,1,Asciminib,363,10189,1407560,0.007238768,0.316578303,0.013249485,0.035313838,0.204204489
M472D,472,S29,M,D,a_500,1,Asciminib,500,9456,1483951,0.006372178,0.132620745,0.010482521,0.035313838,0.167318721
M472D,472,S29,M,D,a_638,1,Asciminib,638,4576,862155,0.00530763,-0.131097952,0.005811873,0.035313838,0.119535553
M472D,472,S29,M,D,a_750,1,Asciminib,750,6654,941415,0.007068084,0.282153285,0.01039705,0.035313838,0.166292217
M472D,472,S29,M,D,a_1151,1,Asciminib,1151,4762,880135,0.005410534,-0.103394949,0.006101865,0.035313838,0.122057619
M472D,472,S29,M,D,a_2500,1,Asciminib,2500,13358,2498175,0.005347103,-0.120408264,0.005416371,0.035313838,0.116179645
M472D,472,S29,M,D,D0,1,D0,,6098,1009589,0.006040082,0.055402218,,0.035313838,
M472D,472,S29,M,D,D0,1,D0,,6098,1009589,0.006040082,0.055402218,,0.035313838,
M472D,472,S29,M,D,D0,2,D0,,8566,1533758,0.005584975,-0.057615027,,0.035313838,
M472D,472,S29,M,D,D0,2,D0,,8566,1533758,0.005584975,-0.057615027,,0.035313838,
M472D,472,S29,M,D,i_50,1,Imatinib,50,9613,1605903,0.00598604,0.042436145,0.038161341,0.035313838,1.227549955
M472D,472,S29,M,D,i_100,1,Imatinib,100,7887,1501070,0.005254252,-0.145680449,0.035823225,0.035313838,1.037356756
M472D,472,S29,M,D,i_200,1,Imatinib,200,7205,1625430,0.004432673,-0.390988832,0.028416861,0.035313838,0.608607124
M472D,472,S29,M,D,i_300,1,Imatinib,300,6981,1495698,0.004667386,-0.316551031,0.020740833,0.035313838,0.35019808
M472D,472,S29,M,D,i_444,1,Imatinib,444,5341,1159488,0.004606343,-0.33554384,0.012478119,0.035313838,0.1931725
M472D,472,S29,M,D,i_500,1,Imatinib,500,5271,1082233,0.004870485,-0.255100282,0.009245717,0.035313838,0.153063154
M472D,472,S29,M,D,i_579,1,Imatinib,579,7205,1434143,0.005023906,-0.210356289,0.007208088,0.035313838,0.132176922
M472D,472,S29,M,D,i_750,1,Imatinib,750,6545,1243646,0.005262752,-0.143348528,0.003062437,0.035313838,0.098067348
M472D,472,S29,M,D,i_1000,1,Imatinib,1000,6274,1149553,0.005457774,-0.090853289,6.15E-05,0.035313838,0.079010849
M472D,472,S29,M,D,i_1250,1,Imatinib,1250,6523,977748,0.006671453,0.198835208,0.001897201,0.035313838,0.090175471
M472D,472,S29,M,D,i_2500,1,Imatinib,2500,6748,1124752,0.005999545,0.045687206,-0.001374477,0.035313838,0.071250129
M472D,472,S29,M,D,i_5000,1,Imatinib,5000,4459,764852,0.005829886,0.004301848,-0.004232361,0.035313838,0.057999185
M472D,472,S29,M,D,N,1,None,0,9572,1673746,0.005718908,-0.023426046,0.035313838,0.035313838,1
M472E,472,S29,M,E,a_5,1,Asciminib,5,13337,1698411,0.007852634,0.137672891,0.037888243,0.038526386,0.955093242
M472E,472,S29,M,E,a_10,1,Asciminib,10,11244,1450953,0.00774939,0.118578896,0.034726027,0.038526386,0.760616597
M472E,472,S29,M,E,a_50,1,Asciminib,50,10564,1311506,0.008054862,0.174356124,0.022905727,0.038526386,0.324753952
M472E,472,S29,M,E,a_89,1,Asciminib,89,10782,1317239,0.008185303,0.197532008,0.01836069,0.038526386,0.23411798
M472E,472,S29,M,E,a_128,1,Asciminib,128,10637,1178751,0.009023958,0.338256649,0.017105004,0.038526386,0.213880143
M472E,472,S29,M,E,a_250,1,Asciminib,250,38585,5028356,0.007673482,0.104377637,0.012780468,0.038526386,0.156655509
M472E,472,S29,M,E,a_363,1,Asciminib,363,11804,1407560,0.008386143,0.23250373,0.012369404,0.038526386,0.152086968
M472E,472,S29,M,E,a_500,1,Asciminib,500,13438,1483951,0.009055555,0.343299305,0.012687876,0.038526386,0.155614616
M472E,472,S29,M,E,a_638,1,Asciminib,638,7019,862155,0.008141228,0.189742565,0.009170389,0.038526386,0.120798449
M472E,472,S29,M,E,a_750,1,Asciminib,750,7844,941415,0.008332138,0.22318302,0.009779757,0.038526386,0.126216412
M472E,472,S29,M,E,a_1151,1,Asciminib,1151,7744,880135,0.00879865,0.301778448,0.010343165,0.038526386,0.131441694
M472E,472,S29,M,E,a_2500,1,Asciminib,2500,20560,2498175,0.008230008,0.205390047,0.008826784,0.038526386,0.117846612
M472E,472,S29,M,E,D0,1,D0,,7357,1009589,0.007287124,0.029845725,,0.038526386,
M472E,472,S29,M,E,D0,1,D0,,7357,1009589,0.007287124,0.029845725,,0.038526386,
M472E,472,S29,M,E,D0,2,D0,,10719,1533758,0.006988717,-0.030476224,,0.038526386,
M472E,472,S29,M,E,D0,2,D0,,10719,1533758,0.006988717,-0.030476224,,0.038526386,
M472E,472,S29,M,E,i_50,1,Imatinib,50,13536,1605903,0.008428903,0.239841045,0.040227749,0.038526386,1.130317018
M472E,472,S29,M,E,i_100,1,Imatinib,100,12664,1501070,0.008436649,0.241166229,0.039872684,0.038526386,1.101787037
M472E,472,S29,M,E,i_200,1,Imatinib,200,11012,1625430,0.006774823,-0.075320587,0.031721234,0.038526386,0.612644158
M472E,472,S29,M,E,i_300,1,Imatinib,300,10983,1495698,0.00734306,0.040877598,0.024482348,0.038526386,0.363792809
M472E,472,S29,M,E,i_444,1,Imatinib,444,9280,1159488,0.008003533,0.165133146,0.017719139,0.038526386,0.223549634
M472E,472,S29,M,E,i_500,1,Imatinib,500,9484,1082233,0.008763362,0.295980754,0.015014359,0.038526386,0.18399146
M472E,472,S29,M,E,i_579,1,Imatinib,579,13993,1434143,0.009757047,0.45094074,0.014130457,0.038526386,0.172646882
M472E,472,S29,M,E,i_750,1,Imatinib,750,11654,1243646,0.009370834,0.392673656,0.008673446,0.038526386,0.116552702
M472E,472,S29,M,E,i_1000,1,Imatinib,1000,11268,1149553,0.009802071,0.457582811,0.005802431,0.038526386,0.094786829
M472E,472,S29,M,E,i_1250,1,Imatinib,1250,9224,977748,0.009433924,0.402354158,0.00402761,0.038526386,0.083416272
M472E,472,S29,M,E,i_2500,1,Imatinib,2500,9639,1124752,0.008569889,0.263772779,0.000908414,0.038526386,0.066637084
M472E,472,S29,M,E,i_5000,1,Imatinib,5000,6579,764852,0.008601664,0.269112027,-0.001460364,0.038526386,0.05618834
M472E,472,S29,M,E,N,1,None,0,14541,1673746,0.008687698,0.283470206,0.038526386,0.038526386,1
M472F,472,S29,M,F,a_5,1,Asciminib,5,9401,1698411,0.005535174,0.451294372,0.041171191,0.040444517,1.053713424
M472F,472,S29,M,F,a_10,1,Asciminib,10,6681,1450953,0.00460456,0.185729037,0.035428946,0.040444517,0.696894587
M472F,472,S29,M,F,a_50,1,Asciminib,50,6334,1311506,0.004829562,0.254558225,0.023745272,0.040444517,0.300488551
M472F,472,S29,M,F,a_89,1,Asciminib,89,6128,1317239,0.004652155,0.200564931,0.018392439,0.040444517,0.204385037
M472F,472,S29,M,F,a_128,1,Asciminib,128,6142,1178751,0.0052106,0.364115283,0.017375689,0.040444517,0.18995737
M472F,472,S29,M,F,a_250,1,Asciminib,250,27705,5028356,0.005509753,0.444653433,0.01634243,0.040444517,0.176338422
M472F,472,S29,M,F,a_363,1,Asciminib,363,8535,1407560,0.006063685,0.582860497,0.016036891,0.040444517,0.172501551
M472F,472,S29,M,F,a_500,1,Asciminib,500,8474,1483951,0.005710431,0.496265439,0.014289105,0.040444517,0.152104172
M472F,472,S29,M,F,a_638,1,Asciminib,638,5468,862155,0.006342247,0.64765984,0.013963805,0.040444517,0.148583047
M472F,472,S29,M,F,a_750,1,Asciminib,750,5674,941415,0.006027098,0.574129171,0.013453415,0.040444517,0.143222005
M472F,472,S29,M,F,a_1151,1,Asciminib,1151,5790,880135,0.006578536,0.700432379,0.014516221,0.040444517,0.154611881
M472F,472,S29,M,F,a_2500,1,Asciminib,2500,15195,2498175,0.00608244,0.587315992,0.012824733,0.040444517,0.136883589
M472F,472,S29,M,F,D0,1,D0,,3928,1009589,0.003890692,-0.057307402,,0.040444517,
M472F,472,S29,M,F,D0,1,D0,,3928,1009589,0.003890692,-0.057307402,,0.040444517,
M472F,472,S29,M,F,D0,2,D0,,6451,1533758,0.004206009,0.055117713,,0.040444517,
M472F,472,S29,M,F,D0,2,D0,,6451,1533758,0.004206009,0.055117713,,0.040444517,
M472F,472,S29,M,F,i_50,1,Imatinib,50,8595,1605903,0.005352129,0.402778651,0.041933358,0.040444517,1.113153067
M472F,472,S29,M,F,i_100,1,Imatinib,100,7721,1501070,0.005143664,0.345462222,0.040964441,0.040444517,1.038144003
M472F,472,S29,M,F,i_200,1,Imatinib,200,8224,1625430,0.005059584,0.321684603,0.035877031,0.040444517,0.719744482
M472F,472,S29,M,F,i_300,1,Imatinib,300,8480,1495698,0.005669594,0.485911124,0.029140899,0.040444517,0.443144007
M472F,472,S29,M,F,i_444,1,Imatinib,444,7881,1159488,0.006796966,0.747556578,0.023815869,0.040444517,0.302019821
M472F,472,S29,M,F,i_500,1,Imatinib,500,7518,1082233,0.006946748,0.779003542,0.020070577,0.040444517,0.230633903
M472F,472,S29,M,F,i_579,1,Imatinib,579,8913,1434143,0.006214861,0.618387987,0.015883272,0.040444517,0.1706041
M472F,472,S29,M,F,i_750,1,Imatinib,750,9073,1243646,0.007295484,0.849669539,0.013457217,0.040444517,0.143261224
M472F,472,S29,M,F,i_1000,1,Imatinib,1000,7811,1149553,0.006794815,0.747100043,0.008833058,0.040444517,0.102691592
M472F,472,S29,M,F,i_1250,1,Imatinib,1250,6096,977748,0.006234735,0.622994083,0.006337239,0.040444517,0.085801054
M472F,472,S29,M,F,i_2500,1,Imatinib,2500,6964,1124752,0.006191587,0.612975036,0.004563816,0.040444517,0.075516019
M472F,472,S29,M,F,i_5000,1,Imatinib,5000,4560,764852,0.005961938,0.558447073,0.001568357,0.040444517,0.060865818
M472F,472,S29,M,F,N,1,None,0,9364,1673746,0.005594636,0.466710092,0.040444517,0.040444517,1
M472G,472,S29,M,G,a_5,1,Asciminib,5,1603,1698411,0.000943823,0.211814953,0.038664352,0.040251003,0.892044886
M472G,472,S29,M,G,a_10,1,Asciminib,10,1163,1450953,0.000801542,-0.023923543,0.033234331,0.040251003,0.603384655
M472G,472,S29,M,G,a_50,1,Asciminib,50,799,1311506,0.000609223,-0.419730852,0.016686905,0.040251003,0.183302943
M472G,472,S29,M,G,a_89,1,Asciminib,89,932,1317239,0.000707541,-0.203889124,0.014158668,0.040251003,0.152796531
M472G,472,S29,M,G,a_128,1,Asciminib,128,839,1178751,0.00071177,-0.195290131,0.011519908,0.040251003,0.126357663
M472G,472,S29,M,G,a_250,1,Asciminib,250,4059,5028356,0.000807222,-0.013736306,0.011544067,0.040251003,0.126577648
M472G,472,S29,M,G,a_363,1,Asciminib,363,1039,1407560,0.000738157,-0.142774619,0.00844104,0.040251003,0.101234335
M472G,472,S29,M,G,a_500,1,Asciminib,500,1172,1483951,0.000789783,-0.045244737,0.008620649,0.040251003,0.102551983
M472G,472,S29,M,G,a_638,1,Asciminib,638,671,862155,0.000778282,-0.066408349,0.006489035,0.040251003,0.087961008
M472G,472,S29,M,G,a_750,1,Asciminib,750,958,941415,0.001017617,0.320420963,0.010797631,0.040251003,0.119954502
M472G,472,S29,M,G,a_1151,1,Asciminib,1151,957,880135,0.001087333,0.416020243,0.011539033,0.040251003,0.126531775
M472G,472,S29,M,G,a_2500,1,Asciminib,2500,1934,2498175,0.000774165,-0.0740606,0.005901532,0.040251003,0.084317831
M472G,472,S29,M,G,D0,1,D0,,722,1009589,0.000715142,-0.188471207,,0.040251003,
M472G,472,S29,M,G,D0,1,D0,,722,1009589,0.000715142,-0.188471207,,0.040251003,
M472G,472,S29,M,G,D0,2,D0,,1403,1533758,0.000914747,0.166670288,,0.040251003,
M472G,472,S29,M,G,D0,2,D0,,1403,1533758,0.000914747,0.166670288,,0.040251003,
M472G,472,S29,M,G,i_50,1,Imatinib,50,1835,1605903,0.001142659,0.487621457,0.042821482,0.040251003,1.20330805
M472G,472,S29,M,G,i_100,1,Imatinib,100,1539,1501070,0.001025269,0.331228123,0.04081544,0.040251003,1.041476566
M472G,472,S29,M,G,i_200,1,Imatinib,200,1744,1625430,0.001072947,0.396804761,0.036663378,0.040251003,0.772356568
M472G,472,S29,M,G,i_300,1,Imatinib,300,1965,1495698,0.001313768,0.688936554,0.031266142,0.040251003,0.523661405
M472G,472,S29,M,G,i_444,1,Imatinib,444,2000,1159488,0.001724899,1.081738259,0.027314038,0.040251003,0.393977514
M472G,472,S29,M,G,i_500,1,Imatinib,500,1583,1082233,0.001462716,0.843876265,0.020749656,0.040251003,0.245588734
M472G,472,S29,M,G,i_579,1,Imatinib,579,1981,1434143,0.001381313,0.761266144,0.017378902,0.040251003,0.192667134
M472G,472,S29,M,G,i_750,1,Imatinib,750,1668,1243646,0.001341218,0.718769551,0.012086974,0.040251003,0.131623449
M472G,472,S29,M,G,i_1000,1,Imatinib,1000,1348,1149553,0.00117263,0.524973662,0.006507869,0.040251003,0.088080366
M472G,472,S29,M,G,i_1250,1,Imatinib,1250,1266,977748,0.001294812,0.667968968,0.00680803,0.040251003,0.090004644
M472G,472,S29,M,G,i_2500,1,Imatinib,2500,1794,1124752,0.001595018,0.968799106,0.008288535,0.040251003,0.100128821
M472G,472,S29,M,G,i_5000,1,Imatinib,5000,1142,764852,0.001493099,0.873536282,0.004866668,0.040251003,0.078263645
M472G,472,S29,M,G,N,1,None,0,1861,1673746,0.001111877,0.448223596,0.040251003,0.040251003,1
M472H,472,S29,M,H,a_5,1,Asciminib,5,6068,1698411,0.003572751,-0.121921521,0.035170844,0.038284119,0.799190569
M472H,472,S29,M,H,a_10,1,Asciminib,10,4167,1450953,0.002871906,-0.436948674,0.028910839,0.038284119,0.509219466
M472H,472,S29,M,H,a_50,1,Asciminib,50,3661,1311506,0.002791447,-0.477943621,0.016077541,0.038284119,0.202124054
M472H,472,S29,M,H,a_89,1,Asciminib,89,4275,1317239,0.003245425,-0.260549699,0.013565553,0.038284119,0.168682537
M472H,472,S29,M,H,a_128,1,Asciminib,128,4286,1178751,0.003636052,-0.096584132,0.012553149,0.038284119,0.156824201
M472H,472,S29,M,H,a_250,1,Asciminib,250,22439,5028356,0.004462492,0.198892697,0.013769839,0.038284119,0.171181964
M472H,472,S29,M,H,a_363,1,Asciminib,363,6480,1407560,0.004603711,0.243840405,0.012488074,0.038284119,0.156091135
M472H,472,S29,M,H,a_500,1,Asciminib,500,7013,1483951,0.004725897,0.281631286,0.012042344,0.038284119,0.15116129
M472H,472,S29,M,H,a_638,1,Asciminib,638,4426,862155,0.005133648,0.401027296,0.011382089,0.038284119,0.144143464
M472H,472,S29,M,H,a_750,1,Asciminib,750,6163,941415,0.006546528,0.751773059,0.015312967,0.038284119,0.191297976
M472H,472,S29,M,H,a_1151,1,Asciminib,1151,5524,880135,0.00627631,0.690959598,0.014417061,0.038284119,0.179347828
M472H,472,S29,M,H,a_2500,1,Asciminib,2500,17188,2498175,0.006880223,0.823498247,0.015297057,0.038284119,0.191078971
M472H,472,S29,M,H,D0,1,D0,,4060,1009589,0.004021438,0.048754644,,0.038284119,
M472H,472,S29,M,H,D0,1,D0,,4060,1009589,0.004021438,0.048754644,,0.038284119,
M472H,472,S29,M,H,D0,2,D0,,5758,1533758,0.003754178,-0.050460067,,0.038284119,
M472H,472,S29,M,H,D0,2,D0,,5758,1533758,0.003754178,-0.050460067,,0.038284119,
M472H,472,S29,M,H,i_50,1,Imatinib,50,7703,1605903,0.004796678,0.303078685,0.040889713,0.038284119,1.206354139
M472H,472,S29,M,H,i_100,1,Imatinib,100,6127,1501070,0.004081755,0.070232608,0.038083374,0.038284119,0.985650277
M472H,472,S29,M,H,i_200,1,Imatinib,200,5953,1625430,0.003662415,-0.086161519,0.031607752,0.038284119,0.618351353
M472H,472,S29,M,H,i_300,1,Imatinib,300,6361,1495698,0.004252864,0.129477693,0.025409802,0.038284119,0.395758588
M472H,472,S29,M,H,i_444,1,Imatinib,444,4307,1159488,0.003714571,-0.065761552,0.015302164,0.038284119,0.191149244
M472H,472,S29,M,H,i_500,1,Imatinib,500,3874,1082233,0.003579636,-0.119144171,0.010668887,0.038284119,0.136928456
M472H,472,S29,M,H,i_579,1,Imatinib,579,5109,1434143,0.003562406,-0.126104935,0.00809002,0.038284119,0.113724646
M472H,472,S29,M,H,i_750,1,Imatinib,750,5328,1243646,0.004284177,0.14006121,0.006029132,0.038284119,0.098042025
M472H,472,S29,M,H,i_1000,1,Imatinib,1000,5567,1149553,0.004842752,0.316870114,0.004329469,0.038284119,0.086749134
M472H,472,S29,M,H,i_1250,1,Imatinib,1250,4763,977748,0.004871398,0.325378977,0.003221844,0.038284119,0.080099649
M472H,472,S29,M,H,i_2500,1,Imatinib,2500,6592,1124752,0.005860848,0.592152323,0.004345847,0.038284119,0.086851489
M472H,472,S29,M,H,i_5000,1,Imatinib,5000,3940,764852,0.005151323,0.405986127,-2.76E-05,0.038284119,0.063390412
M472H,472,S29,M,H,N,1,None,0,7794,1673746,0.004656621,0.260326337,0.038284119,0.038284119,1
M472I,472,S29,M,I,a_5,1,Asciminib,5,14369,1698411,0.008460261,-0.070967784,0.035704221,0.034028845,1.128204048
M472I,472,S29,M,I,a_10,1,Asciminib,10,11723,1450953,0.008079517,-0.1374008,0.032046466,0.034028845,0.866986999
M472I,472,S29,M,I,a_50,1,Asciminib,50,9183,1311506,0.007001874,-0.343928783,0.01748039,0.034028845,0.303768694
M472I,472,S29,M,I,a_89,1,Asciminib,89,7853,1317239,0.005961712,-0.575943155,0.010264056,0.034028845,0.180673309
M472I,472,S29,M,I,a_128,1,Asciminib,128,7528,1178751,0.006386421,-0.476662287,0.008574542,0.034028845,0.159979467
M472I,472,S29,M,I,a_250,1,Asciminib,250,31313,5028356,0.006227284,-0.513066884,0.006317142,0.034028845,0.135980657
M472I,472,S29,M,I,a_363,1,Asciminib,363,8514,1407560,0.006048765,-0.555029252,0.004125614,0.034028845,0.116131438
M472I,472,S29,M,I,a_500,1,Asciminib,500,8214,1483951,0.005535223,-0.683028428,0.001944415,0.034028845,0.099253414
M472I,472,S29,M,I,a_638,1,Asciminib,638,4690,862155,0.005439857,-0.708101166,-0.000228119,0.034028845,0.084881304
M472I,472,S29,M,I,a_750,1,Asciminib,750,5215,941415,0.005539534,-0.681905413,0.000305413,0.034028845,0.088205398
M472I,472,S29,M,I,a_1151,1,Asciminib,1151,5017,880135,0.005700262,-0.640641717,0.000478037,0.034028845,0.089308541
M472I,472,S29,M,I,a_2500,1,Asciminib,2500,16417,2498175,0.006571597,-0.435425852,0.002118809,0.034028845,0.100507531
M472I,472,S29,M,I,D0,1,D0,,8755,1009589,0.008671846,-0.035330838,,0.034028845,
M472I,472,S29,M,I,D0,1,D0,,8755,1009589,0.008671846,-0.035330838,,0.034028845,
M472I,472,S29,M,I,D0,2,D0,,13960,1533758,0.009101827,0.034486247,,0.034028845,
M472I,472,S29,M,I,D0,2,D0,,13960,1533758,0.009101827,0.034486247,,0.034028845,
M472I,472,S29,M,I,i_50,1,Imatinib,50,14060,1605903,0.008755199,-0.021529985,0.037491753,0.034028845,1.283164548
M472I,472,S29,M,I,i_100,1,Imatinib,100,13541,1501070,0.009020898,0.021601204,0.037574307,0.034028845,1.290814281
M472I,472,S29,M,I,i_200,1,Imatinib,200,19764,1625430,0.012159244,0.452311708,0.037244418,0.034028845,1.260516063
M472I,472,S29,M,I,i_300,1,Imatinib,300,19895,1495698,0.013301482,0.581845167,0.030145124,0.034028845,0.756064984
M472I,472,S29,M,I,i_444,1,Imatinib,444,18217,1159488,0.015711245,0.822055679,0.024595716,0.034028845,0.507029895
M472I,472,S29,M,I,i_500,1,Imatinib,500,17486,1082233,0.016157334,0.86244734,0.020944056,0.034028845,0.389806488
M472I,472,S29,M,I,i_579,1,Imatinib,579,22428,1434143,0.015638608,0.815370266,0.017945256,0.034028845,0.314108003
M472I,472,S29,M,I,i_750,1,Imatinib,750,17604,1243646,0.014155153,0.671585566,0.011593058,0.034028845,0.198815768
M472I,472,S29,M,I,i_1000,1,Imatinib,1000,12989,1149553,0.011299175,0.346475556,0.004639375,0.034028845,0.12050767
M472I,472,S29,M,I,i_1250,1,Imatinib,1250,10433,977748,0.010670439,0.263877653,0.002578057,0.034028845,0.103886453
M472I,472,S29,M,I,i_2500,1,Imatinib,2500,10346,1124752,0.009198472,0.049724339,-0.001332217,0.034028845,0.078394896
M472I,472,S29,M,I,i_5000,1,Imatinib,5000,6744,764852,0.008817392,-0.0113179,-0.004395867,0.034028845,0.062876723
M472I,472,S29,M,I,N,1,None,0,13441,1673746,0.00803049,-0.146181956,0.034028845,0.034028845,1
M472K,472,S29,M,K,a_5,1,Asciminib,5,12635,1698411,0.007439307,0.365945351,0.040277769,0.04139219,0.922896341
M472K,472,S29,M,K,a_10,1,Asciminib,10,9390,1450953,0.006471609,0.164901583,0.035210927,0.04139219,0.640791613
M472K,472,S29,M,K,a_50,1,Asciminib,50,8169,1311506,0.006228717,0.109712288,0.022229044,0.04139219,0.251642333
M472K,472,S29,M,K,a_89,1,Asciminib,89,8195,1317239,0.006221346,0.10800403,0.017423524,0.04139219,0.17804054
M472K,472,S29,M,K,a_128,1,Asciminib,128,8332,1178751,0.007068499,0.292181057,0.016622691,0.04139219,0.168065091
M472K,472,S29,M,K,a_250,1,Asciminib,250,29776,5028356,0.005921617,0.036768474,0.012072745,0.04139219,0.121116779
M472K,472,S29,M,K,a_363,1,Asciminib,363,8407,1407560,0.005972747,0.049171864,0.01045031,0.04139219,0.107763597
M472K,472,S29,M,K,a_500,1,Asciminib,500,9182,1483951,0.006187536,0.100142189,0.01014254,0.04139219,0.105401879
M472K,472,S29,M,K,a_638,1,Asciminib,638,5465,862155,0.006338767,0.13497954,0.008597137,0.04139219,0.094302851
M472K,472,S29,M,K,a_750,1,Asciminib,750,6577,941415,0.006986292,0.275304137,0.010325354,0.04139219,0.106798414
M472K,472,S29,M,K,a_1151,1,Asciminib,1151,5422,880135,0.006160419,0.093805591,0.008166133,0.04139219,0.091421362
M472K,472,S29,M,K,a_2500,1,Asciminib,2500,15624,2498175,0.006254166,0.115594619,0.007886817,0.04139219,0.089601173
M472K,472,S29,M,K,D0,1,D0,,5631,1009589,0.005577517,-0.049599733,,0.04139219,
M472K,472,S29,M,K,D0,1,D0,,5631,1009589,0.005577517,-0.049599733,,0.04139219,
M472K,472,S29,M,K,D0,2,D0,,9153,1533758,0.005967695,0.047951024,,0.04139219,
M472K,472,S29,M,K,D0,2,D0,,9153,1533758,0.005967695,0.047951024,,0.04139219,
M472K,472,S29,M,K,i_50,1,Imatinib,50,12147,1605903,0.007563969,0.389920603,0.041798762,0.04139219,1.029705838
M472K,472,S29,M,K,i_100,1,Imatinib,100,10344,1501070,0.006891084,0.255508231,0.040022814,0.04139219,0.906109542
M472K,472,S29,M,K,i_200,1,Imatinib,200,10008,1625430,0.00615714,0.093037575,0.033483584,0.04139219,0.56585374
M472K,472,S29,M,K,i_300,1,Imatinib,300,9037,1495698,0.006041995,0.065802229,0.024743255,0.04139219,0.301578989
M472K,472,S29,M,K,i_444,1,Imatinib,444,7461,1159488,0.006434737,0.156658332,0.017630426,0.04139219,0.180712655
M472K,472,S29,M,K,i_500,1,Imatinib,500,7406,1082233,0.006843258,0.245460623,0.014485521,0.04139219,0.144095334
M472K,472,S29,M,K,i_579,1,Imatinib,579,9137,1434143,0.006371052,0.142308884,0.01089974,0.04139219,0.111307748
M472K,472,S29,M,K,i_750,1,Imatinib,750,9364,1243646,0.007529474,0.383326262,0.008575598,0.04139219,0.094156723
M472K,472,S29,M,K,i_1000,1,Imatinib,1000,9070,1149553,0.007890023,0.45080678,0.0057315,0.04139219,0.076721776
M472K,472,S29,M,K,i_1250,1,Imatinib,1250,7566,977748,0.00773819,0.422773404,0.004241356,0.04139219,0.068916472
M472K,472,S29,M,K,i_2500,1,Imatinib,2500,8098,1124752,0.007199809,0.318735923,0.00148376,0.04139219,0.056506085
M472K,472,S29,M,K,i_5000,1,Imatinib,5000,6174,764852,0.00807215,0.483730179,0.00078623,0.04139219,0.05373831
M472K,472,S29,M,K,N,1,None,0,14217,1673746,0.00849412,0.557241766,0.04139219,0.04139219,1
M472L,472,S29,M,L,a_5,1,Asciminib,5,32248,1698411,0.018987159,0.36934565,0.040313363,0.038334417,1.153134752
M472L,472,S29,M,L,a_10,1,Asciminib,10,28182,1450953,0.019423096,0.402094794,0.037693834,0.038334417,0.954925469
M472L,472,S29,M,L,a_50,1,Asciminib,50,20144,1311506,0.015359442,0.063447362,0.021744749,0.038334417,0.302868654
M472L,472,S29,M,L,a_89,1,Asciminib,89,19354,1317239,0.014692854,-0.000563783,0.01628705,0.038334417,0.204454387
M472L,472,S29,M,L,a_128,1,Asciminib,128,16434,1178751,0.013941876,-0.076253741,0.012765965,0.038334417,0.158670033
M472L,472,S29,M,L,a_250,1,Asciminib,250,70060,5028356,0.013932983,-0.077174224,0.010880008,0.038334417,0.138523203
M472L,472,S29,M,L,a_363,1,Asciminib,363,20353,1407560,0.014459774,-0.023633378,0.009688195,0.038334417,0.127132176
M472L,472,S29,M,L,a_500,1,Asciminib,500,22719,1483951,0.015309805,0.058777462,0.00970954,0.038334417,0.127327707
M472L,472,S29,M,L,a_638,1,Asciminib,638,13165,862155,0.015269876,0.055009935,0.007760026,0.038334417,0.110652994
M472L,472,S29,M,L,a_750,1,Asciminib,750,13950,941415,0.01481812,0.011683959,0.007565814,0.038334417,0.109116471
M472L,472,S29,M,L,a_1151,1,Asciminib,1151,12223,880135,0.013887642,-0.08187673,0.006327114,0.038334417,0.099806121
M472L,472,S29,M,L,a_2500,1,Asciminib,2500,37842,2498175,0.015147858,0.043435378,0.007131464,0.038334417,0.105756859
M472L,472,S29,M,L,D0,1,D0,,15095,1009589,0.014951629,0.024624242,,0.038334417,
M472L,472,S29,M,L,D0,1,D0,,15095,1009589,0.014951629,0.024624242,,0.038334417,
M472L,472,S29,M,L,D0,2,D0,,22156,1533758,0.014445564,-0.025051843,,0.038334417,
M472L,472,S29,M,L,D0,2,D0,,22156,1533758,0.014445564,-0.025051843,,0.038334417,
M472L,472,S29,M,L,i_50,1,Imatinib,50,29466,1605903,0.018348555,0.319988057,0.041066718,0.038334417,1.21741002
M472L,472,S29,M,L,i_100,1,Imatinib,100,28419,1501070,0.018932495,0.365186116,0.041170908,0.038334417,1.226576989
M472L,472,S29,M,L,i_200,1,Imatinib,200,36218,1625430,0.022282104,0.600207036,0.038792566,0.038334417,1.033536849
M472L,472,S29,M,L,i_300,1,Imatinib,300,37923,1495698,0.025354717,0.786575772,0.032288216,0.038334417,0.647053413
M472L,472,S29,M,L,i_444,1,Imatinib,444,29329,1159488,0.025294785,0.783161575,0.024188578,0.038334417,0.36113609
M472L,472,S29,M,L,i_500,1,Imatinib,500,27229,1082233,0.025160016,0.775454443,0.020033426,0.038334417,0.267758091
M472L,472,S29,M,L,i_579,1,Imatinib,579,37735,1434143,0.026311881,0.840035972,0.018203454,0.038334417,0.234704188
M472L,472,S29,M,L,i_750,1,Imatinib,750,27299,1243646,0.02195078,0.578593801,0.010619633,0.038334417,0.135950499
M472L,472,S29,M,L,i_1000,1,Imatinib,1000,24144,1149553,0.021002946,0.51491331,0.006402559,0.038334417,0.100349741
M472L,472,S29,M,L,i_1250,1,Imatinib,1250,18338,977748,0.018755344,0.3516233,0.003496566,0.038334417,0.08140446
M472L,472,S29,M,L,i_2500,1,Imatinib,2500,20860,1124752,0.018546311,0.335453808,0.001658761,0.038334417,0.071315099
M472L,472,S29,M,L,i_5000,1,Imatinib,5000,14006,764852,0.018312039,0.317114058,-0.000957885,0.038334417,0.059069196
M472L,472,S29,M,L,N,1,None,0,29565,1673746,0.017663971,0.265131251,0.038334417,0.038334417,1
M472N,472,S29,M,N,a_5,1,Asciminib,5,9106,1698411,0.005361482,0.153407317,0.038052949,0.039322596,0.912639263
M472N,472,S29,M,N,a_10,1,Asciminib,10,8083,1450953,0.005570821,0.208665538,0.035669042,0.039322596,0.768698931
M472N,472,S29,M,N,a_50,1,Asciminib,50,6389,1311506,0.004871499,0.01514121,0.021239087,0.039322596,0.27198383
M472N,472,S29,M,N,a_89,1,Asciminib,89,6216,1317239,0.004718961,-0.03075515,0.015971011,0.039322596,0.18612922
M472N,472,S29,M,N,a_128,1,Asciminib,128,6161,1178751,0.005226719,0.116681019,0.01478558,0.039322596,0.170901976
M472N,472,S29,M,N,a_250,1,Asciminib,250,25379,5028356,0.005047176,0.066252003,0.012381374,0.039322596,0.143737298
M472N,472,S29,M,N,a_363,1,Asciminib,363,6391,1407560,0.004540481,-0.086379256,0.009031379,0.039322596,0.112932203
M472N,472,S29,M,N,a_500,1,Asciminib,500,7820,1483951,0.005269716,0.128500631,0.010439392,0.039322596,0.124981361
M472N,472,S29,M,N,a_638,1,Asciminib,638,4983,862155,0.005779703,0.261770884,0.009924371,0.039322596,0.120431738
M472N,472,S29,M,N,a_750,1,Asciminib,750,5417,941415,0.005754104,0.255366824,0.010116653,0.039322596,0.122110623
M472N,472,S29,M,N,a_1151,1,Asciminib,1151,4681,880135,0.005318502,0.141795509,0.008668485,0.039322596,0.110019685
M472N,472,S29,M,N,a_2500,1,Asciminib,2500,12377,2498175,0.004954417,0.039490699,0.007090171,0.039322596,0.098201423
M472N,472,S29,M,N,D0,1,D0,,5153,1009589,0.005104057,0.082419974,,0.039322596,
M472N,472,S29,M,N,D0,1,D0,,5153,1009589,0.005104057,0.082419974,,0.039322596,
M472N,472,S29,M,N,D0,2,D0,,6959,1533758,0.004537222,-0.087415383,,0.039322596,
M472N,472,S29,M,N,D0,2,D0,,6959,1533758,0.004537222,-0.087415383,,0.039322596,
M472N,472,S29,M,N,i_50,1,Imatinib,50,9422,1605903,0.005867104,0.283424057,0.040683971,0.039322596,1.102983695
M472N,472,S29,M,N,i_100,1,Imatinib,100,8599,1501070,0.00572858,0.248953117,0.039954196,0.039322596,1.046525059
M472N,472,S29,M,N,i_200,1,Imatinib,200,8997,1625430,0.005535151,0.199398074,0.034596952,0.039322596,0.71159496
M472N,472,S29,M,N,i_300,1,Imatinib,300,9789,1495698,0.00654477,0.44111806,0.028672011,0.039322596,0.464477522
M472N,472,S29,M,N,i_444,1,Imatinib,444,8334,1159488,0.007187655,0.576296689,0.022023144,0.039322596,0.287779542
M472N,472,S29,M,N,i_500,1,Imatinib,500,7840,1082233,0.007244281,0.587617994,0.018067179,0.039322596,0.216451227
M472N,472,S29,M,N,i_579,1,Imatinib,579,11621,1434143,0.008103097,0.749248909,0.017253107,0.039322596,0.204128981
M472N,472,S29,M,N,i_750,1,Imatinib,750,9100,1243646,0.007317195,0.602066138,0.010865338,0.039322596,0.12887368
M472N,472,S29,M,N,i_1000,1,Imatinib,1000,8373,1149553,0.007283701,0.59544712,0.007245576,0.039322596,0.099306379
M472N,472,S29,M,N,i_1250,1,Imatinib,1250,6867,977748,0.007023282,0.542920857,0.005499043,0.039322596,0.08757184
M472N,472,S29,M,N,i_2500,1,Imatinib,2500,7538,1124752,0.006701922,0.475350341,0.003123179,0.039322596,0.073802843
M472N,472,S29,M,N,i_5000,1,Imatinib,5000,4349,764852,0.005686067,0.238206671,-0.001783877,0.039322596,0.051836225
M472N,472,S29,M,N,N,1,None,0,10352,1673746,0.006184929,0.359532488,0.039322596,0.039322596,1
M472P,472,S29,M,P,a_5,1,Asciminib,5,6217,1698411,0.00366048,-0.374979879,0.032521863,0.035768104,0.791576011
M472P,472,S29,M,P,a_10,1,Asciminib,10,4466,1450953,0.003077977,-0.625030374,0.026942025,0.035768104,0.529682407
M472P,472,S29,M,P,a_50,1,Asciminib,50,3692,1311506,0.002815084,-0.753834692,0.01318955,0.035768104,0.19678257
M472P,472,S29,M,P,a_89,1,Asciminib,89,3767,1317239,0.00285977,-0.731113936,0.008639749,0.035768104,0.141813632
M472P,472,S29,M,P,a_128,1,Asciminib,128,3624,1178751,0.003074441,-0.626688877,0.007004084,0.035768104,0.12605847
M472P,472,S29,M,P,a_250,1,Asciminib,250,13131,5028356,0.00261139,-0.862194747,0.002662518,0.035768104,0.092217794
M472P,472,S29,M,P,a_363,1,Asciminib,363,3669,1407560,0.002606638,-0.864822354,0.000882741,0.035768104,0.081126459
M472P,472,S29,M,P,a_500,1,Asciminib,500,4110,1483951,0.002769633,-0.777317899,0.000957406,0.035768104,0.081563755
M472P,472,S29,M,P,a_638,1,Asciminib,638,2284,862155,0.002649176,-0.841469355,-0.001624199,0.035768104,0.067728661
M472P,472,S29,M,P,a_750,1,Asciminib,750,2778,941415,0.002950877,-0.685868984,0.000263923,0.035768104,0.077591217
M472P,472,S29,M,P,a_1151,1,Asciminib,1151,2521,880135,0.002864333,-0.728813454,-0.000444932,0.035768104,0.073730507
M472P,472,S29,M,P,a_2500,1,Asciminib,2500,9832,2498175,0.003935673,-0.270402465,0.003846251,0.035768104,0.100422058
M472P,472,S29,M,P,D0,1,D0,,4662,1009589,0.004617721,-0.03983193,,0.035768104,
M472P,472,S29,M,P,D0,1,D0,,4662,1009589,0.004617721,-0.03983193,,0.035768104,
M472P,472,S29,M,P,D0,2,D0,,7479,1533758,0.004876258,0.038761677,,0.035768104,
M472P,472,S29,M,P,D0,2,D0,,7479,1533758,0.004876258,0.038761677,,0.035768104,
M472P,472,S29,M,P,i_50,1,Imatinib,50,6702,1605903,0.004173353,-0.185805905,0.035772134,0.035768104,1.000290217
M472P,472,S29,M,P,i_100,1,Imatinib,100,6032,1501070,0.004018467,-0.240367665,0.034832052,0.035768104,0.93482517
M472P,472,S29,M,P,i_200,1,Imatinib,200,6498,1625430,0.003997711,-0.247838521,0.029915339,0.035768104,0.656128195
M472P,472,S29,M,P,i_300,1,Imatinib,300,4953,1495698,0.003311497,-0.519529123,0.018616085,0.035768104,0.290850659
M472P,472,S29,M,P,i_444,1,Imatinib,444,4812,1159488,0.004150108,-0.193864084,0.013961204,0.035768104,0.208025045
M472P,472,S29,M,P,i_500,1,Imatinib,500,3775,1082233,0.003488158,-0.444547332,0.007262611,0.035768104,0.128426886
M472P,472,S29,M,P,i_579,1,Imatinib,579,5912,1434143,0.004122323,-0.203555452,0.007279279,0.035768104,0.128581103
M472P,472,S29,M,P,i_750,1,Imatinib,750,5360,1243646,0.004309908,-0.139355722,0.003104234,0.035768104,0.095197778
M472P,472,S29,M,P,i_1000,1,Imatinib,1000,5885,1149553,0.005119381,0.108956595,0.002153058,0.035768104,0.088896429
M472P,472,S29,M,P,i_1250,1,Imatinib,1250,4090,977748,0.004183082,-0.182446579,-0.002094005,0.035768104,0.065475982
M472P,472,S29,M,P,i_2500,1,Imatinib,2500,6067,1124752,0.005394078,0.184363542,7.72E-05,0.035768104,0.076554883
M472P,472,S29,M,P,i_5000,1,Imatinib,5000,3512,764852,0.004591738,-0.047972509,-0.004779562,0.035768104,0.053964332
M472P,472,S29,M,P,N,1,None,0,8056,1673746,0.004813156,0.019970238,0.035768104,0.035768104,1
M472Q,472,S29,M,Q,a_5,1,Asciminib,5,10391,1698411,0.006118072,-0.0564498,0.035856193,0.0360231,0.988054584
M472Q,472,S29,M,Q,a_10,1,Asciminib,10,9358,1450953,0.006449554,0.019672665,0.03369069,0.0360231,0.845410013
M472Q,472,S29,M,Q,a_50,1,Asciminib,50,6100,1311506,0.004651142,-0.451941941,0.016349723,0.0360231,0.242565583
M472Q,472,S29,M,Q,a_89,1,Asciminib,89,5641,1317239,0.004282442,-0.571092971,0.010314827,0.0360231,0.15708069
M472Q,472,S29,M,Q,a_128,1,Asciminib,128,5352,1178751,0.004540399,-0.486707655,0.008469389,0.0360231,0.137536322
M472Q,472,S29,M,Q,a_250,1,Asciminib,250,16996,5028356,0.003380031,-0.912490226,0.002136032,0.0360231,0.087172277
M472Q,472,S29,M,Q,a_363,1,Asciminib,363,5733,1407560,0.004073006,-0.643432918,0.003200216,0.0360231,0.094114076
M472Q,472,S29,M,Q,a_500,1,Asciminib,500,5234,1483951,0.003527071,-0.851056307,0.000185522,0.0360231,0.075750847
M472Q,472,S29,M,Q,a_638,1,Asciminib,638,3150,862155,0.003653635,-0.800194116,-0.001192136,0.0360231,0.068597651
M472Q,472,S29,M,Q,a_750,1,Asciminib,750,3826,941415,0.004064095,-0.646592648,0.000675062,0.0360231,0.078468443
M472Q,472,S29,M,Q,a_1151,1,Asciminib,1151,3830,880135,0.004351605,-0.547979118,0.001448017,0.0360231,0.08295923
M472Q,472,S29,M,Q,a_2500,1,Asciminib,2500,10453,2498175,0.004184255,-0.60455617,0.000348375,0.0360231,0.076644287
M472Q,472,S29,M,Q,D0,1,D0,,6418,1009589,0.006357042,-0.001171083,,0.0360231,
M472Q,472,S29,M,Q,D0,1,D0,,6418,1009589,0.006357042,-0.001171083,,0.0360231,
M472Q,472,S29,M,Q,D0,2,D0,,9766,1533758,0.006367367,0.001170133,,0.0360231,
M472Q,472,S29,M,Q,D0,2,D0,,9766,1533758,0.006367367,0.001170133,,0.0360231,
M472Q,472,S29,M,Q,i_50,1,Imatinib,50,10783,1605903,0.006714602,0.07777518,0.038531266,0.0360231,1.197921417
M472Q,472,S29,M,Q,i_100,1,Imatinib,100,9657,1501070,0.006433411,0.016057045,0.037516271,0.0360231,1.11350012
M472Q,472,S29,M,Q,i_200,1,Imatinib,200,9927,1625430,0.006107307,-0.058990411,0.031892176,0.0360231,0.74272711
M472Q,472,S29,M,Q,i_300,1,Imatinib,300,8593,1495698,0.005745144,-0.147183788,0.022513746,0.0360231,0.378070919
M472Q,472,S29,M,Q,i_444,1,Imatinib,444,6033,1159488,0.005203159,-0.290139083,0.01295341,0.0360231,0.189945577
M472Q,472,S29,M,Q,i_500,1,Imatinib,500,5788,1082233,0.005348201,-0.250472993,0.009294155,0.0360231,0.145951038
M472Q,472,S29,M,Q,i_579,1,Imatinib,579,7172,1434143,0.005000896,-0.347340172,0.00577416,0.0360231,0.113276478
M472Q,472,S29,M,Q,i_750,1,Imatinib,750,7211,1243646,0.005798274,-0.133903319,0.003161309,0.0360231,0.093850798
M472Q,472,S29,M,Q,i_1000,1,Imatinib,1000,6510,1149553,0.005663071,-0.167942215,-0.000745481,0.0360231,0.070839545
M472Q,472,S29,M,Q,i_1250,1,Imatinib,1250,5268,977748,0.005387891,-0.239806015,-0.002694436,0.0360231,0.061564945
M472Q,472,S29,M,Q,i_2500,1,Imatinib,2500,6466,1124752,0.005748823,-0.146260201,-0.003383757,0.0360231,0.058583997
M472Q,472,S29,M,Q,i_5000,1,Imatinib,5000,4911,764852,0.00642085,0.01323753,-0.004138824,0.0360231,0.055484114
M472Q,472,S29,M,Q,N,1,None,0,10981,1673746,0.006560733,0.044330153,0.0360231,0.0360231,1
M472R,472,S29,M,R,a_5,1,Asciminib,5,18689,1698411,0.011003815,-0.294864692,0.033360498,0.036686821,0.787024987
M472R,472,S29,M,R,a_10,1,Asciminib,10,13493,1450953,0.009299405,-0.537658087,0.027856626,0.036686821,0.529525468
M472R,472,S29,M,R,a_50,1,Asciminib,50,11854,1311506,0.009038464,-0.578718894,0.015022639,0.036686821,0.210173665
M472R,472,S29,M,R,a_89,1,Asciminib,89,12578,1317239,0.009548761,-0.49948304,0.011064431,0.036686821,0.158055012
M472R,472,S29,M,R,a_128,1,Asciminib,128,11701,1178751,0.009926609,-0.443495612,0.008921727,0.036686821,0.135458927
M472R,472,S29,M,R,a_250,1,Asciminib,250,47971,5028356,0.009540096,-0.500792728,0.006445626,0.036686821,0.11333967
M472R,472,S29,M,R,a_363,1,Asciminib,363,15059,1407560,0.010698656,-0.3354389,0.006424256,0.036686821,0.113165416
M472R,472,S29,M,R,a_500,1,Asciminib,500,15056,1483951,0.010145888,-0.41197337,0.004781783,0.036686821,0.100543708
M472R,472,S29,M,R,a_638,1,Asciminib,638,9437,862155,0.010945828,-0.302487409,0.004017791,0.036686821,0.095162422
M472R,472,S29,M,R,a_750,1,Asciminib,750,10947,941415,0.01162824,-0.215235637,0.00519045,0.036686821,0.103546059
M472R,472,S29,M,R,a_1151,1,Asciminib,1151,9206,880135,0.010459759,-0.368018835,0.003331817,0.036686821,0.090576518
M472R,472,S29,M,R,a_2500,1,Asciminib,2500,28975,2498175,0.011598467,-0.21893433,0.004385013,0.036686821,0.097712069
M472R,472,S29,M,R,D0,1,D0,,13619,1009589,0.013489648,-0.00101577,,0.036686821,
M472R,472,S29,M,R,D0,1,D0,,13619,1009589,0.013489648,-0.00101577,,0.036686821,
M472R,472,S29,M,R,D0,2,D0,,20719,1533758,0.01350865,0.001015056,,0.036686821,
M472R,472,S29,M,R,D0,2,D0,,20719,1533758,0.01350865,0.001015056,,0.036686821,
M472R,472,S29,M,R,i_50,1,Imatinib,50,21854,1605903,0.013608543,0.011644162,0.037839015,0.036686821,1.086496132
M472R,472,S29,M,R,i_100,1,Imatinib,100,18865,1501070,0.012567702,-0.103147605,0.036268453,0.036686821,0.970326663
M472R,472,S29,M,R,i_200,1,Imatinib,200,17718,1625430,0.0109005,-0.308474113,0.029280614,0.036686821,0.586696905
M472R,472,S29,M,R,i_300,1,Imatinib,300,16168,1495698,0.010809669,-0.320546128,0.020699013,0.036686821,0.316281636
M472R,472,S29,M,R,i_444,1,Imatinib,444,14105,1159488,0.012164852,-0.150149672,0.014418801,0.036686821,0.201231866
M472R,472,S29,M,R,i_500,1,Imatinib,500,12908,1082233,0.011927191,-0.178614104,0.010046364,0.036686821,0.146883885
M472R,472,S29,M,R,i_579,1,Imatinib,579,18813,1434143,0.013117939,-0.041327407,0.00897746,0.036686821,0.13600359
M472R,472,S29,M,R,i_750,1,Imatinib,750,16465,1243646,0.013239298,-0.028041822,0.004269452,0.036686821,0.096902443
M472R,472,S29,M,R,i_1000,1,Imatinib,1000,17059,1149553,0.014839681,0.136591647,0.002442338,0.036686821,0.084957616
M472R,472,S29,M,R,i_1250,1,Imatinib,1250,15019,977748,0.015360809,0.186385725,0.001766882,0.036686821,0.080924743
M472R,472,S29,M,R,i_2500,1,Imatinib,2500,16917,1124752,0.015040649,0.155998368,-0.000219755,0.036686821,0.070139199
M472R,472,S29,M,R,i_5000,1,Imatinib,5000,10767,764852,0.014077233,0.060495364,-0.003644135,0.036686821,0.054812947
M472R,472,S29,M,R,N,1,None,0,24346,1673746,0.014545815,0.107735704,0.036686821,0.036686821,1
M472S,472,S29,M,S,a_5,1,Asciminib,5,27094,1698411,0.015952558,0.797048381,0.044790497,0.042326081,1.194153948
M472S,472,S29,M,S,a_10,1,Asciminib,10,26298,1450953,0.018124639,0.981212898,0.043755964,0.042326081,1.108437704
M472S,472,S29,M,S,a_50,1,Asciminib,50,16533,1311506,0.012606118,0.457384726,0.025868433,0.042326081,0.305761249
M472S,472,S29,M,S,a_89,1,Asciminib,89,13553,1317239,0.010288945,0.164355701,0.018013405,0.042326081,0.173684876
M472S,472,S29,M,S,a_128,1,Asciminib,128,11563,1178751,0.009809536,0.095517357,0.014564042,0.042326081,0.135488727
M472S,472,S29,M,S,a_250,1,Asciminib,250,38169,5028356,0.007590751,-0.274424803,0.008815215,0.042326081,0.089565743
M472S,472,S29,M,S,a_363,1,Asciminib,363,11418,1407560,0.00811191,-0.178625853,0.008065754,0.042326081,0.084860753
M472S,472,S29,M,S,a_500,1,Asciminib,500,10046,1483951,0.006769765,-0.439561674,0.004492992,0.042326081,0.065612936
M472S,472,S29,M,S,a_638,1,Asciminib,638,6635,862155,0.007695832,-0.254590197,0.004519173,0.042326081,0.065736733
M472S,472,S29,M,S,a_750,1,Asciminib,750,6888,941415,0.007316646,-0.327485096,0.004015437,0.042326081,0.063395248
M472S,472,S29,M,S,a_1151,1,Asciminib,1151,6743,880135,0.007661325,-0.26107363,0.004451305,0.042326081,0.065416295
M472S,472,S29,M,S,a_2500,1,Asciminib,2500,22422,2498175,0.008975352,-0.032698972,0.0063345,0.042326081,0.074915543
M472S,472,S29,M,S,D0,1,D0,,9363,1009589,0.009274071,0.014535268,,0.042326081,
M472S,472,S29,M,S,D0,1,D0,,9363,1009589,0.009274071,0.014535268,,0.042326081,
M472S,472,S29,M,S,D0,2,D0,,13939,1533758,0.009088135,-0.014683203,,0.042326081,
M472S,472,S29,M,S,D0,2,D0,,13939,1533758,0.009088135,-0.014683203,,0.042326081,
M472S,472,S29,M,S,i_50,1,Imatinib,50,23903,1605903,0.014884461,0.697067546,0.045013935,0.042326081,1.213520279
M472S,472,S29,M,S,i_100,1,Imatinib,100,24181,1501070,0.016109175,0.811143253,0.045839127,0.042326081,1.287805088
M472S,472,S29,M,S,i_200,1,Imatinib,200,28008,1625430,0.017231133,0.908278141,0.042017413,0.042326081,0.978021005
M472S,472,S29,M,S,i_300,1,Imatinib,300,26322,1495698,0.017598472,0.938710807,0.033880745,0.042326081,0.544403704
M472S,472,S29,M,S,i_444,1,Imatinib,444,21704,1159488,0.018718607,1.027733665,0.026748725,0.042326081,0.325768055
M472S,472,S29,M,S,i_500,1,Imatinib,500,20602,1082233,0.019036566,1.052033861,0.022928622,0.042326081,0.247432592
M472S,472,S29,M,S,i_579,1,Imatinib,579,27994,1434143,0.019519671,1.088189362,0.02080109,0.042326081,0.212290559
M472S,472,S29,M,S,i_750,1,Imatinib,750,19794,1243646,0.015916105,0.7937479,0.012871837,0.042326081,0.119946964
M472S,472,S29,M,S,i_1000,1,Imatinib,1000,16634,1149553,0.014469972,0.656322755,0.007882814,0.042326081,0.08375032
M472S,472,S29,M,S,i_1250,1,Imatinib,1250,12270,977748,0.012549246,0.450861265,0.004535376,0.042326081,0.065813467
M472S,472,S29,M,S,i_2500,1,Imatinib,2500,14023,1124752,0.012467637,0.441448693,0.002768301,0.042326081,0.057950842
M472S,472,S29,M,S,i_5000,1,Imatinib,5000,9774,764852,0.012778943,0.477029095,0.000716084,0.042326081,0.049990624
M472S,472,S29,M,S,N,1,None,0,24054,1673746,0.014371356,0.646456817,0.042326081,0.042326081,1
M472T,472,S29,M,T,a_5,1,Asciminib,5,19610,1698411,0.011546086,0.444750918,0.041102695,0.037857958,1.263165733
M472T,472,S29,M,T,a_10,1,Asciminib,10,17160,1450953,0.01182671,0.479395768,0.03850301,0.037857958,1.047539137
M472T,472,S29,M,T,a_50,1,Asciminib,50,11048,1311506,0.008423904,-0.01009218,0.020974947,0.037857958,0.29653893
M472T,472,S29,M,T,a_89,1,Asciminib,89,10122,1317239,0.007684255,-0.14267575,0.014799441,0.037857958,0.190098449
M472T,472,S29,M,T,a_128,1,Asciminib,128,8823,1178751,0.007485041,-0.180570802,0.011673988,0.037857958,0.151791743
M472T,472,S29,M,T,a_250,1,Asciminib,250,31507,5028356,0.006265865,-0.437067399,0.007112694,0.037857958,0.10929999
M472T,472,S29,M,T,a_363,1,Asciminib,363,9189,1407560,0.006528319,-0.377869646,0.005980097,0.037857958,0.10074064
M472T,472,S29,M,T,a_500,1,Asciminib,500,8140,1483951,0.005485356,-0.628995752,0.002510022,0.037857958,0.078469019
M472T,472,S29,M,T,a_638,1,Asciminib,638,4660,862155,0.005405061,-0.650270305,0.000377247,0.037857958,0.067298912
M472T,472,S29,M,T,a_750,1,Asciminib,750,5894,941415,0.006260788,-0.438236777,0.002856104,0.037857958,0.080448866
M472T,472,S29,M,T,a_1151,1,Asciminib,1151,5545,880135,0.00630017,-0.429190366,0.002691482,0.037857958,0.079500952
M472T,472,S29,M,T,a_2500,1,Asciminib,2500,17431,2498175,0.006977494,-0.281872202,0.003726188,0.037857958,0.08564988
M472T,472,S29,M,T,D0,1,D0,,8825,1009589,0.008741181,0.04324709,,0.037857958,
M472T,472,S29,M,T,D0,1,D0,,8825,1009589,0.008741181,0.04324709,,0.037857958,
M472T,472,S29,M,T,D0,2,D0,,12615,1533758,0.008224896,-0.04458366,,0.037857958,
M472T,472,S29,M,T,D0,2,D0,,12615,1533758,0.008224896,-0.04458366,,0.037857958,
M472T,472,S29,M,T,i_50,1,Imatinib,50,16385,1605903,0.010202982,0.266337922,0.040505115,0.037857958,1.209969708
M472T,472,S29,M,T,i_100,1,Imatinib,100,16652,1501070,0.01109342,0.38705121,0.041399789,0.037857958,1.290476859
M472T,472,S29,M,T,i_200,1,Imatinib,200,22103,1625430,0.013598248,0.680767773,0.039635865,0.037857958,1.136563587
M472T,472,S29,M,T,i_300,1,Imatinib,300,20411,1495698,0.013646471,0.685874963,0.031234094,0.037857958,0.620693283
M472T,472,S29,M,T,i_444,1,Imatinib,444,17040,1159488,0.014696142,0.79278445,0.024289309,0.037857958,0.376460274
M472T,472,S29,M,T,i_500,1,Imatinib,500,15777,1082233,0.014578192,0.781158767,0.020093138,0.037857958,0.278296817
M472T,472,S29,M,T,i_579,1,Imatinib,579,21659,1434143,0.015102399,0.832124754,0.01812064,0.037857958,0.241451446
M472T,472,S29,M,T,i_750,1,Imatinib,750,16785,1243646,0.013496606,0.669943655,0.011575871,0.037857958,0.150723195
M472T,472,S29,M,T,i_1000,1,Imatinib,1000,11685,1149553,0.010164821,0.260931754,0.003743914,0.037857958,0.085759262
M472T,472,S29,M,T,i_1250,1,Imatinib,1250,9895,977748,0.010120195,0.25458403,0.002480772,0.037857958,0.07830394
M472T,472,S29,M,T,i_2500,1,Imatinib,2500,9990,1124752,0.008881958,0.066296654,-0.00115874,0.037857958,0.06025304
M472T,472,S29,M,T,i_5000,1,Imatinib,5000,6658,764852,0.008704952,0.037255262,-0.003887409,0.037857958,0.049505751
M472T,472,S29,M,T,N,1,None,0,16533,1673746,0.009877843,0.219614928,0.037857958,0.037857958,1
M472V,472,S29,M,V,a_5,1,Asciminib,5,20623,1698411,0.012142526,0.334180669,0.03994526,0.038295622,1.126115299
M472V,472,S29,M,V,a_10,1,Asciminib,10,19805,1450953,0.01364965,0.502975988,0.038749844,0.038295622,1.033244628
M472V,472,S29,M,V,a_50,1,Asciminib,50,15184,1311506,0.01157753,0.265439564,0.023859176,0.038295622,0.353658292
M472V,472,S29,M,V,a_89,1,Asciminib,89,13881,1317239,0.010537951,0.129706447,0.017650702,0.038295622,0.226177701
M472V,472,S29,M,V,a_128,1,Asciminib,128,11435,1178751,0.009700946,0.010309445,0.013672097,0.038295622,0.169840787
M472V,472,S29,M,V,a_250,1,Asciminib,250,50106,5028356,0.009964688,0.049008651,0.012200873,0.038295622,0.152769972
M472V,472,S29,M,V,a_363,1,Asciminib,363,15027,1407560,0.010675921,0.14847267,0.011489778,0.038295622,0.145145176
M472V,472,S29,M,V,a_500,1,Asciminib,500,15517,1483951,0.010456545,0.118518278,0.010334898,0.038295622,0.133564319
M472V,472,S29,M,V,a_638,1,Asciminib,638,7558,862155,0.008766405,-0.135830671,0.005762332,0.038295622,0.096097024
M472V,472,S29,M,V,a_750,1,Asciminib,750,9497,941415,0.010088006,0.066753087,0.00814227,0.038295622,0.114058775
M472V,472,S29,M,V,a_1151,1,Asciminib,1151,9671,880135,0.010988087,0.19005232,0.009173631,0.038295622,0.122850959
M472V,472,S29,M,V,a_2500,1,Asciminib,2500,26172,2498175,0.010476448,0.121261707,0.007946139,0.038295622,0.112459426
M472V,472,S29,M,V,D0,1,D0,,9688,1009589,0.009595984,-0.005385252,,0.038295622,
M472V,472,S29,M,V,D0,1,D0,,9688,1009589,0.009595984,-0.005385252,,0.038295622,
M472V,472,S29,M,V,D0,2,D0,,14828,1533758,0.009667757,0.005365225,,0.038295622,
M472V,472,S29,M,V,D0,2,D0,,14828,1533758,0.009667757,0.005365225,,0.038295622,
M472V,472,S29,M,V,i_50,1,Imatinib,50,19041,1605903,0.011856881,0.299836569,0.040855775,0.038295622,1.202413694
M472V,472,S29,M,V,i_100,1,Imatinib,100,20824,1501070,0.013872771,0.526368035,0.042858138,0.038295622,1.388884832
M472V,472,S29,M,V,i_200,1,Imatinib,200,23198,1625430,0.014271916,0.567291077,0.038448006,0.038295622,1.011032037
M472V,472,S29,M,V,i_300,1,Imatinib,300,24891,1495698,0.016641728,0.788917359,0.032312728,0.038295622,0.650009417
M472V,472,S29,M,V,i_444,1,Imatinib,444,19818,1159488,0.017092027,0.82743556,0.024652032,0.038295622,0.374434447
M472V,472,S29,M,V,i_500,1,Imatinib,500,16154,1082233,0.014926545,0.63199238,0.018531684,0.038295622,0.240989102
M472V,472,S29,M,V,i_579,1,Imatinib,579,23709,1434143,0.016531824,0.779358004,0.017568285,0.038295622,0.224839536
M472V,472,S29,M,V,i_750,1,Imatinib,750,16990,1243646,0.013661444,0.504222041,0.009841119,0.038295622,0.128899244
M472V,472,S29,M,V,i_1000,1,Imatinib,1000,13497,1149553,0.011741085,0.285677864,0.004002953,0.038295622,0.084663371
M472V,472,S29,M,V,i_1250,1,Imatinib,1250,11516,977748,0.011778086,0.290217183,0.002853775,0.038295622,0.077940233
M472V,472,S29,M,V,i_2500,1,Imatinib,2500,13111,1124752,0.011656792,0.275282868,0.0010289,0.038295622,0.068343826
M472V,472,S29,M,V,i_5000,1,Imatinib,5000,8280,764852,0.010825624,0.168562231,-0.002512906,0.038295622,0.05296023
M472V,472,S29,M,V,N,1,None,0,19324,1673746,0.01154536,0.261425224,0.038295622,0.038295622,1
M472W,472,S29,M,W,a_5,1,Asciminib,5,6131,1698411,0.003609845,-0.168384806,0.034684472,0.039204983,0.722182945
M472W,472,S29,M,W,a_10,1,Asciminib,10,5266,1450953,0.003629339,-0.160614856,0.031803464,0.039204983,0.586894998
M472W,472,S29,M,W,a_50,1,Asciminib,50,4009,1311506,0.003056791,-0.40830358,0.016806524,0.039204983,0.199350821
M472W,472,S29,M,W,a_89,1,Asciminib,89,4577,1317239,0.003474692,-0.22343643,0.013954049,0.039204983,0.162339211
M472W,472,S29,M,W,a_128,1,Asciminib,128,4534,1178751,0.003846444,-0.076796194,0.012760287,0.039204983,0.148968839
M472W,472,S29,M,W,a_250,1,Asciminib,250,19676,5028356,0.003913009,-0.052043329,0.011143075,0.039204983,0.1325948
M472W,472,S29,M,W,a_363,1,Asciminib,363,5604,1407560,0.003981358,-0.027061056,0.009652314,0.039204983,0.119099956
M472W,472,S29,M,W,a_500,1,Asciminib,500,5907,1483951,0.00398059,-0.027339433,0.00880808,0.039204983,0.112076112
M472W,472,S29,M,W,a_638,1,Asciminib,638,4294,862155,0.004980543,0.295981433,0.010282483,0.039204983,0.124628244
M472W,472,S29,M,W,a_750,1,Asciminib,750,4409,941415,0.004683376,0.207227141,0.009612733,0.039204983,0.118761026
M472W,472,S29,M,W,a_1151,1,Asciminib,1151,4245,880135,0.004823124,0.249646229,0.009797452,0.039204983,0.120351069
M472W,472,S29,M,W,a_2500,1,Asciminib,2500,12954,2498175,0.005185385,0.354129611,0.010383769,0.039204983,0.125540433
M472W,472,S29,M,W,D0,1,D0,,4149,1009589,0.004109593,0.01867397,,0.039204983,
M472W,472,S29,M,W,D0,1,D0,,4149,1009589,0.004109593,0.01867397,,0.039204983,
M472W,472,S29,M,W,D0,2,D0,,6141,1533758,0.004003891,-0.018918856,,0.039204983,
M472W,472,S29,M,W,D0,2,D0,,6141,1533758,0.004003891,-0.018918856,,0.039204983,
M472W,472,S29,M,W,i_50,1,Imatinib,50,6997,1605903,0.00435705,0.103030148,0.038795631,0.039204983,0.970956765
M472W,472,S29,M,W,i_100,1,Imatinib,100,6280,1501070,0.004183682,0.044451713,0.037813503,0.039204983,0.904668612
M472W,472,S29,M,W,i_200,1,Imatinib,200,5951,1625430,0.003661185,-0.148010899,0.030960321,0.039204983,0.552326636
M472W,472,S29,M,W,i_300,1,Imatinib,300,5564,1495698,0.003720002,-0.125018077,0.022745774,0.039204983,0.305726901
M472W,472,S29,M,W,i_444,1,Imatinib,444,4534,1159488,0.003910347,-0.053025088,0.015435488,0.039204983,0.180612095
M472W,472,S29,M,W,i_500,1,Imatinib,500,3821,1082233,0.003530663,-0.200382471,0.009818496,0.039204983,0.120533556
M472W,472,S29,M,W,i_579,1,Imatinib,579,5199,1434143,0.003625162,-0.162276319,0.007711383,0.039204983,0.103566723
M472W,472,S29,M,W,i_750,1,Imatinib,750,5981,1243646,0.004809246,0.245489242,0.007132739,0.039204983,0.099340535
M472W,472,S29,M,W,i_1000,1,Imatinib,1000,6365,1149553,0.005536935,0.448765941,0.005710137,0.039204983,0.089669109
M472W,472,S29,M,W,i_1250,1,Imatinib,1250,5879,977748,0.006012797,0.567714603,0.005758581,0.039204983,0.089982421
M472W,472,S29,M,W,i_2500,1,Imatinib,2500,5580,1124752,0.004961094,0.2903366,0.00118648,0.039204983,0.064742836
M472W,472,S29,M,W,i_5000,1,Imatinib,5000,4152,764852,0.005428501,0.420232337,0.000121543,0.039204983,0.059964193
M472W,472,S29,M,W,N,1,None,0,8644,1673746,0.005164463,0.348296874,0.039204983,0.039204983,1
M472Y,472,S29,M,Y,a_5,1,Asciminib,5,447,1698411,0.000263187,-0.351451439,0.032768155,0.041428923,0.53602458
M472Y,472,S29,M,Y,a_10,1,Asciminib,10,501,1450953,0.00034529,0.040269165,0.033906291,0.041428923,0.581799458
M472Y,472,S29,M,Y,a_50,1,Asciminib,50,397,1311506,0.000302705,-0.149626051,0.019514325,0.041428923,0.20641821
M472Y,472,S29,M,Y,a_89,1,Asciminib,89,483,1317239,0.000366676,0.126965406,0.017622009,0.041428923,0.180126155
M472Y,472,S29,M,Y,a_128,1,Asciminib,128,472,1178751,0.000400424,0.253987214,0.016222883,0.041428923,0.162864803
M472Y,472,S29,M,Y,a_250,1,Asciminib,250,1528,5028356,0.000303877,-0.144054806,0.010179911,0.041428923,0.105406723
M472Y,472,S29,M,Y,a_363,1,Asciminib,363,504,1407560,0.000358066,0.092686662,0.010905817,0.041428923,0.111062341
M472Y,472,S29,M,Y,a_500,1,Asciminib,500,569,1483951,0.000383436,0.191444547,0.011098281,0.041428923,0.112612087
M472Y,472,S29,M,Y,a_638,1,Asciminib,638,560,862155,0.000649535,0.951867008,0.017148205,0.041428923,0.174084985
M472Y,472,S29,M,Y,a_750,1,Asciminib,750,529,941415,0.00056192,0.742824326,0.015219293,0.041428923,0.151511558
M472Y,472,S29,M,Y,a_1151,1,Asciminib,1151,511,880135,0.000580593,0.789985906,0.015453655,0.041428923,0.154089873
M472Y,472,S29,M,Y,a_2500,1,Asciminib,2500,854,2498175,0.00034185,0.025820876,0.006947078,0.041428923,0.08351802
M472Y,472,S29,M,Y,D0,1,D0,,262,1009589,0.000259512,-0.371741935,,0.041428923,
M472Y,472,S29,M,Y,D0,1,D0,,262,1009589,0.000259512,-0.371741935,,0.041428923,
M472Y,472,S29,M,Y,D0,2,D0,,632,1533758,0.00041206,0.295313039,,0.041428923,
M472Y,472,S29,M,Y,D0,2,D0,,632,1533758,0.00041206,0.295313039,,0.041428923,
M472Y,472,S29,M,Y,i_50,1,Imatinib,50,518,1605903,0.00032256,-0.057973306,0.037110269,0.041428923,0.732755571
M472Y,472,S29,M,Y,i_100,1,Imatinib,100,399,1501070,0.00026581,-0.33714316,0.033819019,0.041428923,0.578155119
M472Y,472,S29,M,Y,i_200,1,Imatinib,200,337,1625430,0.00020733,-0.695613486,0.025228091,0.041428923,0.311467613
M472Y,472,S29,M,Y,i_300,1,Imatinib,300,196,1495698,0.000131042,-1.357505903,0.009844257,0.041428923,0.102889884
M472Y,472,S29,M,Y,i_444,1,Imatinib,444,282,1159488,0.000243211,-0.465333377,0.0111195,0.041428923,0.112784265
M472Y,472,S29,M,Y,i_500,1,Imatinib,500,179,1082233,0.000165399,-1.021592202,0.001222183,0.041428923,0.055305368
M472Y,472,S29,M,Y,i_579,1,Imatinib,579,307,1434143,0.000214065,-0.649490879,0.002611286,0.041428923,0.061122831
M472Y,472,S29,M,Y,i_750,1,Imatinib,750,340,1243646,0.00027339,-0.296581789,0.001458412,0.041428923,0.056254076
M472Y,472,S29,M,Y,i_1000,1,Imatinib,1000,386,1149553,0.000335783,-1.28E-05,0.001012381,0.041428923,0.05447622
M472Y,472,S29,M,Y,i_1250,1,Imatinib,1250,153,977748,0.000156482,-1.101543583,-0.01171499,0.041428923,0.021788746
M472Y,472,S29,M,Y,i_2500,1,Imatinib,2500,456,1124752,0.000405423,0.271886241,0.000993344,0.041428923,0.054401603
M472Y,472,S29,M,Y,i_5000,1,Imatinib,5000,196,764852,0.000256259,-0.389939513,-0.008359227,0.041428923,0.027743692
M472Y,472,S29,M,Y,N,1,None,0,829,1673746,0.000495296,0.560750843,0.041428923,0.041428923,1
R473A,473,S29,R,A,a_5,1,Asciminib,5,4343,1698405,0.002557105,-0.061693251,0.035801305,0.035217376,1.042939196
R473A,473,S29,R,A,a_10,1,Asciminib,10,3463,1450942,0.002386725,-0.161172142,0.031797631,0.035217376,0.78174891
R473A,473,S29,R,A,a_50,1,Asciminib,50,2031,1311500,0.001548608,-0.785232248,0.012860885,0.035217376,0.199954112
R473A,473,S29,R,A,a_89,1,Asciminib,89,2312,1317237,0.001755189,-0.604578224,0.009964308,0.035217376,0.162314267
R473A,473,S29,R,A,a_128,1,Asciminib,128,2226,1178746,0.001888448,-0.499003962,0.008340673,0.035217376,0.144406554
R473A,473,S29,R,A,a_250,1,Asciminib,250,6360,5028335,0.001264832,-1.077258683,0.000411258,0.035217376,0.081590657
R473A,473,S29,R,A,a_363,1,Asciminib,363,2614,1407554,0.001857122,-0.52313581,0.00445947,0.035217376,0.109200544
R473A,473,S29,R,A,a_500,1,Asciminib,500,2132,1483938,0.001436718,-0.893428058,-0.00025802,0.035217376,0.077752192
R473A,473,S29,R,A,a_638,1,Asciminib,638,1534,862149,0.001779275,-0.584915325,0.001061374,0.035217376,0.085500575
R473A,473,S29,R,A,a_750,1,Asciminib,750,1707,941412,0.001813234,-0.557639769,0.001606209,0.035217376,0.088921259
R473A,473,S29,R,A,a_1151,1,Asciminib,1151,1528,880131,0.001736105,-0.620350314,0.000690445,0.035217376,0.083247345
R473A,473,S29,R,A,a_2500,1,Asciminib,2500,3738,2498161,0.001496301,-0.834804569,-0.002061834,0.035217376,0.068282406
R473A,473,S29,R,A,D0,1,D0,,2927,1009589,0.0028992,0.119449969,,0.035217376,
R473A,473,S29,R,A,D0,1,D0,,2927,1009589,0.0028992,0.119449969,,0.035217376,
R473A,473,S29,R,A,D0,2,D0,,3740,1533761,0.00243845,-0.1302401,,0.035217376,
R473A,473,S29,R,A,D0,2,D0,,3740,1533761,0.00243845,-0.1302401,,0.035217376,
R473A,473,S29,R,A,i_50,1,Imatinib,50,4112,1605887,0.002560579,-0.059734795,0.03709183,0.035217376,1.144491741
R473A,473,S29,R,A,i_100,1,Imatinib,100,4214,1501061,0.002807348,0.073003028,0.038112374,0.035217376,1.231754844
R473A,473,S29,R,A,i_200,1,Imatinib,200,3900,1625429,0.002399367,-0.153551095,0.030902327,0.035217376,0.732945781
R473A,473,S29,R,A,i_300,1,Imatinib,300,4067,1495696,0.002719135,0.026943334,0.024336486,0.035217376,0.456839058
R473A,473,S29,R,A,i_444,1,Imatinib,444,2754,1159482,0.002375199,-0.168156544,0.014230307,0.035217376,0.220673956
R473A,473,S29,R,A,i_500,1,Imatinib,500,2462,1082229,0.002274934,-0.230379724,0.009504489,0.035217376,0.157028507
R473A,473,S29,R,A,i_579,1,Imatinib,579,3541,1434132,0.002469089,-0.112225654,0.008235307,0.035217376,0.143315181
R473A,473,S29,R,A,i_750,1,Imatinib,750,3388,1243636,0.00272427,0.02966491,0.004873519,0.035217376,0.112504986
R473A,473,S29,R,A,i_1000,1,Imatinib,1000,2691,1149550,0.002340916,-0.189131507,-0.000967288,0.035217376,0.073881277
R473A,473,S29,R,A,i_1250,1,Imatinib,1250,2819,977744,0.002883168,0.111450115,0.000982466,0.035217376,0.08501619
R473A,473,S29,R,A,i_2500,1,Imatinib,2500,2418,1124749,0.002149813,-0.311993519,-0.005118631,0.035217376,0.054793017
R473A,473,S29,R,A,i_5000,1,Imatinib,5000,1845,764846,0.00241225,-0.145825062,-0.00580387,0.035217376,0.052155288
R473A,473,S29,R,A,N,1,None,0,4367,1673744,0.002609121,-0.032641032,0.035217376,0.035217376,1
R473C,473,S29,R,C,a_5,1,Asciminib,5,2988,1698405,0.001759298,-0.262775673,0.033696401,0.031182109,1.198450031
R473C,473,S29,R,C,a_10,1,Asciminib,10,2195,1450942,0.00151281,-0.480544208,0.028454487,0.031182109,0.821692731
R473C,473,S29,R,C,a_50,1,Asciminib,50,1408,1311500,0.00107358,-0.975345771,0.010870802,0.031182109,0.231676318
R473C,473,S29,R,C,a_89,1,Asciminib,89,1069,1317237,0.000811547,-1.379028386,0.001857468,0.031182109,0.121071484
R473C,473,S29,R,C,a_128,1,Asciminib,128,825,1178746,0.000699896,-1.592562148,-0.003106548,0.031182109,0.08468784
R473C,473,S29,R,C,a_250,1,Asciminib,250,4599,5028335,0.000914617,-1.206535869,-0.000941998,0.031182109,0.098970278
R473C,473,S29,R,C,a_363,1,Asciminib,363,1549,1407554,0.001100491,-0.939628425,9.97E-05,0.031182109,0.106678595
R473C,473,S29,R,C,a_500,1,Asciminib,500,1358,1483938,0.000915133,-1.205722635,-0.003527078,0.031182109,0.082162079
R473C,473,S29,R,C,a_638,1,Asciminib,638,833,862149,0.00096619,-1.127396025,-0.004617241,0.031182109,0.075959635
R473C,473,S29,R,C,a_750,1,Asciminib,750,876,941412,0.000930517,-1.181670671,-0.004926063,0.031182109,0.074289302
R473C,473,S29,R,C,a_1151,1,Asciminib,1151,716,880131,0.000813515,-1.375533983,-0.007214716,0.031182109,0.063003098
R473C,473,S29,R,C,a_2500,1,Asciminib,2500,2659,2498161,0.001064383,-0.987757978,-0.00366293,0.031182109,0.08136234
R473C,473,S29,R,C,D0,1,D0,,2207,1009589,0.002186038,0.050543235,,0.031182109,
R473C,473,S29,R,C,D0,1,D0,,2207,1009589,0.002186038,0.050543235,,0.031182109,
R473C,473,S29,R,C,D0,2,D0,,3122,1533761,0.002035519,-0.052378451,,0.031182109,
R473C,473,S29,R,C,D0,2,D0,,3122,1533761,0.002035519,-0.052378451,,0.031182109,
R473C,473,S29,R,C,i_50,1,Imatinib,50,2740,1605887,0.001706222,-0.306969784,0.034503807,0.031182109,1.270184657
R473C,473,S29,R,C,i_100,1,Imatinib,100,2442,1501061,0.001626849,-0.375694704,0.033415467,0.031182109,1.17445215
R473C,473,S29,R,C,i_200,1,Imatinib,200,2593,1625429,0.001595271,-0.403973631,0.028280938,0.031182109,0.811489108
R473C,473,S29,R,C,i_300,1,Imatinib,300,2347,1495696,0.001569169,-0.427774433,0.019576561,0.031182109,0.43361449
R473C,473,S29,R,C,i_444,1,Imatinib,444,1535,1159482,0.001323867,-0.673017066,0.008945495,0.031182109,0.201687426
R473C,473,S29,R,C,i_500,1,Imatinib,500,1714,1082229,0.001583768,-0.414413995,0.007578043,0.031182109,0.182776213
R473C,473,S29,R,C,i_579,1,Imatinib,579,1656,1434132,0.001154705,-0.870250443,0.000300405,0.031182109,0.108231519
R473C,473,S29,R,C,i_750,1,Imatinib,750,2428,1243636,0.00195234,-0.112571161,0.003384611,0.031182109,0.135143264
R473C,473,S29,R,C,i_1000,1,Imatinib,1000,1828,1149550,0.001590187,-0.408578445,-0.003264429,0.031182109,0.083730604
R473C,473,S29,R,C,i_1250,1,Imatinib,1250,1659,977744,0.001696763,-0.314990094,-0.003481453,0.031182109,0.082432422
R473C,473,S29,R,C,i_2500,1,Imatinib,2500,1872,1124749,0.001664371,-0.342797947,-0.005441087,0.031182109,0.071584972
R473C,473,S29,R,C,i_5000,1,Imatinib,5000,1410,764846,0.001843508,-0.195321334,-0.00632199,0.031182109,0.067185684
R473C,473,S29,R,C,N,1,None,0,2644,1673744,0.001579692,-0.418132005,0.031182109,0.031182109,1
R473D,473,S29,R,D,a_5,1,Asciminib,5,11812,1698405,0.00695476,0.130811681,0.037816421,0.036179041,1.12512184
R473D,473,S29,R,D,a_10,1,Asciminib,10,8884,1450942,0.006122919,-0.052969609,0.03293028,0.036179041,0.791432419
R473D,473,S29,R,D,a_50,1,Asciminib,50,5980,1311500,0.004559665,-0.478261475,0.016074214,0.036179041,0.235146258
R473D,473,S29,R,D,a_89,1,Asciminib,89,5745,1317237,0.004361402,-0.5423972,0.010615211,0.036179041,0.158722831
R473D,473,S29,R,D,a_128,1,Asciminib,128,5075,1178746,0.004305423,-0.561034204,0.007691348,0.036179041,0.128591587
R473D,473,S29,R,D,a_250,1,Asciminib,250,22225,5028335,0.004419952,-0.523158406,0.006211505,0.036179041,0.115594997
R473D,473,S29,R,D,a_363,1,Asciminib,363,6519,1407554,0.004631439,-0.455728748,0.005165078,0.036179041,0.107205756
R473D,473,S29,R,D,a_500,1,Asciminib,500,6457,1483938,0.00435126,-0.545755941,0.003381365,0.036179041,0.094285045
R473D,473,S29,R,D,a_638,1,Asciminib,638,3799,862149,0.004406431,-0.527578568,0.001661567,0.036179041,0.083304048
R473D,473,S29,R,D,a_750,1,Asciminib,750,4731,941412,0.00502543,-0.337942139,0.003905974,0.036179041,0.097914482
R473D,473,S29,R,D,a_1151,1,Asciminib,1151,3963,880131,0.004502739,-0.496386362,0.001988083,0.036179041,0.085285657
R473D,473,S29,R,D,a_2500,1,Asciminib,2500,11408,2498161,0.004566559,-0.476081628,0.00169323,0.036179041,0.083494172
R473D,473,S29,R,D,D0,1,D0,,6440,1009589,0.006378833,0.00610344,,0.036179041,
R473D,473,S29,R,D,D0,1,D0,,6440,1009589,0.006378833,0.00610344,,0.036179041,
R473D,473,S29,R,D,D0,2,D0,,9701,1533761,0.006324975,-0.006129371,,0.036179041,
R473D,473,S29,R,D,D0,2,D0,,9701,1533761,0.006324975,-0.006129371,,0.036179041,
R473D,473,S29,R,D,i_50,1,Imatinib,50,10419,1605887,0.006488003,0.03058538,0.038037289,0.036179041,1.143157127
R473D,473,S29,R,D,i_100,1,Imatinib,100,9920,1501061,0.006608659,0.057168363,0.037946619,0.036179041,1.135718627
R473D,473,S29,R,D,i_200,1,Imatinib,200,10718,1625429,0.006593952,0.053954125,0.033074464,0.036179041,0.799691236
R473D,473,S29,R,D,i_300,1,Imatinib,300,9538,1495696,0.006376964,0.005680654,0.024113911,0.036179041,0.419500989
R473D,473,S29,R,D,i_444,1,Imatinib,444,5688,1159482,0.004905639,-0.37274811,0.01208867,0.036179041,0.176487235
R473D,473,S29,R,D,i_500,1,Imatinib,500,5448,1082229,0.005034055,-0.335468254,0.008404436,0.036179041,0.135366199
R473D,473,S29,R,D,i_579,1,Imatinib,579,8277,1434132,0.005771435,-0.138259012,0.007962793,0.036179041,0.131129502
R473D,473,S29,R,D,i_750,1,Imatinib,750,6976,1243636,0.005609358,-0.179353396,0.002685543,0.036179041,0.089677815
R473D,473,S29,R,D,i_1000,1,Imatinib,1000,6445,1149550,0.005606542,-0.180078011,-0.000872517,0.036179041,0.06941084
R473D,473,S29,R,D,i_1250,1,Imatinib,1250,5299,977744,0.005419619,-0.228997707,-0.002581296,0.036179041,0.061375514
R473D,473,S29,R,D,i_2500,1,Imatinib,2500,6429,1124749,0.005715942,-0.152197885,-0.003445912,0.036179041,0.057671244
R473D,473,S29,R,D,i_5000,1,Imatinib,5000,4579,764846,0.005986826,-0.085397785,-0.005171325,0.036179041,0.05093391
R473D,473,S29,R,D,N,1,None,0,11077,1673744,0.006618097,0.059227267,0.036179041,0.036179041,1
R473E,473,S29,R,E,a_5,1,Asciminib,5,2557,1698405,0.00150553,-0.209300272,0.034256175,0.034122836,1.009646601
R473E,473,S29,R,E,a_10,1,Asciminib,10,1493,1450942,0.001028987,-0.758347594,0.025546478,0.034122836,0.539292185
R473E,473,S29,R,E,a_50,1,Asciminib,50,787,1311500,0.000600076,-1.536354176,0.004998241,0.034122836,0.122827933
R473E,473,S29,R,E,a_89,1,Asciminib,89,848,1317237,0.000643772,-1.434950681,0.001272081,0.034122836,0.093925403
R473E,473,S29,R,E,a_128,1,Asciminib,128,853,1178746,0.00072365,-1.266207137,0.000309693,0.034122836,0.087637497
R473E,473,S29,R,E,a_250,1,Asciminib,250,3525,5028335,0.000701027,-1.31202942,-0.002046291,0.034122836,0.073963975
R473E,473,S29,R,E,a_363,1,Asciminib,363,823,1407554,0.000584702,-1.573797845,-0.006538719,0.034122836,0.053523634
R473E,473,S29,R,E,a_500,1,Asciminib,500,1141,1483938,0.0007689,-1.178703934,-0.00324425,0.034122836,0.067851745
R473E,473,S29,R,E,a_638,1,Asciminib,638,622,862149,0.000721453,-1.270594552,-0.006116224,0.034122836,0.055176819
R473E,473,S29,R,E,a_750,1,Asciminib,750,682,941412,0.000724444,-1.264626413,-0.005794432,0.034122836,0.056470137
R473E,473,S29,R,E,a_1151,1,Asciminib,1151,743,880131,0.000844193,-1.043927971,-0.003743509,0.034122836,0.065456017
R473E,473,S29,R,E,a_2500,1,Asciminib,2500,1922,2498161,0.000769366,-1.177830031,-0.005652579,0.034122836,0.057049848
R473E,473,S29,R,E,D0,1,D0,,1734,1009589,0.001717531,-0.019236107,,0.034122836,
R473E,473,S29,R,E,D0,1,D0,,1734,1009589,0.001717531,-0.019236107,,0.034122836,
R473E,473,S29,R,E,D0,2,D0,,2705,1533761,0.001763639,0.018982994,,0.034122836,
R473E,473,S29,R,E,D0,2,D0,,2705,1533761,0.001763639,0.018982994,,0.034122836,
R473E,473,S29,R,E,i_50,1,Imatinib,50,2571,1605887,0.001600984,-0.120612678,0.036454568,0.034122836,1.182800229
R473E,473,S29,R,E,i_100,1,Imatinib,100,1959,1501061,0.001305077,-0.415437118,0.032999448,0.034122836,0.922300744
R473E,473,S29,R,E,i_200,1,Imatinib,200,2165,1625429,0.001331956,-0.386025423,0.028468817,0.034122836,0.665584694
R473E,473,S29,R,E,i_300,1,Imatinib,300,2250,1495696,0.001504316,-0.210463885,0.021851339,0.034122836,0.413313948
R473E,473,S29,R,E,i_444,1,Imatinib,444,1541,1159482,0.001329042,-0.389185471,0.011916606,0.034122836,0.202129121
R473E,473,S29,R,E,i_500,1,Imatinib,500,1780,1082229,0.001644754,-0.081700474,0.011060843,0.034122836,0.190050869
R473E,473,S29,R,E,i_579,1,Imatinib,579,1608,1434132,0.001121236,-0.634482321,0.002768394,0.034122836,0.104609612
R473E,473,S29,R,E,i_750,1,Imatinib,750,1418,1243636,0.001140205,-0.610278661,-0.001825325,0.034122836,0.075150119
R473E,473,S29,R,E,i_1000,1,Imatinib,1000,1570,1149550,0.001365752,-0.349876568,-0.002649946,0.034122836,0.070818125
R473E,473,S29,R,E,i_1250,1,Imatinib,1250,1419,977744,0.0014513,-0.262226002,-0.002929126,0.034122836,0.069408825
R473E,473,S29,R,E,i_2500,1,Imatinib,2500,1758,1124749,0.001563015,-0.155239923,-0.003477755,0.034122836,0.06672053
R473E,473,S29,R,E,i_5000,1,Imatinib,5000,842,764846,0.001100875,-0.660920969,-0.011195824,0.034122836,0.038275565
R473E,473,S29,R,E,N,1,None,0,2649,1673744,0.001582679,-0.137202949,0.034122836,0.034122836,1
R473F,473,S29,R,F,a_5,1,Asciminib,5,3693,1698405,0.002174393,-0.174712596,0.034618234,0.036902203,0.848363756
R473F,473,S29,R,F,a_10,1,Asciminib,10,2621,1450942,0.001806413,-0.442197831,0.028855892,0.036902203,0.560271149
R473F,473,S29,R,F,a_50,1,Asciminib,50,2350,1311500,0.001791841,-0.453882385,0.016329411,0.036902203,0.227355358
R473F,473,S29,R,F,a_89,1,Asciminib,89,1740,1317237,0.001320947,-0.89375297,0.006937266,0.036902203,0.11561663
R473F,473,S29,R,F,a_128,1,Asciminib,128,1944,1178746,0.00164921,-0.573549991,0.007560335,0.036902203,0.120921403
R473F,473,S29,R,F,a_250,1,Asciminib,250,7771,5028335,0.001545442,-0.667305842,0.004702589,0.036902203,0.098433687
R473F,473,S29,R,F,a_363,1,Asciminib,363,1879,1407554,0.00133494,-0.878550539,0.000739037,0.036902203,0.073995723
R473F,473,S29,R,F,a_500,1,Asciminib,500,1788,1483938,0.001204902,-1.026409414,-0.001650051,0.036902203,0.062301967
R473F,473,S29,R,F,a_638,1,Asciminib,638,1237,862149,0.001434787,-0.774488962,-0.000923058,0.036902203,0.065649929
R473F,473,S29,R,F,a_750,1,Asciminib,750,1387,941412,0.001473319,-0.736255695,-0.000263518,0.036902203,0.068842641
R473F,473,S29,R,F,a_1151,1,Asciminib,1151,1301,880131,0.001478189,-0.73149455,-0.000472998,0.036902203,0.067812112
R473F,473,S29,R,F,a_2500,1,Asciminib,2500,5251,2498161,0.002101946,-0.223599597,0.004336178,0.036902203,0.0958708
R473F,473,S29,R,F,D0,1,D0,,2615,1009589,0.002590163,0.077717515,,0.036902203,
R473F,473,S29,R,F,D0,1,D0,,2615,1009589,0.002590163,0.077717515,,0.036902203,
R473F,473,S29,R,F,D0,2,D0,,3556,1533761,0.002318484,-0.082143701,,0.036902203,
R473F,473,S29,R,F,D0,2,D0,,3556,1533761,0.002318484,-0.082143701,,0.036902203,
R473F,473,S29,R,F,i_50,1,Imatinib,50,3529,1605887,0.002197539,-0.159436284,0.036048168,0.036902203,0.940361856
R473F,473,S29,R,F,i_100,1,Imatinib,100,3364,1501061,0.002241081,-0.131130235,0.035975535,0.036902203,0.935456985
R473F,473,S29,R,F,i_200,1,Imatinib,200,2994,1625429,0.001841975,-0.414071652,0.028175233,0.036902203,0.533475649
R473F,473,S29,R,F,i_300,1,Imatinib,300,2798,1495696,0.001870701,-0.391746349,0.019953698,0.036902203,0.295143874
R473F,473,S29,R,F,i_444,1,Imatinib,444,2002,1159482,0.001726633,-0.507363784,0.010679531,0.036902203,0.151369356
R473F,473,S29,R,F,i_500,1,Imatinib,500,1700,1082229,0.001570832,-0.643796394,0.005176898,0.036902203,0.10185328
R473F,473,S29,R,F,i_579,1,Imatinib,579,2329,1434132,0.001623979,-0.595792513,0.003173394,0.036902203,0.088171256
R473F,473,S29,R,F,i_750,1,Imatinib,750,2480,1243636,0.001994153,-0.299549499,0.001427347,0.036902203,0.077755215
R473F,473,S29,R,F,i_1000,1,Imatinib,1000,2430,1149550,0.002113871,-0.215438239,-0.001242663,0.036902203,0.064156467
R473F,473,S29,R,F,i_1250,1,Imatinib,1250,2781,977744,0.002844303,0.212749727,0.002042856,0.036902203,0.081278565
R473F,473,S29,R,F,i_2500,1,Imatinib,2500,3659,1124749,0.00325317,0.406520997,0.002402683,0.036902203,0.083411803
R473F,473,S29,R,F,i_5000,1,Imatinib,5000,1925,764846,0.002516847,0.036291913,-0.003897494,0.036902203,0.052993917
R473F,473,S29,R,F,N,1,None,0,4490,1673744,0.002682609,0.128311227,0.036902203,0.036902203,1
R473G,473,S29,R,G,a_5,1,Asciminib,5,2725,1698405,0.001604447,-0.470755117,0.0315193,0.031687613,0.9879546
R473G,473,S29,R,G,a_10,1,Asciminib,10,2011,1450942,0.001385996,-0.681907592,0.026346642,0.031687613,0.680756948
R473G,473,S29,R,G,a_50,1,Asciminib,50,2054,1311500,0.001566146,-0.505612449,0.015787907,0.031687613,0.318294308
R473G,473,S29,R,G,a_89,1,Asciminib,89,1814,1317237,0.001377125,-0.691171309,0.009057863,0.031687613,0.196058538
R473G,473,S29,R,G,a_128,1,Asciminib,128,1375,1178746,0.001166494,-0.93065208,0.003822238,0.031687613,0.134484407
R473G,473,S29,R,G,a_250,1,Asciminib,250,5788,5028335,0.001151077,-0.94984667,0.00174499,0.031687613,0.115802526
R473G,473,S29,R,G,a_363,1,Asciminib,363,2014,1407554,0.001430851,-0.635957412,0.003278469,0.031687613,0.129320895
R473G,473,S29,R,G,a_500,1,Asciminib,500,1301,1483938,0.000876721,-1.342640678,-0.004960317,0.031687613,0.0714576
R473G,473,S29,R,G,a_638,1,Asciminib,638,1011,862149,0.001172651,-0.923056954,-0.002478247,0.031687613,0.085439908
R473G,473,S29,R,G,a_750,1,Asciminib,750,1396,941412,0.001482879,-0.58443003,0.001325772,0.031687613,0.112359406
R473G,473,S29,R,G,a_1151,1,Asciminib,1151,956,880131,0.001086202,-1.033538478,-0.003634753,0.031687613,0.078613614
R473G,473,S29,R,G,a_2500,1,Asciminib,2500,3830,2498161,0.001533128,-0.536352889,0.001062318,0.031687613,0.110248181
R473G,473,S29,R,G,D0,1,D0,,2247,1009589,0.002225658,0.001401205,,0.031687613,
R473G,473,S29,R,G,D0,1,D0,,2247,1009589,0.002225658,0.001401205,,0.031687613,
R473G,473,S29,R,G,D0,2,D0,,3407,1533761,0.002221337,-0.001402567,,0.031687613,
R473G,473,S29,R,G,D0,2,D0,,3407,1533761,0.002221337,-0.001402567,,0.031687613,
R473G,473,S29,R,G,i_50,1,Imatinib,50,3091,1605887,0.001924793,-0.208127549,0.035538474,0.031687613,1.319512015
R473G,473,S29,R,G,i_100,1,Imatinib,100,2567,1501061,0.001710124,-0.378730134,0.033383692,0.031687613,1.129887051
R473G,473,S29,R,G,i_200,1,Imatinib,200,2839,1625429,0.001746616,-0.348268514,0.028864051,0.031687613,0.816036269
R473G,473,S29,R,G,i_300,1,Imatinib,300,2535,1495696,0.001694863,-0.391662054,0.019954581,0.031687613,0.429652579
R473G,473,S29,R,G,i_444,1,Imatinib,444,2499,1159482,0.002155273,-0.044960345,0.015519908,0.031687613,0.3122114
R473G,473,S29,R,G,i_500,1,Imatinib,500,1903,1082229,0.001758408,-0.338561068,0.008372061,0.031687613,0.186612727
R473G,473,S29,R,G,i_579,1,Imatinib,579,2282,1434132,0.001591206,-0.48270985,0.004357128,0.031687613,0.139764704
R473G,473,S29,R,G,i_750,1,Imatinib,750,2421,1243636,0.001946711,-0.191792029,0.002555337,0.031687613,0.122760021
R473G,473,S29,R,G,i_1000,1,Imatinib,1000,2453,1149550,0.002133878,-0.059352807,0.000391218,0.031687613,0.105047728
R473G,473,S29,R,G,i_1250,1,Imatinib,1250,1823,977744,0.001864496,-0.254044945,-0.002843488,0.031687613,0.083222356
R473G,473,S29,R,G,i_2500,1,Imatinib,2500,1865,1124749,0.001658148,-0.423258277,-0.006283335,0.031687613,0.06496489
R473G,473,S29,R,G,i_5000,1,Imatinib,5000,1567,764846,0.002048778,-0.118066842,-0.0055133,0.031687613,0.068668426
R473G,473,S29,R,G,N,1,None,0,2880,1673744,0.001720693,-0.369840896,0.031687613,0.031687613,1
R473H,473,S29,R,H,a_5,1,Asciminib,5,6909,1698405,0.004067934,-0.108823697,0.03530795,0.033553313,1.13466095
R473H,473,S29,R,H,a_10,1,Asciminib,10,7801,1450942,0.005376507,0.293549138,0.036557592,0.033553313,1.241484847
R473H,473,S29,R,H,a_50,1,Asciminib,50,7885,1311500,0.0060122,0.454772863,0.025841092,0.033553313,0.573911608
R473H,473,S29,R,H,a_89,1,Asciminib,89,5102,1317237,0.003873259,-0.179572128,0.014413215,0.033553313,0.252060275
R473H,473,S29,R,H,a_128,1,Asciminib,128,3740,1178746,0.003172863,-0.46733469,0.008672182,0.033553313,0.166719689
R473H,473,S29,R,H,a_250,1,Asciminib,250,11915,5028335,0.002369572,-0.888493807,0.002387223,0.033553313,0.106037928
R473H,473,S29,R,H,a_363,1,Asciminib,363,4808,1407554,0.003415855,-0.36087346,0.006158011,0.033553313,0.139113972
R473H,473,S29,R,H,a_500,1,Asciminib,500,3093,1483938,0.002084319,-1.073544068,-0.00214345,0.033553313,0.07652277
R473H,473,S29,R,H,a_638,1,Asciminib,638,1723,862149,0.001998494,-1.134206512,-0.004688533,0.033553313,0.063710056
R473H,473,S29,R,H,a_750,1,Asciminib,750,2140,941412,0.002273181,-0.948407436,-0.002484294,0.033553313,0.074667698
R473H,473,S29,R,H,a_1151,1,Asciminib,1151,2299,880131,0.002612111,-0.747903797,-0.000644768,0.033553313,0.085241934
R473H,473,S29,R,H,a_2500,1,Asciminib,2500,8585,2498161,0.003436528,-0.352168409,0.002990336,0.033553313,0.110743973
R473H,473,S29,R,H,D0,1,D0,,4336,1009594,0.004294796,-0.03053057,,0.033553313,
R473H,473,S29,R,H,D0,1,D0,,4336,1009594,0.004294796,-0.03053057,,0.033553313,
R473H,473,S29,R,H,D0,2,D0,,6869,1533770,0.004478507,0.029897843,,0.033553313,
R473H,473,S29,R,H,D0,2,D0,,6869,1533770,0.004478507,0.029897843,,0.033553313,
R473H,473,S29,R,H,i_50,1,Imatinib,50,6248,1605887,0.003890685,-0.173096011,0.03590518,0.033553313,1.184516204
R473H,473,S29,R,H,i_100,1,Imatinib,100,7709,1501061,0.005135701,0.227441037,0.039729011,0.033553313,1.559944514
R473H,473,S29,R,H,i_200,1,Imatinib,200,6391,1625433,0.003931875,-0.157902487,0.030856777,0.033553313,0.823533909
R473H,473,S29,R,H,i_300,1,Imatinib,300,5967,1495699,0.003989439,-0.136934179,0.022621038,0.033553313,0.45515203
R473H,473,S29,R,H,i_444,1,Imatinib,444,4473,1159482,0.003857757,-0.18535775,0.014050247,0.033553313,0.245558342
R473H,473,S29,R,H,i_500,1,Imatinib,500,4557,1082229,0.004210754,-0.059041521,0.011298034,0.033553313,0.201416561
R473H,473,S29,R,H,i_579,1,Imatinib,579,5004,1434132,0.003489219,-0.330216114,0.005953412,0.033553313,0.137079688
R473H,473,S29,R,H,i_750,1,Imatinib,750,4477,1243636,0.003599928,-0.285152051,0.001578057,0.033553313,0.100036676
R473H,473,S29,R,H,i_1000,1,Imatinib,1000,4922,1149552,0.004281668,-0.034947155,0.000646693,0.033553313,0.093548373
R473H,473,S29,R,H,i_1250,1,Imatinib,1250,3386,977745,0.003463071,-0.34106827,-0.003754436,0.033553313,0.068142246
R473H,473,S29,R,H,i_2500,1,Imatinib,2500,4678,1124749,0.00415915,-0.076831307,-0.002656984,0.033553313,0.073745051
R473H,473,S29,R,H,i_5000,1,Imatinib,5000,2521,764846,0.003296088,-0.412365166,-0.008593976,0.033553313,0.048093668
R473H,473,S29,R,H,N,1,None,0,6429,1673750,0.003841075,-0.19160979,0.033553313,0.033553313,1
R473I,473,S29,R,I,a_5,1,Asciminib,5,8297,1698405,0.004885172,0.028659589,0.036747107,0.03611268,1.046738078
R473I,473,S29,R,I,a_10,1,Asciminib,10,5325,1450942,0.00367003,-0.383957998,0.029465538,0.03611268,0.619653905
R473I,473,S29,R,I,a_50,1,Asciminib,50,4465,1311500,0.003404499,-0.492307306,0.015927184,0.03611268,0.233784461
R473I,473,S29,R,I,a_89,1,Asciminib,89,3985,1317237,0.003025272,-0.662684891,0.009356055,0.03611268,0.145660465
R473I,473,S29,R,I,a_128,1,Asciminib,128,4659,1178746,0.003952505,-0.276982218,0.010664767,0.03611268,0.160053083
R473I,473,S29,R,I,a_250,1,Asciminib,250,18079,5028335,0.003595425,-0.413587467,0.007358479,0.03611268,0.126147624
R473I,473,S29,R,I,a_363,1,Asciminib,363,5915,1407554,0.004202325,-0.188561776,0.007961746,0.03611268,0.131747614
R473I,473,S29,R,I,a_500,1,Asciminib,500,6202,1483938,0.00417942,-0.196446964,0.007037885,0.03611268,0.123269132
R473I,473,S29,R,I,a_638,1,Asciminib,638,3643,862149,0.004225488,-0.180631807,0.005293359,0.03611268,0.108718745
R473I,473,S29,R,I,a_750,1,Asciminib,750,3193,941412,0.003391714,-0.497735269,0.002233281,0.03611268,0.087220431
R473I,473,S29,R,I,a_1151,1,Asciminib,1151,4272,880131,0.004853823,0.019371796,0.00738697,0.03611268,0.126406664
R473I,473,S29,R,I,a_2500,1,Asciminib,2500,10447,2498161,0.004181876,-0.195599324,0.004629281,0.03611268,0.103642818
R473I,473,S29,R,I,D0,1,D0,,5034,1009589,0.004986187,0.058187446,,0.03611268,
R473I,473,S29,R,I,D0,1,D0,,5034,1009589,0.004986187,0.058187446,,0.03611268,
R473I,473,S29,R,I,D0,2,D0,,7043,1533761,0.00459198,-0.060633282,,0.03611268,
R473I,473,S29,R,I,D0,2,D0,,7043,1533761,0.00459198,-0.060633282,,0.03611268,
R473I,473,S29,R,I,i_50,1,Imatinib,50,8060,1605887,0.005019033,0.067659786,0.038425379,0.03611268,1.181180494
R473I,473,S29,R,I,i_100,1,Imatinib,100,6793,1501061,0.004525466,-0.081683426,0.036493137,0.03611268,1.027771583
R473I,473,S29,R,I,i_200,1,Imatinib,200,6774,1625429,0.004167515,-0.200562226,0.030410221,0.03611268,0.663267409
R473I,473,S29,R,I,i_300,1,Imatinib,300,5175,1495696,0.003459928,-0.469007788,0.019144936,0.03611268,0.294735319
R473I,473,S29,R,I,i_444,1,Imatinib,444,3715,1159482,0.003204017,-0.579867886,0.009920568,0.03611268,0.151702785
R473I,473,S29,R,I,i_500,1,Imatinib,500,3720,1082229,0.00343735,-0.478452858,0.006907692,0.03611268,0.122119025
R473I,473,S29,R,I,i_579,1,Imatinib,579,5126,1434132,0.003574287,-0.422094013,0.004991646,0.03611268,0.106382478
R473I,473,S29,R,I,i_750,1,Imatinib,750,4282,1243636,0.00344313,-0.476029162,-0.000420019,0.03611268,0.07205293
R473I,473,S29,R,I,i_1000,1,Imatinib,1000,4331,1149550,0.003767561,-0.346118719,-0.002610609,0.03611268,0.061539453
R473I,473,S29,R,I,i_1250,1,Imatinib,1250,4057,977744,0.004149348,-0.206865054,-0.002349615,0.03611268,0.062706811
R473I,473,S29,R,I,i_2500,1,Imatinib,2500,4417,1124749,0.003927098,-0.286285925,-0.004849527,0.03611268,0.052377462
R473I,473,S29,R,I,i_5000,1,Imatinib,5000,3112,764846,0.004068793,-0.235148812,-0.006738899,0.03611268,0.045715694
R473I,473,S29,R,I,N,1,None,0,8315,1673744,0.004967904,0.052887706,0.03611268,0.03611268,1
R473K,473,S29,R,K,a_5,1,Asciminib,5,4222,1698405,0.002485862,-0.755014241,0.028543714,0.030168722,0.889584711
R473K,473,S29,R,K,a_10,1,Asciminib,10,3301,1450942,0.002275074,-0.882847007,0.024243235,0.030168722,0.652701729
R473K,473,S29,R,K,a_50,1,Asciminib,50,2214,1311500,0.001688143,-1.313322881,0.007332903,0.030168722,0.193171104
R473K,473,S29,R,K,a_89,1,Asciminib,89,1881,1317237,0.001427989,-1.554775389,1.78E-05,0.030168722,0.11407851
R473K,473,S29,R,K,a_128,1,Asciminib,128,1886,1178746,0.001600005,-1.390683495,-0.000993309,0.030168722,0.10606892
R473K,473,S29,R,K,a_250,1,Asciminib,250,7590,5028335,0.001509446,-1.474741179,-0.003749536,0.030168722,0.086976743
R473K,473,S29,R,K,a_363,1,Asciminib,363,2166,1407554,0.00153884,-1.446917324,-0.005210551,0.030168722,0.078292176
R473K,473,S29,R,K,a_500,1,Asciminib,500,2386,1483938,0.001607884,-1.383597069,-0.005389043,0.030168722,0.077292444
R473K,473,S29,R,K,a_638,1,Asciminib,638,1264,862149,0.001466104,-1.516772961,-0.008693187,0.030168722,0.060928306
R473K,473,S29,R,K,a_750,1,Asciminib,750,1530,941412,0.001625218,-1.368126791,-0.00687786,0.030168722,0.069435717
R473K,473,S29,R,K,a_1151,1,Asciminib,1151,1638,880131,0.001861087,-1.172615117,-0.005090589,0.030168722,0.078971335
R473K,473,S29,R,K,a_2500,1,Asciminib,2500,5415,2498161,0.002167594,-0.952665416,-0.003295586,0.030168722,0.089866493
R473K,473,S29,R,K,D0,1,D0,,4249,1009589,0.004208643,0.004594951,,0.030168722,
R473K,473,S29,R,K,D0,1,D0,,4249,1009589,0.004208643,0.004594951,,0.030168722,
R473K,473,S29,R,K,D0,2,D0,,6414,1533761,0.004181877,-0.004609633,,0.030168722,
R473K,473,S29,R,K,D0,2,D0,,6414,1533761,0.004181877,-0.004609633,,0.030168722,
R473K,473,S29,R,K,i_50,1,Imatinib,50,4494,1605887,0.002798453,-0.584130551,0.031602525,0.030168722,1.108750678
R473K,473,S29,R,K,i_100,1,Imatinib,100,5153,1501061,0.003432905,-0.28933031,0.034319518,0.030168722,1.348317215
R473K,473,S29,R,K,i_200,1,Imatinib,200,4611,1625429,0.00283679,-0.564501169,0.026600557,0.030168722,0.77343947
R473K,473,S29,R,K,i_300,1,Imatinib,300,4597,1495696,0.003073486,-0.448884607,0.019355583,0.030168722,0.459073018
R473K,473,S29,R,K,i_444,1,Imatinib,444,3406,1159482,0.002937519,-0.514162284,0.010608366,0.030168722,0.244547518
R473K,473,S29,R,K,i_500,1,Imatinib,500,3088,1082229,0.00285337,-0.556093349,0.006094962,0.030168722,0.176698447
R473K,473,S29,R,K,i_579,1,Imatinib,579,3704,1434132,0.002582747,-0.699854016,0.002084092,0.030168722,0.132378063
R473K,473,S29,R,K,i_750,1,Imatinib,750,3701,1243636,0.002975951,-0.495409445,-0.000622889,0.030168722,0.108935864
R473K,473,S29,R,K,i_1000,1,Imatinib,1000,3340,1149550,0.002905485,-0.529981411,-0.004535259,0.030168722,0.082192878
R473K,473,S29,R,K,i_1250,1,Imatinib,1250,3275,977744,0.003349548,-0.324794072,-0.00358408,0.030168722,0.088019076
R473K,473,S29,R,K,i_2500,1,Imatinib,2500,4203,1124749,0.003736834,-0.166943924,-0.003600271,0.030168722,0.087916527
R473K,473,S29,R,K,i_5000,1,Imatinib,5000,2452,764846,0.003205874,-0.388042516,-0.008339369,0.030168722,0.062500386
R473K,473,S29,R,K,N,1,None,0,4914,1673744,0.002935933,-0.514941322,0.030168722,0.030168722,1
R473L,473,S29,R,L,a_5,1,Asciminib,5,6964,1698405,0.004100318,-0.425929149,0.031988533,0.033558566,0.893112814
R473L,473,S29,R,L,a_10,1,Asciminib,10,4838,1450942,0.003334386,-0.724243909,0.025903471,0.033558566,0.576277014
R473L,473,S29,R,L,a_50,1,Asciminib,50,3674,1311500,0.002801372,-0.97553101,0.010868863,0.033558566,0.195214058
R473L,473,S29,R,L,a_89,1,Asciminib,89,3928,1317237,0.002981999,-0.88538484,0.007024862,0.033558566,0.148017222
R473L,473,S29,R,L,a_128,1,Asciminib,128,3483,1178746,0.002954835,-0.898587231,0.004157889,0.033558566,0.120410475
R473L,473,S29,R,L,a_250,1,Asciminib,250,11797,5028335,0.002346105,-1.231397476,-0.001202246,0.033558566,0.081857245
R473L,473,S29,R,L,a_363,1,Asciminib,363,4391,1407554,0.003119596,-0.820305566,0.001348737,0.033558566,0.098361319
R473L,473,S29,R,L,a_500,1,Asciminib,500,3904,1483938,0.002630838,-1.066142592,-0.002065973,0.033558566,0.076921739
R473L,473,S29,R,L,a_638,1,Asciminib,638,1985,862149,0.002302386,-1.258534949,-0.005989986,0.033558566,0.057989361
R473L,473,S29,R,L,a_750,1,Asciminib,750,2502,941412,0.00265771,-1.051481187,-0.003563257,0.033558566,0.069060579
R473L,473,S29,R,L,a_1151,1,Asciminib,1151,2407,880131,0.00273482,-1.010218864,-0.003390647,0.033558566,0.069924214
R473L,473,S29,R,L,a_2500,1,Asciminib,2500,9717,2498161,0.003889661,-0.502020318,0.001421707,0.033558566,0.098879451
R473L,473,S29,R,L,D0,1,D0,,5606,1009594,0.005552727,0.011531674,,0.033558566,
R473L,473,S29,R,L,D0,1,D0,,5606,1009594,0.005552727,0.011531674,,0.033558566,
R473L,473,S29,R,L,D0,2,D0,,8381,1533770,0.005464313,-0.011624592,,0.033558566,
R473L,473,S29,R,L,D0,2,D0,,8381,1533770,0.005464313,-0.011624592,,0.033558566,
R473L,473,S29,R,L,i_50,1,Imatinib,50,7299,1605887,0.004545152,-0.277336387,0.034814005,0.033558566,1.094602918
R473L,473,S29,R,L,i_100,1,Imatinib,100,7209,1501061,0.004802603,-0.197848286,0.035277139,0.033558566,1.131718517
R473L,473,S29,R,L,i_200,1,Imatinib,200,7465,1625433,0.004592622,-0.262346658,0.02976347,0.033558566,0.76090489
R473L,473,S29,R,L,i_300,1,Imatinib,300,6160,1495699,0.004118476,-0.419554349,0.019662608,0.033558566,0.367692254
R473L,473,S29,R,L,i_444,1,Imatinib,444,4827,1159482,0.004163066,-0.404018425,0.011761337,0.033558566,0.208169945
R473L,473,S29,R,L,i_500,1,Imatinib,500,4549,1082229,0.004203362,-0.3901212,0.007832336,0.033558566,0.156877738
R473L,473,S29,R,L,i_579,1,Imatinib,579,6156,1434132,0.004292492,-0.359849415,0.005643214,0.033558566,0.134001366
R473L,473,S29,R,L,i_750,1,Imatinib,750,4536,1243636,0.003647369,-0.594808473,-0.001663385,0.033558566,0.079184047
R473L,473,S29,R,L,i_1000,1,Imatinib,1000,5149,1149552,0.004479136,-0.298444286,-0.00211156,0.033558566,0.076669675
R473L,473,S29,R,L,i_1250,1,Imatinib,1250,4304,977745,0.004401966,-0.323516909,-0.003570711,0.033558566,0.069023524
R473L,473,S29,R,L,i_2500,1,Imatinib,2500,4932,1124749,0.004384978,-0.329095113,-0.005297648,0.033558566,0.060953294
R473L,473,S29,R,L,i_5000,1,Imatinib,5000,3274,764846,0.0042806,-0.363851705,-0.008086143,0.033558566,0.049865842
R473L,473,S29,R,L,N,1,None,0,8076,1673750,0.004825093,-0.191107973,0.033558566,0.033558566,1
R473M,473,S29,R,M,a_5,1,Asciminib,5,7557,1698405,0.004449469,-0.002205601,0.036424014,0.034772207,1.126291153
R473M,473,S29,R,M,a_10,1,Asciminib,10,5079,1450942,0.003500485,-0.348284077,0.029838968,0.034772207,0.701037974
R473M,473,S29,R,M,a_50,1,Asciminib,50,3976,1311500,0.003031643,-0.555738751,0.015263192,0.034772207,0.24545317
R473M,473,S29,R,M,a_89,1,Asciminib,89,3554,1317237,0.002698072,-0.723909961,0.00871516,0.034772207,0.153185229
R473M,473,S29,R,M,a_128,1,Asciminib,128,3496,1178746,0.002965864,-0.587386391,0.007415497,0.034772207,0.139501053
R473M,473,S29,R,M,a_250,1,Asciminib,250,12158,5028335,0.002417898,-0.882085451,0.002454305,0.034772207,0.097598909
R473M,473,S29,R,M,a_363,1,Asciminib,363,3694,1407554,0.002624411,-0.763845106,0.001939758,0.034772207,0.09404928
R473M,473,S29,R,M,a_500,1,Asciminib,500,4180,1483938,0.002816829,-0.661766575,0.002166981,0.034772207,0.095600591
R473M,473,S29,R,M,a_638,1,Asciminib,638,2133,862149,0.00247405,-0.848963863,-0.001702651,0.034772207,0.07235362
R473M,473,S29,R,M,a_750,1,Asciminib,750,2253,941412,0.002393214,-0.896889535,-0.001945012,0.034772207,0.071102002
R473M,473,S29,R,M,a_1151,1,Asciminib,1151,1773,880131,0.002014473,-1.145436342,-0.004806085,0.034772207,0.057865319
R473M,473,S29,R,M,a_2500,1,Asciminib,2500,7354,2498161,0.002943765,-0.598175982,0.000415162,0.034772207,0.084271862
R473M,473,S29,R,M,D0,1,D0,,4258,1009589,0.004217558,-0.079430848,,0.034772207,
R473M,473,S29,R,M,D0,1,D0,,4258,1009589,0.004217558,-0.079430848,,0.034772207,
R473M,473,S29,R,M,D0,2,D0,,7201,1533761,0.004694995,0.075284875,,0.034772207,
R473M,473,S29,R,M,D0,2,D0,,7201,1533761,0.004694995,0.075284875,,0.034772207,
R473M,473,S29,R,M,i_50,1,Imatinib,50,6492,1605887,0.004042626,-0.14054608,0.036245908,0.034772207,1.111940231
R473M,473,S29,R,M,i_100,1,Imatinib,100,6276,1501061,0.004181043,-0.091975955,0.036385396,0.034772207,1.123163899
R473M,473,S29,R,M,i_200,1,Imatinib,200,6598,1625429,0.004059236,-0.134630462,0.031100386,0.034772207,0.767688549
R473M,473,S29,R,M,i_300,1,Imatinib,300,5571,1495696,0.003724687,-0.258719362,0.021346207,0.034772207,0.380346717
R473M,473,S29,R,M,i_444,1,Imatinib,444,4349,1159482,0.003750813,-0.248635415,0.013387865,0.034772207,0.214451292
R473M,473,S29,R,M,i_500,1,Imatinib,500,4569,1082229,0.004221842,-0.077966064,0.011099934,0.034772207,0.181880816
R473M,473,S29,R,M,i_579,1,Imatinib,579,4483,1434132,0.003125933,-0.51155202,0.004055212,0.034772207,0.109522675
R473M,473,S29,R,M,i_750,1,Imatinib,750,4324,1243636,0.003476902,-0.358036462,0.000815113,0.034772207,0.086733871
R473M,473,S29,R,M,i_1000,1,Imatinib,1000,4345,1149550,0.00377974,-0.237551742,-0.001474145,0.034772207,0.07355386
R473M,473,S29,R,M,i_1250,1,Imatinib,1250,4050,977744,0.004142189,-0.105445476,-0.001287968,0.034772207,0.074546466
R473M,473,S29,R,M,i_2500,1,Imatinib,2500,4502,1124749,0.004002671,-0.154875728,-0.003473943,0.034772207,0.063690312
R473M,473,S29,R,M,i_5000,1,Imatinib,5000,3187,764846,0.004166852,-0.09688088,-0.005291528,0.034772207,0.055877752
R473M,473,S29,R,M,N,1,None,0,7080,1673744,0.004230038,-0.075168224,0.034772207,0.034772207,1
R473N,473,S29,R,N,a_5,1,Asciminib,5,3152,1698405,0.001855859,-0.67645383,0.029366074,0.031111529,0.881903388
R473N,473,S29,R,N,a_10,1,Asciminib,10,2693,1450942,0.001856036,-0.676316462,0.026405169,0.031111529,0.712583696
R473N,473,S29,R,N,a_50,1,Asciminib,50,2085,1311500,0.001589783,-0.899711265,0.011662534,0.031111529,0.246516181
R473N,473,S29,R,N,a_89,1,Asciminib,89,2086,1317237,0.001583618,-0.905316625,0.006816219,0.031111529,0.17390218
R473N,473,S29,R,N,a_128,1,Asciminib,128,1767,1178746,0.001499051,-0.984491677,0.003258652,0.031111529,0.134605485
R473N,473,S29,R,N,a_250,1,Asciminib,250,6121,5028335,0.001217302,-1.284854242,-0.001761825,0.031111529,0.093772705
R473N,473,S29,R,N,a_363,1,Asciminib,363,2239,1407554,0.001590703,-0.898876585,0.000526266,0.031111529,0.110566413
R473N,473,S29,R,N,a_500,1,Asciminib,500,2241,1483938,0.001510171,-0.973829009,-0.001099646,0.031111529,0.098351781
R473N,473,S29,R,N,a_638,1,Asciminib,638,1277,862149,0.001481182,-1.001791445,-0.003302429,0.031111529,0.083927243
R473N,473,S29,R,N,a_750,1,Asciminib,750,1450,941412,0.00154024,-0.945386089,-0.002452667,0.031111529,0.089222491
R473N,473,S29,R,N,a_1151,1,Asciminib,1151,1173,880131,0.001332756,-1.154128006,-0.004897068,0.031111529,0.07482382
R473N,473,S29,R,N,a_2500,1,Asciminib,2500,4803,2498161,0.001922614,-0.625471491,0.000129436,0.031111529,0.107452041
R473N,473,S29,R,N,D0,1,D0,,2913,1009589,0.002885333,-0.039803237,,0.031111529,
R473N,473,S29,R,N,D0,1,D0,,2913,1009589,0.002885333,-0.039803237,,0.031111529,
R473N,473,S29,R,N,D0,2,D0,,4673,1533761,0.003046759,0.038734505,,0.031111529,
R473N,473,S29,R,N,D0,2,D0,,4673,1533761,0.003046759,0.038734505,,0.031111529,
R473N,473,S29,R,N,i_50,1,Imatinib,50,3544,1605887,0.00220688,-0.426532617,0.033252239,0.031111529,1.166643874
R473N,473,S29,R,N,i_100,1,Imatinib,100,3404,1501061,0.002267729,-0.387292411,0.033294063,0.031111529,1.170162324
R473N,473,S29,R,N,i_200,1,Imatinib,200,3299,1625429,0.002029618,-0.547332603,0.026780275,0.031111529,0.732091125
R473N,473,S29,R,N,i_300,1,Imatinib,300,2842,1495696,0.001900119,-0.642451264,0.017329353,0.031111529,0.370716864
R473N,473,S29,R,N,i_444,1,Imatinib,444,2616,1159482,0.00225618,-0.394658724,0.011859313,0.031111529,0.2500337
R473N,473,S29,R,N,i_500,1,Imatinib,500,2243,1082229,0.002072574,-0.517117027,0.006502961,0.031111529,0.170023792
R473N,473,S29,R,N,i_579,1,Imatinib,579,2739,1434132,0.001909866,-0.635069394,0.002762249,0.031111529,0.129879499
R473N,473,S29,R,N,i_750,1,Imatinib,750,2570,1243636,0.002066521,-0.521336767,-0.000894293,0.031111529,0.09981676
R473N,473,S29,R,N,i_1000,1,Imatinib,1000,3008,1149550,0.002616676,-0.180805492,-0.000880133,0.031111529,0.099918579
R473N,473,S29,R,N,i_1250,1,Imatinib,1250,1677,977744,0.001715173,-0.790186835,-0.008455749,0.031111529,0.057911227
R473N,473,S29,R,N,i_2500,1,Imatinib,2500,2167,1124749,0.001926652,-0.622444772,-0.008368393,0.031111529,0.058276615
R473N,473,S29,R,N,i_5000,1,Imatinib,5000,2121,764846,0.002773107,-0.097037419,-0.005293167,0.031111529,0.072720052
R473N,473,S29,R,N,N,1,None,0,3698,1673744,0.002209418,-0.424874501,0.031111529,0.031111529,1
R473P,473,S29,R,P,a_5,1,Asciminib,5,6406,1698405,0.003771774,-0.581233946,0.030362823,0.035181725,0.706832952
R473P,473,S29,R,P,a_10,1,Asciminib,10,5301,1450942,0.003653489,-0.627202531,0.026919287,0.035181725,0.551620216
R473P,473,S29,R,P,a_50,1,Asciminib,50,4492,1311500,0.003425086,-0.720337101,0.013540199,0.035181725,0.210516791
R473P,473,S29,R,P,a_89,1,Asciminib,89,4822,1317237,0.003660693,-0.624360512,0.00975723,0.035181725,0.160323182
R473P,473,S29,R,P,a_128,1,Asciminib,128,4116,1178746,0.003491846,-0.692487114,0.006315317,0.035181725,0.125132595
R473P,473,S29,R,P,a_250,1,Asciminib,250,19588,5028335,0.003895524,-0.534659794,0.00609111,0.035181725,0.123128811
R473P,473,S29,R,P,a_363,1,Asciminib,363,6376,1407554,0.004529844,-0.317015863,0.006617106,0.035181725,0.127881334
R473P,473,S29,R,P,a_500,1,Asciminib,500,5804,1483938,0.003911215,-0.528860518,0.003558224,0.035181725,0.102602597
R473P,473,S29,R,P,a_638,1,Asciminib,638,3522,862149,0.004085141,-0.46609144,0.002305206,0.035181725,0.093751341
R473P,473,S29,R,P,a_750,1,Asciminib,750,3702,941412,0.003932391,-0.521070474,0.001989012,0.035181725,0.091641108
R473P,473,S29,R,P,a_1151,1,Asciminib,1151,3863,880131,0.004389119,-0.362545721,0.003389109,0.035181725,0.101360854
R473P,473,S29,R,P,a_2500,1,Asciminib,2500,11251,2498161,0.004503713,-0.325362349,0.003270939,0.035181725,0.100502108
R473P,473,S29,R,P,D0,1,D0,,5382,1009594,0.005330856,-0.082110071,,0.035181725,
R473P,473,S29,R,P,D0,1,D0,,5382,1009594,0.005330856,-0.082110071,,0.035181725,
R473P,473,S29,R,P,D0,2,D0,,9134,1533770,0.005955261,0.077687412,,0.035181725,
R473P,473,S29,R,P,D0,2,D0,,9134,1533770,0.005955261,0.077687412,,0.035181725,
R473P,473,S29,R,P,i_50,1,Imatinib,50,8234,1605887,0.005127384,-0.138254152,0.0362699,0.035181725,1.081499611
R473P,473,S29,R,P,i_100,1,Imatinib,100,7340,1501061,0.004889875,-0.206679764,0.035184692,0.035181725,1.000213708
R473P,473,S29,R,P,i_200,1,Imatinib,200,7155,1625433,0.004401904,-0.358349544,0.028758524,0.035181725,0.62972604
R473P,473,S29,R,P,i_300,1,Imatinib,300,6117,1495699,0.004089727,-0.464472816,0.019192407,0.035181725,0.316247283
R473P,473,S29,R,P,i_444,1,Imatinib,444,5446,1159482,0.004696925,-0.264760662,0.013219068,0.035181725,0.20570519
R473P,473,S29,R,P,i_500,1,Imatinib,500,5298,1082229,0.004895452,-0.205035183,0.009769792,0.035181725,0.160468253
R473P,473,S29,R,P,i_579,1,Imatinib,579,6568,1434132,0.004579774,-0.301200912,0.006257139,0.035181725,0.124609535
R473P,473,S29,R,P,i_750,1,Imatinib,750,6978,1243636,0.005610967,-0.008227908,0.004476862,0.035181725,0.109618392
R473P,473,S29,R,P,i_1000,1,Imatinib,1000,6077,1149552,0.005286407,-0.094189657,2.66E-05,0.035181725,0.079565672
R473P,473,S29,R,P,i_1250,1,Imatinib,1250,5921,977745,0.006055771,0.101833474,0.0008818,0.035181725,0.084619159
R473P,473,S29,R,P,i_2500,1,Imatinib,2500,7992,1124749,0.007105585,0.332476278,0.001627593,0.035181725,0.089287168
R473P,473,S29,R,P,i_5000,1,Imatinib,5000,4253,764846,0.005560597,-0.021237565,-0.004499704,0.035181725,0.057437213
R473P,473,S29,R,P,N,1,None,0,9212,1673750,0.005503809,-0.036046865,0.035181725,0.035181725,1
R473Q,473,S29,R,Q,a_5,1,Asciminib,5,2925,1698405,0.001722204,-0.186942401,0.034490214,0.03424055,1.01813833
R473Q,473,S29,R,Q,a_10,1,Asciminib,10,2009,1450942,0.001384618,-0.501710788,0.028232918,0.03424055,0.648852726
R473Q,473,S29,R,Q,a_50,1,Asciminib,50,1331,1311500,0.001014868,-0.949905738,0.011137105,0.03424055,0.189484501
R473Q,473,S29,R,Q,a_89,1,Asciminib,89,1593,1317237,0.00120935,-0.696967177,0.008997193,0.03424055,0.162427796
R473Q,473,S29,R,Q,a_128,1,Asciminib,128,1428,1178746,0.001211457,-0.694455398,0.006294713,0.03424055,0.13370756
R473Q,473,S29,R,Q,a_250,1,Asciminib,250,5534,5028335,0.001100563,-0.832956627,0.002968579,0.03424055,0.105232624
R473Q,473,S29,R,Q,a_363,1,Asciminib,363,1618,1407554,0.001149512,-0.770177166,0.001873474,0.03424055,0.097253973
R473Q,473,S29,R,Q,a_500,1,Asciminib,500,1924,1483938,0.00129655,-0.596520519,0.002849968,0.03424055,0.104337766
R473Q,473,S29,R,Q,a_638,1,Asciminib,638,794,862149,0.000920954,-1.089996718,-0.00422575,0.03424055,0.062688727
R473Q,473,S29,R,Q,a_750,1,Asciminib,750,1188,941412,0.001261934,-0.635561814,0.000790532,0.03424055,0.089958995
R473Q,473,S29,R,Q,a_1151,1,Asciminib,1151,1159,880131,0.001316849,-0.574108113,0.001174502,0.03424055,0.092480687
R473Q,473,S29,R,Q,a_2500,1,Asciminib,2500,3676,2498161,0.001471482,-0.413928193,0.002343843,0.03424055,0.100604038
R473Q,473,S29,R,Q,D0,1,D0,,1918,1009594,0.001899774,-0.045371023,,0.03424055,
R473Q,473,S29,R,Q,D0,1,D0,,1918,1009594,0.001899774,-0.045371023,,0.03424055,
R473Q,473,S29,R,Q,D0,2,D0,,3100,1533770,0.002021164,0.043987557,,0.03424055,
R473Q,473,S29,R,Q,D0,2,D0,,3100,1533770,0.002021164,0.043987557,,0.03424055,
R473Q,473,S29,R,Q,i_50,1,Imatinib,50,2751,1605887,0.001713072,-0.194612742,0.035679945,0.03424055,1.109197152
R473Q,473,S29,R,Q,i_100,1,Imatinib,100,2508,1501061,0.001670818,-0.23064376,0.03493384,0.03424055,1.051183749
R473Q,473,S29,R,Q,i_200,1,Imatinib,200,2672,1625433,0.00164387,-0.254102584,0.029849768,0.03424055,0.728960055
R473Q,473,S29,R,Q,i_300,1,Imatinib,300,2181,1495699,0.001458181,-0.427028603,0.019584368,0.03424055,0.348107103
R473Q,473,S29,R,Q,i_444,1,Imatinib,444,1520,1159482,0.00131093,-0.580607602,0.009912825,0.03424055,0.173496784
R473Q,473,S29,R,Q,i_500,1,Imatinib,500,1658,1082229,0.001532023,-0.355760301,0.008192022,0.03424055,0.15327922
R473Q,473,S29,R,Q,i_579,1,Imatinib,579,2084,1434132,0.001453144,-0.432021043,0.004887732,0.03424055,0.120826103
R473Q,473,S29,R,Q,i_750,1,Imatinib,750,1836,1243636,0.001476316,-0.409196728,0.000279574,0.03424055,0.086709635
R473Q,473,S29,R,Q,i_1000,1,Imatinib,1000,1780,1149552,0.001548429,-0.340392989,-0.002550673,0.03424055,0.070724158
R473Q,473,S29,R,Q,i_1250,1,Imatinib,1250,1967,977745,0.002011772,0.037268297,0.00020594,0.03424055,0.086251149
R473Q,473,S29,R,Q,i_2500,1,Imatinib,2500,2338,1124749,0.002078686,0.084473344,-0.000968469,0.03424055,0.079257807
R473Q,473,S29,R,Q,i_5000,1,Imatinib,5000,1521,764846,0.001988636,0.020580452,-0.004061959,0.03424055,0.063432391
R473Q,473,S29,R,Q,N,1,None,0,3007,1673750,0.001796565,-0.12595769,0.03424055,0.03424055,1
R473S,473,S29,R,S,a_5,1,Asciminib,5,6872,1698405,0.004046149,-0.367746907,0.032597577,0.031448119,1.086282067
R473S,473,S29,R,S,a_10,1,Asciminib,10,4593,1450942,0.00316553,-0.721849487,0.025928536,0.031448119,0.672058405
R473S,473,S29,R,S,a_50,1,Asciminib,50,3743,1311500,0.002853984,-0.871319179,0.011959739,0.031448119,0.245818106
R473S,473,S29,R,S,a_89,1,Asciminib,89,4093,1317237,0.003107262,-0.748652695,0.008456156,0.031448119,0.191011553
R473S,473,S29,R,S,a_128,1,Asciminib,128,2909,1178746,0.002467877,-1.081025999,0.002248144,0.031448119,0.122163103
R473S,473,S29,R,S,a_250,1,Asciminib,250,13059,5028335,0.002597082,-1.007404668,0.00114248,0.031448119,0.112814996
R473S,473,S29,R,S,a_363,1,Asciminib,363,3002,1407554,0.002132778,-1.291562714,-0.003584319,0.031448119,0.080271905
R473S,473,S29,R,S,a_500,1,Asciminib,500,4062,1483938,0.002737311,-0.931536997,-0.000656939,0.031448119,0.099106106
R473S,473,S29,R,S,a_638,1,Asciminib,638,2541,862149,0.002947286,-0.824909173,-0.00145085,0.031448119,0.093599919
R473S,473,S29,R,S,a_750,1,Asciminib,750,2550,941412,0.002708697,-0.946697321,-0.002466393,0.031448119,0.087000197
R473S,473,S29,R,S,a_1151,1,Asciminib,1151,2326,880131,0.002642788,-0.982235501,-0.00309772,0.031448119,0.083134087
R473S,473,S29,R,S,a_2500,1,Asciminib,2500,7596,2498161,0.003040637,-0.779922972,-0.001487341,0.031448119,0.093354319
R473S,473,S29,R,S,D0,1,D0,,5403,1009589,0.005351683,0.035696165,,0.031448119,
R473S,473,S29,R,S,D0,1,D0,,5403,1009589,0.005351683,0.035696165,,0.031448119,
R473S,473,S29,R,S,D0,2,D0,,7807,1533761,0.005090102,-0.036601841,,0.031448119,
R473S,473,S29,R,S,D0,2,D0,,7807,1533761,0.005090102,-0.036601841,,0.031448119,
R473S,473,S29,R,S,i_50,1,Imatinib,50,5975,1605887,0.003720685,-0.488728086,0.032601186,0.031448119,1.086564367
R473S,473,S29,R,S,i_100,1,Imatinib,100,5803,1501061,0.003865932,-0.433480097,0.032810577,0.031448119,1.103069715
R473S,473,S29,R,S,i_200,1,Imatinib,200,7439,1625429,0.004576638,-0.190008262,0.030520698,0.031448119,0.935406283
R473S,473,S29,R,S,i_300,1,Imatinib,300,6084,1495696,0.004067672,-0.360093244,0.020285039,0.031448119,0.447650806
R473S,473,S29,R,S,i_444,1,Imatinib,444,5395,1159482,0.00465294,-0.166153884,0.014251271,0.031448119,0.289913377
R473S,473,S29,R,S,i_500,1,Imatinib,500,4036,1082229,0.00372934,-0.485376052,0.006835221,0.031448119,0.169970792
R473S,473,S29,R,S,i_579,1,Imatinib,579,6162,1434132,0.004296676,-0.281075556,0.006467809,0.031448119,0.165533387
R473S,473,S29,R,S,i_750,1,Imatinib,750,5046,1243636,0.004057457,-0.363720498,0.000755613,0.031448119,0.109715958
R473S,473,S29,R,S,i_1000,1,Imatinib,1000,4329,1149550,0.003765821,-0.471331837,-0.003921323,0.031448119,0.078347605
R473S,473,S29,R,S,i_1250,1,Imatinib,1250,4203,977744,0.004298671,-0.280405646,-0.003119428,0.031448119,0.083004256
R473S,473,S29,R,S,i_2500,1,Imatinib,2500,4642,1124749,0.004127143,-0.339152981,-0.005402932,0.031448119,0.070420158
R473S,473,S29,R,S,i_5000,1,Imatinib,5000,3232,764846,0.004225687,-0.305110421,-0.007471247,0.031448119,0.060676767
R473S,473,S29,R,S,N,1,None,0,6656,1673744,0.003976713,-0.39271987,0.031448119,0.031448119,1
R473T,473,S29,R,T,a_5,1,Asciminib,5,8362,1698405,0.004923443,-0.35910156,0.032688075,0.03218438,1.036931634
R473T,473,S29,R,T,a_10,1,Asciminib,10,5901,1450942,0.004067013,-0.634799472,0.026839763,0.03218438,0.680578287
R473T,473,S29,R,T,a_50,1,Asciminib,50,4339,1311500,0.003308425,-0.932624301,0.011318005,0.03218438,0.222599953
R473T,473,S29,R,T,a_89,1,Asciminib,89,4462,1317237,0.003387393,-0.898593508,0.006886596,0.03218438,0.16179252
R473T,473,S29,R,T,a_128,1,Asciminib,128,3778,1178746,0.003205101,-0.978399253,0.003322427,0.03218438,0.125172732
R473T,473,S29,R,T,a_250,1,Asciminib,250,17331,5028335,0.003446668,-0.873566853,0.002543477,0.03218438,0.118345724
R473T,473,S29,R,T,a_363,1,Asciminib,363,4629,1407554,0.003288684,-0.941258789,8.26E-05,0.03218438,0.099129608
R473T,473,S29,R,T,a_500,1,Asciminib,500,4493,1483938,0.003027755,-1.060520834,-0.002007125,0.03218438,0.085282298
R473T,473,S29,R,T,a_638,1,Asciminib,638,2521,862149,0.002924089,-1.11078209,-0.004443329,0.03218438,0.071561714
R473T,473,S29,R,T,a_750,1,Asciminib,750,2805,941412,0.002979567,-1.083666457,-0.003900168,0.03218438,0.074415765
R473T,473,S29,R,T,a_1151,1,Asciminib,1151,2546,880131,0.002892751,-1.126326838,-0.004606049,0.03218438,0.070728199
R473T,473,S29,R,T,a_2500,1,Asciminib,2500,8448,2498161,0.003381688,-0.901025703,-0.002755028,0.03218438,0.080811386
R473T,473,S29,R,T,D0,1,D0,,6524,1009589,0.006462036,0.033219606,,0.03218438,
R473T,473,S29,R,T,D0,1,D0,,6524,1009589,0.006462036,0.033219606,,0.03218438,
R473T,473,S29,R,T,D0,2,D0,,9460,1533761,0.006167845,-0.034002587,,0.03218438,
R473T,473,S29,R,T,D0,2,D0,,9460,1533761,0.006167845,-0.034002587,,0.03218438,
R473T,473,S29,R,T,i_50,1,Imatinib,50,7857,1605887,0.004892623,-0.368160899,0.033863267,0.03218438,1.128489267
R473T,473,S29,R,T,i_100,1,Imatinib,100,7236,1501061,0.00482059,-0.389559278,0.033270334,0.03218438,1.081326651
R473T,473,S29,R,T,i_200,1,Imatinib,200,7442,1625429,0.004578484,-0.463899229,0.027653644,0.03218438,0.721651464
R473T,473,S29,R,T,i_300,1,Imatinib,300,7701,1495696,0.005148774,-0.294540261,0.020971239,0.03218438,0.446040193
R473T,473,S29,R,T,i_444,1,Imatinib,444,5658,1159482,0.004879765,-0.371957327,0.012096948,0.03218438,0.23544095
R473T,473,S29,R,T,i_500,1,Imatinib,500,5024,1082229,0.004642271,-0.443938422,0.007268985,0.03218438,0.166308882
R473T,473,S29,R,T,i_579,1,Imatinib,579,7393,1434132,0.005155035,-0.292786985,0.006345215,0.03218438,0.155607275
R473T,473,S29,R,T,i_750,1,Imatinib,750,6541,1243636,0.005259578,-0.26382215,0.001801336,0.03218438,0.112188002
R473T,473,S29,R,T,i_1000,1,Imatinib,1000,5152,1149550,0.004481754,-0.494705704,-0.004165998,0.03218438,0.073005008
R473T,473,S29,R,T,i_1250,1,Imatinib,1250,5224,977744,0.005342912,-0.241142866,-0.00270843,0.03218438,0.081082966
R473T,473,S29,R,T,i_2500,1,Imatinib,2500,5230,1124749,0.004649926,-0.441561218,-0.006474928,0.03218438,0.061823594
R473T,473,S29,R,T,i_5000,1,Imatinib,5000,3470,764846,0.004536861,-0.477074616,-0.009271345,0.03218438,0.050548993
R473T,473,S29,R,T,N,1,None,0,8453,1673744,0.005050354,-0.322384514,0.03218438,0.03218438,1
R473V,473,S29,R,V,a_5,1,Asciminib,5,3806,1698405,0.002240926,-0.309956351,0.03320252,0.032238847,1.071848226
R473V,473,S29,R,V,a_10,1,Asciminib,10,2432,1450942,0.001676152,-0.72889801,0.025854753,0.032238847,0.631501599
R473V,473,S29,R,V,a_50,1,Asciminib,50,2111,1311500,0.001609607,-0.787342618,0.012838794,0.032238847,0.24738639
R473V,473,S29,R,V,a_89,1,Asciminib,89,1959,1317237,0.001487204,-0.901448933,0.006856705,0.032238847,0.16081282
R473V,473,S29,R,V,a_128,1,Asciminib,128,1508,1178746,0.001279326,-1.118667835,0.001854114,0.032238847,0.112174369
R473V,473,S29,R,V,a_250,1,Asciminib,250,6428,5028335,0.001278356,-1.119762229,-3.37E-05,0.032238847,0.097918403
R473V,473,S29,R,V,a_363,1,Asciminib,363,1780,1407554,0.001264605,-1.135364419,-0.001949257,0.032238847,0.085303186
R473V,473,S29,R,V,a_500,1,Asciminib,500,1778,1483938,0.001198163,-1.213226881,-0.003605631,0.032238847,0.075713225
R473V,473,S29,R,V,a_638,1,Asciminib,638,1244,862149,0.001442906,-0.945074032,-0.002708719,0.032238847,0.080763934
R473V,473,S29,R,V,a_750,1,Asciminib,750,1380,941412,0.001465883,-0.92228127,-0.002210809,0.032238847,0.083711807
R473V,473,S29,R,V,a_1151,1,Asciminib,1151,1201,880131,0.00136457,-1.025605416,-0.003551711,0.032238847,0.076007734
R473V,473,S29,R,V,a_2500,1,Asciminib,2500,3216,2498161,0.001287347,-1.10965044,-0.004938884,0.032238847,0.06878314
R473V,473,S29,R,V,D0,1,D0,,2871,1009589,0.002843731,0.033733845,,0.032238847,
R473V,473,S29,R,V,D0,1,D0,,2871,1009589,0.002843731,0.033733845,,0.032238847,
R473V,473,S29,R,V,D0,2,D0,,4160,1533761,0.002712287,-0.034541551,,0.032238847,
R473V,473,S29,R,V,D0,2,D0,,4160,1533761,0.002712287,-0.034541551,,0.032238847,
R473V,473,S29,R,V,i_50,1,Imatinib,50,4053,1605887,0.002523839,-0.138431593,0.036268042,0.032238847,1.33656387
R473V,473,S29,R,V,i_100,1,Imatinib,100,3604,1501061,0.002400968,-0.210434984,0.035145383,0.032238847,1.232778543
R473V,473,S29,R,V,i_200,1,Imatinib,200,4650,1625429,0.002860783,0.042358788,0.032953085,0.032238847,1.052770389
R473V,473,S29,R,V,i_300,1,Imatinib,300,4068,1495696,0.002719804,-0.030548687,0.023734667,0.032238847,0.542102072
R473V,473,S29,R,V,i_444,1,Imatinib,444,3551,1159482,0.003062574,0.140693548,0.017463308,0.032238847,0.345128391
R473V,473,S29,R,V,i_500,1,Imatinib,500,2791,1082229,0.002578937,-0.107275071,0.010793132,0.032238847,0.213505749
R473V,473,S29,R,V,i_579,1,Imatinib,579,2951,1434132,0.002057691,-0.433025286,0.004877219,0.032238847,0.139451668
R473V,473,S29,R,V,i_750,1,Imatinib,750,2558,1243636,0.002056872,-0.433599409,2.41E-05,0.032238847,0.098326704
R473V,473,S29,R,V,i_1000,1,Imatinib,1000,2550,1149550,0.002218259,-0.32462336,-0.002385599,0.032238847,0.082664908
R473V,473,S29,R,V,i_1250,1,Imatinib,1250,2079,977744,0.002126323,-0.385690314,-0.004221534,0.032238847,0.072429079
R473V,473,S29,R,V,i_2500,1,Imatinib,2500,2465,1124749,0.0021916,-0.342066826,-0.005433434,0.032238847,0.066377028
R473V,473,S29,R,V,i_5000,1,Imatinib,5000,1789,764846,0.002339033,-0.2481392,-0.00687488,0.032238847,0.059833572
R473V,473,S29,R,V,N,1,None,0,3732,1673744,0.002229732,-0.317181286,0.032238847,0.032238847,1
R473W,473,S29,R,W,a_5,1,Asciminib,5,10059,1698405,0.005922616,-0.385813298,0.03240846,0.033491505,0.924983608
R473W,473,S29,R,W,a_10,1,Asciminib,10,7338,1450942,0.005057404,-0.613650704,0.027061146,0.033491505,0.629401523
R473W,473,S29,R,W,a_50,1,Asciminib,50,4966,1311500,0.003786504,-1.031181304,0.010286323,0.033491505,0.188101586
R473W,473,S29,R,W,a_89,1,Asciminib,89,5081,1317237,0.003857316,-1.004450235,0.005778502,0.033491505,0.135967925
R473W,473,S29,R,W,a_128,1,Asciminib,128,5623,1178746,0.004770324,-0.697960586,0.006258021,0.033491505,0.140744253
R473W,473,S29,R,W,a_250,1,Asciminib,250,22209,5028335,0.00441677,-0.809055997,0.003218768,0.033491505,0.113082559
R473W,473,S29,R,W,a_363,1,Asciminib,363,6359,1407554,0.004517766,-0.776438121,0.001807936,0.033491505,0.102159801
R473W,473,S29,R,W,a_500,1,Asciminib,500,5881,1483938,0.003963104,-0.965417084,-0.001011591,0.033491505,0.083390326
R473W,473,S29,R,W,a_638,1,Asciminib,638,3932,862149,0.004560697,-0.762793564,-0.000800632,0.033491505,0.084666619
R473W,473,S29,R,W,a_750,1,Asciminib,750,3894,941412,0.00413634,-0.903693022,-0.00201623,0.033491505,0.077571365
R473W,473,S29,R,W,a_1151,1,Asciminib,1151,3834,880131,0.00435617,-0.828987599,-0.001493542,0.033491505,0.080546276
R473W,473,S29,R,W,a_2500,1,Asciminib,2500,13309,2498161,0.005327519,-0.538583946,0.001038964,0.033491505,0.096657353
R473W,473,S29,R,W,D0,1,D0,,7889,1009589,0.007814071,0.014026583,,0.033491505,
R473W,473,S29,R,W,D0,1,D0,,7889,1009589,0.007814071,0.014026583,,0.033491505,
R473W,473,S29,R,W,D0,2,D0,,11753,1533761,0.007662863,-0.014164296,,0.033491505,
R473W,473,S29,R,W,D0,2,D0,,11753,1533761,0.007662863,-0.014164296,,0.033491505,
R473W,473,S29,R,W,i_50,1,Imatinib,50,10668,1605887,0.006643058,-0.220200313,0.035412098,0.033491505,1.148300114
R473W,473,S29,R,W,i_100,1,Imatinib,100,10080,1501061,0.00671525,-0.20460663,0.035206394,0.033491505,1.131418278
R473W,473,S29,R,W,i_200,1,Imatinib,200,10783,1625429,0.006633941,-0.222181588,0.030183912,0.033491505,0.788087068
R473W,473,S29,R,W,i_300,1,Imatinib,300,9585,1495696,0.006408388,-0.272086303,0.021206284,0.033491505,0.412905733
R473W,473,S29,R,W,i_444,1,Imatinib,444,7581,1159482,0.006538265,-0.243140016,0.01344539,0.033491505,0.236142395
R473W,473,S29,R,W,i_500,1,Imatinib,500,7311,1082229,0.006755502,-0.195984812,0.00986453,0.033491505,0.182474976
R473W,473,S29,R,W,i_579,1,Imatinib,579,9299,1434132,0.006484061,-0.255149997,0.006739194,0.033491505,0.145705703
R473W,473,S29,R,W,i_750,1,Imatinib,750,8412,1243636,0.006764037,-0.194163192,0.002530516,0.033491505,0.107615433
R473W,473,S29,R,W,i_1000,1,Imatinib,1000,8280,1149550,0.007202818,-0.103486208,-7.08E-05,0.033491505,0.089234866
R473W,473,S29,R,W,i_1250,1,Imatinib,1250,7799,977744,0.007976526,0.04371271,0.0002734,0.033491505,0.091473715
R473W,473,S29,R,W,i_2500,1,Imatinib,2500,7759,1124749,0.006898428,-0.165780116,-0.003588089,0.033491505,0.069270874
R473W,473,S29,R,W,i_5000,1,Imatinib,5000,4447,764846,0.005814242,-0.412456552,-0.008594932,0.033491505,0.048304841
R473W,473,S29,R,W,N,1,None,0,11295,1673744,0.006748344,-0.197514276,0.033491505,0.033491505,1
R473Y,473,S29,R,Y,a_5,1,Asciminib,5,595,1698405,0.000350329,-0.703450938,0.029083472,0.026323398,1.21984687
R473Y,473,S29,R,Y,a_10,1,Asciminib,10,558,1450942,0.000384578,-0.568884811,0.027529749,0.026323398,1.090741035
R473Y,473,S29,R,Y,a_50,1,Asciminib,50,177,1311500,0.00013496,-2.07962853,-0.000688682,0.026323398,0.143005854
R473Y,473,S29,R,Y,a_89,1,Asciminib,89,199,1317237,0.000151074,-1.916906594,-0.003772969,0.026323398,0.114527718
R473Y,473,S29,R,Y,a_128,1,Asciminib,128,195,1178746,0.00016543,-1.785938834,-0.005130789,0.026323398,0.103861039
R473Y,473,S29,R,Y,a_250,1,Asciminib,250,791,5028335,0.000157309,-1.858563157,-0.007767332,0.026323398,0.085903339
R473Y,473,S29,R,Y,a_363,1,Asciminib,363,196,1407554,0.000139249,-2.0344967,-0.011361253,0.026323398,0.06631794
R473Y,473,S29,R,Y,a_500,1,Asciminib,500,189,1483938,0.000127364,-2.163204665,-0.013549871,0.026323398,0.056649317
R473Y,473,S29,R,Y,a_638,1,Asciminib,638,77,862149,8.93E-05,-2.67523886,-0.020819852,0.026323398,0.033563571
R473Y,473,S29,R,Y,a_750,1,Asciminib,750,121,941412,0.00012853,-2.150051184,-0.01506294,0.026323398,0.050802165
R473Y,473,S29,R,Y,a_1151,1,Asciminib,1151,89,880131,0.000101121,-2.49607302,-0.018944368,0.026323398,0.03841608
R473Y,473,S29,R,Y,a_2500,1,Asciminib,2500,722,2498161,0.000289013,-0.981027704,-0.003592478,0.026323398,0.116025757
R473Y,473,S29,R,Y,D0,1,D0,,570,1009589,0.000564586,-0.01496626,,0.026323398,
R473Y,473,S29,R,Y,D0,1,D0,,570,1009589,0.000564586,-0.01496626,,0.026323398,
R473Y,473,S29,R,Y,D0,2,D0,,884,1533761,0.000576361,0.014812596,,0.026323398,
R473Y,473,S29,R,Y,D0,2,D0,,884,1533761,0.000576361,0.014812596,,0.026323398,
R473Y,473,S29,R,Y,i_50,1,Imatinib,50,554,1605887,0.000344981,-0.725644486,0.030121176,0.026323398,1.314478575
R473Y,473,S29,R,Y,i_100,1,Imatinib,100,498,1501061,0.000331765,-0.781996947,0.029162349,0.026323398,1.226794308
R473Y,473,S29,R,Y,i_200,1,Imatinib,200,768,1625429,0.000472491,-0.271874311,0.029663735,0.026323398,1.271890426
R473Y,473,S29,R,Y,i_300,1,Imatinib,300,446,1495696,0.000298189,-0.93593335,0.014257222,0.026323398,0.419469415
R473Y,473,S29,R,Y,i_444,1,Imatinib,444,411,1159482,0.000354469,-0.686502113,0.008804335,0.026323398,0.28326498
R473Y,473,S29,R,Y,i_500,1,Imatinib,500,326,1082229,0.00030123,-0.921293925,0.002272091,0.026323398,0.176984335
R473Y,473,S29,R,Y,i_579,1,Imatinib,579,289,1434132,0.000201516,-1.501268409,-0.006305006,0.026323398,0.095441184
R473Y,473,S29,R,Y,i_750,1,Imatinib,750,258,1243636,0.000207456,-1.459353302,-0.010713324,0.026323398,0.069485029
R473Y,473,S29,R,Y,i_1000,1,Imatinib,1000,196,1149550,0.000170502,-1.742375647,-0.017226439,0.026323398,0.043474172
R473Y,473,S29,R,Y,i_1250,1,Imatinib,1250,188,977744,0.000192279,-1.568956104,-0.016607801,0.026323398,0.04545437
R473Y,473,S29,R,Y,i_2500,1,Imatinib,2500,111,1124749,9.87E-05,-2.531203491,-0.028349023,0.026323398,0.019518076
R473Y,473,S29,R,Y,i_5000,1,Imatinib,5000,85,764846,0.000111133,-2.359866535,-0.028980159,0.026323398,0.01865099
R473Y,473,S29,R,Y,N,1,None,0,518,1673744,0.000309486,-0.882286869,0.026323398,0.026323398,1