mut,protein_start,subpool,drug,rel_via_5nM,rel_via_10nM,rel_via_50nM,rel_via_89nM,rel_via_100nM,rel_via_128nM,rel_via_200nM,rel_via_250nM,rel_via_300nM,rel_via_363nM,rel_via_444nM,rel_via_500nM,rel_via_579nM,rel_via_638nM,rel_via_750nM,rel_via_1000nM,rel_via_1151nM,rel_via_1250nM,rel_via_2500nM,rel_via_5000nM
E355A,355,S15,Asciminib,1.17729345,0.716754836,0.30217716,0.182780959,,0.121762862,,0.126277053,,0.167768332,,0.116402485,,0.079959809,0.075986342,,0.083510124,,,
E355A,355,S15,Imatinib,,,1.011581796,,0.956804463,,0.797332641,,0.350351956,,0.182817965,0.154652571,0.111265951,,0.076453962,0.071300768,,0.073753785,0.051402185,0.042334596
E355C,355,S15,Asciminib,0.945935614,0.722226441,0.191880012,0.138888219,,0.152836349,,0.11141402,,0.120267842,,0.100354973,,0.064725758,0.101969361,,0.089707622,,,
E355C,355,S15,Imatinib,,,0.889112864,,0.769750204,,0.664649391,,0.380534633,,0.18520989,0.17601046,0.086786744,,0.071316008,0.058609166,,0.062878225,0.050850526,0.041461248
E355D,355,S15,Asciminib,0.965350084,0.705721128,0.130521728,0.090223184,,0.102846699,,0.072528543,,0.057529164,,0.053492798,,0.044759059,0.062356101,,0.073148392,,,
E355D,355,S15,Imatinib,,,1.08216201,,1.011480102,,0.505714224,,0.271601211,,0.138608636,0.125562593,0.101906577,,0.065256846,0.064080071,,0.048732568,0.044330642,0.033493788
E355F,355,S15,Asciminib,1.066979622,0.848087457,0.257817046,0.184447812,,0.164980423,,0.147800623,,0.162561193,,0.133847199,,0.101392754,0.131412007,,0.120603457,,,
E355F,355,S15,Imatinib,,,1.148672457,,1.010296327,,0.564483564,,0.262064533,,0.135068092,0.118134516,0.113683423,,0.077917923,0.078155267,,0.053042048,0.046847792,0.046576255
E355G,355,S15,Asciminib,1.133148002,0.767363796,0.222770584,0.173203929,,0.139104553,,0.152481344,,0.142332327,,0.174433801,,0.113656171,0.133467364,,0.130160342,,,
E355G,355,S15,Imatinib,,,1.285907439,,1.149543346,,0.726591347,,0.524550777,,0.292314595,0.196798248,0.154621872,,0.178788634,0.129578418,,0.099030286,0.056856248,0.068040921
E355H,355,S15,Asciminib,0.907393434,0.679815624,0.16543461,0.108211987,,0.106844902,,0.094597163,,0.114463302,,0.070644365,,0.06595256,0.071942665,,0.08155099,,,
E355H,355,S15,Imatinib,,,0.977578222,,1.087405141,,0.559863837,,0.398062249,,0.160843287,0.132451228,0.100640472,,0.090850569,0.061022833,,0.061014851,0.046049629,0.040552479
E355I,355,S15,Asciminib,1.093787083,0.945973248,0.450190505,0.38860874,,0.373652405,,0.403163446,,0.494315537,,0.508007207,,0.384569661,0.435200633,,0.388441601,,,
E355I,355,S15,Imatinib,,,1.062039509,,1.000349572,,0.698939053,,0.362852493,,0.164263364,0.137913295,0.113422895,,0.088054044,0.076136375,,0.062908495,0.050650427,0.159749341
E355K,355,S15,Asciminib,1.047439805,0.691942236,0.195103627,0.18594609,,0.182505446,,0.203229171,,0.238696917,,0.257626875,,0.194555872,0.231974823,,0.202429083,,3.437232801,
E355K,355,S15,Imatinib,,,1.152570413,,0.955535017,,0.56530377,,0.25890962,,0.145243154,0.098810999,0.100579979,,0.084617888,0.065922483,,0.068310903,0.047841853,0.086887154
E355L,355,S15,Asciminib,0.85908396,0.601801551,0.139090048,0.124097075,,0.112266089,,0.112852891,,0.115824486,,0.113398377,,0.090645607,0.111775622,,0.101646794,,,
E355L,355,S15,Imatinib,,,1.077583159,,0.861026383,,0.516048853,,0.219354989,,0.13443763,0.116859234,0.10348596,,0.073060842,0.063403669,,0.052538464,0.044974352,0.044849797
E355M,355,S15,Asciminib,0.914312584,0.626268184,0.18157619,0.09719156,,0.090248952,,0.088962465,,0.096049695,,0.066895739,,0.064369623,0.080301133,,0.088618203,,,
E355M,355,S15,Imatinib,,,0.809029489,,0.809249633,,0.675330436,,0.312664524,,0.125499095,0.143973023,0.114742708,,0.083266505,0.056535724,,0.044932032,0.037743356,0.030210923
E355N,355,S15,Asciminib,0.917616605,0.971471203,0.259075936,0.191099433,,0.173100982,,0.139805084,,0.125490432,,0.139600542,,0.105456861,0.167242148,,0.120991652,,,
E355N,355,S15,Imatinib,,,0.970519222,,1.062050062,,0.591726606,,0.269938745,,0.146922565,0.119684782,0.092960074,,0.074820819,0.088041953,,0.063396744,0.048296707,0.045046047
E355P,355,S15,Asciminib,0.662417212,0.4537867,0.09247057,0.082247683,,0.088285681,,0.083239216,,0.076679722,,0.065575851,,0.054715468,0.07334263,,0.077958341,,,
E355P,355,S15,Imatinib,,,1.007268143,,0.743331696,,0.458156516,,0.288974476,,0.126624761,0.110099793,0.092044341,,0.070924758,0.067363387,,0.055511803,0.042054919,0.035127979
E355Q,355,S15,Asciminib,0.892096512,0.807422549,0.163290876,0.111750748,,0.119454307,,0.081834657,,0.079392253,,0.072882324,,0.059339282,0.082878887,,0.08961075,,,
E355Q,355,S15,Imatinib,,,1.150741946,,1.083072111,,0.706609756,,0.361522535,,0.155757519,0.161965435,0.146456189,,0.091062796,0.082733696,,0.067560833,0.048812727,0.037837643
E355R,355,S15,Asciminib,1.247675812,0.995544875,0.326369157,0.287747093,,0.266659431,,0.233258868,,0.304962067,,0.299248361,,0.233149639,0.258284925,,0.221211088,,,
E355R,355,S15,Imatinib,,,1.174756567,,1.104818406,,0.637161059,,0.290918804,,0.143639455,0.141094903,0.128428471,,0.093017836,0.082475309,,0.068351093,0.053962786,0.096706449
E355S,355,S15,Asciminib,1.002027293,0.764880595,0.167993196,0.122898429,,0.153255823,,0.094145092,,0.094072174,,0.095252098,,0.083287584,0.096811901,,0.076389099,,,
E355S,355,S15,Imatinib,,,1.183645403,,0.9166491,,0.753650448,,0.3665377,,0.165630958,0.14617105,0.138547635,,0.087739145,0.072931163,,0.066517259,0.039347361,0.042094212
E355T,355,S15,Asciminib,0.925075471,0.641543571,0.151986962,0.146652232,,0.090147358,,0.094313437,,0.098728396,,0.08658472,,0.08190518,0.101011284,,0.092995099,,,
E355T,355,S15,Imatinib,,,1.09178183,,0.88952097,,0.690772661,,0.342607985,,0.131083385,0.097643349,0.117802911,,0.085908558,0.084744105,,0.059560933,0.037509305,0.048526467
E355V,355,S15,Asciminib,1.116467955,0.765064487,0.247214222,0.176932576,,0.151750341,,0.152330535,,0.164854503,,0.168174261,,0.122425874,0.13688943,,0.133010594,,,
E355V,355,S15,Imatinib,,,1.083426194,,0.805134409,,0.667564058,,0.324144507,,0.152894855,0.163255484,0.153972054,,0.08597533,0.068677506,,0.05977989,0.039179748,0.058612706
E355W,355,S15,Asciminib,1.058043511,0.939069624,0.215749356,0.165599644,,0.155395071,,0.120283303,,0.132169797,,0.100966812,,0.076597815,0.092159387,,0.104466078,,,
E355W,355,S15,Imatinib,,,1.112089671,,0.879704829,,0.576391694,,0.263423995,,0.138798599,0.099635956,0.116633491,,0.075941837,0.064797458,,0.057336762,0.042873743,0.035691652
E355Y,355,S15,Asciminib,1.115634865,1.303575622,0.258012155,0.153594541,,0.133806321,,0.101581312,,0.108991913,,0.092534191,,0.074134899,0.093153784,,0.085894969,,,
E355Y,355,S15,Imatinib,,,1.231631546,,1.051491115,,0.543852384,,0.2399986,,0.136660264,0.098618796,0.108203585,,0.078884802,0.067523417,,0.063956448,0.047785018,0.037687243
E466A,466,S29,Asciminib,1.21591666,0.616577027,0.237745236,0.172902414,,0.117718575,,0.090593341,,0.083796569,,0.07933312,,0.071502388,0.074505072,,0.066520158,,0.089834742,
E466A,466,S29,Imatinib,,,1.116566981,,1.18184768,,0.8759501,,0.439058496,,0.292676756,0.196911219,0.166997869,,0.091135357,0.091831924,,0.064024012,0.065637539,0.061516292
E466C,466,S29,Asciminib,0.942006808,0.568534755,0.201378782,0.129453708,,0.129942963,,0.097961886,,0.086358386,,0.080677999,,0.066591409,0.069975334,,0.073760789,,0.083907867,
E466C,466,S29,Imatinib,,,1.123293674,,1.064632481,,0.762587665,,0.394443729,,0.19228701,0.155641044,0.139112795,,0.089252331,0.085286027,,0.061528615,0.064538275,0.041249771
E466D,466,S29,Asciminib,0.868381432,0.707982662,0.223185448,0.139693061,,0.121429345,,0.111783422,,0.088836289,,0.069458384,,0.070188886,0.062086243,,0.062713441,,0.072010619,
E466D,466,S29,Imatinib,,,1.122851512,,1.181145802,,0.727789064,,0.385207825,,0.205728923,0.153714093,0.142303896,,0.090260859,0.065198767,,0.064408726,0.063016078,0.053701144
E466F,466,S29,Asciminib,1.137853406,0.86007799,0.248376173,0.180389666,,0.132410354,,0.105478154,,0.117764053,,0.091177328,,0.100002448,0.097499683,,0.098665872,,0.102951586,
E466F,466,S29,Imatinib,,,1.21010317,,1.250342128,,0.854121936,,0.442285921,,0.241104536,0.157702312,0.136541217,,0.100469466,0.081361896,,0.074372833,0.062797016,0.058013269
E466G,466,S29,Asciminib,1.132055297,1.286018318,0.126579676,0.139815284,,0.254207439,,0.152758361,,0.211534204,,0.10963853,,0.139155169,0.220929092,,0.201070369,,0.256307803,
E466G,466,S29,Imatinib,,,1.26701169,,1.042954964,,1.343125061,,0.621093972,,0.380456631,0.264129297,0.398985578,,0.141710871,0.085642381,,0.067254047,0.081852816,0.020467089
E466H,466,S29,Asciminib,1.077528127,0.775535972,0.359065183,0.219089626,,0.150289267,,0.172125474,,0.130264691,,0.147986532,,0.074111998,0.184485175,,0.169478389,,0.121082506,
E466H,466,S29,Imatinib,,,1.340281248,,1.234851495,,0.997416666,,0.573085938,,0.322039089,0.232739308,0.23895813,,0.116069238,0.088246745,,0.099672074,0.097782137,0.099435243
E466I,466,S29,Asciminib,0.715070815,0.607964171,0.157887738,0.135624789,,0.101169013,,0.088256319,,0.074403866,,0.079570972,,0.069251129,0.055195381,,0.056660543,,0.067846285,
E466I,466,S29,Imatinib,,,1.05066724,,1.016188832,,0.676164122,,0.401295773,,0.199409948,0.131995722,0.108240797,,0.09735506,0.077621725,,0.074716295,0.073048641,0.06462737
E466K,466,S29,Asciminib,0.732798847,0.307243482,0.129427449,0.091029388,,0.075612549,,0.041300527,,0.066097789,,0.038456038,,0.027692272,0.054144101,,0.027919957,,0.067440965,
E466K,466,S29,Imatinib,,,0.84144878,,0.77083117,,0.545327613,,0.248705662,,0.147573235,0.128559298,0.08059601,,0.042161487,0.049587114,,0.034717891,0.045370118,0.041211489
E466L,466,S29,Asciminib,1.227572242,0.57928675,0.292659059,0.054537915,,0.116225508,,0.050219134,,0.057169852,,0.142882038,,0.001727309,0.218399238,,0.063266724,,0.145687602,
E466L,466,S29,Imatinib,,,1.093434165,,1.375349032,,0.435587449,,0.462412665,,0.195102573,0.136358407,0.047075414,,0.09439707,0.184136715,,0.106787045,0.10310191,0.113546739
E466M,466,S29,Asciminib,0.857473602,0.617359316,0.205863998,0.141975667,,0.130416493,,0.099685123,,0.096152157,,0.09153244,,0.075158949,0.082252225,,0.088403402,,0.088691276,
E466M,466,S29,Imatinib,,,1.110573292,,1.05124165,,0.757499658,,0.404143301,,0.20684901,0.16830522,0.143398382,,0.098404539,0.085074179,,0.075846628,0.069076912,0.056761514
E466N,466,S29,Asciminib,0.766224184,0.666330049,0.24313691,0.137110149,,0.112739955,,0.09415814,,0.079311546,,0.068819092,,0.076037743,0.080025114,,0.056630303,,0.056065509,
E466N,466,S29,Imatinib,,,1.106542969,,1.207925415,,0.818580241,,0.471367034,,0.214390519,0.209665159,0.15558308,,0.138036354,0.070502678,,0.067502549,0.089557758,0.053975378
E466P,466,S29,Asciminib,1.151244709,0.794602974,0.222625942,0.160944107,,0.139854479,,0.09095066,,0.082070322,,0.07429423,,0.077727016,0.075126932,,0.084411198,,0.081183563,
E466P,466,S29,Imatinib,,,1.094078829,,0.953707864,,0.808255825,,0.383909765,,0.237435721,0.147428299,0.132721716,,0.109920323,0.085037516,,0.093178223,0.051615565,0.056293016
E466Q,466,S29,Asciminib,0.951396736,0.745392621,0.203636036,0.163435169,,0.153550588,,0.070332742,,0.0999214,,0.08564441,,0.06988419,0.089350744,,0.043299383,,0.073539405,
E466Q,466,S29,Imatinib,,,1.176189849,,0.865507083,,0.730360756,,0.274830523,,0.19572325,0.129725517,0.11423266,,0.074266417,0.043308073,,0.048388412,0.071784735,0.046521391
E466R,466,S29,Asciminib,1.395027156,1.033754646,0.340637317,0.244266252,,0.17434872,,0.174036841,,0.156376196,,0.137959053,,0.12378284,0.121230233,,0.098611492,,0.124512388,
E466R,466,S29,Imatinib,,,1.439133256,,1.867920024,,1.132044669,,0.549553107,,0.336449705,0.202264903,0.152275532,,0.122523995,0.106228589,,0.118194918,0.122912881,0.099079337
E466S,466,S29,Asciminib,0.941935871,0.255251519,0.039113482,0.086150047,,0.075333885,,0.067287653,,0.0283848,,0.041744182,,0.03507597,0.051571399,,0.086843958,,0.073540733,
E466S,466,S29,Imatinib,,,0.820697821,,0.90607504,,0.612344225,,0.329125386,,0.154206005,0.138740743,0.066634421,,0.086366493,0.053336714,,0.065916396,0.04525523,0.064327254
E466T,466,S29,Asciminib,0.993357853,0.655629913,0.197774765,0.121024235,,0.106493446,,0.094038791,,0.095226331,,0.078362488,,0.064354049,0.069941435,,0.072483737,,0.071653514,
E466T,466,S29,Imatinib,,,1.087299459,,1.08162669,,0.776241715,,0.409413492,,0.221826282,0.168541324,0.124273758,,0.090176425,0.088878556,,0.074499909,0.068455549,0.058693998
E466V,466,S29,Asciminib,0.938591655,0.75999079,0.235903567,0.213567695,,0.186335998,,0.113277636,,0.108190654,,0.103617092,,0.071135608,0.071664186,,0.068989489,,0.091238186,
E466V,466,S29,Imatinib,,,1.303769449,,1.238283149,,0.851703787,,0.444223124,,0.233776315,0.201372504,0.133651192,,0.153699825,0.086930043,,0.080324385,0.056711958,0.065296103
E466W,466,S29,Asciminib,0.980005741,0.505602482,0.251059028,0.125846788,,0.109361075,,0.101834096,,0.060567237,,0.059655859,,0.046537051,0.064185487,,0.060080155,,0.075942955,
E466W,466,S29,Imatinib,,,0.893177019,,1.040682756,,0.717730222,,0.335242304,,0.215064917,0.159577978,0.113491138,,0.097104843,0.058051397,,0.065286927,0.057199604,0.038949277
E466Y,466,S29,Asciminib,1.02787556,0.608507475,0.213681215,0.148829971,,0.150621365,,0.091593674,,0.102589403,,0.087964246,,0.074750656,0.078644492,,0.091775908,,0.076293166,
E466Y,466,S29,Imatinib,,,1.216491713,,1.131383178,,0.866871357,,0.395611796,,0.229513853,0.177386804,0.155925112,,0.105992681,0.082931531,,0.068562007,0.083516311,0.056479892
E470A,470,S29,Asciminib,0.783632881,0.59195619,0.237999153,0.153710555,,0.156016271,,0.11954469,,0.102476313,,0.094711962,,0.080209698,0.073524598,,0.080002355,,0.078682904,
E470A,470,S29,Imatinib,,,1.124327915,,1.066692677,,0.787502435,,0.35385582,,0.214287009,0.181827879,0.15514719,,0.109999308,0.094172875,,0.092537165,0.072929949,0.056799457
E470C,470,S29,Asciminib,1.615234646,1.114122318,0.219989568,0.089333687,,0.218524514,,0.196228309,,0.185426545,,0.01598802,,0.16774387,0.133996859,,0.116516659,,0.161679662,
E470C,470,S29,Imatinib,,,2.283334337,,1.044271486,,0.708192584,,0.440994035,,0.388991456,0.309361097,0.273975992,,0.043888821,0.143498927,,0.189986412,0.137460934,0.127854984
E470D,470,S29,Asciminib,0.88788662,0.637260345,0.207872874,0.161303857,,0.126231638,,0.102598679,,0.110735298,,0.103903018,,0.082888517,0.082069396,,0.099285818,,0.099721955,
E470D,470,S29,Imatinib,,,1.193700578,,1.297977203,,0.762165341,,0.383206447,,0.225030287,0.142995216,0.108318057,,0.113742758,0.07677581,,0.083323457,0.081637144,0.056581122
E470F,470,S29,Asciminib,0.890641598,0.623974784,0.243247415,0.153462405,,0.132200813,,0.100286664,,0.082882882,,0.076516505,,0.073208778,0.083262237,,0.085086641,,0.095007062,
E470F,470,S29,Imatinib,,,1.146499941,,1.169712252,,0.71631771,,0.406291279,,0.247600878,0.149264445,0.122145799,,0.104983511,0.085530297,,0.074045086,0.080104688,0.057056747
E470G,470,S29,Asciminib,1.008862158,0.613158924,0.234078298,0.139521714,,0.117845618,,0.08692496,,0.081712322,,0.082759433,,0.077849424,0.074692187,,0.053351329,,0.078213773,
E470G,470,S29,Imatinib,,,1.259955919,,1.208174539,,0.908960013,,0.435681417,,0.239657393,0.140829284,0.144749731,,0.088033782,0.100369684,,0.084464313,0.072078313,0.057947617
E470H,470,S29,Asciminib,1.138623373,0.76665015,0.2429318,0.157978762,,0.143406451,,0.104748847,,0.077607738,,0.098176972,,0.073636159,0.088707546,,0.072221486,,0.095981641,
E470H,470,S29,Imatinib,,,1.131526133,,1.172068538,,0.814427215,,0.422159933,,0.263644174,0.204769409,0.154788647,,0.096482804,0.082570617,,0.067515809,0.063279767,0.054369085
E470I,470,S29,Asciminib,0.964456419,0.794937031,0.32669441,0.240175052,,0.18674016,,0.16950702,,0.160412073,,0.129687139,,0.124075455,0.109780082,,0.099740621,,0.098482186,
E470I,470,S29,Imatinib,,,1.133145616,,1.117396216,,0.816453994,,0.436621322,,0.2171555,0.182899279,0.118555494,,0.090888243,0.065896135,,0.072282075,0.056674243,0.054498252
E470K,470,S29,Asciminib,1.001827488,0.6882777,0.233379061,0.153364241,,0.135093287,,0.107517952,,0.083106513,,0.076896851,,0.069004042,0.096452067,,0.073898963,,0.097313431,
E470K,470,S29,Imatinib,,,1.332008408,,1.176698385,,0.948277979,,0.516603895,,0.240666943,0.201581463,0.156521449,,0.106125,0.093905768,,0.071874805,0.061103104,0.058515131
E470L,470,S29,Asciminib,0.951062887,0.538357619,0.339451899,0.217031061,,0.20859388,,0.127261001,,0.133282519,,0.141072721,,0.117395779,0.130224532,,0.099232054,,0.122953268,
E470L,470,S29,Imatinib,,,0.988842785,,0.903753518,,0.603057571,,0.288375065,,0.21725833,0.142646576,0.14317769,,0.129032721,0.080871633,,0.091630026,0.084100625,0.063525989
E470M,470,S29,Asciminib,1.213511985,0.708395182,0.277375278,0.148078727,,0.132894565,,0.11351909,,0.104940971,,0.085832909,,0.083041367,0.104330912,,0.10869252,,0.103702467,
E470M,470,S29,Imatinib,,,1.135494677,,1.226847393,,0.845121236,,0.443438443,,0.258231963,0.210530582,0.172125763,,0.14130936,0.106148253,,0.089689652,0.098437802,0.061573903
E470N,470,S29,Asciminib,0.925517501,0.629452927,0.215018241,0.144978321,,0.130364807,,0.090046559,,0.102897383,,0.072747431,,0.070926106,0.075333706,,0.069754238,,0.0826675,
E470N,470,S29,Imatinib,,,1.197859085,,1.120476421,,0.774658641,,0.381855909,,0.2392119,0.167578962,0.143196196,,0.085859129,0.085772322,,0.074087249,0.059172518,0.054714549
E470P,470,S29,Asciminib,1.131234166,1.205361884,0.76230309,0.602042121,,0.487632724,,0.335892516,,0.253275239,,0.202451578,,0.148888345,0.139620297,,0.104043964,,0.102181843,
E470P,470,S29,Imatinib,,,1.15514248,,1.130715037,,0.735018282,,0.382002616,,0.17975337,0.137549748,0.12096119,,0.088301514,0.072556668,,0.062780979,0.060062267,0.044297844
E470Q,470,S29,Asciminib,0.784749394,0.535035611,0.155306556,0.112451405,,0.096022935,,0.07058729,,0.080708775,,0.05734053,,0.066069084,0.061290398,,0.076816419,,0.062283786,
E470Q,470,S29,Imatinib,,,1.157375642,,1.114728093,,0.649582253,,0.397287572,,0.207101692,0.125534454,0.118716501,,0.092850499,0.06844668,,0.064128627,0.055729893,0.054143591
E470R,470,S29,Asciminib,0.999476062,0.557175656,0.226594574,0.150472269,,0.133497614,,0.093818112,,0.096058444,,0.094164486,,0.072497751,0.081571198,,0.090061915,,0.082897385,
E470R,470,S29,Imatinib,,,1.154289565,,1.138159507,,0.741421775,,0.442561581,,0.235949843,0.141060591,0.127159751,,0.096634874,0.068989595,,0.078361577,0.061852054,0.064280827
E470S,470,S29,Asciminib,0.95400147,0.751401483,0.393422552,0.190190729,,0.148881877,,0.119472964,,0.09016597,,0.102051338,,0.076562121,0.094328269,,0.094405549,,0.094397642,
E470S,470,S29,Imatinib,,,1.140470416,,1.071044467,,0.762790403,,0.415539268,,0.238079403,0.175791333,0.139645772,,0.105711708,0.095468048,,0.094763982,0.067353549,0.056172711
E470T,470,S29,Asciminib,1.095805608,0.84316459,0.305369806,0.222945806,,0.17145937,,0.156655274,,0.153631029,,0.119666093,,0.115243471,0.109625661,,0.147398954,,0.133944585,
E470T,470,S29,Imatinib,,,1.11667653,,1.000812512,,0.818730153,,0.434341996,,0.208862708,0.185907994,0.150327217,,0.095070568,0.076817431,,0.064111996,0.069576813,0.046998288
E470V,470,S29,Asciminib,1.116241161,0.8219491,0.257496268,0.163567694,,0.130916902,,0.102548359,,0.104166037,,0.087941717,,0.078055981,0.083956129,,0.090756207,,0.090413729,
E470V,470,S29,Imatinib,,,1.092642919,,1.008868365,,0.892358652,,0.45967275,,0.257022881,0.171893484,0.147251618,,0.118800155,0.099760429,,0.074092242,0.076034805,0.06934007
E470W,470,S29,Asciminib,1.187390012,0.842345964,0.289890671,0.231831526,,0.173626859,,0.16135606,,0.135688104,,0.110043882,,0.109419321,0.116105174,,0.107105828,,0.106148307,
E470W,470,S29,Imatinib,,,1.198033713,,1.135910586,,0.77625832,,0.347000989,,0.200016302,0.137486693,0.118848844,,0.104639832,0.069743729,,0.080881914,0.06237358,0.052997213
E470Y,470,S29,Asciminib,0.942362982,0.695883115,0.232234777,0.172136381,,0.155104402,,0.132755676,,0.109735491,,0.105216701,,0.084445262,0.08416909,,0.085328903,,0.099528893,
E470Y,470,S29,Imatinib,,,1.076203628,,1.021267302,,0.747991414,,0.340647839,,0.202729674,0.16272574,0.121429899,,0.11447551,0.077416699,,0.067482946,0.057214939,0.055530742
F359A,359,S15,Asciminib,1.40192258,0.87784084,0.190021101,0.15538574,,0.18795056,,0.113535932,,0.152238533,,0.125919129,,0.095082145,0.108121317,,0.101183324,,,
F359A,359,S15,Imatinib,,,1.123401219,,1.17846942,,1.014141816,,0.458331665,,0.211724311,0.253464364,0.229950023,,0.130101758,0.141161624,,0.084031237,0.052936986,0.04307945
F359C,359,S15,Asciminib,0.984466729,0.78335604,0.191335654,0.181685192,,0.175937138,,0.154468525,,0.151169208,,0.096534652,,0.12368869,0.126852496,,0.121499641,,,
F359C,359,S15,Imatinib,,,1.095510679,,0.935444883,,0.635772405,,0.405235281,,0.222580777,0.188123308,0.132240648,,0.147665446,0.095290387,,0.064503824,0.058349371,0.044449545
F359D,359,S15,Asciminib,0.835786935,0.428608654,0.084216226,0.072900989,,0.077365748,,0.072920252,,0.062313637,,0.056112754,,0.046633994,0.061565768,,0.071157017,,,
F359D,359,S15,Imatinib,,,0.893293001,,0.669071899,,0.410284627,,0.222822422,,0.124401791,0.09080418,0.093475254,,0.074913214,0.067813017,,0.060860939,0.046566759,0.034911848
F359E,359,S15,Asciminib,0.827436379,0.484913266,0.105887852,0.087793751,,0.096405515,,0.080361376,,0.072360522,,0.061619476,,0.05699601,0.076476135,,0.078896445,,,
F359E,359,S15,Imatinib,,,1.088580061,,0.780072828,,0.451508501,,0.209560344,,0.13743584,0.103219153,0.093188396,,0.065699601,0.067649829,,0.059685473,0.048902842,0.038350013
F359G,359,S15,Asciminib,1.418514747,1.053150131,0.228649062,0.144598971,,0.132204324,,0.107411288,,0.083901257,,0.100512517,,0.074974414,0.076932909,,0.094711599,,,
F359G,359,S15,Imatinib,,,1.102918872,,1.151201306,,0.792383631,,0.61359051,,0.208420482,0.279434978,0.18956159,,0.148475978,0.111298875,,0.101409446,0.05599801,0.040890212
F359H,359,S15,Asciminib,0.950392611,0.490312533,0.100968924,0.082081583,,0.078191261,,0.073652216,,0.058655465,,0.057025512,,0.052743065,0.065437784,,0.072326484,,,
F359H,359,S15,Imatinib,,,1.013986832,,0.85674387,,0.424261498,,0.266632105,,0.129795811,0.11021678,0.101573114,,0.083731901,0.077859823,,0.061162919,0.053949288,0.03600085
F359I,359,S15,Asciminib,1.271430183,0.72979044,0.181010159,0.156205162,,0.117553657,,0.125383024,,0.107944159,,0.096580455,,0.077085943,0.095494666,,0.084812489,,,
F359I,359,S15,Imatinib,,,0.889407851,,1.177528431,,0.602911665,,0.240700777,,0.151362656,0.096668039,0.141682261,,0.075728099,0.075699605,,0.072003374,0.055334415,0.046537309
F359K,359,S15,Asciminib,0.919686685,0.566038389,0.10327343,0.083393909,,0.088312031,,0.081721976,,0.062909732,,0.06722708,,0.057880588,0.073272926,,0.08518849,,,
F359K,359,S15,Imatinib,,,0.969078203,,0.907993459,,0.495675214,,0.262949882,,0.147002744,0.114669009,0.138433999,,0.084686761,0.079970035,,0.064639161,0.063923955,0.035602618
F359L,359,S15,Asciminib,1.018605857,1.123663663,0.201862822,0.128808322,,0.092731626,,0.08945556,,0.058862162,,0.064896407,,0.051204459,0.053457454,,0.084774129,,,
F359L,359,S15,Imatinib,,,0.874224564,,0.787529963,,0.569481944,,0.262982994,,0.100834463,0.109278789,0.088610385,,0.067204522,0.068450936,,0.06697518,0.049036918,0.029174291
F359M,359,S15,Asciminib,1.278737738,0.946737746,0.176022419,0.118029348,,0.120664872,,0.082147318,,0.077149564,,0.061400932,,0.062575319,0.076245524,,0.102018568,,,
F359M,359,S15,Imatinib,,,1.158759504,,1.07848908,,0.661337336,,0.335085849,,0.177817385,0.134147546,0.100209513,,0.085339169,0.084580392,,0.073124074,0.051805146,0.03689657
F359N,359,S15,Asciminib,0.873305969,0.494157202,0.100776066,0.078252699,,0.095425408,,0.080222661,,0.071667434,,0.05550209,,0.054591843,0.063347299,,0.086451026,,,
F359N,359,S15,Imatinib,,,1.039285422,,0.88732574,,0.424923827,,0.245326618,,0.118251853,0.119508565,0.102050876,,0.067315406,0.074065423,,0.058362113,0.050441807,0.034981124
F359P,359,S15,Asciminib,0.793220959,0.440765081,0.083977025,0.091408007,,0.083353716,,0.073212092,,0.066712645,,0.050875053,,0.052880924,0.06464941,,0.072326831,,,
F359P,359,S15,Imatinib,,,0.990984221,,0.837741422,,0.485099667,,0.271298928,,0.137942271,0.114991564,0.116847414,,0.079753765,0.065395214,,0.059081827,0.048336575,0.034275525
F359Q,359,S15,Asciminib,0.999462346,0.571356632,0.105545327,0.083650181,,0.088690646,,0.082300413,,0.067573953,,0.058154339,,0.055247937,0.067742293,,0.083861998,,,
F359Q,359,S15,Imatinib,,,1.058930511,,0.781112106,,0.402882197,,0.249115206,,0.124412853,0.102794647,0.103873819,,0.079366197,0.069784691,,0.05921759,0.046091134,0.038412698
F359R,359,S15,Asciminib,1.042651288,0.585260204,0.096288298,0.089682558,,0.085267914,,0.089781368,,0.068780873,,0.056296779,,0.059790315,0.070633835,,0.089644665,,,
F359R,359,S15,Imatinib,,,1.188044779,,1.082366924,,0.585304755,,0.329355894,,0.163453167,0.137054216,0.12594208,,0.096351053,0.08149486,,0.074124522,0.055320921,0.038227646
F359S,359,S15,Asciminib,1.042686961,0.482523382,0.105705544,0.082413097,,0.085192467,,0.071106206,,0.073378335,,0.059408302,,0.054226617,0.069464311,,0.079362032,,,
F359S,359,S15,Imatinib,,,1.082331919,,0.823075909,,0.420947947,,0.27076068,,0.128929526,0.116670261,0.100578624,,0.079078114,0.072573994,,0.065054508,0.054882669,0.035168957
F359T,359,S15,Asciminib,1.17419927,0.841268203,0.21793336,0.13599634,,0.136910431,,0.099301726,,0.121553833,,0.098665684,,0.078919413,0.106113172,,0.108948211,,,
F359T,359,S15,Imatinib,,,0.988200935,,1.120000332,,0.663020988,,0.379896174,,0.14440216,0.11212984,0.096192762,,0.089062368,0.075934312,,0.056621541,0.053636393,0.05132593
F359V,359,S15,Asciminib,1.263580811,1.040751579,0.23622279,0.195486395,,0.187459172,,0.152434782,,0.118774445,,0.125281887,,0.140132142,0.123966188,,0.153590615,,,
F359V,359,S15,Imatinib,,,1.045030038,,1.109548425,,0.839657105,,0.532175449,,0.183090444,0.261848119,0.146102772,,0.11813451,0.104469415,,0.084063465,0.051640123,0.058402369
F359W,359,S15,Asciminib,1.080545449,0.547189743,0.105714037,0.089714413,,0.078199743,,0.078160111,,0.080476205,,0.053570152,,0.058237352,0.069591904,,0.087017329,,,
F359W,359,S15,Imatinib,,,1.093355621,,0.991349603,,0.476743696,,0.28716317,,0.164909352,0.109446566,0.148799388,,0.08593873,0.078207403,,0.064589335,0.048083802,0.031759317
F359Y,359,S15,Asciminib,0.989367612,0.74890121,0.135639649,0.097016638,,0.083837339,,0.071207143,,0.070521818,,0.056660687,,0.050222029,0.071112768,,0.081824679,,,
F359Y,359,S15,Imatinib,,,1.002502052,,0.99360848,,0.690139928,,0.342310031,,0.170913903,0.127112538,0.135924598,,0.089847453,0.09119397,,0.06222212,0.061598632,0.031676284
H361A,361,S15,Asciminib,0.891812301,0.550551043,0.090967499,0.089611177,,0.091117686,,0.091952262,,0.069882557,,0.056639946,,0.060777336,0.071894512,,0.083197067,,,
H361A,361,S15,Imatinib,,,1.152366559,,0.96632069,,0.480101601,,0.278645245,,0.135837743,0.113506835,0.108642763,,0.075672956,0.076243523,,0.060337039,0.053075395,0.03980794
H361C,361,S15,Asciminib,0.981145913,0.487956989,0.077193546,0.083352528,,0.093164952,,0.074316425,,0.067147686,,0.048935496,,0.054702041,0.072140167,,0.086094529,,,
H361C,361,S15,Imatinib,,,1.082135048,,0.767993735,,0.505025843,,0.213514414,,0.119304961,0.096214455,0.09674984,,0.072042606,0.069456472,,0.064285049,0.044478471,0.035796508
H361D,361,S15,Asciminib,0.746681942,0.459396177,0.09362034,0.072560665,,0.078012888,,0.07684926,,0.062660862,,0.06202032,,0.052254572,0.063609991,,0.068146967,,,
H361D,361,S15,Imatinib,,,0.983127053,,0.802324145,,0.435266598,,0.228255632,,0.128168236,0.090980099,0.093599005,,0.070268374,0.063198894,,0.055294822,0.047811781,0.033664841
H361E,361,S15,Asciminib,0.742121552,0.354137502,0.092181446,0.07732566,,0.082568301,,0.078075554,,0.061235944,,0.055650082,,0.046565459,0.063235165,,0.07275778,,,
H361E,361,S15,Imatinib,,,0.976204735,,0.726200405,,0.396632934,,0.235419744,,0.115910368,0.110735383,0.097919437,,0.073584321,0.064874094,,0.05481742,0.03671331,0.03349854
H361F,361,S15,Asciminib,0.783516534,0.401015088,0.093254223,0.073210565,,0.083113851,,0.074083161,,0.060451266,,0.047663145,,0.051915068,0.067120946,,0.07201223,,,
H361F,361,S15,Imatinib,,,0.922297451,,0.600381988,,0.331738107,,0.180491702,,0.117700912,0.087790755,0.101107824,,0.065197142,0.058828402,,0.05933764,0.039022671,0.037079043
H361G,361,S15,Asciminib,0.760622121,0.401827812,0.095538527,0.077683021,,0.080179283,,0.069347976,,0.060114111,,0.056789701,,0.054011975,0.06180669,,0.072597719,,,
H361G,361,S15,Imatinib,,,1.005963608,,0.829141902,,0.436763255,,0.208049938,,0.118130683,0.104725147,0.105819153,,0.079608565,0.065702322,,0.056943635,0.047948216,0.03058868
H361I,361,S15,Asciminib,0.780099188,0.395469423,0.073565994,0.075851875,,0.09893412,,0.078785825,,0.065202601,,0.053852901,,0.06344054,0.061686974,,0.086072547,,,
H361I,361,S15,Imatinib,,,1.033024499,,0.688693058,,0.402868235,,0.260079213,,0.135308396,0.086398974,0.084664628,,0.078717067,0.073476493,,0.054475991,0.047695837,0.033481184
H361K,361,S15,Asciminib,0.754523642,0.441614317,0.10439119,0.089740843,,0.082097936,,0.078858095,,0.072396308,,0.055173699,,0.053688953,0.067235255,,0.078014926,,,
H361K,361,S15,Imatinib,,,0.947113248,,0.735467731,,0.442918974,,0.251748818,,0.140077939,0.117196656,0.093214376,,0.072877333,0.065202731,,0.064912765,0.052324649,0.035798532
H361L,361,S15,Asciminib,0.837333866,0.461641837,0.084985798,0.071009399,,0.087356993,,0.068030137,,0.072698867,,0.061616319,,0.05750427,0.067197912,,0.076910842,,,
H361L,361,S15,Imatinib,,,0.985810744,,0.76680004,,0.471267051,,0.205264583,,0.113178849,0.098786935,0.076433712,,0.062353272,0.067933144,,0.053882286,0.041056441,0.025844928
H361M,361,S15,Asciminib,1.044222318,0.579996232,0.11850004,0.109000549,,0.101932958,,0.095936073,,0.078240774,,0.057730277,,0.06314965,0.072615295,,0.095097725,,,
H361M,361,S15,Imatinib,,,1.05576988,,0.897345266,,0.4781122,,0.341935202,,0.148648539,0.105829095,0.140718807,,0.096401635,0.07675138,,0.071326307,0.057407285,0.04365209
H361N,361,S15,Asciminib,0.843866656,0.450078148,0.087235953,0.078271478,,0.076479027,,0.060833958,,0.05240065,,0.053098954,,0.047998975,0.073889676,,0.075930288,,,
H361N,361,S15,Imatinib,,,1.077796861,,0.863940595,,0.457407539,,0.219389178,,0.140973262,0.117407961,0.084998857,,0.066140341,0.07021388,,0.051124006,0.048793447,0.033632696
H361P,361,S15,Asciminib,0.76018887,0.462117145,0.09780719,0.078758848,,0.082405745,,0.083821223,,0.074441979,,0.060191593,,0.061392738,0.068473041,,0.084231549,,,
H361P,361,S15,Imatinib,,,1.024882759,,0.843016548,,0.491982311,,0.235880392,,0.138749213,0.094402961,0.09823281,,0.076337412,0.081193054,,0.056877784,0.050622236,0.035681961
H361Q,361,S15,Asciminib,0.832759923,0.540155441,0.087797501,0.074022159,,0.090673959,,0.076884507,,0.075119949,,0.052167427,,0.054772133,0.070511555,,0.072262362,,,
H361Q,361,S15,Imatinib,,,1.066967075,,0.789596792,,0.479197216,,0.220919926,,0.134822759,0.111130641,0.100874443,,0.076536241,0.068981178,,0.058893034,0.048896642,0.033568844
H361R,361,S15,Asciminib,0.775739498,0.443290523,0.092925493,0.079486902,,0.075663055,,0.076863048,,0.070856855,,0.054796778,,0.055540805,0.069765866,,0.078881144,,,
H361R,361,S15,Imatinib,,,0.968056281,,0.794500134,,0.462229997,,0.21781842,,0.129889347,0.104359462,0.095929138,,0.07280834,0.06724712,,0.057519023,0.048479827,0.035470545
H361S,361,S15,Asciminib,0.882889374,0.489947047,0.094010641,0.088035864,,0.092214006,,0.078335393,,0.075036494,,0.059721303,,0.047401288,0.071990361,,0.076304485,,2.164090887,
H361S,361,S15,Imatinib,,,1.00017645,,0.864761809,,0.473473592,,0.261909909,,0.133549835,0.10528863,0.086253073,,0.074987483,0.064849931,,0.061598938,0.051709272,0.033341257
H361T,361,S15,Asciminib,0.798886904,0.523936228,0.112062716,0.080326187,,0.095190138,,0.083046354,,0.076965422,,0.059477257,,0.059906157,0.074177736,,0.084519001,,,
H361T,361,S15,Imatinib,,,1.153212688,,0.807660184,,0.522289199,,0.246223698,,0.131915119,0.101176775,0.096261663,,0.074055545,0.072968685,,0.055083975,0.048298082,0.034480925
H361V,361,S15,Asciminib,0.883420883,0.546896023,0.107398497,0.090292641,,0.076594336,,0.08686253,,0.072718761,,0.060915781,,0.055442257,0.074331101,,0.077156167,,,
H361V,361,S15,Imatinib,,,1.022071379,,0.782361442,,0.493790399,,0.234408804,,0.148904916,0.117302183,0.091950184,,0.072399122,0.064404425,,0.066011983,0.043950099,0.039674575
H361W,361,S15,Asciminib,0.883507478,0.44062712,0.108269374,0.082896967,,0.097402615,,0.078125388,,0.071130481,,0.059554293,,0.057189834,0.074885091,,0.094329768,,,
H361W,361,S15,Imatinib,,,1.090352418,,0.809017613,,0.41449906,,0.210557512,,0.139357473,0.096754032,0.118795358,,0.077453855,0.081490917,,0.058056214,0.047095805,0.04018885
H361Y,361,S15,Asciminib,0.803859537,0.431003018,0.109712001,0.079887251,,0.08976815,,0.082023611,,0.060761479,,0.058103489,,0.049413461,0.078400008,,0.06745561,,,
H361Y,361,S15,Imatinib,,,0.970852257,,0.843972696,,0.416554075,,0.210356208,,0.13519526,0.088165514,0.075909756,,0.070557751,0.065424892,,0.052816254,0.043292477,0.034305163
I360A,360,S15,Asciminib,1.007504765,0.481994384,0.102424968,0.080099805,,0.085854859,,0.080913813,,0.077072414,,0.055908017,,0.056069012,0.070486072,,0.075545117,,1.393745175,
I360A,360,S15,Imatinib,,,1.10020406,,0.987378285,,0.551040745,,0.308331821,,0.132310093,0.112048886,0.112725985,,0.088887659,0.06990024,,0.060104287,0.048631656,0.03607438
I360C,360,S15,Asciminib,1.161841058,0.591736719,0.115986592,0.07963583,,0.093884213,,0.07497766,,0.064491213,,0.061642857,,0.048719158,0.060588757,,0.075227981,,,
I360C,360,S15,Imatinib,,,1.156193508,,1.089564449,,0.652074941,,0.253911351,,0.155881285,0.095354166,0.131737304,,0.102236175,0.092604643,,0.070774547,0.060553733,0.034830348
I360D,360,S15,Asciminib,1.112420675,0.530578314,0.103730916,0.084188331,,0.108672393,,0.075576426,,0.069488065,,0.069656096,,0.065414868,0.077270039,,0.084619301,,,
I360D,360,S15,Imatinib,,,1.048049101,,0.836260801,,0.452106316,,0.254785882,,0.134984591,0.11447239,0.122415199,,0.091907495,0.078048035,,0.067425834,0.057239004,0.039126233
I360E,360,S15,Asciminib,0.974839087,0.491146804,0.092273613,0.078296205,,0.086542841,,0.069236334,,0.069665482,,0.049623238,,0.047598644,0.067285428,,0.089049006,,,
I360E,360,S15,Imatinib,,,0.998152238,,0.784630483,,0.43355052,,0.238520584,,0.108871803,0.087615124,0.084006666,,0.079215824,0.058338706,,0.06336184,0.042982986,0.032885257
I360F,360,S15,Asciminib,0.916320516,0.513739563,0.100211634,0.079912218,,0.088931777,,0.076277987,,0.060550975,,0.059092815,,0.045863595,0.064674444,,0.087661782,,,
I360F,360,S15,Imatinib,,,1.125148107,,0.821432594,,0.377218379,,0.212098575,,0.126791744,0.087330773,0.10616617,,0.07333862,0.064011157,,0.061060983,0.044699788,0.036319773
I360G,360,S15,Asciminib,0.944346139,0.387058751,0.088324436,0.076600944,,0.092530733,,0.074593059,,0.074855915,,0.061787308,,0.054245932,0.069557761,,0.084421888,,,
I360G,360,S15,Imatinib,,,0.996170123,,0.784725796,,0.416189118,,0.254871271,,0.135562409,0.091814992,0.106694242,,0.076233923,0.065105229,,0.060872482,0.050735706,0.034274227
I360H,360,S15,Asciminib,1.094952556,0.531539502,0.118303257,0.097040876,,0.100704601,,0.092642069,,0.082706486,,0.073997624,,0.053429548,0.089550144,,0.096639837,,,
I360H,360,S15,Imatinib,,,1.119552792,,0.917478677,,0.488603569,,0.231432415,,0.149961698,0.114604553,0.123716628,,0.0958991,0.076331731,,0.067681649,0.053316813,0.041464779
I360K,360,S15,Asciminib,0.736752237,0.461861095,0.083496281,0.075868854,,0.090071332,,0.076676819,,0.062801691,,0.053673542,,0.057682976,0.07097734,,0.077149858,,,
I360K,360,S15,Imatinib,,,1.054397018,,0.680990588,,0.427942411,,0.248390044,,0.138944319,0.10131704,0.088414417,,0.087980473,0.077496857,,0.063819617,0.043233647,0.034351669
I360L,360,S15,Asciminib,1.11079603,0.733718246,0.120512805,0.08605286,,0.072169675,,0.071430629,,0.065780962,,0.052449077,,0.046456827,0.067525922,,0.069868729,,,
I360L,360,S15,Imatinib,,,1.132303453,,1.157129204,,0.614838208,,0.35040588,,0.139037492,0.130527402,0.110634376,,0.071753805,0.055201883,,0.058079198,0.041358507,0.030781493
I360M,360,S15,Asciminib,0.780276071,0.461393927,0.077412084,0.071582991,,0.084351558,,0.070981586,,0.06638592,,0.056377392,,0.049195247,0.060912987,,0.086997396,,,
I360M,360,S15,Imatinib,,,1.038957088,,0.788995051,,0.393061161,,0.192076739,,0.128774316,0.087886048,0.094501575,,0.069348968,0.064348802,,0.050558941,0.04541972,0.03191245
I360N,360,S15,Asciminib,0.90969243,0.534384358,0.111486745,0.087757123,,0.092188965,,0.092537872,,0.068825666,,0.064784211,,0.058830615,0.070849163,,0.081334762,,,
I360N,360,S15,Imatinib,,,1.030772592,,0.779397267,,0.454689269,,0.231364402,,0.141552528,0.094134009,0.096530538,,0.075848387,0.074318455,,0.068305077,0.05534928,0.0412801
I360P,360,S15,Asciminib,0.968894823,0.458991175,0.101130909,0.10238986,,0.09712134,,0.086360906,,0.065313957,,0.065999541,,0.054779411,0.074320364,,0.083169043,,,
I360P,360,S15,Imatinib,,,1.010089906,,0.82319415,,0.448348111,,0.220519906,,0.135125288,0.106195974,0.101132891,,0.081859121,0.072069109,,0.061856019,0.051508415,0.042698904
I360Q,360,S15,Asciminib,0.819872481,0.45061088,0.099029348,0.087466233,,0.084914542,,0.074594367,,0.074210616,,0.059656865,,0.052187637,0.072987583,,0.071448004,,,
I360Q,360,S15,Imatinib,,,1.005042455,,0.745062512,,0.425804101,,0.190666533,,0.123485432,0.096599397,0.10180122,,0.065897674,0.074944697,,0.054845729,0.04921221,0.03643309
I360R,360,S15,Asciminib,0.944639243,0.62700698,0.100524041,0.092199799,,0.076263889,,0.087107349,,0.073206362,,0.059034848,,0.056652195,0.072939787,,0.084503705,,,
I360R,360,S15,Imatinib,,,1.167678366,,0.951375428,,0.529385696,,0.263256554,,0.13764229,0.098949591,0.102061526,,0.07783321,0.078737042,,0.05600524,0.050823028,0.037915532
I360S,360,S15,Asciminib,0.848190367,0.445639647,0.092083628,0.078167871,,0.089194804,,0.068439577,,0.073100304,,0.065473392,,0.053884725,0.066761166,,0.072518623,,,
I360S,360,S15,Imatinib,,,1.032668698,,0.79777473,,0.394864705,,0.19872487,,0.125577348,0.094282329,0.091435205,,0.07670602,0.061570777,,0.058551342,0.04809463,0.033653734
I360T,360,S15,Asciminib,0.871857757,0.474017163,0.106014838,0.091629093,,0.088655548,,0.080046366,,0.065556413,,0.050086547,,0.055563776,0.063153561,,0.080407072,,,
I360T,360,S15,Imatinib,,,0.991890877,,0.839831878,,0.404759468,,0.206160287,,0.138307066,0.109613829,0.106952509,,0.085051235,0.077185313,,0.063627949,0.052418855,0.034026088
I360V,360,S15,Asciminib,0.94960222,0.614154871,0.0951601,0.07660176,,0.080349869,,0.064847657,,0.052588362,,0.05184321,,0.054549942,0.064391306,,0.070106418,,,
I360V,360,S15,Imatinib,,,1.132639913,,0.866828184,,0.589235012,,0.204867266,,0.140521755,0.125988461,0.106868942,,0.085640872,0.083526625,,0.060454485,0.053819536,0.038048532
I360W,360,S15,Asciminib,1.000614664,0.543753004,0.103674629,0.081256587,,0.079992095,,0.071014232,,0.072968505,,0.053147495,,0.045407771,0.06381204,,0.073485979,,,
I360W,360,S15,Imatinib,,,1.038886689,,0.75460583,,0.434597337,,0.198917364,,0.121702571,0.102275953,0.083500233,,0.071028348,0.062572296,,0.053349287,0.048079076,0.032491507
I360Y,360,S15,Asciminib,1.019123237,0.55641849,0.109113199,0.094692546,,0.095156858,,0.078403747,,0.08074951,,0.067308076,,0.058347324,0.081714291,,0.087869358,,,
I360Y,360,S15,Imatinib,,,1.085441597,,0.872792352,,0.452149131,,0.267941393,,0.136025731,0.114794296,0.121509667,,0.080784331,0.079257759,,0.074089134,0.050494448,0.041502853
K356A,356,S15,Asciminib,1.065990248,0.655546652,0.14977623,0.116537922,,0.091698847,,0.071652755,,0.072517036,,0.057837351,,0.059228233,0.060576804,,0.094932799,,,
K356A,356,S15,Imatinib,,,1.087549787,,0.976811283,,0.610940898,,0.277606009,,0.162077324,0.146328802,0.122542138,,0.08193146,0.078064201,,0.073870268,0.05361061,0.039524154
K356C,356,S15,Asciminib,0.900355052,0.531891454,0.11368918,0.087487088,,0.079808578,,0.069757614,,0.081430079,,0.069841719,,0.044250505,0.065039152,,0.092340496,,,
K356C,356,S15,Imatinib,,,0.958776715,,0.938810595,,0.51468911,,0.231871307,,0.126326532,0.107815062,0.081869586,,0.065081529,0.069978885,,0.080944481,0.055455589,0.03033466
K356D,356,S15,Asciminib,1.039298556,0.654817794,0.093807785,0.078291573,,0.06911856,,0.071479574,,0.061678844,,0.056713268,,0.046913942,0.062060246,,0.074758734,,,
K356D,356,S15,Imatinib,,,1.006770614,,0.928712763,,0.554707234,,0.271791897,,0.136119268,0.085515305,0.083396783,,0.073561482,0.06574773,,0.060226986,0.043141262,0.035971477
K356E,356,S15,Asciminib,1.049251227,0.663039541,0.148430687,0.093222534,,0.081021732,,0.074805353,,0.065208293,,0.051544694,,0.053034308,0.063243558,,0.078099452,,,
K356E,356,S15,Imatinib,,,1.1311017,,1.015357824,,0.577170507,,0.275679666,,0.141842935,0.106695843,0.089056889,,0.070771184,0.066471508,,0.057827089,0.046915785,0.03353652
K356F,356,S15,Asciminib,0.914555018,0.648997984,0.110329534,0.077082334,,0.07563085,,0.069994162,,0.067356449,,0.052242859,,0.042461114,0.067012638,,0.068108108,,,
K356F,356,S15,Imatinib,,,0.964015439,,0.877388872,,0.518013078,,0.278986273,,0.163279096,0.132012387,0.098592513,,0.075556328,0.053392536,,0.057927662,0.047176773,0.036172849
K356G,356,S15,Asciminib,1.102598609,0.807556774,0.140373864,0.090702518,,0.08031533,,0.075439237,,0.067452105,,0.050745256,,0.047477841,0.074159974,,0.068977882,,,
K356G,356,S15,Imatinib,,,1.019768268,,1.074455399,,0.565603557,,0.215780726,,0.120263488,0.089855661,0.084605286,,0.062024768,0.057137956,,0.050942874,0.04071577,0.027182219
K356H,356,S15,Asciminib,1.145629931,0.633227263,0.114367599,0.138217738,,0.121119388,,0.128408685,,0.120321529,,0.082861767,,0.085172793,0.083335214,,0.086922693,,,
K356H,356,S15,Imatinib,,,1.06835397,,1.318769837,,0.607853126,,0.284928462,,0.155128682,0.144983424,0.122663747,,0.064047604,0.09225013,,0.066178098,0.055590264,0.037537003
K356I,356,S15,Asciminib,1.304639013,0.672543525,0.115151712,0.079293715,,0.092467993,,0.08677168,,0.075757938,,0.067057541,,0.07181869,0.084354336,,0.08678477,,,
K356I,356,S15,Imatinib,,,1.022999626,,1.054627021,,0.583365607,,0.26773191,,0.158897704,0.129401347,0.14217259,,0.076560748,0.064192674,,0.053980434,0.056730178,0.038177948
K356L,356,S15,Asciminib,0.786036439,0.554756137,0.103721367,0.088457888,,0.083436308,,0.073007755,,0.070440682,,0.057722039,,0.052066557,0.067005612,,0.071233129,,,
K356L,356,S15,Imatinib,,,1.067991903,,0.886990226,,0.605694727,,0.262118409,,0.137558793,0.134733479,0.115255611,,0.097440565,0.065913678,,0.062334678,0.04927278,0.032525205
K356M,356,S15,Asciminib,0.94805294,0.590793021,0.108213255,0.078273642,,0.083516775,,0.059981441,,0.073692909,,0.048170772,,0.053445832,0.05465603,,0.080058737,,,
K356M,356,S15,Imatinib,,,0.924177664,,0.855630186,,0.553604466,,0.216396778,,0.13765748,0.088926211,0.107826216,,0.075601662,0.061135169,,0.047888604,0.043580608,0.030187521
K356N,356,S15,Asciminib,1.191640213,0.706176857,0.127296024,0.099765569,,0.084796145,,0.077972297,,0.063020124,,0.064602394,,0.056945085,0.055160397,,0.075310632,,,
K356N,356,S15,Imatinib,,,0.934813641,,0.82280337,,0.573779607,,0.326846405,,0.153828926,0.100124663,0.099704764,,0.06790519,0.063145983,,0.051874942,0.045385348,0.035684743
K356P,356,S15,Asciminib,1.301517992,0.955491053,0.216520683,0.139720355,,0.133876269,,0.124936225,,0.135425062,,0.118908487,,0.096833748,0.102161349,,0.10628103,,,
K356P,356,S15,Imatinib,,,1.160149968,,1.217201425,,0.938194277,,0.563484797,,0.286617133,0.311242143,0.287374479,,0.192557107,0.171616102,,0.134411929,0.054687062,0.047145213
K356Q,356,S15,Asciminib,1.273305119,0.781360706,0.148390482,0.12202399,,0.103120925,,0.083439453,,0.082877758,,0.078486944,,0.064412078,0.071464562,,0.085388895,,,
K356Q,356,S15,Imatinib,,,1.225695034,,1.164738276,,0.681242356,,0.408400175,,0.188431283,0.169476159,0.12351491,,0.09357552,0.079255112,,0.060930408,0.040666464,0.041137421
K356R,356,S15,Asciminib,0.94260441,0.639012088,0.182294585,0.078125943,,0.097647167,,0.074954381,,0.066853894,,0.058748848,,0.055129715,0.068153438,,0.075109076,,,
K356R,356,S15,Imatinib,,,1.013346647,,1.087350888,,0.690002797,,0.274633493,,0.165669314,0.15205267,0.110013945,,0.085766397,0.072064914,,0.052818123,0.037252416,0.034398297
K356S,356,S15,Asciminib,0.810145549,0.616458894,0.127314233,0.105062506,,0.088893356,,0.089377754,,0.082350352,,0.065495426,,0.057782971,0.065321341,,0.084518268,,,
K356S,356,S15,Imatinib,,,0.956589741,,0.866026631,,0.530581423,,0.304205686,,0.172449089,0.110650238,0.092228135,,0.089690052,0.068757927,,0.045908012,0.042357921,0.04299607
K356T,356,S15,Asciminib,1.052411453,0.64352834,0.080444882,0.111816743,,0.091388812,,0.081366381,,0.070583854,,0.063903635,,0.060146201,0.074866273,,0.091568959,,,
K356T,356,S15,Imatinib,,,1.122381353,,1.104215232,,0.642819175,,0.341619323,,0.1503725,0.116317052,0.151728587,,0.109121552,0.088956401,,0.074974724,0.048278678,0.036910779
K356V,356,S15,Asciminib,1.18295116,0.716382893,0.118984323,0.084135077,,0.094121299,,0.060654994,,0.063737006,,0.058959504,,0.051324508,0.064219239,,0.091683504,,,
K356V,356,S15,Imatinib,,,1.071960152,,0.872465101,,0.536413675,,0.238441446,,0.141627921,0.098031295,0.101699124,,0.065388227,0.071961756,,0.051286965,0.041131033,0.034862663
K356W,356,S15,Asciminib,0.977472935,0.625834471,0.103365577,0.089167605,,0.086259238,,0.080230379,,0.067811137,,0.062455238,,0.059576438,0.066623259,,0.080709783,,,
K356W,356,S15,Imatinib,,,1.020057416,,1.011294728,,0.559627581,,0.254960793,,0.130745457,0.106423758,0.080813096,,0.074414563,0.072011673,,0.051459513,0.044983986,0.040841427
K356Y,356,S15,Asciminib,1.104248237,0.619934653,0.123920621,0.09648786,,0.107863873,,0.087077099,,0.076220023,,0.074455605,,0.049771076,0.075858675,,0.085359527,,,
K356Y,356,S15,Imatinib,,,1.190411444,,1.037440127,,0.657316404,,0.339180518,,0.163521312,0.115021093,0.140346074,,0.087624195,0.069076175,,0.070217123,0.052908436,0.045753966
K357A,357,S15,Asciminib,0.967213411,0.583039776,0.110878758,0.088653365,,0.084567959,,0.07088176,,0.06808631,,0.046489,,0.052474595,0.066953219,,0.077285002,,,
K357A,357,S15,Imatinib,,,1.001409048,,1.022344118,,0.631840497,,0.256750138,,0.142698826,0.144642603,0.102791542,,0.074178648,0.068460252,,0.063622176,0.049843664,0.034140334
K357C,357,S15,Asciminib,1.309054515,0.732305706,0.099372768,0.080066147,,0.077026929,,0.086126732,,0.085850367,,0.084386114,,0.055733613,0.084669562,,0.096069363,,,
K357C,357,S15,Imatinib,,,1.088113403,,0.971583141,,0.569903752,,0.316747887,,0.127483196,0.112808172,0.120700267,,0.089768613,0.071486361,,0.062714637,0.049974257,0.035359578
K357D,357,S15,Asciminib,0.906710519,0.402599954,0.078608231,0.069090752,,0.078788527,,0.071216081,,0.064577045,,0.051656379,,0.048596615,0.068414995,,0.078068303,,,
K357D,357,S15,Imatinib,,,1.112888477,,0.920664398,,0.461628273,,0.234854947,,0.144225904,0.111478814,0.097645763,,0.069618018,0.067012636,,0.051899264,0.047479952,0.029708218
K357E,357,S15,Asciminib,0.946410246,0.761553201,0.136901621,0.094853176,,0.088266278,,0.085650194,,0.078064899,,0.062257674,,0.056187908,0.068251332,,0.076683493,,,
K357E,357,S15,Imatinib,,,1.147608596,,0.953523416,,0.586124264,,0.242634871,,0.14353658,0.115437008,0.114648332,,0.086328713,0.068068188,,0.06625027,0.045555563,0.03842761
K357F,357,S15,Asciminib,1.047984173,0.575001684,0.098613775,0.085935854,,0.093431263,,0.077145252,,0.066221156,,0.050949649,,0.058368913,0.073631371,,0.075088647,,,
K357F,357,S15,Imatinib,,,1.149963259,,1.024455529,,0.629644988,,0.298803761,,0.159789064,0.135379363,0.131052471,,0.072770222,0.069979488,,0.054814706,0.046461682,0.034531442
K357G,357,S15,Asciminib,0.915715121,0.712791671,0.172315722,0.089424606,,0.112113487,,0.084311846,,0.070017078,,0.081944662,,0.058030881,0.071707814,,0.07945615,,,
K357G,357,S15,Imatinib,,,1.044649242,,0.933519159,,0.665677099,,0.29246751,,0.151761535,0.109912768,0.076550151,,0.07745853,0.074627744,,0.048410632,0.045958309,0.04398609
K357H,357,S15,Asciminib,0.9951995,0.710915211,0.101558285,0.071620729,,0.077695023,,0.086451458,,0.059999131,,0.070605771,,0.050998102,0.077442255,,0.088370087,,,
K357H,357,S15,Imatinib,,,0.993910883,,0.994132617,,0.555595106,,0.321909267,,0.145127428,0.12031227,0.103474755,,0.076620632,0.073724466,,0.054725865,0.047505836,0.037923658
K357I,357,S15,Asciminib,1.014090236,0.66119638,0.109253206,0.082274563,,0.078303742,,0.07779247,,0.081022106,,0.06337119,,0.047572566,0.072774676,,0.086073009,,,
K357I,357,S15,Imatinib,,,1.112268648,,1.106887709,,0.759457006,,0.361290505,,0.175221071,0.148776407,0.130947045,,0.109578766,0.07185944,,0.055364473,0.051092821,0.035034885
K357L,357,S15,Asciminib,0.921382861,0.579719249,0.088106063,0.083339652,,0.057512691,,0.073890116,,0.061485302,,0.055155336,,0.044734098,0.055294249,,0.059580686,,,
K357L,357,S15,Imatinib,,,0.966601377,,0.814493506,,0.435985048,,0.244015597,,0.110321788,0.094246724,0.070927609,,0.067527127,0.051269769,,0.048544532,0.035911916,0.027567363
K357M,357,S15,Asciminib,1.012965253,0.671637802,0.085587341,0.065185438,,0.060857304,,0.064802112,,0.057887166,,0.055610021,,0.052892292,0.066735068,,0.067765917,,,
K357M,357,S15,Imatinib,,,1.092982471,,1.033948756,,0.6020596,,0.333411932,,0.127579714,0.146508874,0.138496069,,0.086524415,0.061314721,,0.059093196,0.041104789,0.034441565
K357N,357,S15,Asciminib,1.19111047,0.622081974,0.106524809,0.100950494,,0.074041823,,0.070228029,,0.072121154,,0.048049718,,0.050328503,0.056274555,,0.086526691,,,
K357N,357,S15,Imatinib,,,1.191998278,,1.019445677,,0.605073582,,0.287362198,,0.160502861,0.110005198,0.108817478,,0.081967212,0.060297995,,0.062779066,0.049362882,0.037197647
K357P,357,S15,Asciminib,0.866978476,0.565474839,0.103691471,0.091450595,,0.080469045,,0.075562228,,0.066991858,,0.056371641,,0.053764856,0.069807603,,0.084130618,,,
K357P,357,S15,Imatinib,,,1.229586757,,0.879774897,,0.479300468,,0.246491874,,0.150064945,0.115411054,0.099615905,,0.082303151,0.066223174,,0.059545164,0.047281813,0.033298648
K357Q,357,S15,Asciminib,0.900151661,0.548563257,0.115618875,0.088488247,,0.086765852,,0.078221297,,0.073641361,,0.06724262,,0.064547728,0.074437516,,0.090403409,,,
K357Q,357,S15,Imatinib,,,1.138635789,,0.960054244,,0.614991812,,0.296670525,,0.150275314,0.112505706,0.109837692,,0.087721751,0.06992266,,0.064368678,0.049056332,0.037834207
K357R,357,S15,Asciminib,1.094091538,0.531608322,0.119984367,0.092265995,,0.081315546,,0.08496652,,0.061996066,,0.056685618,,0.053815744,0.086598758,,0.073545926,,,
K357R,357,S15,Imatinib,,,1.158027448,,1.101184395,,0.735575564,,0.326569409,,0.176839821,0.118784706,0.13634878,,0.093363322,0.067093698,,0.067047078,0.058051509,0.040448286
K357S,357,S15,Asciminib,1.040606863,0.604784104,0.11629235,0.099787561,,0.084131708,,0.081536662,,0.077009656,,0.063584225,,0.06768861,0.07277701,,0.081940597,,2.823021791,
K357S,357,S15,Imatinib,,,1.149705414,,1.016327206,,0.524042728,,0.284560985,,0.138766884,0.114831238,0.087124575,,0.077043276,0.059251714,,0.053424709,0.044616266,0.037425986
K357T,357,S15,Asciminib,1.006857527,0.676979345,0.072940123,0.090130979,,0.090864272,,0.072544363,,0.065203205,,0.041804956,,0.050872691,0.049122712,,0.078814436,,,
K357T,357,S15,Imatinib,,,1.230442827,,1.008401146,,0.622021249,,0.302754062,,0.180187478,0.106930785,0.090850549,,0.074080414,0.063416009,,0.061656871,0.048801231,0.033678764
K357V,357,S15,Asciminib,0.825490582,0.525421401,0.108552265,0.102400916,,0.08852897,,0.084983532,,0.074484877,,0.078309005,,0.056829536,0.072666832,,0.096378586,,,
K357V,357,S15,Imatinib,,,1.152989282,,1.039858223,,0.618967184,,0.355378826,,0.179070418,0.140069918,0.116851423,,0.097808422,0.067134833,,0.057593527,0.048712237,0.039623839
K357W,357,S15,Asciminib,1.034245615,0.627424507,0.091929595,0.079985209,,0.0864674,,0.074348814,,0.06739584,,0.05252352,,0.052848186,0.068728357,,0.072954465,,,
K357W,357,S15,Imatinib,,,1.108725422,,0.920903089,,0.520885299,,0.270116522,,0.143889168,0.117442897,0.128421439,,0.070590879,0.066023451,,0.05076591,0.043461683,0.03351514
K357Y,357,S15,Asciminib,0.931257739,0.641361111,0.101403637,0.083371308,,0.09281956,,0.073601318,,0.076456225,,0.055232487,,0.057059258,0.068517858,,0.086478965,,,
K357Y,357,S15,Imatinib,,,1.052026793,,0.961660256,,0.578810879,,0.276868322,,0.149077133,0.094090711,0.109412904,,0.080944941,0.073188382,,0.051749339,0.046156569,0.034440475
K467A,467,S29,Asciminib,1.02588252,0.650733778,0.234670715,0.153359674,,0.119498592,,0.084091629,,0.081831746,,0.069389924,,0.059573072,0.063263313,,0.054022817,,0.071776373,
K467A,467,S29,Imatinib,,,1.151460291,,1.158947949,,0.861377416,,0.458127215,,0.245824306,0.1713863,0.118253407,,0.093722716,0.07460848,,0.070102424,0.054683101,0.04579152
K467C,467,S29,Asciminib,1.006204543,0.602878465,0.196296751,0.105160177,,0.101675345,,0.079443408,,0.056325221,,0.061673697,,0.069480241,0.074407554,,0.071810872,,0.085122345,
K467C,467,S29,Imatinib,,,1.113971756,,1.14532389,,0.92579464,,0.428346141,,0.235916953,0.167384969,0.125474189,,0.093654045,0.07545128,,0.063335117,0.064121227,0.055542902
K467D,467,S29,Asciminib,1.027158067,0.879888415,0.228691316,0.174602084,,0.115126155,,0.115723813,,0.078152116,,0.082601346,,0.071445641,0.081459006,,0.07255524,,0.06835254,
K467D,467,S29,Imatinib,,,1.230355263,,1.121930822,,0.874192194,,0.40455058,,0.189400716,0.155481072,0.146951864,,0.120376371,0.06465588,,0.071546733,0.061759541,0.048750868
K467E,467,S29,Asciminib,1.198027418,0.801147681,0.285485078,0.237953949,,0.157581542,,0.173118737,,0.134028539,,0.071471602,,0.081296602,0.082710418,,0.084196653,,0.094391192,
K467E,467,S29,Imatinib,,,1.165012894,,0.868210859,,0.715321946,,0.345749043,,0.190768927,0.142138411,0.117242139,,0.087618383,0.080763913,,0.071172241,0.050944619,0.061605687
K467F,467,S29,Asciminib,1.10552238,1.028001731,0.392600511,0.270098641,,0.213237204,,0.15773832,,0.145943564,,0.125872075,,0.118704386,0.107253994,,0.110381584,,0.098459941,
K467F,467,S29,Imatinib,,,1.156959104,,1.113819647,,0.674872303,,0.347453195,,0.181360733,0.140103745,0.12087487,,0.090762576,0.076606358,,0.06331975,0.060341353,0.047026205
K467G,467,S29,Asciminib,1.17105725,1.085059178,0.377051976,0.209034732,,0.150553756,,0.11649285,,0.095478627,,0.093321519,,0.09218697,0.084373935,,0.092103048,,0.092642051,
K467G,467,S29,Imatinib,,,1.220429226,,1.21022576,,0.763981738,,0.379061651,,0.193094742,0.1517748,0.124401046,,0.078163521,0.067288847,,0.06149777,0.054140695,0.04922166
K467H,467,S29,Asciminib,0.888342386,0.772784881,0.322140392,0.212402173,,0.17948417,,0.168275977,,0.104895104,,0.090555408,,0.086125388,0.106013588,,0.123005706,,0.112250596,
K467H,467,S29,Imatinib,,,1.054413022,,1.143870533,,0.787250472,,0.377937316,,0.184742051,0.183076735,0.08515182,,0.071484494,0.075121299,,0.054650569,0.044265177,0.050352939
K467I,467,S29,Asciminib,0.81400887,0.532898092,0.278065318,0.191551615,,0.129996935,,0.100624277,,0.09330952,,0.069903599,,0.070263205,0.092053264,,0.067845616,,0.072935508,
K467I,467,S29,Imatinib,,,1.192457731,,1.167338777,,0.639797689,,0.376537877,,0.21939809,0.139882419,0.131489869,,0.08748015,0.072166784,,0.055014339,0.058003496,0.053511687
K467L,467,S29,Asciminib,1.161436455,0.958509352,0.232848623,0.155900662,,0.122304231,,0.087898425,,0.095758253,,0.080604765,,0.054281921,0.072103699,,0.05266003,,0.074893433,
K467L,467,S29,Imatinib,,,1.032316781,,1.324760341,,0.898430405,,0.439595567,,0.214658883,0.175756461,0.149642894,,0.097450522,0.092215156,,0.076343773,0.067834937,0.045928281
K467M,467,S29,Asciminib,1.264115564,0.887215866,0.217398226,0.150348164,,0.14350489,,0.104761397,,0.098732273,,0.086629198,,0.063688111,0.080813644,,0.089052767,,0.096070509,
K467M,467,S29,Imatinib,,,1.254141994,,1.20168784,,0.856292509,,0.401318124,,0.226907179,0.170047787,0.150861673,,0.124760564,0.086464842,,0.097743462,0.090729013,0.065486682
K467N,467,S29,Asciminib,0.94437565,0.869306779,0.232271111,0.137394746,,0.112775768,,0.077986431,,0.066936245,,0.069678815,,0.065557815,0.059934684,,0.058675485,,0.083217463,
K467N,467,S29,Imatinib,,,1.064924726,,1.041655203,,0.758176071,,0.424632035,,0.217129905,0.163498543,0.136171382,,0.092811249,0.073913121,,0.057865588,0.058927993,0.040665162
K467P,467,S29,Asciminib,0.961172881,0.591343811,0.241209313,0.162409339,,0.122346484,,0.0831893,,0.089883741,,0.083489078,,0.092003251,0.069937259,,0.081419512,,0.075975346,
K467P,467,S29,Imatinib,,,1.157775876,,1.15919084,,0.697801866,,0.301327575,,0.160799993,0.13343538,0.119598195,,0.096825901,0.083706494,,0.061685756,0.069872382,0.059332468
K467Q,467,S29,Asciminib,1.078202109,0.668674988,0.278192836,0.207107939,,0.162320098,,0.161641296,,0.151757426,,0.086778916,,0.09643457,0.09439536,,0.118548626,,0.110682083,
K467Q,467,S29,Imatinib,,,1.151239844,,1.085420052,,0.755454774,,0.389361823,,0.243990158,0.178751521,0.130548147,,0.110519607,0.082680686,,0.078917028,0.065600491,0.054702691
K467R,467,S29,Asciminib,1.199942475,0.593593223,0.183617741,0.118594895,,0.088731562,,0.082166122,,0.08184225,,0.080376908,,0.072472507,0.089434841,,0.075807785,,0.070582747,
K467R,467,S29,Imatinib,,,1.082079795,,1.141915643,,0.599893522,,0.395752743,,0.194643063,0.146724017,0.134714685,,0.084217907,0.078215776,,0.065783176,0.079101982,0.06112364
K467S,467,S29,Asciminib,0.695096702,0.418129308,0.131757453,0.101050347,,0.077835829,,0.078349299,,0.088026904,,0.060336592,,0.071881226,0.059376515,,0.054606585,,0.08272229,
K467S,467,S29,Imatinib,,,0.760891781,,1.002942889,,0.484234972,,0.27065793,,0.188266825,0.149813133,0.136819151,,0.096291202,0.063557216,,0.08137495,0.063537512,0.071410479
K467T,467,S29,Asciminib,1.029557953,0.786381888,0.24363192,0.160636431,,0.115091176,,0.095281515,,0.089655799,,0.066700715,,0.067701442,0.072636431,,0.064562332,,0.073526602,
K467T,467,S29,Imatinib,,,1.165324513,,1.20374399,,0.866076094,,0.423481537,,0.197338285,0.149206628,0.131321746,,0.098455352,0.072764218,,0.071228692,0.061408668,0.055030344
K467V,467,S29,Asciminib,0.833949987,0.526791685,0.177763219,0.136115353,,0.116626869,,0.067325579,,0.078177311,,0.068666738,,0.054990478,0.054764032,,0.068176303,,0.082207061,
K467V,467,S29,Imatinib,,,1.168560266,,1.099604826,,0.675462256,,0.389235189,,0.203082342,0.133135203,0.101886812,,0.077711452,0.074954621,,0.06814163,0.062139335,0.051061768
K467W,467,S29,Asciminib,1.647801603,1.107328213,0.523851036,0.358782526,,0.339676694,,0.343155134,,0.300657727,,0.278666976,,0.262459883,0.274493144,,0.307508563,,0.21632043,
K467W,467,S29,Imatinib,,,1.493565705,,1.381665794,,1.069167503,,0.532049398,,0.412872164,0.244036606,0.190444069,,0.162776559,0.133819727,,0.097093799,0.124254338,0.066768439
K467Y,467,S29,Asciminib,1.053055262,1.107278434,0.367144234,0.254195452,,0.209121321,,0.105505275,,0.097617823,,0.089503616,,0.118008351,0.089617487,,0.135234987,,0.072002284,
K467Y,467,S29,Imatinib,,,1.301267114,,1.236661776,,0.872542421,,0.499636295,,0.247056783,0.26713301,0.131926779,,0.084660759,0.096149498,,0.104042281,0.12901839,0.070413613
L354A,354,S15,Asciminib,1.200528515,1.108646712,0.323577006,0.242563065,,0.209562834,,0.177282277,,0.204037975,,0.203636765,,0.146001053,0.174094294,,0.158238701,,,
L354A,354,S15,Imatinib,,,1.143903636,,1.163570919,,0.926431754,,0.55016745,,0.284151272,0.289455656,0.243244081,,0.188465962,0.135819213,,0.101797284,0.050893593,0.069543595
L354C,354,S15,Asciminib,1.043559186,0.752742095,0.260955495,0.204295122,,0.168472329,,0.131341991,,0.152135074,,0.13384042,,0.111069558,0.128557112,,0.131791702,,,
L354C,354,S15,Imatinib,,,1.102131936,,1.057833739,,0.708646485,,0.44011438,,0.210202845,0.214474972,0.159041981,,0.126720273,0.105537185,,0.088029431,0.050832902,0.045931263
L354D,354,S15,Asciminib,0.880654277,0.531776695,0.0932096,0.091448411,,0.07870121,,0.086156941,,0.068391224,,0.068469106,,0.069123353,0.065927046,,0.087085672,,,
L354D,354,S15,Imatinib,,,1.088376421,,0.999468374,,0.499499223,,0.273972432,,0.140265809,0.099230681,0.118003838,,0.079820611,0.075271392,,0.062001836,0.049479414,0.038850811
L354E,354,S15,Asciminib,0.735822213,0.467089884,0.092143888,0.081244172,,0.088511746,,0.06817671,,0.075993702,,0.052842727,,0.048470883,0.067135613,,0.068758584,,,
L354E,354,S15,Imatinib,,,1.109355856,,0.874579342,,0.451932498,,0.307668519,,0.13327354,0.095054052,0.088892737,,0.075131234,0.071086872,,0.062446126,0.055592593,0.033194298
L354F,354,S15,Asciminib,1.187811122,1.070860319,0.279929019,0.251346815,,0.22355721,,0.208451003,,0.215732393,,0.205278293,,0.16793211,0.184491388,,0.182688157,,,
L354F,354,S15,Imatinib,,,1.301697909,,1.136846178,,0.642975384,,0.307436573,,0.145541068,0.119181869,0.105766892,,0.080211975,0.07725235,,0.067846854,0.048617602,0.072351098
L354G,354,S15,Asciminib,1.056064185,0.758017787,0.19161356,0.159163433,,0.159168557,,0.134139245,,0.172365878,,0.147538068,,0.11453521,0.143233744,,0.133901921,,,
L354G,354,S15,Imatinib,,,1.098528577,,0.981133609,,0.611552095,,0.420577834,,0.181492036,0.217722429,0.153006981,,0.129262814,0.113774366,,0.094906814,0.058193766,0.054937858
L354H,354,S15,Asciminib,0.708256007,0.463000519,0.091761593,0.080984591,,0.082935364,,0.075155832,,0.070206805,,0.052774024,,0.054580773,0.064164655,,0.08285286,,,
L354H,354,S15,Imatinib,,,1.042242327,,0.793128333,,0.468532223,,0.25657347,,0.131076675,0.092507697,0.095028944,,0.080681759,0.062760986,,0.061746211,0.044925241,0.037886857
L354I,354,S15,Asciminib,1.14789229,0.856251633,0.126888099,0.090833292,,0.084244841,,0.075471942,,0.067859663,,0.066909451,,0.058328297,0.072843938,,0.101914407,,,
L354I,354,S15,Imatinib,,,1.203686318,,1.034554036,,0.497780498,,0.230155572,,0.150905988,0.107393598,0.10699244,,0.07782103,0.074913758,,0.060947534,0.053458107,0.038894209
L354K,354,S15,Asciminib,0.835049624,0.440120014,0.097852557,0.081977061,,0.093042607,,0.074256211,,0.066674519,,0.053327008,,0.050788176,0.062629118,,0.08475602,,,
L354K,354,S15,Imatinib,,,1.003215219,,0.847444319,,0.467992233,,0.265216089,,0.154813512,0.112514826,0.110283468,,0.078228732,0.072373071,,0.059674721,0.051689403,0.039386902
L354M,354,S15,Asciminib,1.033601053,0.638753657,0.139228736,0.117084344,,0.143285846,,0.103294037,,0.082331609,,0.076272341,,0.049873747,0.081480149,,0.099666517,,,
L354M,354,S15,Imatinib,,,1.045931203,,0.726518675,,0.485397348,,0.115001775,,0.1499971,0.103064337,0.182714428,,0.074372012,0.050216878,,0.062150006,0.033524883,0.040790436
L354N,354,S15,Asciminib,0.761050204,0.504140821,0.092027773,0.075830814,,0.088935486,,0.071984749,,0.069903176,,0.069827147,,0.057991363,0.074230871,,0.092533698,,,
L354N,354,S15,Imatinib,,,1.070996546,,0.793117714,,0.496327124,,0.28487587,,0.135458069,0.109816517,0.105446698,,0.078872328,0.072643513,,0.060089216,0.047886172,0.036233485
L354P,354,S15,Asciminib,0.776619129,0.400096927,0.11138199,0.090350981,,0.095057434,,0.081884987,,0.076032088,,0.069328186,,0.061685397,0.067709056,,0.086383395,,,
L354P,354,S15,Imatinib,,,1.009016722,,0.848656256,,0.527843985,,0.248839208,,0.150349079,0.11999854,0.106049009,,0.08203826,0.071080501,,0.061233658,0.051317143,0.035230163
L354Q,354,S15,Asciminib,0.931460261,0.514195382,0.12157285,0.095411775,,0.101102376,,0.084668691,,0.076870458,,0.06348971,,0.062001721,0.072530676,,0.083473355,,,
L354Q,354,S15,Imatinib,,,1.18974536,,0.931565281,,0.544503675,,0.286310876,,0.145197548,0.128465024,0.105848302,,0.086096218,0.083114707,,0.070795934,0.0566985,0.03996906
L354R,354,S15,Asciminib,0.837614354,0.442143213,0.095299627,0.082858739,,0.100015919,,0.080842931,,0.076799359,,0.062980509,,0.059633028,0.074881589,,0.086511381,,,
L354R,354,S15,Imatinib,,,1.132848249,,0.873360647,,0.499406172,,0.228073323,,0.148350961,0.115562128,0.108199008,,0.085925155,0.076295963,,0.065878903,0.051376847,0.039318328
L354S,354,S15,Asciminib,0.896130435,0.629143268,0.143297007,0.127181603,,0.104824278,,0.106068869,,0.101659232,,0.09959628,,0.076856081,0.09591734,,0.099802752,,,
L354S,354,S15,Imatinib,,,1.077197373,,0.913882279,,0.582355488,,0.308257792,,0.177143217,0.140706278,0.143822655,,0.110809533,0.086289829,,0.069893043,0.045602038,0.040982966
L354T,354,S15,Asciminib,1.097808477,1.108848789,0.256590253,0.200473894,,0.179265141,,0.146946107,,0.179486728,,0.166305137,,0.111006094,0.136019822,,0.124329686,,,
L354T,354,S15,Imatinib,,,1.124787529,,1.145891735,,0.969824539,,0.619246908,,0.252641363,0.342430288,0.285934759,,0.20558807,0.170027882,,0.13604676,0.057314168,0.062976727
L354V,354,S15,Asciminib,1.114673466,0.798698768,0.127903147,0.087114701,,0.083199206,,0.073090323,,0.068328848,,0.058632318,,0.045979786,0.070160545,,0.074067541,,,
L354V,354,S15,Imatinib,,,1.082029076,,0.841185408,,0.490094561,,0.225968875,,0.133143785,0.091581665,0.093867801,,0.073011448,0.065943474,,0.058030174,0.046306902,0.030173002
L354W,354,S15,Asciminib,0.81615947,0.481318792,0.093057877,0.07536169,,0.086459063,,0.070729451,,0.065869619,,0.060742066,,0.050679475,0.068874339,,0.07750327,,,
L354W,354,S15,Imatinib,,,1.079676776,,0.814853938,,0.450638338,,0.240993101,,0.13235254,0.101307562,0.103942038,,0.079881441,0.070572912,,0.055983701,0.044770886,0.034112392
L354Y,354,S15,Asciminib,0.759869115,0.470619805,0.105930147,0.080415834,,0.090212266,,0.077042785,,0.062196302,,0.062067899,,0.052769739,0.064765583,,0.081347362,,,
L354Y,354,S15,Imatinib,,,1.018996363,,0.748046789,,0.512607638,,0.239363146,,0.136908323,0.12079233,0.104506515,,0.072080073,0.069792479,,0.060932972,0.044774923,0.03617406
L471A,471,S29,Asciminib,1.15288711,1.181008137,0.498704637,0.261742269,,0.228396344,,0.158698687,,0.102851618,,0.104979871,,0.080038569,0.095468815,,0.078717855,,0.08582744,
L471A,471,S29,Imatinib,,,1.219507588,,1.242723922,,0.923628331,,0.390857991,,0.218486307,0.155621315,0.143223136,,0.087553187,0.086512353,,0.099810873,0.069807123,0.065314395
L471C,471,S29,Asciminib,1.196919055,0.964547456,0.543003805,0.363908005,,0.343488,,0.270695094,,0.241627969,,0.20867822,,0.201930938,0.227929371,,0.176936325,,0.134212188,
L471C,471,S29,Imatinib,,,1.200533155,,1.12703475,,0.689919514,,0.373343458,,0.215681865,0.138488397,0.12270975,,0.105953077,0.065906077,,0.080328745,0.068743853,0.059038737
L471D,471,S29,Asciminib,0.893649542,0.772109799,0.537108903,0.56496274,,0.556016293,,0.668908841,,0.601334645,,0.680214997,,0.557654761,0.617935686,,0.577219758,,0.499462983,
L471D,471,S29,Imatinib,,,1.128336567,,1.043089068,,0.676160041,,0.390472698,,0.223046846,0.171713254,0.162574811,,0.130446454,0.090230406,,0.087089523,0.081984547,0.057472446
L471E,471,S29,Asciminib,1.181148064,1.304247959,0.418967738,0.298817055,,0.197378207,,0.234397284,,0.132850227,,0.110066369,,0.127919741,0.198928664,,0.094934309,,0.10732917,
L471E,471,S29,Imatinib,,,1.301416727,,1.165906407,,0.78092561,,0.42606047,,0.2146353,0.147378943,0.135149314,,0.110061145,0.077669996,,0.075300893,0.063318969,0.0564626
L471F,471,S29,Asciminib,0.996306493,0.941199622,0.54801721,0.389566909,,0.331212431,,0.237671013,,0.186317308,,0.200611399,,0.144646531,0.14701915,,0.118296821,,0.128702718,
L471F,471,S29,Imatinib,,,1.125188647,,1.104435762,,0.736559361,,0.428046819,,0.211463344,0.207417645,0.141142329,,0.10536023,0.072152466,,0.078037415,0.080759639,0.050241073
L471G,471,S29,Asciminib,1.232479532,1.353489419,0.74632153,0.460967848,,0.285973936,,0.225210844,,0.175106563,,0.165764433,,0.14230685,0.130434062,,0.103124121,,0.121057693,
L471G,471,S29,Imatinib,,,1.307791573,,1.312017284,,0.852967986,,0.431354798,,0.211034141,0.175811553,0.14177447,,0.09653578,0.072400143,,0.078345097,0.065974577,0.051442949
L471H,471,S29,Asciminib,1.141937959,1.000861173,0.542134194,0.3754195,,0.283297457,,0.212160509,,0.175595898,,0.147171554,,0.127586341,0.114817799,,0.131886649,,0.104375789,
L471H,471,S29,Imatinib,,,1.119079336,,1.157458058,,0.77374848,,0.404914565,,0.224585665,0.148720465,0.124489207,,0.103414978,0.090837936,,0.06385932,0.066510802,0.055963322
L471I,471,S29,Asciminib,1.062955261,1.077848847,0.352520082,0.240392242,,0.147623575,,0.135580813,,0.109836371,,0.093199032,,0.086783654,0.106193732,,0.092635862,,0.089731244,
L471I,471,S29,Imatinib,,,1.13150029,,1.307234995,,0.746975888,,0.390148924,,0.216187951,0.164660862,0.140621558,,0.092619911,0.086570268,,0.078136088,0.069714316,0.054278008
L471K,471,S29,Asciminib,1.017943833,1.18437707,0.504585664,0.283267774,,0.239008472,,0.154266113,,0.113634847,,0.102152012,,0.099921326,0.09496708,,0.087422622,,0.091121119,
L471K,471,S29,Imatinib,,,1.144357118,,1.080724257,,0.689156159,,0.334446158,,0.183734483,0.126025709,0.10611213,,0.08583856,0.074704018,,0.063446245,0.067282498,0.056927051
L471M,471,S29,Asciminib,1.097003953,0.786226446,0.294735182,0.209155704,,0.174050753,,0.133264012,,0.128217502,,0.11740239,,0.094563558,0.107023335,,0.091488488,,0.103354668,
L471M,471,S29,Imatinib,,,1.120649878,,1.143264436,,0.712399074,,0.382424002,,0.204628453,0.155013267,0.128354599,,0.083879447,0.089191962,,0.073314352,0.06305324,0.052521989
L471N,471,S29,Asciminib,1.374334324,1.237837626,0.726507109,0.406028032,,0.324365834,,0.219744167,,0.148345793,,0.124189918,,0.114329829,0.12902096,,0.122053513,,0.125115453,
L471N,471,S29,Imatinib,,,1.292065398,,1.361084158,,0.778284767,,0.438611378,,0.223664288,0.163701606,0.14020313,,0.110185248,0.092214412,,0.078467105,0.078640013,0.058457609
L471P,471,S29,Asciminib,1.083999059,0.915370026,0.597150927,0.488193677,,0.427659641,,0.406974835,,0.290357104,,0.322115185,,0.243346645,0.22259926,,0.236364696,,0.193807377,
L471P,471,S29,Imatinib,,,1.146738832,,1.053982116,,0.754022656,,0.413434282,,0.269350685,0.202881247,0.174019366,,0.128037605,0.092227712,,0.083323325,0.064332531,0.056593368
L471Q,471,S29,Asciminib,1.24549107,0.97007066,0.493557339,0.278590269,,0.207371374,,0.166879355,,0.126642343,,0.112367082,,0.100554556,0.113081434,,0.088033721,,0.093305262,
L471Q,471,S29,Imatinib,,,1.254296695,,1.13095012,,0.734318582,,0.411431498,,0.204778954,0.168215338,0.121382864,,0.099006745,0.083521103,,0.063955377,0.066721245,0.048074016
L471R,471,S29,Asciminib,1.26570758,1.173027431,0.524452911,0.353570662,,0.232014784,,0.194514406,,0.144339721,,0.135080742,,0.123050476,0.119843957,,0.118550411,,0.110571698,
L471R,471,S29,Imatinib,,,1.263001206,,1.217236308,,0.836005164,,0.475696276,,0.244351818,0.17477064,0.158612927,,0.123818145,0.090867605,,0.085565952,0.076179032,0.054439291
L471S,471,S29,Asciminib,1.198301316,1.118484599,0.513941905,0.296775056,,0.210313964,,0.168000178,,0.132379544,,0.125325151,,0.103055445,0.096735409,,0.102446536,,0.098946055,
L471S,471,S29,Imatinib,,,1.160576338,,1.109572304,,0.804569232,,0.439479348,,0.238257291,0.163607228,0.14683613,,0.100593782,0.081700336,,0.071664976,0.068615966,0.053420099
L471T,471,S29,Asciminib,1.073802977,0.785580298,0.296243711,0.164086421,,0.135589114,,0.094228477,,0.099461168,,0.095362463,,0.069664293,0.07421383,,0.081031317,,0.07018526,
L471T,471,S29,Imatinib,,,1.010992817,,1.151522942,,0.681508723,,0.386968128,,0.214263883,0.144006733,0.114065692,,0.077638179,0.057272917,,0.061809873,0.063563126,0.055133849
L471V,471,S29,Asciminib,1.194710008,1.004076971,0.292691133,0.199640962,,0.147807347,,0.121831974,,0.10939918,,0.107484406,,0.076653155,0.080887211,,0.076159386,,0.089149644,
L471V,471,S29,Imatinib,,,1.253672655,,1.28063953,,0.803757629,,0.442998202,,0.226683363,0.162630761,0.137781207,,0.130629943,0.084623959,,0.084942053,0.069218764,0.054771717
L471W,471,S29,Asciminib,1.076348727,0.984734099,0.330825727,0.306470183,,0.247642297,,0.164597804,,0.126698944,,0.154469805,,0.111306912,0.126847112,,0.107124317,,0.099450535,
L471W,471,S29,Imatinib,,,1.147405477,,1.021005735,,0.716553816,,0.299597977,,0.189893635,0.117093147,0.113167399,,0.0753029,0.080614059,,0.064397466,0.044403567,0.072945812
L471Y,471,S29,Asciminib,1.069013175,1.066059855,0.58252708,0.37217366,,0.275497516,,0.208031726,,0.144602441,,0.133082137,,0.12457084,0.10317321,,0.109919911,,0.116746163,
L471Y,471,S29,Imatinib,,,1.146561603,,0.988143924,,0.75633462,,0.347225908,,0.190406336,0.138633838,0.131464717,,0.095630104,0.071049799,,0.063545382,0.057064737,0.053763517
M472A,472,S29,Asciminib,1.191200627,1.019052829,0.314599909,0.251865847,,0.200285839,,0.157332483,,0.161071486,,0.123908667,,0.115768177,0.116530897,,0.139373484,,0.102632517,
M472A,472,S29,Imatinib,,,1.271732646,,1.121452524,,0.873742179,,0.506647583,,0.261246092,0.214084482,0.183627625,,0.115155101,0.096829257,,0.085565712,0.081610362,0.062147052
M472C,472,S29,Asciminib,1.129706914,0.829162656,0.245655659,0.157207392,,0.121860181,,0.093169667,,0.098341981,,0.072145856,,0.071144755,0.077951026,,0.078106842,,0.077955985,
M472C,472,S29,Imatinib,,,1.241507645,,1.255041696,,0.993928209,,0.571871495,,0.285027937,0.206733536,0.169984255,,0.111490408,0.085411757,,0.070414354,0.056721288,0.054330465
M472D,472,S29,Asciminib,0.975523205,0.677122498,0.301109529,0.243294813,,0.194619283,,0.183034896,,0.204204489,,0.167318721,,0.119535553,0.166292217,,0.122057619,,0.116179645,
M472D,472,S29,Imatinib,,,1.227549955,,1.037356756,,0.608607124,,0.35019808,,0.1931725,0.153063154,0.132176922,,0.098067348,0.079010849,,0.090175471,0.071250129,0.057999185
M472E,472,S29,Asciminib,0.955093242,0.760616597,0.324753952,0.23411798,,0.213880143,,0.156655509,,0.152086968,,0.155614616,,0.120798449,0.126216412,,0.131441694,,0.117846612,
M472E,472,S29,Imatinib,,,1.130317018,,1.101787037,,0.612644158,,0.363792809,,0.223549634,0.18399146,0.172646882,,0.116552702,0.094786829,,0.083416272,0.066637084,0.05618834
M472F,472,S29,Asciminib,1.053713424,0.696894587,0.300488551,0.204385037,,0.18995737,,0.176338422,,0.172501551,,0.152104172,,0.148583047,0.143222005,,0.154611881,,0.136883589,
M472F,472,S29,Imatinib,,,1.113153067,,1.038144003,,0.719744482,,0.443144007,,0.302019821,0.230633903,0.1706041,,0.143261224,0.102691592,,0.085801054,0.075516019,0.060865818
M472G,472,S29,Asciminib,0.892044886,0.603384655,0.183302943,0.152796531,,0.126357663,,0.126577648,,0.101234335,,0.102551983,,0.087961008,0.119954502,,0.126531775,,0.084317831,
M472G,472,S29,Imatinib,,,1.20330805,,1.041476566,,0.772356568,,0.523661405,,0.393977514,0.245588734,0.192667134,,0.131623449,0.088080366,,0.090004644,0.100128821,0.078263645
M472H,472,S29,Asciminib,0.799190569,0.509219466,0.202124054,0.168682537,,0.156824201,,0.171181964,,0.156091135,,0.15116129,,0.144143464,0.191297976,,0.179347828,,0.191078971,
M472H,472,S29,Imatinib,,,1.206354139,,0.985650277,,0.618351353,,0.395758588,,0.191149244,0.136928456,0.113724646,,0.098042025,0.086749134,,0.080099649,0.086851489,0.063390412
M472I,472,S29,Asciminib,1.128204048,0.866986999,0.303768694,0.180673309,,0.159979467,,0.135980657,,0.116131438,,0.099253414,,0.084881304,0.088205398,,0.089308541,,0.100507531,
M472I,472,S29,Imatinib,,,1.283164548,,1.290814281,,1.260516063,,0.756064984,,0.507029895,0.389806488,0.314108003,,0.198815768,0.12050767,,0.103886453,0.078394896,0.062876723
M472K,472,S29,Asciminib,0.922896341,0.640791613,0.251642333,0.17804054,,0.168065091,,0.121116779,,0.107763597,,0.105401879,,0.094302851,0.106798414,,0.091421362,,0.089601173,
M472K,472,S29,Imatinib,,,1.029705838,,0.906109542,,0.56585374,,0.301578989,,0.180712655,0.144095334,0.111307748,,0.094156723,0.076721776,,0.068916472,0.056506085,0.05373831
M472L,472,S29,Asciminib,1.153134752,0.954925469,0.302868654,0.204454387,,0.158670033,,0.138523203,,0.127132176,,0.127327707,,0.110652994,0.109116471,,0.099806121,,0.105756859,
M472L,472,S29,Imatinib,,,1.21741002,,1.226576989,,1.033536849,,0.647053413,,0.36113609,0.267758091,0.234704188,,0.135950499,0.100349741,,0.08140446,0.071315099,0.059069196
M472N,472,S29,Asciminib,0.912639263,0.768698931,0.27198383,0.18612922,,0.170901976,,0.143737298,,0.112932203,,0.124981361,,0.120431738,0.122110623,,0.110019685,,0.098201423,
M472N,472,S29,Imatinib,,,1.102983695,,1.046525059,,0.71159496,,0.464477522,,0.287779542,0.216451227,0.204128981,,0.12887368,0.099306379,,0.08757184,0.073802843,0.051836225
M472P,472,S29,Asciminib,0.791576011,0.529682407,0.19678257,0.141813632,,0.12605847,,0.092217794,,0.081126459,,0.081563755,,0.067728661,0.077591217,,0.073730507,,0.100422058,
M472P,472,S29,Imatinib,,,1.000290217,,0.93482517,,0.656128195,,0.290850659,,0.208025045,0.128426886,0.128581103,,0.095197778,0.088896429,,0.065475982,0.076554883,0.053964332
M472Q,472,S29,Asciminib,0.988054584,0.845410013,0.242565583,0.15708069,,0.137536322,,0.087172277,,0.094114076,,0.075750847,,0.068597651,0.078468443,,0.08295923,,0.076644287,
M472Q,472,S29,Imatinib,,,1.197921417,,1.11350012,,0.74272711,,0.378070919,,0.189945577,0.145951038,0.113276478,,0.093850798,0.070839545,,0.061564945,0.058583997,0.055484114
M472R,472,S29,Asciminib,0.787024987,0.529525468,0.210173665,0.158055012,,0.135458927,,0.11333967,,0.113165416,,0.100543708,,0.095162422,0.103546059,,0.090576518,,0.097712069,
M472R,472,S29,Imatinib,,,1.086496132,,0.970326663,,0.586696905,,0.316281636,,0.201231866,0.146883885,0.13600359,,0.096902443,0.084957616,,0.080924743,0.070139199,0.054812947
M472S,472,S29,Asciminib,1.194153948,1.108437704,0.305761249,0.173684876,,0.135488727,,0.089565743,,0.084860753,,0.065612936,,0.065736733,0.063395248,,0.065416295,,0.074915543,
M472S,472,S29,Imatinib,,,1.213520279,,1.287805088,,0.978021005,,0.544403704,,0.325768055,0.247432592,0.212290559,,0.119946964,0.08375032,,0.065813467,0.057950842,0.049990624
M472T,472,S29,Asciminib,1.263165733,1.047539137,0.29653893,0.190098449,,0.151791743,,0.10929999,,0.10074064,,0.078469019,,0.067298912,0.080448866,,0.079500952,,0.08564988,
M472T,472,S29,Imatinib,,,1.209969708,,1.290476859,,1.136563587,,0.620693283,,0.376460274,0.278296817,0.241451446,,0.150723195,0.085759262,,0.07830394,0.06025304,0.049505751
M472V,472,S29,Asciminib,1.126115299,1.033244628,0.353658292,0.226177701,,0.169840787,,0.152769972,,0.145145176,,0.133564319,,0.096097024,0.114058775,,0.122850959,,0.112459426,
M472V,472,S29,Imatinib,,,1.202413694,,1.388884832,,1.011032037,,0.650009417,,0.374434447,0.240989102,0.224839536,,0.128899244,0.084663371,,0.077940233,0.068343826,0.05296023
M472W,472,S29,Asciminib,0.722182945,0.586894998,0.199350821,0.162339211,,0.148968839,,0.1325948,,0.119099956,,0.112076112,,0.124628244,0.118761026,,0.120351069,,0.125540433,
M472W,472,S29,Imatinib,,,0.970956765,,0.904668612,,0.552326636,,0.305726901,,0.180612095,0.120533556,0.103566723,,0.099340535,0.089669109,,0.089982421,0.064742836,0.059964193
M472Y,472,S29,Asciminib,0.53602458,0.581799458,0.20641821,0.180126155,,0.162864803,,0.105406723,,0.111062341,,0.112612087,,0.174084985,0.151511558,,0.154089873,,0.08351802,
M472Y,472,S29,Imatinib,,,0.732755571,,0.578155119,,0.311467613,,0.102889884,,0.112784265,0.055305368,0.061122831,,0.056254076,0.05447622,,0.021788746,0.054401603,0.027743692
N358A,358,S15,Asciminib,1.061137431,0.512377923,0.084063745,0.090180429,,0.075119769,,0.079756636,,0.068891325,,0.049119997,,0.043398766,0.063584056,,0.074590687,,5.595909328,
N358A,358,S15,Imatinib,,,1.087092515,,0.968702853,,0.544733605,,0.254753078,,0.148436304,0.101746036,0.096680822,,0.079965334,0.0722219,,0.058863712,0.046803316,0.040448489
N358C,358,S15,Asciminib,1.107110281,0.723010177,0.112254323,0.068019852,,0.093898512,,0.078015396,,0.062262403,,0.063235008,,0.052239463,0.071273965,,0.089979474,,,
N358C,358,S15,Imatinib,,,1.215712508,,1.005670039,,0.590768693,,0.282477299,,0.138173149,0.140710901,0.122306335,,0.073785327,0.077480928,,0.0560435,0.048977442,0.032550941
N358D,358,S15,Asciminib,0.771804508,0.470065872,0.082439099,0.073480638,,0.069530271,,0.064678449,,0.058358503,,0.04309978,,0.042030859,0.059643857,,0.073514233,,,
N358D,358,S15,Imatinib,,,1.029502742,,0.772900975,,0.396322772,,0.225475935,,0.113007425,0.080251336,0.07138984,,0.070077588,0.059556524,,0.051540111,0.040443153,0.031490697
N358E,358,S15,Asciminib,0.888440462,0.426862554,0.082200354,0.083244559,,0.080961132,,0.074857918,,0.069671204,,0.054963254,,0.055396818,0.067616419,,0.073599855,,,
N358E,358,S15,Imatinib,,,0.997696936,,0.743903625,,0.369173671,,0.225362404,,0.135348282,0.115463909,0.090042115,,0.07525938,0.06764082,,0.057109822,0.051293042,0.035670636
N358F,358,S15,Asciminib,1.017316971,0.631021116,0.132397593,0.07208132,,0.092944962,,0.081759533,,0.063729994,,0.048450156,,0.050615572,0.075070621,,0.090954516,,,
N358F,358,S15,Imatinib,,,1.187902204,,0.946267122,,0.502746094,,0.277866641,,0.141745982,0.107811565,0.127988742,,0.073380074,0.074753501,,0.061675561,0.045158643,0.04265868
N358G,358,S15,Asciminib,1.126297695,0.660865736,0.112701102,0.084065406,,0.082308444,,0.072727711,,0.06114488,,0.055387735,,0.061141525,0.066914359,,0.09018437,,,
N358G,358,S15,Imatinib,,,1.053799783,,0.947939431,,0.491280235,,0.281942809,,0.146935311,0.11545418,0.107294185,,0.074539677,0.063711485,,0.060722263,0.051214804,0.03437235
N358H,358,S15,Asciminib,1.009538193,0.562421109,0.125464891,0.112837084,,0.097110678,,0.07733009,,0.073788927,,0.057251699,,0.059659642,0.061287726,,0.093405104,,,
N358H,358,S15,Imatinib,,,1.142476023,,0.75256153,,0.483426927,,0.221323171,,0.140045503,0.117391545,0.068029889,,0.077193487,0.06757293,,0.048840846,0.046998283,0.03571685
N358I,358,S15,Asciminib,0.826887185,0.44808586,0.083786223,0.076054555,,0.075720369,,0.076559071,,0.060372409,,0.056848194,,0.048004253,0.059588559,,0.072400491,,,
N358I,358,S15,Imatinib,,,1.124141541,,0.844124078,,0.471838383,,0.258547892,,0.128953925,0.107846867,0.091151457,,0.071196372,0.060470174,,0.058737751,0.044506541,0.031774117
N358K,358,S15,Asciminib,0.916810757,0.724255099,0.113057032,0.097820428,,0.077245255,,0.059502335,,0.066083337,,0.062386726,,0.048377688,0.061436537,,0.080810659,,,
N358K,358,S15,Imatinib,,,1.086492063,,1.036946046,,0.653849634,,0.262546028,,0.151463441,0.121006102,0.073073481,,0.071141569,0.059230105,,0.053485302,0.046243872,0.032624396
N358L,358,S15,Asciminib,0.915421201,0.567790212,0.098621822,0.08545768,,0.089547099,,0.068907058,,0.067897474,,0.045380277,,0.05621487,0.059629214,,0.085442985,,,
N358L,358,S15,Imatinib,,,0.971047782,,0.91867198,,0.560598584,,0.292625276,,0.165565924,0.105606722,0.08643065,,0.074681816,0.07328842,,0.06133339,0.051692741,0.034899941
N358M,358,S15,Asciminib,0.990316599,0.645949367,0.108798385,0.086613573,,0.088574613,,0.081063921,,0.066512927,,0.053336425,,0.056487277,0.066209611,,0.074405506,,,
N358M,358,S15,Imatinib,,,1.08977646,,1.084781921,,0.573453304,,0.283861012,,0.154372449,0.118626327,0.103178664,,0.076754854,0.070881211,,0.056909097,0.04488503,0.032776512
N358P,358,S15,Asciminib,0.854557581,0.511364065,0.105507455,0.072453374,,0.064097787,,0.064576286,,0.063241979,,0.050329129,,0.048283091,0.055993781,,0.073005002,,,
N358P,358,S15,Imatinib,,,1.0853928,,1.031664824,,0.594160534,,0.319666071,,0.143916953,0.107785087,0.093264466,,0.073815509,0.068557586,,0.053098899,0.042331633,0.029221838
N358Q,358,S15,Asciminib,1.265766338,0.547906918,0.103853631,0.083606167,,0.087103335,,0.085697298,,0.063551533,,0.057874863,,0.0569225,0.08623621,,0.087140281,,,
N358Q,358,S15,Imatinib,,,1.131520931,,0.992873199,,0.56006543,,0.278804354,,0.150779262,0.102809228,0.128748761,,0.077814959,0.075975594,,0.058154201,0.048272267,0.0358271
N358R,358,S15,Asciminib,0.958055653,0.615472327,0.095877798,0.079795285,,0.094448873,,0.077582159,,0.062006721,,0.053169856,,0.051619255,0.055135077,,0.071662163,,,
N358R,358,S15,Imatinib,,,1.093556419,,1.000688147,,0.58110944,,0.254960793,,0.133778409,0.123031486,0.120388246,,0.078561854,0.076894912,,0.064175809,0.051626586,0.034319066
N358S,358,S15,Asciminib,1.099663587,0.486438368,0.10328639,0.085395811,,0.083957906,,0.079748475,,0.089950882,,0.065978284,,0.059130155,0.076585232,,0.088237764,,,
N358S,358,S15,Imatinib,,,1.183654512,,0.98000492,,0.651559779,,0.286778418,,0.158220587,0.117791937,0.114767406,,0.0750094,0.079322311,,0.060911472,0.046362133,0.033909004
N358T,358,S15,Asciminib,0.897144875,0.545824644,0.097335885,0.075396173,,0.081657263,,0.074560099,,0.062157701,,0.043584905,,0.047928559,0.059305041,,0.077572669,,,
N358T,358,S15,Imatinib,,,1.105118779,,0.873815709,,0.476774382,,0.269299869,,0.129410539,0.09496562,0.101015666,,0.073037493,0.066119765,,0.058789381,0.041474531,0.033860285
N358V,358,S15,Asciminib,0.902021286,0.445589945,0.097976983,0.074981098,,0.084392018,,0.072974734,,0.064491213,,0.053526963,,0.047038652,0.062816292,,0.07407913,,,
N358V,358,S15,Imatinib,,,1.202114328,,0.968142388,,0.516274494,,0.241588842,,0.123783366,0.091676192,0.10517065,,0.078607497,0.061343943,,0.058112536,0.04144331,0.035650991
N358W,358,S15,Asciminib,1.253113175,0.712069279,0.117594958,0.122072597,,0.10138373,,0.096591402,,0.082276932,,0.067071031,,0.063480214,0.061779501,,0.081591383,,,
N358W,358,S15,Imatinib,,,1.107963479,,1.204876539,,0.603912845,,0.303244141,,0.145787621,0.133193401,0.094481432,,0.083112555,0.072073408,,0.05969275,0.048222436,0.040113362
N358Y,358,S15,Asciminib,1.301816736,0.692989007,0.100344421,0.082245155,,0.079068624,,0.075339938,,0.074431157,,0.058308806,,0.053861583,0.073121988,,0.094875442,,,
N358Y,358,S15,Imatinib,,,1.36335506,,1.05508971,,0.588312656,,0.299347707,,0.148329437,0.120849413,0.120471656,,0.087047079,0.083259766,,0.057553461,0.054643883,0.032240507
R473A,473,S29,Asciminib,1.042939196,0.78174891,0.199954112,0.162314267,,0.144406554,,0.081590657,,0.109200544,,0.077752192,,0.085500575,0.088921259,,0.083247345,,0.068282406,
R473A,473,S29,Imatinib,,,1.144491741,,1.231754844,,0.732945781,,0.456839058,,0.220673956,0.157028507,0.143315181,,0.112504986,0.073881277,,0.08501619,0.054793017,0.052155288
R473C,473,S29,Asciminib,1.198450031,0.821692731,0.231676318,0.121071484,,0.08468784,,0.098970278,,0.106678595,,0.082162079,,0.075959635,0.074289302,,0.063003098,,0.08136234,
R473C,473,S29,Imatinib,,,1.270184657,,1.17445215,,0.811489108,,0.43361449,,0.201687426,0.182776213,0.108231519,,0.135143264,0.083730604,,0.082432422,0.071584972,0.067185684
R473D,473,S29,Asciminib,1.12512184,0.791432419,0.235146258,0.158722831,,0.128591587,,0.115594997,,0.107205756,,0.094285045,,0.083304048,0.097914482,,0.085285657,,0.083494172,
R473D,473,S29,Imatinib,,,1.143157127,,1.135718627,,0.799691236,,0.419500989,,0.176487235,0.135366199,0.131129502,,0.089677815,0.06941084,,0.061375514,0.057671244,0.05093391
R473E,473,S29,Asciminib,1.009646601,0.539292185,0.122827933,0.093925403,,0.087637497,,0.073963975,,0.053523634,,0.067851745,,0.055176819,0.056470137,,0.065456017,,0.057049848,
R473E,473,S29,Imatinib,,,1.182800229,,0.922300744,,0.665584694,,0.413313948,,0.202129121,0.190050869,0.104609612,,0.075150119,0.070818125,,0.069408825,0.06672053,0.038275565
R473F,473,S29,Asciminib,0.848363756,0.560271149,0.227355358,0.11561663,,0.120921403,,0.098433687,,0.073995723,,0.062301967,,0.065649929,0.068842641,,0.067812112,,0.0958708,
R473F,473,S29,Imatinib,,,0.940361856,,0.935456985,,0.533475649,,0.295143874,,0.151369356,0.10185328,0.088171256,,0.077755215,0.064156467,,0.081278565,0.083411803,0.052993917
R473G,473,S29,Asciminib,0.9879546,0.680756948,0.318294308,0.196058538,,0.134484407,,0.115802526,,0.129320895,,0.0714576,,0.085439908,0.112359406,,0.078613614,,0.110248181,
R473G,473,S29,Imatinib,,,1.319512015,,1.129887051,,0.816036269,,0.429652579,,0.3122114,0.186612727,0.139764704,,0.122760021,0.105047728,,0.083222356,0.06496489,0.068668426
R473H,473,S29,Asciminib,1.13466095,1.241484847,0.573911608,0.252060275,,0.166719689,,0.106037928,,0.139113972,,0.07652277,,0.063710056,0.074667698,,0.085241934,,0.110743973,
R473H,473,S29,Imatinib,,,1.184516204,,1.559944514,,0.823533909,,0.45515203,,0.245558342,0.201416561,0.137079688,,0.100036676,0.093548373,,0.068142246,0.073745051,0.048093668
R473I,473,S29,Asciminib,1.046738078,0.619653905,0.233784461,0.145660465,,0.160053083,,0.126147624,,0.131747614,,0.123269132,,0.108718745,0.087220431,,0.126406664,,0.103642818,
R473I,473,S29,Imatinib,,,1.181180494,,1.027771583,,0.663267409,,0.294735319,,0.151702785,0.122119025,0.106382478,,0.07205293,0.061539453,,0.062706811,0.052377462,0.045715694
R473K,473,S29,Asciminib,0.889584711,0.652701729,0.193171104,0.11407851,,0.10606892,,0.086976743,,0.078292176,,0.077292444,,0.060928306,0.069435717,,0.078971335,,0.089866493,
R473K,473,S29,Imatinib,,,1.108750678,,1.348317215,,0.77343947,,0.459073018,,0.244547518,0.176698447,0.132378063,,0.108935864,0.082192878,,0.088019076,0.087916527,0.062500386
R473L,473,S29,Asciminib,0.893112814,0.576277014,0.195214058,0.148017222,,0.120410475,,0.081857245,,0.098361319,,0.076921739,,0.057989361,0.069060579,,0.069924214,,0.098879451,
R473L,473,S29,Imatinib,,,1.094602918,,1.131718517,,0.76090489,,0.367692254,,0.208169945,0.156877738,0.134001366,,0.079184047,0.076669675,,0.069023524,0.060953294,0.049865842
R473M,473,S29,Asciminib,1.126291153,0.701037974,0.24545317,0.153185229,,0.139501053,,0.097598909,,0.09404928,,0.095600591,,0.07235362,0.071102002,,0.057865319,,0.084271862,
R473M,473,S29,Imatinib,,,1.111940231,,1.123163899,,0.767688549,,0.380346717,,0.214451292,0.181880816,0.109522675,,0.086733871,0.07355386,,0.074546466,0.063690312,0.055877752
R473N,473,S29,Asciminib,0.881903388,0.712583696,0.246516181,0.17390218,,0.134605485,,0.093772705,,0.110566413,,0.098351781,,0.083927243,0.089222491,,0.07482382,,0.107452041,
R473N,473,S29,Imatinib,,,1.166643874,,1.170162324,,0.732091125,,0.370716864,,0.2500337,0.170023792,0.129879499,,0.09981676,0.099918579,,0.057911227,0.058276615,0.072720052
R473P,473,S29,Asciminib,0.706832952,0.551620216,0.210516791,0.160323182,,0.125132595,,0.123128811,,0.127881334,,0.102602597,,0.093751341,0.091641108,,0.101360854,,0.100502108,
R473P,473,S29,Imatinib,,,1.081499611,,1.000213708,,0.62972604,,0.316247283,,0.20570519,0.160468253,0.124609535,,0.109618392,0.079565672,,0.084619159,0.089287168,0.057437213
R473Q,473,S29,Asciminib,1.01813833,0.648852726,0.189484501,0.162427796,,0.13370756,,0.105232624,,0.097253973,,0.104337766,,0.062688727,0.089958995,,0.092480687,,0.100604038,
R473Q,473,S29,Imatinib,,,1.109197152,,1.051183749,,0.728960055,,0.348107103,,0.173496784,0.15327922,0.120826103,,0.086709635,0.070724158,,0.086251149,0.079257807,0.063432391
R473S,473,S29,Asciminib,1.086282067,0.672058405,0.245818106,0.191011553,,0.122163103,,0.112814996,,0.080271905,,0.099106106,,0.093599919,0.087000197,,0.083134087,,0.093354319,
R473S,473,S29,Imatinib,,,1.086564367,,1.103069715,,0.935406283,,0.447650806,,0.289913377,0.169970792,0.165533387,,0.109715958,0.078347605,,0.083004256,0.070420158,0.060676767
R473T,473,S29,Asciminib,1.036931634,0.680578287,0.222599953,0.16179252,,0.125172732,,0.118345724,,0.099129608,,0.085282298,,0.071561714,0.074415765,,0.070728199,,0.080811386,
R473T,473,S29,Imatinib,,,1.128489267,,1.081326651,,0.721651464,,0.446040193,,0.23544095,0.166308882,0.155607275,,0.112188002,0.073005008,,0.081082966,0.061823594,0.050548993
R473V,473,S29,Asciminib,1.071848226,0.631501599,0.24738639,0.16081282,,0.112174369,,0.097918403,,0.085303186,,0.075713225,,0.080763934,0.083711807,,0.076007734,,0.06878314,
R473V,473,S29,Imatinib,,,1.33656387,,1.232778543,,1.052770389,,0.542102072,,0.345128391,0.213505749,0.139451668,,0.098326704,0.082664908,,0.072429079,0.066377028,0.059833572
R473W,473,S29,Asciminib,0.924983608,0.629401523,0.188101586,0.135967925,,0.140744253,,0.113082559,,0.102159801,,0.083390326,,0.084666619,0.077571365,,0.080546276,,0.096657353,
R473W,473,S29,Imatinib,,,1.148300114,,1.131418278,,0.788087068,,0.412905733,,0.236142395,0.182474976,0.145705703,,0.107615433,0.089234866,,0.091473715,0.069270874,0.048304841
R473Y,473,S29,Asciminib,1.21984687,1.090741035,0.143005854,0.114527718,,0.103861039,,0.085903339,,0.06631794,,0.056649317,,0.033563571,0.050802165,,0.03841608,,0.116025757,
R473Y,473,S29,Imatinib,,,1.314478575,,1.226794308,,1.271890426,,0.419469415,,0.28326498,0.176984335,0.095441184,,0.069485029,0.043474172,,0.04545437,0.019518076,0.01865099
V468A,468,S29,Asciminib,0.949784497,0.70984152,0.221451205,0.141246555,,0.130310381,,0.119059381,,0.131150162,,0.123470517,,0.107863615,0.101917958,,0.090540285,,0.130745951,
V468A,468,S29,Imatinib,,,1.039841139,,1.089569646,,0.671460807,,0.330313573,,0.183682748,0.137334332,0.105416986,,0.090653021,0.075248868,,0.068402918,0.07046499,0.06329108
V468C,468,S29,Asciminib,0.998058018,0.733686546,0.168253051,0.139402934,,0.100403743,,0.077593038,,0.087697887,,0.057536103,,0.0861805,0.067032732,,0.078384232,,0.061882749,
V468C,468,S29,Imatinib,,,1.149378225,,1.134308892,,0.749960065,,0.42688886,,0.168780063,0.164840311,0.08742053,,0.085217446,0.077495103,,0.065811907,0.069046532,0.046418911
V468D,468,S29,Asciminib,1.071437503,1.245045454,0.898858661,0.7139384,,0.728242638,,0.971949369,,0.726263936,,0.795865202,,0.632630389,0.569277465,,0.418144619,,0.318303932,
V468D,468,S29,Imatinib,,,0.800360004,,1.357607934,,0.704307075,,0.332351859,,0.199757888,0.137916844,0.13318556,,0.101786836,0.058730005,,0.044564782,0.055824969,0.044175889
V468E,468,S29,Asciminib,1.014470729,0.929713508,0.620388835,0.485217642,,0.462065378,,0.533602942,,0.467170011,,0.438896851,,0.366807113,0.371894149,,0.409194888,,0.282522713,
V468E,468,S29,Imatinib,,,1.100497104,,1.083112117,,0.556309083,,0.357576195,,0.173048346,0.126047497,0.124902326,,0.069567146,0.059801761,,0.056463281,0.058004492,0.042781879
V468F,468,S29,Asciminib,1.024758071,1.056127629,0.943296523,0.928455596,,0.693875095,,0.824919489,,0.669685881,,0.649239017,,0.597464338,0.534842556,,0.425545159,,0.22025124,
V468F,468,S29,Imatinib,,,1.025916294,,1.130826682,,0.692208561,,0.355186252,,0.182184364,0.143057508,0.136439313,,0.086599668,0.071142076,,0.078555776,0.065941417,0.06162781
V468G,468,S29,Asciminib,0.990640221,0.921172401,0.347054066,0.259360921,,0.192598636,,0.145183134,,0.110559467,,0.126138095,,0.091168379,0.097555784,,0.085824657,,0.10187996,
V468G,468,S29,Imatinib,,,1.132799472,,1.073564753,,0.84665468,,0.350780079,,0.211816312,0.135165842,0.1169356,,0.117375577,0.071572987,,0.071857373,0.077835105,0.069200893
V468H,468,S29,Asciminib,1.195995736,1.200461428,0.874544955,0.752844664,,0.689125412,,0.627955231,,0.605807682,,0.60940319,,0.584278669,0.462192376,,0.64352782,,0.471667848,
V468H,468,S29,Imatinib,,,1.114452577,,1.129509447,,0.874378203,,0.424421166,,0.207915897,0.143399422,0.113502912,,0.066610052,0.066936633,,0.054620655,0.048928677,0.051023796
V468I,468,S29,Asciminib,1.048927935,0.647922028,0.127633201,0.097733717,,0.09392726,,0.096189527,,0.088751328,,0.074628992,,0.089023711,0.064694252,,0.073028748,,0.071032297,
V468I,468,S29,Imatinib,,,1.187715105,,1.326476988,,0.81399484,,0.329745763,,0.185520528,0.12477037,0.116764624,,0.074874648,0.079505101,,0.057898504,0.06237467,0.035690299
V468K,468,S29,Asciminib,1.135620305,1.225474244,1.041960759,0.917968345,,0.775985828,,1.012438766,,0.824945865,,0.88883403,,0.740483243,0.731687858,,0.718430059,,0.485119776,
V468K,468,S29,Imatinib,,,1.136674867,,1.217661966,,0.87452133,,0.421385621,,0.23627483,0.17739014,0.147772448,,0.094959513,0.079403007,,0.069900472,0.068108311,0.059349774
V468L,468,S29,Asciminib,1.140593257,1.166685527,0.398158388,0.248613715,,0.168634141,,0.123826581,,0.106408932,,0.082183898,,0.072240023,0.072861636,,0.074973699,,0.074312487,
V468L,468,S29,Imatinib,,,1.215167993,,1.200178745,,0.899090372,,0.504595714,,0.24381198,0.188025378,0.154240541,,0.111165135,0.077836495,,0.077135879,0.062754937,0.050858972
V468M,468,S29,Asciminib,1.073262768,1.133674792,0.549258604,0.326672789,,0.251818436,,0.183752545,,0.118810835,,0.114437191,,0.088257894,0.099231138,,0.084749094,,0.074724047,
V468M,468,S29,Imatinib,,,1.164723996,,1.020332378,,0.699117393,,0.347087991,,0.189550852,0.128042759,0.113544766,,0.078379618,0.072113249,,0.062903669,0.065737034,0.051050841
V468N,468,S29,Asciminib,1.138451277,1.431808072,0.968039172,0.509133593,,0.656721517,,0.428424914,,0.351159291,,0.385194868,,0.219723215,0.25205229,,0.112718747,,0.103820123,
V468N,468,S29,Imatinib,,,1.276156524,,1.066139708,,0.878820032,,0.409064086,,0.195407671,0.139579667,0.084467833,,0.051219009,0.060431934,,0.052244289,0.045425379,0.046943385
V468P,468,S29,Asciminib,0.76357325,0.444025002,0.167200699,0.119325139,,0.107236199,,0.094619832,,0.093375679,,0.080389654,,0.067519729,0.0858596,,0.074897962,,0.091911539,
V468P,468,S29,Imatinib,,,1.186583202,,1.09711139,,0.867982819,,0.428628187,,0.263939046,0.192707578,0.152748959,,0.103808713,0.077421174,,0.083394682,0.075165246,0.05347313
V468Q,468,S29,Asciminib,1.075366567,1.04862987,0.636027618,0.723749167,,0.620075298,,0.565087455,,0.433770914,,0.619722978,,0.417317798,0.370836117,,0.415038156,,0.310049975,
V468Q,468,S29,Imatinib,,,1.094069334,,1.049745526,,0.751546356,,0.424967431,,0.275812234,0.170232887,0.169178814,,0.090503581,0.083735645,,0.088589871,0.087521803,0.056702595
V468R,468,S29,Asciminib,1.090315639,1.165560743,0.982085119,0.879581077,,0.827962726,,1.040700157,,0.917194707,,1.083210925,,0.915794195,0.922770268,,1.060647636,,0.979900394,
V468R,468,S29,Imatinib,,,1.154983187,,1.175985143,,0.924050464,,0.549362258,,0.354071637,0.231185269,0.184771628,,0.121884116,0.082708474,,0.06627426,0.046331455,0.040601188
V468S,468,S29,Asciminib,1.325688154,1.365620832,0.633361928,0.582374843,,0.389554081,,0.210671252,,0.193641848,,0.104770154,,0.142602114,0.16235467,,0.123489387,,0.096145239,
V468S,468,S29,Imatinib,,,1.290335981,,1.156836861,,0.798005798,,0.662512925,,0.419849506,0.280475868,0.275002329,,0.163803889,0.088261859,,0.111696206,0.050809994,0.04186116
V468T,468,S29,Asciminib,1.121217419,1.048062455,0.442384642,0.336872875,,0.258556217,,0.220923517,,0.141218005,,0.14337835,,0.110934836,0.126312388,,0.124197484,,0.1345083,
V468T,468,S29,Imatinib,,,1.111868431,,1.150842505,,0.720803929,,0.354961194,,0.20389448,0.147034378,0.135583288,,0.072049088,0.069880656,,0.074084642,0.066156123,0.053625152
V468W,468,S29,Asciminib,1.214267658,1.128960908,0.922230934,0.805644796,,0.772732268,,0.893117627,,0.775498499,,0.87906122,,0.680304822,0.740516137,,0.804650861,,0.707215127,
V468W,468,S29,Imatinib,,,1.228364211,,1.274630988,,0.924521372,,0.520643138,,0.297790886,0.204371012,0.205040233,,0.115061654,0.081486368,,0.077438142,0.065223283,0.060446362
V468Y,468,S29,Asciminib,1.139002354,0.864307122,0.781718368,0.581244827,,0.55448575,,0.650522273,,0.461900779,,0.527295717,,0.452996568,0.504085056,,0.400690722,,0.300253021,
V468Y,468,S29,Imatinib,,,1.214372559,,1.20780573,,0.759615417,,0.382061346,,0.2738532,0.157103154,0.140502611,,0.093779643,0.094261919,,0.085708887,0.066549502,0.060277666
Y469A,469,S29,Asciminib,1.383263902,1.207801629,0.341482489,0.261844268,,0.138402997,,0.125833487,,0.105830925,,0.090812181,,0.100528589,0.094894338,,0.097492682,,0.082045037,
Y469A,469,S29,Imatinib,,,1.431302106,,1.370490941,,1.085335247,,0.548221545,,0.346995752,0.208247403,0.199402256,,0.113411924,0.088694172,,0.055870476,0.075756086,0.075469958
Y469C,469,S29,Asciminib,1.196561935,0.954673042,0.298115491,0.209370027,,0.132945314,,0.113282208,,0.083634874,,0.072475876,,0.075676941,0.084441461,,0.069314875,,0.104031682,
Y469C,469,S29,Imatinib,,,1.171121771,,1.213699673,,1.04876324,,0.594675939,,0.310549687,0.212766838,0.173637929,,0.112280157,0.090130374,,0.076921803,0.066219405,0.052096711
Y469D,469,S29,Asciminib,1.297930931,1.060815418,0.264913968,0.173199454,,0.161885993,,0.116012813,,0.099175822,,0.110529402,,0.103713772,0.094246926,,0.09830973,,0.08940567,
Y469D,469,S29,Imatinib,,,1.384891666,,1.271786962,,1.131607426,,0.619831739,,0.331607734,0.213196141,0.174215059,,0.117563904,0.097753937,,0.085565733,0.061175283,0.05707489
Y469E,469,S29,Asciminib,1.325953948,1.056530559,0.274058977,0.145190085,,0.13543493,,0.099077958,,0.097906888,,0.078938377,,0.078662804,0.081677093,,0.065727577,,0.081535609,
Y469E,469,S29,Imatinib,,,1.225142506,,1.184175317,,0.888479249,,0.544919744,,0.27147476,0.204439093,0.175661037,,0.124640158,0.089303284,,0.074540202,0.064497834,0.054746758
Y469F,469,S29,Asciminib,1.064815591,0.735649166,0.236930656,0.142993977,,0.128599126,,0.100248118,,0.106350611,,0.092761249,,0.084691383,0.092068825,,0.08190623,,0.073527085,
Y469F,469,S29,Imatinib,,,1.133082136,,1.281711317,,0.993779197,,0.486018527,,0.264217421,0.176381482,0.148612197,,0.120233493,0.091253305,,0.082177883,0.069505565,0.060194537
Y469G,469,S29,Asciminib,1.227286634,0.95639614,0.173545834,0.1449622,,0.0920248,,0.080265069,,0.085620304,,0.078340816,,0.062049064,0.076971713,,0.058413152,,0.071344069,
Y469G,469,S29,Imatinib,,,1.21763008,,1.398105332,,0.970069724,,0.511169523,,0.229550956,0.174241714,0.138022017,,0.088624958,0.070468841,,0.076682807,0.05182365,0.045160151
Y469H,469,S29,Asciminib,0.925249504,0.677782411,0.21208948,0.118115331,,0.112400211,,0.075833148,,0.087763672,,0.068227718,,0.059607362,0.059151646,,0.066279762,,0.080323026,
Y469H,469,S29,Imatinib,,,1.122318636,,1.080156116,,0.878178956,,0.441404786,,0.259887091,0.175717653,0.130087177,,0.096168736,0.073561528,,0.065102134,0.055488881,0.048055231
Y469I,469,S29,Asciminib,1.245577924,1.165702064,0.483736424,0.317611125,,0.229270548,,0.211743384,,0.179468282,,0.161965663,,0.141534825,0.149774842,,0.14259021,,0.146394536,
Y469I,469,S29,Imatinib,,,1.191126106,,1.155021818,,0.826329864,,0.45465177,,0.255180358,0.208050176,0.175791891,,0.111683353,0.088190986,,0.082642728,0.064660387,0.059609818
Y469K,469,S29,Asciminib,1.152810532,1.007538933,0.517920068,0.42467305,,0.35726888,,0.30698138,,0.263657576,,0.24036836,,0.223392455,0.208031777,,0.20172707,,0.186982467,
Y469K,469,S29,Imatinib,,,1.216577758,,1.112523656,,0.729908439,,0.415965138,,0.253594811,0.190083589,0.174017628,,0.116530355,0.092317085,,0.082799453,0.068583258,0.060023452
Y469L,469,S29,Asciminib,1.052182502,0.891381925,0.351841895,0.262150984,,0.217269012,,0.176564407,,0.164884007,,0.148211802,,0.142518331,0.139730641,,0.136997679,,0.130947829,
Y469L,469,S29,Imatinib,,,1.12342024,,1.010944031,,0.669076214,,0.351800961,,0.20451417,0.142200475,0.144578703,,0.102419094,0.074206273,,0.067979504,0.062723686,0.05348373
Y469M,469,S29,Asciminib,1.389563525,1.081010427,0.260978411,0.137345762,,0.11949104,,0.085141601,,0.076090912,,0.099230686,,0.035606481,0.078800507,,0.092828939,,0.033349107,
Y469M,469,S29,Imatinib,,,1.854146972,,1.300756448,,0.961008639,,0.464784081,,0.350994468,0.273248283,0.164704825,,0.099306035,0.119291568,,0.077528837,0.097992643,0.052929106
Y469N,469,S29,Asciminib,1.348559038,1.035404463,0.272176625,0.167356952,,0.130431924,,0.122649423,,0.118279721,,0.076204292,,0.065635676,0.069070429,,0.061556777,,0.075182112,
Y469N,469,S29,Imatinib,,,1.210279827,,1.093307168,,0.912002518,,0.478944159,,0.33796161,0.172813647,0.190504409,,0.112891551,0.061008151,,0.055898317,0.052643959,0.045359532
Y469P,469,S29,Asciminib,0.78892405,0.533973022,0.195620384,0.145191363,,0.127678929,,0.097107567,,0.104734196,,0.093361503,,0.082919172,0.089047859,,0.086713699,,0.088580035,
Y469P,469,S29,Imatinib,,,1.044711659,,0.909234706,,0.590003147,,0.31025954,,0.175193844,0.143815033,0.122115783,,0.090154912,0.088876904,,0.083521889,0.071211761,0.057837986
Y469Q,469,S29,Asciminib,1.189712695,1.059815706,0.260835389,0.166892678,,0.137683633,,0.113932778,,0.105056573,,0.1053195,,0.077023046,0.088565061,,0.084834782,,0.085942685,
Y469Q,469,S29,Imatinib,,,1.226652968,,1.191224272,,0.867815008,,0.482491533,,0.262657691,0.206201812,0.174582428,,0.124699869,0.094064561,,0.066700374,0.053871745,0.053786944
Y469R,469,S29,Asciminib,1.122689473,1.209760459,0.526092829,0.376214247,,0.261181493,,0.225250125,,0.173280547,,0.192542301,,0.145164478,0.162899033,,0.15444679,,0.116037744,
Y469R,469,S29,Imatinib,,,1.108756154,,0.966571398,,1.048711194,,0.62740376,,0.270916489,0.244820265,0.229236163,,0.124387693,0.072036832,,0.08537866,0.072916868,0.058893505
Y469S,469,S29,Asciminib,1.350691344,1.131203312,0.272820245,0.160833993,,0.14931594,,0.091907262,,0.085638379,,0.110920634,,0.097954685,0.075702448,,0.074206033,,0.090573295,
Y469S,469,S29,Imatinib,,,1.144610372,,1.254038646,,1.070093823,,0.646749601,,0.336673907,0.247518221,0.24240223,,0.125747536,0.077977876,,0.083163792,0.059388644,0.080753326
Y469T,469,S29,Asciminib,1.174269008,1.058263225,0.448031556,0.29927472,,0.222214277,,0.137606941,,0.127163516,,0.120712676,,0.090439039,0.093877282,,0.084098471,,0.082158562,
Y469T,469,S29,Imatinib,,,1.125232027,,1.178128676,,0.919865697,,0.563749344,,0.307048077,0.231353286,0.215680628,,0.132812524,0.073687298,,0.072158995,0.059126281,0.052470202
Y469V,469,S29,Asciminib,1.211324294,1.046907468,0.287319864,0.179855556,,0.115746928,,0.104543288,,0.095444391,,0.088677566,,0.069049357,0.08304614,,0.076391688,,0.077671983,
Y469V,469,S29,Imatinib,,,1.076188707,,1.135068241,,0.876825203,,0.448132907,,0.250965365,0.190850956,0.180290146,,0.104439104,0.066824397,,0.063479674,0.053648206,0.052571315
Y469W,469,S29,Asciminib,1.274902685,0.943801061,0.290413216,0.223624077,,0.158764661,,0.163334039,,0.141782613,,0.100583707,,0.12021468,0.111351913,,0.114985682,,0.116611545,
Y469W,469,S29,Imatinib,,,1.309972179,,1.334215797,,1.012178659,,0.609021109,,0.339616857,0.287751178,0.221775033,,0.144116787,0.098252347,,0.083381018,0.065616266,0.053840499