"","ref_aa","protein_start","alt_aa","ref","alt","alt_start_pos","consequence_terms","ref_codon","alt_codon","alt_codon_shortest","n_nuc_min","score_screen1","netgr_obs_screen1","ct_screen1_before","depth_screen1_before","maf_screen1_before","ct_screen1_after","depth_screen1_after","maf_screen1_after","score_screen2","netgr_obs_screen2","ct_screen2_before","depth_screen2_before","maf_screen2_before","ct_screen2_after","depth_screen2_after","maf_screen2_after","resmuts","resresids","species","score_mean","netgr_obs_mean","is_intended"
"1","A","269","C","GC","TG","805","missense_variant","GCC","TGC","TGC","2","-5.85311978532115","0.0279965028356391","38","54576","0.000696276751685723","0.5","41510","1.2045290291496e-05","-5.39759718864453","0.0283242926923994","38","54576","0.000696276751685723","1","60542","1.65174589541145e-05","FALSE","FALSE","A269C","-5.62535848698284","0.0281603977640192","1"
"2","A","269","D","CC","AT","806","missense_variant","GCC","GAT","GAC","1","-3.24904846165229","0.0405312576688202","50","54576","0.000916153620639109","4","41510","9.63623223319682e-05","-6.79352586497567","0.0216049591766931","50","54576","0.000916153620639109","0.5","60542","8.25872947705725e-06","FALSE","FALSE","A269D","-5.02128716331398","0.0310681084227566","1"
"3","A","269","E","CC","AG","806","missense_variant","GCC","GAG","GAG","2","-5.96274427649565","0.0274688229260702","41","54576","0.000751245968924069","0.5","41510","1.2045290291496e-05","-5.50722167981903","0.0277966127828305","41","54576","0.000751245968924069","1","60542","1.65174589541145e-05","FALSE","FALSE","A269E","-5.73498297815734","0.0276327178544503","1"
"4","A","269","F","GC","TT","805","missense_variant","GCC","TTC","TTC","2","-6.19015477259872","0.026374177480212","48","54576","0.000879507475813544","0.5","41510","1.2045290291496e-05","-6.7346321759221","0.0218884452497504","48","54576","0.000879507475813544","0.5","60542","8.25872947705725e-06","FALSE","FALSE","A269F","-6.46239347426041","0.0241313113649812","1"
"5","A","269","G","CC","GT","806","missense_variant","GCC","GGT","GGC","1","-5.53592960944045","0.0295233047530906","61","54576","0.00111770741717971","1","41510","2.40905805829921e-05","-7.08040701276383","0.0202240504354072","61","54576","0.00111770741717971","0.5","60542","8.25872947705725e-06","FALSE","FALSE","A269G","-6.30816831110214","0.0248736775942489","1"
"6","A","269","H","GC","CA","805","missense_variant","GCC","CAC","CAC","2","-5.24904846165229","0.0309042134943765","25","54576","0.000458076810319554","0.5","41510","1.2045290291496e-05","-5.79352586497567","0.026418481263915","25","54576","0.000458076810319554","0.5","60542","8.25872947705725e-06","FALSE","FALSE","A269H","-5.52128716331398","0.0286613473791457","1"
"7","A","269","I","GC","AT","805","missense_variant","GCC","ATC","ATC","2","-5.89059449073981","0.0278161175133942","39","54576","0.000714599824098505","0.5","41510","1.2045290291496e-05","-6.43507189406319","0.0233303852829327","39","54576","0.000714599824098505","0.5","60542","8.25872947705725e-06","FALSE","FALSE","A269I","-6.1628331924015","0.0255732513981635","1"
"8","A","269","K","GCC","AAG","805","missense_variant","GCC","AAG","AAG","3","-4.77511727331988","0.0331854917372378","18","54576","0.000329815303430079","0.5","41510","1.2045290291496e-05","-5.31959467664325","0.0286997595067763","18","54576","0.000329815303430079","0.5","60542","8.25872947705725e-06","FALSE","FALSE","A269K","-5.04735597498157","0.0309426256220071","1"
"9","A","269","L","GCC","CTG","805","missense_variant","GCC","CTG","CTC","2","-6.53592960944045","0.0247097826658688","61","54576","0.00111770741717971","0.5","41510","1.2045290291496e-05","-7.08040701276383","0.0202240504354072","61","54576","0.00111770741717971","0.5","60542","8.25872947705725e-06","FALSE","FALSE","A269L","-6.80816831110214","0.022466916550638","1"
"10","A","269","L","GCC","CTT","805","missense_variant","GCC","CTT","CTC","2","-2.19015477259872","0.0456282658290993","3","54576","5.49692172383465e-05","0.5","41510","1.2045290291496e-05","-2.7346321759221","0.0411425335986378","3","54576","5.49692172383465e-05","0.5","60542","8.25872947705725e-06","FALSE","FALSE","A269L","-2.46239347426041","0.0433853997138686","0"
"11","A","269","M","GCC","ATG","805","missense_variant","GCC","ATG","ATG","3","-5.41254719393517","0.0301172087353001","28","54576","0.000513046027557901","0.5","41510","1.2045290291496e-05","-5.95702459725855","0.0256314765048385","28","54576","0.000513046027557901","0.5","60542","8.25872947705725e-06","FALSE","FALSE","A269M","-5.68478589559686","0.0278743426200693","1"
"12","A","269","N","GC","AA","805","missense_variant","GCC","AAC","AAC","2","-4.99750969465633","0.0321150009051041","21","54576","0.000384784520668426","0.5","41510","1.2045290291496e-05","-4.5419870979797","0.0324427907618644","21","54576","0.000384784520668426","1","60542","1.65174589541145e-05","FALSE","FALSE","A269N","-4.76974839631801","0.0322788958334843","1"
"13","A","269","N","GCC","AAT","805","missense_variant","GCC","AAT","AAC","2","0.809845227401278","0.0600688320907649","3","54576","5.49692172383465e-05","4","41510","9.63623223319682e-05","0.265367824077901","0.0555830998603033","3","54576","5.49692172383465e-05","4","60542","6.6069835816458e-05","FALSE","FALSE","A269N","0.53760652573959","0.0578259659755341","0"
"14","A","269","P","GCC","CCT","805","missense_variant","GCC","CCT","CCC","1","-2.27761761384906","0.0452072615109297","51","54576","0.000934476693051891","8","41510","0.000192724644663936","-2.12165529903135","0.0440931113345077","51","54576","0.000934476693051891","13","60542","0.000214726966403488","FALSE","FALSE","A269P","-2.1996364564402","0.0446501864227187","1"
"15","A","269","Q","GCC","CAG","805","missense_variant","GCC","CAG","CAG","3","-6.75493939138225","0.0236555742431743","71","54576","0.00130093814130753","0.5","41510","1.2045290291496e-05","-7.29941679470562","0.0191698420127128","71","54576","0.00130093814130753","0.5","60542","8.25872947705725e-06","FALSE","FALSE","A269Q","-7.02717809304394","0.0214127081279435","1"
"16","A","269","R","GCC","AGA","805","missense_variant","GCC","AGA","CGC","2","-6.12875422793458","0.0266697303581203","46","54576","0.00084286133098798","0.5","41510","1.2045290291496e-05","-6.67323163125795","0.0221839981276587","46","54576","0.00084286133098798","0.5","60542","8.25872947705725e-06","FALSE","FALSE","A269R","-6.40099292959627","0.0244268642428895","1"
"17","A","269","S","G","T","805","missense_variant","GCC","TCC","TCC","1","-4.77511727331988","0.0331854917372378","18","54576","0.000329815303430079","0.5","41510","1.2045290291496e-05","-5.31959467664325","0.0286997595067763","18","54576","0.000329815303430079","0.5","60542","8.25872947705725e-06","FALSE","FALSE","A269S","-5.04735597498157","0.0309426256220071","0"
"18","A","269","S","GC","AG","805","missense_variant","GCC","AGC","TCC","1","-4.77511727331988","0.0331854917372378","18","54576","0.000329815303430079","0.5","41510","1.2045290291496e-05","-5.31959467664325","0.0286997595067763","18","54576","0.000329815303430079","0.5","60542","8.25872947705725e-06","FALSE","FALSE","A269S","-5.04735597498157","0.0309426256220071","1"
"19","A","269","T","G","A","805","missense_variant","GCC","ACC","ACC","1","-3.99750969465633","0.0369285229923259","63","54576","0.00115435356200528","3","41510","7.22717417489762e-05","-6.12694959870086","0.0248135387572248","63","54576","0.00115435356200528","1","60542","1.65174589541145e-05","FALSE","FALSE","A269T","-5.06222964667859","0.0308710308747754","1"
"20","A","269","V","C","T","806","missense_variant","GCC","GTC","GTC","1","-2.30563199001866","0.0450724136924776","13","54576","0.000238199941366168","2","41510","4.81811611659841e-05","-0.680184391899722","0.0510316633840735","13","54576","0.000238199941366168","9","60542","0.00014865713058703","FALSE","FALSE","A269V","-1.49290819095919","0.0480520385382755","0"
"21","A","269","V","CC","TG","806","missense_variant","GCC","GTG","GTC","1","-4.60519227187757","0.0340034294848516","16","54576","0.000293169158604515","0.5","41510","1.2045290291496e-05","-5.14966967520094","0.0295176972543901","16","54576","0.000293169158604515","0.5","60542","8.25872947705725e-06","FALSE","FALSE","A269V","-4.87743097353925","0.0317605633696209","1"
"22","A","269","W","GCC","TGG","805","missense_variant","GCC","TGG","TGG","3","-5.60519227187757","0.0291899073976298","32","54576","0.00058633831720903","0.5","41510","1.2045290291496e-05","-6.14966967520094","0.0247041751671682","32","54576","0.00058633831720903","0.5","60542","8.25872947705725e-06","FALSE","FALSE","A269W","-5.87743097353925","0.026947041282399","1"
"23","A","269","Y","GC","TA","805","missense_variant","GCC","TAC","TAC","2","-3.14951278810138","0.041010374831924","35","54576","0.000641307534447376","3","41510","7.22717417489762e-05","-4.27895269214591","0.0337089126840447","35","54576","0.000641307534447376","2","60542","3.3034917908229e-05","FALSE","FALSE","A269Y","-3.71423274012364","0.0373596437579843","1"
"24","A","287","C","GCT","TGC","859","missense_variant","GCT","TGC","TGT","2","-5.33329354513035","0.030498697924315","52","54267","0.000958225072327566","1","42074","2.37676474782526e-05","-4.86638031541002","0.0308813168448186","52","54267","0.000958225072327566","2","60882","3.28504319831806e-05","FALSE","FALSE","A287C","-5.09983693027019","0.0306900073845668","1"
"25","A","287","D","C","A","860","missense_variant","GCT","GAT","GAT","1","-5.38774132915273","0.030236612313323","27","54267","0.000497539941400851","0.5","42074","1.18838237391263e-05","-4.9208280994324","0.0306192312338266","27","54267","0.000497539941400851","1","60882","1.64252159915903e-05","FALSE","FALSE","A287D","-5.15428471429256","0.0304279217735748","1"
"26","A","287","E","CT","AG","860","missense_variant","GCT","GAG","GAG","2","-5.80277882843157","0.028238820143519","36","54267","0.000663386588534468","0.5","42074","1.18838237391263e-05","-6.33586559871124","0.0238079169768007","36","54267","0.000663386588534468","0.5","60882","8.21260799579514e-06","FALSE","FALSE","A287E","-6.06932221357141","0.0260233685601599","1"
"27","A","287","F","GCT","TTC","859","missense_variant","GCT","TTC","TTT","2","-3.88078134043284","0.0374903975035857","38","54267","0.000700241399008606","2","42074","4.75352949565052e-05","-4.41386811071252","0.0330594943368675","38","54267","0.000700241399008606","2","60882","3.28504319831806e-05","FALSE","FALSE","A287F","-4.14732472557268","0.0352749459202266","1"
"28","A","287","G","C","G","860","missense_variant","GCT","GGT","GGT","1","2.20113622157181","0.0667658420209576","23","54267","0.000423830320452577","82","42074","0.00194894709321671","2.27628173133614","0.0652626783683924","23","54267","0.000423830320452577","125","60882","0.00205315199894879","FALSE","FALSE","A287G","2.23870897645398","0.066014260194675","1"
"29","A","287","H","GCT","CAC","859","missense_variant","GCT","CAC","CAT","2","-5.09228544562655","0.0316587957344759","22","54267","0.000405402915215508","0.5","42074","1.18838237391263e-05","-5.62537221590623","0.0272278925677576","22","54267","0.000405402915215508","0.5","60882","8.21260799579514e-06","FALSE","FALSE","A287H","-5.35882883076639","0.0294433441511168","1"
"30","A","287","I","GCT","ATC","859","missense_variant","GCT","ATC","ATT","2","-0.10678501532167","0.0556566121716024","25","54267","0.000460685130926714","18","42074","0.000427817654608547","0.649634831593641","0.057432777588371","25","54267","0.000460685130926714","44","60882","0.000722709503629973","FALSE","FALSE","A287I","0.271424908135986","0.0565446948799867","1"
"31","A","287","K","GCT","AAG","859","missense_variant","GCT","AAG","AAG","3","-6.93663457516636","0.0227809804628876","79","54267","0.00145576501372842","0.5","42074","1.18838237391263e-05","-6.46972134544603","0.0231635993833913","79","54267","0.00145576501372842","1","60882","1.64252159915903e-05","FALSE","FALSE","A287K","-6.7031779603062","0.0229722899231394","1"
"32","A","287","L","GCT","CTG","859","missense_variant","GCT","CTG","CTT","2","-5.63285382698926","0.0290567578911327","32","54267","0.000589676967586194","0.5","42074","1.18838237391263e-05","-6.16594059726893","0.0246258547244145","32","54267","0.000589676967586194","0.5","60882","8.21260799579514e-06","FALSE","FALSE","A287L","-5.89939721212909","0.0268413063077736","1"
"33","A","287","M","GCT","ATG","859","missense_variant","GCT","ATG","ATG","3","2.13268091937372","0.0664363309118396","10","54267","0.000184274052370686","34","42074","0.000808100014260588","2.37011230297128","0.0657143338974148","10","54267","0.000184274052370686","58","60882","0.000952662527512237","FALSE","FALSE","A287M","2.2513966111725","0.0660753324046272","1"
"34","A","287","N","GCT","AAC","859","missense_variant","GCT","AAC","AAT","2","-1.16890672722947","0.0505440658520164","29","54267","0.000534394751874988","10","42074","0.000237676474782526","-1.43895909167535","0.0473792846074784","29","54267","0.000534394751874988","12","60882","0.000197102591899083","FALSE","FALSE","A287N","-1.30393290945241","0.0489616752297474","1"
"35","A","287","P","G","C","859","missense_variant","GCT","CCT","CCT","1","-4.49083482211683","0.0345538915951133","29","54267","0.000534394751874988","1","42074","2.37676474782526e-05","-6.0239215923965","0.0253094663411732","29","54267","0.000534394751874988","0.5","60882","8.21260799579514e-06","FALSE","FALSE","A287P","-5.25737820725667","0.0299316789681432","1"
"36","A","287","Q","GCT","CAG","859","missense_variant","GCT","CAG","CAG","3","-0.192281235603276","0.0552450742269029","28","54267","0.00051596734663792","19","42074","0.000451585302086799","-0.272855801185444","0.0529923485522336","28","54267","0.00051596734663792","26","60882","0.000427055615781348","FALSE","FALSE","A287Q","-0.23256851839436","0.0541187113895683","1"
"37","A","287","R","GCT","AGA","859","missense_variant","GCT","AGA","CGT","2","-2.09228544562655","0.0460993619961414","11","54267","0.000202701457607754","2","42074","4.75352949565052e-05","-1.04040971518507","0.0492977108340628","11","54267","0.000202701457607754","6","60882","9.85512959495417e-05","FALSE","FALSE","A287R","-1.56634758040581","0.0476985364151021","1"
"38","A","287","S","G","T","859","missense_variant","GCT","TCT","TCT","1","-1.63285382698926","0.0483108462400201","2","54267","3.68548104741371e-05","0.5","42074","1.18838237391263e-05","0.419021903452225","0.0563227171651634","2","54267","3.68548104741371e-05","3","60882","4.92756479747709e-05","FALSE","FALSE","A287S","-0.606915961768516","0.0523167817025917","0"
"39","A","287","S","GCT","AGC","859","missense_variant","GCT","AGC","TCT","1","-1.26512204248877","0.0500809313068867","31","54267","0.000571249562349126","10","42074","0.000237676474782526","-1.21324631204729","0.0484657580575863","31","54267","0.000571249562349126","15","60882","0.000246378239873854","FALSE","FALSE","A287S","-1.23918417726803","0.0492733446822365","1"
"40","A","287","T","G","A","859","missense_variant","GCT","ACT","ACT","1","-2.0478913262681","0.0463130540702161","32","54267","0.000589676967586194","6","42074","0.000142605884869516","-2.84401250238157","0.0406160289813176","32","54267","0.000589676967586194","5","60882","8.21260799579515e-05","FALSE","FALSE","A287T","-2.44595191432483","0.0434645415257668","0"
"41","A","287","T","GCT","ACC","859","missense_variant","GCT","ACC","ACT","1","-5.21781632771041","0.0310545500609368","24","54267","0.000442257725689646","0.5","42074","1.18838237391263e-05","-5.75090309799009","0.0266236468942185","24","54267","0.000442257725689646","0.5","60882","8.21260799579514e-06","FALSE","FALSE","A287T","-5.48435971285025","0.0288390984775777","1"
"42","A","287","V","C","T","860","missense_variant","GCT","GTT","GTT","1","-2.33329354513035","0.0449392641859805","26","54267","0.000479112536163783","4","42074","9.50705899130104e-05","-2.28141781468887","0.0433240909366801","26","54267","0.000479112536163783","6","60882","9.85512959495417e-05","FALSE","FALSE","A287V","-2.30735567990961","0.0441316775613303","0"
"43","A","287","V","CT","TG","860","missense_variant","GCT","GTG","GTT","1","-6.38774132915273","0.0254230902261012","54","54267","0.000995079882801703","0.5","42074","1.18838237391263e-05","-6.9208280994324","0.0209921870593829","54","54267","0.000995079882801703","0.5","60882","8.21260799579514e-06","FALSE","FALSE","A287V","-6.65428471429256","0.023207638642742","1"
"44","A","287","W","GCT","TGG","859","missense_variant","GCT","TGG","TGG","3","-5.15641578304627","0.0313501029388451","23","54267","0.000423830320452577","0.5","42074","1.18838237391263e-05","-5.68950255332594","0.0269191997721269","23","54267","0.000423830320452577","0.5","60882","8.21260799579514e-06","FALSE","FALSE","A287W","-5.42295916818611","0.029134651355486","1"
"45","A","287","Y","GCT","TAC","859","missense_variant","GCT","TAC","TAT","2","-5.76213684393422","0.0284344512335655","35","54267","0.0006449591832974","0.5","42074","1.18838237391263e-05","-6.2952236142139","0.0240035480668472","35","54267","0.0006449591832974","0.5","60882","8.21260799579514e-06","FALSE","FALSE","A287Y","-6.02868022907406","0.0262189996502064","1"
"46","A","288","C","GCA","TGC","862","missense_variant","GCA","TGC","TGC","3","1.44843768112295","0.0631427109714873","26","54121","0.000480405018384731","55","41950","0.00131108462455304","1.55936662446011","0.0618117916667817","26","54121","0.000480405018384731","86","60740","0.00141587092525519","FALSE","FALSE","A288C","1.50390215279153","0.0624772513191345","1"
"47","A","288","D","CA","AT","863","missense_variant","GCA","GAT","GAT","2","1.61544519918297","0.0639466053484013","16","54121","0.000295633857467526","38","41950","0.000905840286054827","1.58842909006258","0.0619516844868682","16","54121","0.000295633857467526","54","60740","0.000889035232136977","FALSE","FALSE","A288D","1.60193714462277","0.0629491449176348","1"
"48","A","288","E","CA","AG","863","missense_variant","GCA","GAG","GAA","1","2.9352021950287","0.0702992847976703","14","54121","0.000258679625284086","83","41950","0.00197854588796186","2.82060253219161","0.0678827785658445","14","54121","0.000258679625284086","111","60740","0.00182746131050379","FALSE","FALSE","A288E","2.87790236361016","0.0690910316817574","1"
"49","A","288","F","GCA","TTC","862","missense_variant","GCA","TTC","TTC","3","-0.125522325540736","0.0555664197150078","38","54121","0.000702130411485375","27","41950","0.000643623361144219","-0.0568339209263952","0.0540321746441837","38","54121","0.000702130411485375","41","60740","0.000675008231807705","FALSE","FALSE","A288F","-0.0911781232335656","0.0547992971795958","1"
"50","A","288","G","CA","GT","863","missense_variant","GCA","GGT","GGA","1","1.4402740281747","0.0631034150477085","29","54121","0.000535836366659892","61","41950","0.00145411203814064","1.33311259738962","0.060722712910155","29","54121","0.000535836366659892","82","60740","0.00135001646361541","FALSE","FALSE","A288G","1.38669331278216","0.0619130639789317","1"
"51","A","288","H","GCA","CAC","862","missense_variant","GCA","CAC","CAC","3","1.47941056581028","0.0632917996360348","31","54121","0.000572790598843333","67","41950","0.00159713945172825","1.44920088584318","0.061281506450694","31","54121","0.000572790598843333","95","60740","0.00156404346394468","FALSE","FALSE","A288H","1.46430572582673","0.0622866530433644","1"
"52","A","288","I","GCA","ATC","862","missense_variant","GCA","ATC","ATA","2","-6.02479973703938","0.0271701175961102","42","54121","0.000776038875852257","0.5","41950","1.19189511323004e-05","-5.55877583487965","0.0275484557187581","42","54121","0.000776038875852257","1","60740","1.6463615409944e-05","FALSE","FALSE","A288I","-5.79178778595952","0.0273592866574342","1"
"53","A","288","K","GCA","AAG","862","missense_variant","GCA","AAG","AAA","2","1.31860808525843","0.0625177733442184","15","54121","0.000277156741375806","29","41950","0.000691299165673421","1.21205321115284","0.0601399908806387","15","54121","0.000277156741375806","39","60740","0.000642081000987817","FALSE","FALSE","A288K","1.26533064820564","0.0613288821124285","1"
"54","A","288","L","GCA","CTG","862","missense_variant","GCA","CTG","CTA","2","-2.91788453312287","0.0421253225532877","39","54121","0.000720607527577096","4","41950","9.53516090584029e-05","-2.12993253607578","0.0440532686711732","39","54121","0.000720607527577096","10","60740","0.00016463615409944","FALSE","FALSE","A288L","-2.52390853459932","0.0430892956122304","1"
"55","A","288","M","GCA","ATG","862","missense_variant","GCA","ATG","ATG","3","0.708554603574448","0.0595812674357459","15","54121","0.000277156741375806","19","41950","0.000452920143027414","0.511613493011744","0.0567684088265991","15","54121","0.000277156741375806","24","60740","0.000395126769838657","FALSE","FALSE","A288M","0.610084048293096","0.0581748381311725","1"
"56","A","288","N","GCA","AAC","862","missense_variant","GCA","AAC","AAC","3","2.70538732449576","0.069193065842388","18","54121","0.000332588089650967","91","41950","0.00216924910607867","2.35011711364001","0.0656180866119306","18","54121","0.000332588089650967","103","60740","0.00169575238722423","FALSE","FALSE","A288N","2.52775221906789","0.0674055762271593","1"
"57","A","288","P","GCA","CCT","862","missense_variant","GCA","CCT","CCA","1","-6.02479973703938","0.0271701175961102","42","54121","0.000776038875852257","0.5","41950","1.19189511323004e-05","-6.55877583487965","0.0227349336315363","42","54121","0.000776038875852257","0.5","60740","8.23180770497201e-06","FALSE","FALSE","A288P","-6.29178778595952","0.0249525256138232","1"
"58","A","288","Q","GCA","CAG","862","missense_variant","GCA","CAG","CAA","2","3.23788240532279","0.0717562426752858","16","54121","0.000295633857467526","117","41950","0.00278903456495828","3.17339159078373","0.0695809364915079","16","54121","0.000295633857467526","162","60740","0.00266710569641093","FALSE","FALSE","A288Q","3.20563699805326","0.0706685895833969","1"
"59","A","288","R","GC","AG","862","missense_variant","GCA","AGA","AGA","2","0.585697855788914","0.058989893766716","49","54121","0.0009053786884943","57","41950","0.00135876042908224","0.726626383982595","0.0578033781263247","49","54121","0.0009053786884943","91","60740","0.00149818900230491","FALSE","FALSE","A288R","0.656162119885754","0.0583966359465204","1"
"60","A","288","S","G","T","862","missense_variant","GCA","TCA","TCA","1","-2.21744481498178","0.0454969046073273","3","54121","5.54313482751612e-05","0.5","41950","1.19189511323004e-05","-1.75142091282205","0.0458752427299752","3","54121","5.54313482751612e-05","1","60740","1.6463615409944e-05","FALSE","FALSE","A288S","-1.98443286390191","0.0456860736686512","0"
"61","A","288","S","GCA","AGC","862","missense_variant","GCA","AGC","TCA","1","1.89107964179639","0.0652733778259201","16","54121","0.000295633857467526","46","41950","0.00109654350417163","1.71618463726095","0.0625666386350727","16","54121","0.000295633857467526","59","60740","0.000971353309186697","FALSE","FALSE","A288S","1.80363213952867","0.0639200082304964","1"
"62","A","288","T","G","A","862","missense_variant","GCA","ACA","ACA","1","-0.820109317436391","0.0522230098880211","41","54121","0.000757561759760537","18","41950","0.000429082240762813","-0.617119821110458","0.0513352260884888","41","54121","0.000757561759760537","30","60740","0.000493908462298321","FALSE","FALSE","A288T","-0.718614569273425","0.0517791179882549","0"
"63","A","288","T","GCA","ACC","862","missense_variant","GCA","ACC","ACA","1","0.640536180145797","0.0592538592522341","24","54121","0.00044345078620129","29","41950","0.000691299165673421","0.921004429149446","0.0587390211400064","24","54121","0.00044345078620129","51","60740","0.000839644385907145","FALSE","FALSE","A288T","0.780770304647622","0.0589964401961202","1"
"64","A","288","V","C","T","863","missense_variant","GCA","GTA","GTA","1","-0.954410409147981","0.0515765486167294","5","54121","9.2385580458602e-05","2","41950","4.76758045292014e-05","0.0965759937329004","0.0547706166567951","5","54121","9.2385580458602e-05","6","60740","9.87816924596641e-05","FALSE","FALSE","A288V","-0.428917207707541","0.0531735826367622","0"
"65","A","288","V","CA","TG","863","missense_variant","GCA","GTG","GTA","1","-2.06544172153673","0.0462285748549511","27","54121","0.000498882134476451","5","41950","0.000119189511323004","-3.92134591426436","0.0354302608079177","27","54121","0.000498882134476451","2","60740","3.2927230819888e-05","FALSE","FALSE","A288V","-2.99339381790054","0.0408294178314344","1"
"66","A","288","W","GCA","TGG","862","missense_variant","GCA","TGG","TGG","3","1.06266310421096","0.0612857765248328","21","54121","0.000388019437926128","34","41950","0.000810488676996424","0.964786121177359","0.0589497652815987","21","54121","0.000388019437926128","46","60740","0.000757326308857425","FALSE","FALSE","A288W","1.01372461269416","0.0601177709032157","1"
"67","A","288","Y","GCA","TAC","862","missense_variant","GCA","TAC","TAC","3","0.952480186460537","0.0607554086166066","12","54121","0.000221725393100645","18","41950","0.000429082240762813","0.33604192842829","0.0559232912225886","12","54121","0.000221725393100645","17","60740","0.000279881461969048","FALSE","FALSE","A288Y","0.644261057444414","0.0583393499195976","1"
"68","C","305","A","TGC","GCT","913","missense_variant","TGC","GCT","GCC","2","-2.66141491480882","0.0433598447257437","4","52638","7.5990729131046e-05","0.5","41627","1.20114348860115e-05","-3.19365881259451","0.038932998744392","4","52638","7.5990729131046e-05","0.5","60200","8.30564784053156e-06","FALSE","FALSE","C305A","-2.92753686370167","0.0411464217350679","1"
"69","C","305","D","TGC","GAT","913","missense_variant","TGC","GAT","GAC","2","-5.66141491480882","0.0289192784640782","32","52638","0.000607925833048368","0.5","41627","1.20114348860115e-05","-6.19365881259451","0.0244924324827265","32","52638","0.000607925833048368","0.5","60200","8.30564784053156e-06","FALSE","FALSE","C305D","-5.92753686370167","0.0267058554734023","1"
"70","C","305","E","TGC","GAG","913","missense_variant","TGC","GAG","GAG","3","-4.83133991625113","0.0329148628036863","18","52638","0.000341958281089707","0.5","41627","1.20114348860115e-05","-5.36358381403683","0.0284880168223345","18","52638","0.000341958281089707","0.5","60200","8.30564784053156e-06","FALSE","FALSE","C305E","-5.09746186514398","0.0307014398130104","1"
"71","C","305","F","G","T","914","missense_variant","TGC","TTC","TTC","1","-4.66141491480882","0.0337328005513","16","52638","0.000303962916524184","0.5","41627","1.20114348860115e-05","-5.19365881259451","0.0293059545699483","16","52638","0.000303962916524184","0.5","60200","8.30564784053156e-06","FALSE","FALSE","C305F","-4.92753686370167","0.0315193775606242","1"
"72","C","305","G","TGC","GGT","913","missense_variant","TGC","GGT","GGC","1","-1.77689213222875","0.0476175146763438","13","52638","0.0002469698696759","3","41627","7.20686093160689e-05","-1.086743608678","0.0490746816143476","13","52638","0.0002469698696759","7","60200","0.000116279069767442","FALSE","FALSE","C305G","-1.43181787045338","0.0483460981453457","1"
"73","C","305","H","TG","CA","913","missense_variant","TGC","CAC","CAC","2","-4.12084653344612","0.0363348383946432","11","52638","0.000208974505110377","0.5","41627","1.20114348860115e-05","-4.65309043123181","0.0319079924132914","11","52638","0.000208974505110377","0.5","60200","8.30564784053156e-06","FALSE","FALSE","C305H","-4.38696848233896","0.0341214154039673","1"
"74","C","305","I","TG","AT","913","missense_variant","TGC","ATC","ATC","2","1.64670738055351","0.0640970865489232","21","52638","0.000398951327937992","52","41627","0.00124918922814519","1.84028851932882","0.0631640154125164","21","52638","0.000398951327937992","86","60200","0.00142857142857143","FALSE","FALSE","C305I","1.74349794994117","0.0636305509807198","1"
"75","C","305","K","TGC","AAG","913","missense_variant","TGC","AAG","AAG","3","-4.98334300969618","0.0321831925560625","20","52638","0.00037995364565523","0.5","41627","1.20114348860115e-05","-5.51558690748188","0.0277563465747107","20","52638","0.00037995364565523","0.5","60200","8.30564784053156e-06","FALSE","FALSE","C305K","-5.24946495858903","0.0299697695653866","1"
"76","C","305","L","TGC","CTG","913","missense_variant","TGC","CTG","CTC","2","-0.924449320642612","0.0517207669780072","12","52638","0.000227972187393138","5","41627","0.000120114348860115","0.613696109463091","0.0572597857556091","12","52638","0.000227972187393138","21","60200","0.000348837209302326","FALSE","FALSE","C305L","-0.155376605589761","0.0544902763668081","1"
"77","C","305","M","TGC","ATG","913","missense_variant","TGC","ATG","ATG","3","1.66051318007854","0.0641635410698687","12","52638","0.000227972187393138","30","41627","0.000720686093160689","1.50678090554658","0.0615586691473189","12","52638","0.000227972187393138","39","60200","0.000647840531561462","FALSE","FALSE","C305M","1.58364704281256","0.0628611051085938","1"
"78","C","305","N","TG","AA","913","missense_variant","TGC","AAC","AAC","2","-4.12084653344612","0.0363348383946432","11","52638","0.000208974505110377","0.5","41627","1.20114348860115e-05","-4.65309043123181","0.0319079924132914","11","52638","0.000208974505110377","0.5","60200","8.30564784053156e-06","FALSE","FALSE","C305N","-4.38696848233896","0.0341214154039673","1"
"79","C","305","P","TGC","CCT","913","missense_variant","TGC","CCT","CCC","2","-5.18497687086583","0.0312126235117905","23","52638","0.000436946692503515","0.5","41627","1.20114348860115e-05","-5.71722076865153","0.0267857775304388","23","52638","0.000436946692503515","0.5","60200","8.30564784053156e-06","FALSE","FALSE","C305P","-5.45109881975868","0.0289992005211147","1"
"80","C","305","Q","TGC","CAG","913","missense_variant","TGC","CAG","CAG","3","-2.66141491480882","0.0433598447257437","4","52638","7.5990729131046e-05","0.5","41627","1.20114348860115e-05","-3.19365881259451","0.038932998744392","4","52638","7.5990729131046e-05","0.5","60200","8.30564784053156e-06","FALSE","FALSE","C305Q","-2.92753686370167","0.0411464217350679","1"
"81","C","305","R","TGC","AGA","913","missense_variant","TGC","AGA","CGC","1","-4.24637741552997","0.0357305927211041","12","52638","0.000227972187393138","0.5","41627","1.20114348860115e-05","-3.77862131331567","0.0361172688269742","12","52638","0.000227972187393138","1","60200","1.66112956810631e-05","FALSE","FALSE","C305R","-4.01249936442282","0.0359239307740391","1"
"82","C","305","S","T","A","913","missense_variant","TGC","AGC","AGC","1","-4.12084653344612","0.0363348383946432","11","52638","0.000208974505110377","0.5","41627","1.20114348860115e-05","-4.65309043123181","0.0319079924132914","11","52638","0.000208974505110377","0.5","60200","8.30564784053156e-06","FALSE","FALSE","C305S","-4.38696848233896","0.0341214154039673","1"
"83","C","305","T","TG","AC","913","missense_variant","TGC","ACC","ACC","2","-1.88380733614527","0.0471028759808318","14","52638","0.000265967551958661","3","41627","7.20686093160689e-05","-5.00101373465212","0.0302332559076186","14","52638","0.000265967551958661","0.5","60200","8.30564784053156e-06","FALSE","FALSE","C305T","-3.44241053539869","0.0386680659442252","1"
"84","C","305","V","TGC","GTG","913","missense_variant","TGC","GTG","GTC","2","0.201081561441247","0.0571385347387681","22","52638","0.000417949010220753","20","41627","0.000480457395440459","0.806341187405487","0.0581870870932794","22","52638","0.000417949010220753","44","60200","0.000730897009966777","FALSE","FALSE","C305V","0.503711374423367","0.0576628109160237","1"
"85","C","305","W","C","G","915","missense_variant","TGC","TGG","TGG","1","-4.24637741552997","0.0357305927211041","12","52638","0.000227972187393138","0.5","41627","1.20114348860115e-05","-4.77862131331567","0.0313037467397523","12","52638","0.000227972187393138","0.5","60200","8.30564784053156e-06","FALSE","FALSE","C305W","-4.51249936442282","0.0335171697304282","1"
"86","C","305","Y","G","A","914","missense_variant","TGC","TAC","TAC","1","-5.87086828043777","0.0279110700623803","37","52638","0.000702914244462176","0.5","41627","1.20114348860115e-05","-6.40311217822346","0.0234842240810286","37","52638","0.000702914244462176","0.5","60200","8.30564784053156e-06","FALSE","FALSE","C305Y","-6.13699022933062","0.0256976470717044","1"
"87","D","241","E","C","A","723","missense_variant","GAC","GAA","GAG","1","-3.34487735764605","0.0400699831613601","13","52194","0.000249070774418516","1","40793","2.45140097565759e-05","-1.56768704027144","0.0467596497836684","13","52194","0.000249070774418516","5","59507","8.40237283008722e-05","FALSE","FALSE","D241E","-2.45628219895875","0.0434148164725142","0"
"88","D","241","G","A","G","722","missense_variant","GAC","GGC","GGC","1","1.35556236049504","0.0626956535642871","2","52194","3.83185806797716e-05","4","40793","9.80560390263035e-05","0.395787083703448","0.05621087584711","2","52194","3.83185806797716e-05","3","59507","5.04142369805233e-05","FALSE","FALSE","D241G","0.875674722099243","0.0594532647056985","0"
"89","D","241","N","G","A","721","missense_variant","GAC","AAC","AAC","1","-2.22940014022612","0.0454393573852037","12","52194","0.00022991148407863","2","40793","4.90280195131518e-05","-3.77413791773886","0.0361388497506089","12","52194","0.00022991148407863","1","59507","1.68047456601744e-05","FALSE","FALSE","D241N","-3.00176902898249","0.0407891035679063","1"
"90","D","276","A","AC","CT","827","missense_variant","GAC","GCT","GCC","1","1.66685648527955","0.0641940747095597","12","54584","0.000219844643118863","29","41544","0.000698055074138263","0.655349185541838","0.0574602837573148","12","54584","0.000219844643118863","21","60649","0.00034625467856024","FALSE","TRUE","D276A","1.16110283541069","0.0608271792334373","1"
"91","D","276","C","GA","TG","826","missense_variant","GAC","TGC","TGC","2","-4.60616200912687","0.0339987616331833","16","54584","0.00029312619082515","0.5","41544","1.20354323127287e-05","-5.15200573651577","0.0295064525716541","16","54584","0.00029312619082515","0.5","60649","8.24415901333905e-06","FALSE","TRUE","D276C","-4.87908387282132","0.0317526071024187","1"
"92","D","276","E","C","G","828","missense_variant","GAC","GAG","GAG","1","1.94403507343361","0.0655282799657442","14","54584","0.000256485416972006","41","41544","0.000986905449643751","1.84799426348423","0.063201107182207","14","54584","0.000256485416972006","56","60649","0.000923345809493973","FALSE","TRUE","D276E","1.89601466845892","0.0643646935739756","1"
"93","D","276","F","GA","TT","826","missense_variant","GAC","TTC","TTC","2","-5.51305260473539","0.0296334237205279","30","54584","0.000549611607797157","0.5","41544","1.20354323127287e-05","-5.05889633212428","0.0299546367462206","30","54584","0.000549611607797157","1","60649","1.64883180266781e-05","FALSE","TRUE","D276F","-5.28597446842984","0.0297940302333742","1"
"94","D","276","G","AC","GT","827","missense_variant","GAC","GGT","GGC","1","2.30072858648165","0.0672452320691697","8","54584","0.000146563095412575","30","41544","0.00072212593876372","1.30742588212153","0.0605990693388638","8","54584","0.000146563095412575","22","60649","0.000362742996586918","TRUE","TRUE","D276G","1.80407723430159","0.0639221507040168","1"
"95","D","276","H","G","C","826","missense_variant","GAC","CAC","CAC","1","2.41091150423207","0.0677755999773959","21","54584","0.00038472812545801","85","41544","0.00204602349316387","2.18359729526867","0.06481653978824","21","54584","0.00038472812545801","106","60649","0.00174776171082788","FALSE","TRUE","D276H","2.29725439975037","0.066296069882818","1"
"96","D","276","I","GA","AT","826","missense_variant","GAC","ATC","ATC","2","-3.92809010401423","0.0372626757251676","10","54584","0.000183203869265719","0.5","41544","1.20354323127287e-05","-4.47393383140313","0.0327703666636384","10","54584","0.000183203869265719","0.5","60649","8.24415901333905e-06","FALSE","TRUE","D276I","-4.20101196770868","0.035016521194403","1"
"97","D","276","K","GAC","AAG","826","missense_variant","GAC","AAG","AAG","2","2.77850184110846","0.0695450041829997","9","54584","0.000164883482339147","47","41544","0.0011313306373965","2.45942897556658","0.0661442616737095","9","54584","0.000164883482339147","55","60649","0.000906857491467295","FALSE","TRUE","D276K","2.61896540833752","0.0678446329283546","1"
"98","D","276","L","GAC","CTG","826","missense_variant","GAC","CTG","CTC","2","-4.51305260473539","0.0344469458077498","15","54584","0.000274805803898578","0.5","41544","1.20354323127287e-05","-5.05889633212428","0.0299546367462206","15","54584","0.000274805803898578","0.5","60649","8.24415901333905e-06","FALSE","TRUE","D276L","-4.78597446842984","0.0322007912769852","1"
"99","D","276","M","GAC","ATG","826","missense_variant","GAC","ATG","ATG","3","-0.191124509848024","0.0552506421518747","15","54584","0.000274805803898578","10","41544","0.000240708646254573","-0.736968237236922","0.0507583330903455","15","54584","0.000274805803898578","10","60649","0.000164883180266781","FALSE","TRUE","D276M","-0.464046373542473","0.0530044876211101","1"
"100","D","276","N","G","A","826","missense_variant","GAC","AAC","AAC","1","0.791173488418517","0.0599789552627645","41","54584","0.000751135863989447","54","41544","0.0012998266897747","0.830292261750775","0.0583023761186531","41","54584","0.000751135863989447","81","60649","0.00133555376016093","FALSE","TRUE","D276N","0.810732875084646","0.0591406656907088","1"
"101","D","276","P","GAC","CCT","826","missense_variant","GAC","CCT","CCC","2","0.393837990873132","0.0580663720692925","29","54584","0.000531291220870585","29","41544","0.000698055074138263","0.604723112471871","0.0572165940364033","29","54584","0.000531291220870585","49","60649","0.000807927583307227","FALSE","TRUE","D276P","0.499280551672501","0.0576414830528479","1"
"102","D","276","Q","GAC","CAG","826","missense_variant","GAC","CAG","CAG","2","2.39383799087313","0.0676934162437362","8","54584","0.000146563095412575","32","41544","0.000770267668014635","1.6028817656477","0.0620212527600167","8","54584","0.000146563095412575","27","60649","0.000445184586720309","FALSE","TRUE","D276Q","1.99835987826042","0.0648573345018765","1"
"103","D","276","R","GAC","AGA","826","missense_variant","GAC","AGA","CGC","2","2.2783607734532","0.0671375641071144","13","54584","0.000238165030045435","48","41544","0.00115540150202195","2.00553554047071","0.0639594355986305","13","54584","0.000238165030045435","58","60649","0.00095632244554733","FALSE","TRUE","D276R","2.14194815696195","0.0655484998528725","1"
"104","D","276","S","GA","AG","826","missense_variant","GAC","AGC","AGC","2","2.13080358503934","0.066427294321556","3","54584","5.49611607797157e-05","10","41544","0.000240708646254573","3.07038668482068","0.0690851201015626","3","54584","5.49611607797157e-05","28","60649","0.000461672904746987","FALSE","TRUE","D276S","2.60059513493001","0.0677562072115593","1"
"105","D","276","T","GA","AC","826","missense_variant","GAC","ACC","ACC","2","0.978800491594288","0.0608821019867103","8","54584","0.000146563095412575","12","41544","0.000288850375505488","-0.152005736515766","0.0535740630077633","8","54584","0.000146563095412575","8","60649","0.000131906544213425","FALSE","TRUE","D276T","0.413397377539261","0.0572280824972368","1"
"106","D","276","V","AC","TG","827","missense_variant","GAC","GTG","GTC","1","-3.60616200912687","0.0388122837204051","8","54584","0.000146563095412575","0.5","41544","1.20354323127287e-05","-4.15200573651577","0.0343199746588759","8","54584","0.000146563095412575","0.5","60649","8.24415901333905e-06","FALSE","TRUE","D276V","-3.87908387282132","0.0365661291896405","1"
"107","D","276","W","GAC","TGG","826","missense_variant","GAC","TGG","TGG","3","-2.36104951129034","0.0448056602298172","27","54584","0.000494650447017441","4","41544","9.62834585018294e-05","-1.73696823723692","0.0459448110031236","27","54584","0.000494650447017441","9","60649","0.000148394862240103","FALSE","TRUE","D276W","-2.04900887426363","0.0453752356164704","1"
"108","D","276","Y","G","T","826","missense_variant","GAC","TAC","TAC","1","-1.60616200912687","0.0484393278948488","12","54584","0.000219844643118863","3","41544","7.2212593876372e-05","-0.152005736515766","0.0535740630077633","12","54584","0.000219844643118863","12","60649","0.000197859816320137","FALSE","TRUE","D276Y","-0.879083872821317","0.0510066954513061","1"
"109","E","255","A","AG","CT","764","missense_variant","GAG","GCT","GCG","1","-4.20611007903014","0.0359244204347396","12","53769","0.000223176923506109","0.5","41351","1.20916060071099e-05","-0.74953217302677","0.0506978563079186","12","53769","0.000223176923506109","8","60266","0.000132744831248133","FALSE","TRUE","E255A","-2.47782112602845","0.0433111383713291","1"
"110","E","255","C","GAG","TGC","763","missense_variant","GAG","TGC","TGC","3","-1.70861041955932","0.0479461902084314","85","53769","0.00158083654150161","20","41351","0.000483664240284395","-0.486497767192976","0.0519639782300989","85","53769","0.00158083654150161","68","60266","0.00112833106560913","FALSE","TRUE","E255C","-1.09755409337615","0.0499550842192652","1"
"111","E","255","D","G","T","765","missense_variant","GAG","GAT","GAT","1","1.00178277261119","0.0609927277039999","50","53769","0.000929903847942123","77","41351","0.00186210732509492","1.08639190122761","0.0595351173898044","50","53769","0.000929903847942123","119","60266","0.00197457936481598","FALSE","TRUE","E255D","1.0440873369194","0.0602639225469022","1"
"112","E","255","F","GAG","TTC","763","missense_variant","GAG","TTC","TTC","3","-0.206110079030138","0.055178508783627","36","53769","0.000669530770518328","24","41351","0.000580397088341273","0.33793066822357","0.0559323827133101","36","53769","0.000669530770518328","51","60266","0.00084624829920685","FALSE","TRUE","E255F","0.0659102945967159","0.0555554457484686","1"
"113","E","255","G","A","G","764","missense_variant","GAG","GGG","GGG","1","-2.5280381739175","0.0440018566139458","15","53769","0.000278971154382637","2","41351","4.83664240284395e-05","-0.486497767192976","0.0519639782300989","15","53769","0.000278971154382637","12","60266","0.0001991172468722","FALSE","TRUE","E255G","-1.50726797055524","0.0479829174220223","0"
"114","E","255","G","AG","GT","764","missense_variant","GAG","GGT","GGG","1","-7.04741233301108","0.0222477492787292","86","53769","0.00159943461846045","0.5","41351","1.20916060071099e-05","-3.26890633212035","0.0385707931471457","86","53769","0.00159943461846045","10","60266","0.000165931039060167","FALSE","TRUE","E255G","-5.15815933256571","0.0304092712129374","1"
"115","E","255","H","GAG","CAC","763","missense_variant","GAG","CAC","CAC","2","0.730324792192396","0.0596860587195014","58","53769","0.00107868846361286","74","41351","0.00178955768905226","0.562411833287971","0.0570129277595129","58","53769","0.00107868846361286","96","60266","0.0015929379749776","FALSE","TRUE","E255H","0.646368312740183","0.0583494932395072","1"
"116","E","255","I","GAG","ATC","763","missense_variant","GAG","ATC","ATC","3","-1.88418198414278","0.0471010726044209","72","53769","0.00133906154103666","15","41351","0.000362748180213296","-1.29010055438947","0.0480958184645755","72","53769","0.00133906154103666","33","60266","0.00054757242889855","FALSE","TRUE","E255I","-1.58714126926612","0.0475984455344982","1"
"117","E","255","K","G","A","763","missense_variant","GAG","AAG","AAG","1","-1.21589109982272","0.0503179055367845","148","53769","0.00275251538990868","49","41351","0.00118497738869677","-1.14520434743868","0.0487932795570878","148","53769","0.00275251538990868","75","60266","0.00124448279295125","TRUE","TRUE","E255K","-1.1805477236307","0.0495555925469361","1"
"118","E","255","L","GA","CT","763","missense_variant","GAG","CTG","CTG","2","-0.379646334024829","0.0543431881872763","225","53769","0.00418456731573955","133","41351","0.00321636719789122","-0.0714602679141321","0.0539617703999029","225","53769","0.00418456731573955","240","60266","0.003982344937444","FALSE","TRUE","E255L","-0.225553300969481","0.0541524792935896","1"
"119","E","255","M","GA","AT","763","missense_variant","GAG","ATG","ATG","2","-0.0361850775878257","0.0559964465312408","48","53769","0.000892707694024438","36","41351","0.00087059563251191","0.272835640001685","0.0556190463571958","48","53769","0.000892707694024438","65","60266","0.00107855175389108","FALSE","TRUE","E255M","0.11832528120693","0.0558077464442183","1"
"120","E","255","N","GAG","AAC","763","missense_variant","GAG","AAC","AAC","2","0.909367138389798","0.0605478830074706","45","53769","0.000836913463147911","65","41351","0.00157190878092428","0.81931066233111","0.0582495159472935","45","53769","0.000836913463147911","89","60266","0.00147678624763548","FALSE","TRUE","E255N","0.864338900360454","0.0593986994773821","1"
"121","E","255","P","GAG","CCT","763","missense_variant","GAG","CCT","CCG","2","-2.94307567319634","0.0420040644441417","5","53769","9.29903847942123e-05","0.5","41351","1.20916060071099e-05","-3.48649776719298","0.0375234119684333","5","53769","9.29903847942123e-05","0.5","60266","8.29655195300833e-06","FALSE","TRUE","E255P","-3.21478672019466","0.0397637382062875","1"
"122","E","255","Q","G","C","763","missense_variant","GAG","CAG","CAG","1","0.86427924886126","0.0603308514553588","40","53769","0.000743923078353698","56","41351","0.0013542598727963","0.835430327694387","0.0583271083125583","40","53769","0.000743923078353698","80","60266","0.00132744831248133","FALSE","TRUE","E255Q","0.849854788277823","0.0593289798839585","1"
"123","E","255","R","GAG","AGA","763","missense_variant","GAG","AGA","AGG","2","1.32226889332465","0.0625353947247022","13","53769","0.000241775000464952","25","41351","0.000604580300355493","1.42039282841554","0.0611428382299761","13","53769","0.000241775000464952","39","60266","0.00064713105233465","FALSE","TRUE","E255R","1.3713308608701","0.0618391164773391","1"
"124","E","255","S","GAG","AGC","763","missense_variant","GAG","AGC","TCG","2","-1.62114757830898","0.0483671945266011","28","53769","0.000520746154847589","7","41351","0.000169282484099538","-1.38696209364206","0.0476295733059808","28","53769","0.000520746154847589","12","60266","0.0001991172468722","FALSE","TRUE","E255S","-1.50405483597552","0.047998383916291","1"
"125","E","255","T","GAG","ACC","763","missense_variant","GAG","ACC","ACG","2","-0.764342214136773","0.0524914460714942","254","53769","0.00472391154754598","115","41351","0.00278106938163527","-0.531202539621403","0.0517487908206104","254","53769","0.00472391154754598","197","60266","0.00326884146948528","FALSE","TRUE","E255T","-0.647772376879088","0.0521201184460523","1"
"126","E","255","V","A","T","764","missense_variant","GAG","GTG","GTG","1","-1.76316658318141","0.0476835829098424","128","53769","0.00238055385073183","29","41351","0.000701313148412372","-1.23383233474273","0.0483666667826537","128","53769","0.00238055385073183","61","60266","0.00101217933826702","TRUE","TRUE","E255V","-1.49849945896207","0.0480251248462481","1"
"127","E","255","W","GA","TG","763","missense_variant","GAG","TGG","TGG","2","-0.789347899281833","0.0523710806537424","209","53769","0.00388699808439807","93","41351","0.00224903871732243","-1.1714890862454","0.0486667573862848","209","53769","0.00388699808439807","104","60266","0.00172568280622573","FALSE","TRUE","E255W","-0.980418492763619","0.0505189190200136","1"
"128","E","255","Y","GAG","TAC","763","missense_variant","GAG","TAC","TAC","2","0.14265420082954","0.0568572933479656","245","53769","0.0045565288549164","208","41351","0.0050301080989577","0.188811235624434","0.0552145930308602","245","53769","0.0045565288549164","313","60266","0.00519364152258321","FALSE","TRUE","E255Y","0.165732718226987","0.0560359431894129","1"
"129","E","255","Y","GAG","TAT","763","missense_variant","GAG","TAT","TAC","2","-0.621147578308982","0.053180716613823","1","53769","1.85980769588425e-05","0.5","41351","1.20916060071099e-05","-1.16456967230561","0.0487000641381146","1","53769","1.85980769588425e-05","0.5","60266","8.29655195300833e-06","FALSE","TRUE","E255Y","-0.892858625307298","0.0509403903759688","0"
"130","E","258","A","AG","CT","773","missense_variant","GAG","GCT","GCG","1","0.999948864421791","0.0609839001464243","30","53972","0.000555843770844141","46","41380","0.00111164813919768","1.39163747571538","0.061004423704628","30","53972","0.000555843770844141","88","60340","0.00145840238647663","FALSE","FALSE","E258A","1.19579317006859","0.0609941619255262","1"
"131","E","258","C","GAG","TGC","772","missense_variant","GAG","TGC","TGC","3","1.41184665617007","0.0629665792646825","25","53972","0.000463203142370118","51","41380","0.00123247945867569","2.19524026291188","0.0648725834701514","25","53972","0.000463203142370118","128","60340","0.00212131256214783","FALSE","FALSE","E258C","1.80354345954097","0.063919581367417","1"
"132","E","258","D","G","T","774","missense_variant","GAG","GAT","GAT","1","-2.93865059091407","0.0420253646754452","5","53972","9.26406284740236e-05","0.5","41380","1.20831319478009e-05","-2.48283164220076","0.0423545810292797","5","53972","9.26406284740236e-05","1","60340","1.65727543917799e-05","FALSE","FALSE","E258D","-2.71074111655741","0.0421899728523625","1"
"133","E","258","F","GAG","TTC","772","missense_variant","GAG","TTC","TTC","3","0.646311909807091","0.0592816608545286","5","53972","9.26406284740236e-05","6","41380","0.00014499758337361","0.976599976436539","0.059006631534824","5","53972","9.26406284740236e-05","11","60340","0.000182300298309579","FALSE","FALSE","E258F","0.811455943121815","0.0591441461946763","1"
"134","E","258","G","AG","GT","773","missense_variant","GAG","GGT","GGG","1","-0.616722496026703","0.0532020168451265","1","53972","1.85281256948047e-05","0.5","41380","1.20831319478009e-05","-1.1609035473134","0.0487177111117391","1","53972","1.85281256948047e-05","0.5","60340","8.28637719588996e-06","FALSE","FALSE","E258G","-0.88881302167005","0.0509598639784328","1"
"135","E","258","I","GAG","ATC","772","missense_variant","GAG","ATC","ATC","3","-2.6167224960267","0.0435749726706828","4","53972","7.41125027792189e-05","0.5","41380","1.20831319478009e-05","-3.1609035473134","0.0390906669372955","4","53972","7.41125027792189e-05","0.5","60340","8.28637719588996e-06","FALSE","FALSE","E258I","-2.88881302167005","0.0413328198039891","1"
"136","E","258","K","G","A","772","missense_variant","GAG","AAG","AAG","1","2.03535420055299","0.0659678466011192","7","53972","0.000129696879863633","22","41380","0.000531657805703238","0.616704031350156","0.0572742644540491","7","53972","0.000129696879863633","12","60340","0.000198873052701359","FALSE","FALSE","E258K","1.32602911595157","0.0616210555275841","1"
"137","E","258","L","GA","TT","772","missense_variant","GAG","TTG","CTG","2","-1.6167224960267","0.0483884947579047","2","53972","3.70562513896094e-05","0.5","41380","1.20831319478009e-05","0.42405895340776","0.0563469631163788","2","53972","3.70562513896094e-05","3","60340","4.97182631753397e-05","FALSE","FALSE","E258L","-0.596331771309471","0.0523677289371417","0"
"138","E","258","M","GA","AT","772","missense_variant","GAG","ATG","ATG","2","1.25774662188944","0.0622248153460311","30","53972","0.000555843770844141","55","41380","0.0013291445142581","1.1021308585204","0.0596108772083631","30","53972","0.000555843770844141","72","60340","0.00119323831620815","FALSE","FALSE","E258M","1.17993874020492","0.0609178462771971","1"
"139","E","258","N","GAG","AAC","772","missense_variant","GAG","AAC","AAC","2","0.868704331143538","0.0603521516866623","15","53972","0.000277921885422071","21","41380","0.000507491541807637","1.35847061178018","0.060844774272512","15","53972","0.000277921885422071","43","60340","0.000712628438846536","FALSE","FALSE","E258N","1.11358747146186","0.0605984629795872","1"
"140","E","258","N","GAG","AAT","772","missense_variant","GAG","AAT","AAC","2","-1.20168499674786","0.0503862869277087","3","53972","5.55843770844141e-05","1","41380","2.41662638956017e-05","-0.160903547313396","0.053531233198961","3","53972","5.55843770844141e-05","3","60340","4.97182631753397e-05","FALSE","FALSE","E258N","-0.681294272030628","0.0519587600633348","0"
"141","E","258","P","GAG","CCT","772","missense_variant","GAG","CCT","CCG","2","-5.42407741808431","0.0300617077466876","28","53972","0.000518787519454532","0.5","41380","1.20831319478009e-05","-5.968258469371","0.0255774020133002","28","53972","0.000518787519454532","0.5","60340","8.28637719588996e-06","FALSE","FALSE","E258P","-5.69616794372765","0.0278195548799939","1"
"142","E","258","Q","G","C","772","missense_variant","GAG","CAG","CAG","1","2.11262991402963","0.0663398149547448","19","53972","0.00035203438820129","63","41380","0.00152247462542291","1.52190627680591","0.0616314754559531","19","53972","0.00035203438820129","61","60340","0.00101093801789857","FALSE","FALSE","E258Q","1.81726809541777","0.063985645205349","1"
"143","E","258","R","GAG","AGA","772","missense_variant","GAG","AGA","AGG","2","-0.694725008027976","0.0528265500307496","19","53972","0.00035203438820129","9","41380","0.000217496375060416","0.545365249629894","0.0569308736525631","19","53972","0.00035203438820129","31","60340","0.000513755386145177","FALSE","FALSE","E258R","-0.0746798791990413","0.0548787118416563","1"
"144","E","258","S","GAG","AGC","772","missense_variant","GAG","AGC","TCG","2","0.383277503973297","0.0580155389323483","3","53972","5.55843770844141e-05","3","41380","7.24987916868052e-05","1.71356557060275","0.0625540316998656","3","53972","5.55843770844141e-05","11","60340","0.000182300298309579","FALSE","FALSE","E258S","1.04842153728802","0.060284785316107","1"
"145","E","258","V","A","T","773","missense_variant","GAG","GTG","GTG","1","1.25774662188944","0.0622248153460311","12","53972","0.000222337508337657","22","41380","0.000531657805703238","1.11211494709302","0.0596589358392282","12","53972","0.000222337508337657","29","60340","0.000480609877361617","FALSE","FALSE","E258V","1.18493078449123","0.0609418755926296","1"
"146","E","258","W","GA","TG","772","missense_variant","GAG","TGG","TGG","2","1.07988536052336","0.0613686762359843","29","53972","0.000537315645149337","47","41380","0.00113581440309328","1.24790199825393","0.0603125498091499","29","53972","0.000537315645149337","77","60340","0.00127610208816705","FALSE","FALSE","E258W","1.16389367938865","0.0608406130225671","1"
"147","E","258","Y","GAG","TAC","772","missense_variant","GAG","TAC","TAC","2","2.25774662188944","0.0670383374332529","3","53972","5.55843770844141e-05","11","41380","0.000265828902851619","2.16102454757397","0.0647078853686422","3","53972","5.55843770844141e-05","15","60340","0.000248591315876699","FALSE","FALSE","E258Y","2.2093855847317","0.0658731114009476","1"
"148","E","275","A","AG","CT","824","missense_variant","GAG","GCT","GCG","1","3.09076715751048","0.0710481001805742","11","54848","0.000200554259043174","71","41554","0.00170862010877413","2.94975561957363","0.0685044598045908","11","54848","0.000200554259043174","94","60664","0.00154951866016089","FALSE","FALSE","E275A","3.02026138854205","0.0697762799925825","1"
"149","E","275","C","GAG","TGC","823","missense_variant","GAG","TGC","TGC","3","-0.769473344799218","0.0524667472607181","9","54848","0.000164089848308051","4","41554","9.62602878182606e-05","-0.993398520021664","0.0495240002603286","9","54848","0.000164089848308051","5","60664","8.24212053277067e-05","FALSE","FALSE","E275C","-0.881435932410441","0.0509953737605233","1"
"150","E","275","D","G","T","825","missense_variant","GAG","GAT","GAT","1","1.25606174730792","0.0622167051650187","21","54848","0.000382876312718786","38","41554","0.000914472734273476","1.07699080786973","0.0594898650192822","21","54848","0.000382876312718786","49","60664","0.000807727812211526","FALSE","FALSE","E275D","1.16652627758883","0.0608532850921505","1"
"151","E","275","F","GAG","TTC","823","missense_variant","GAG","TTC","TTC","3","0.0219400333893646","0.0562762330367517","13","54848","0.000237018669778296","10","41554","0.000240650719545651","1.01213966351977","0.059177702603572","13","54848","0.000237018669778296","29","60664","0.000478042990900699","FALSE","FALSE","E275F","0.517039848454565","0.0577269678201619","1"
"152","E","275","G","A","G","824","missense_variant","GAG","GGG","GGG","1","-0.599548343356905","0.0532846850083319","2","54848","3.64644107351225e-05","1","41554","2.40650719545651e-05","-0.145401613466714","0.0536058520999266","2","54848","3.64644107351225e-05","2","60664","3.29684821310827e-05","FALSE","FALSE","E275G","-0.37247497841181","0.0534452685541293","0"
"153","E","275","G","AG","GT","824","missense_variant","GAG","GGT","GGG","1","-0.114121516186664","0.0556212977626459","30","54848","0.000546966161026838","21","41554","0.000505366511045868","-0.00789808971677921","0.0542677283485678","30","54848","0.000546966161026838","33","60664","0.000543979955162864","FALSE","FALSE","E275G","-0.0610098029517214","0.0549445130556068","1"
"154","E","275","H","GAG","CAC","823","missense_variant","GAG","CAC","CAC","2","1.84791063361432","0.0650655828515522","11","54848","0.000200554259043174","30","41554","0.000721952158636954","2.54491388740067","0.0665557451849471","11","54848","0.000200554259043174","71","60664","0.00117038111565344","FALSE","FALSE","E275H","2.19641226050749","0.0658106640182497","1"
"155","E","275","I","GAG","ATC","823","missense_variant","GAG","ATC","ATC","3","-3.18451084407806","0.0408419109164704","6","54848","0.000109393232205368","0.5","41554","1.20325359772826e-05","-1.73036411418787","0.045976600095287","6","54848","0.000109393232205368","2","60664","3.29684821310827e-05","FALSE","FALSE","E275I","-2.45743747913297","0.0434092555058787","1"
"156","E","275","K","G","A","823","missense_variant","GAG","AAG","AAG","1","1.79531127398431","0.0648123946721995","27","54848","0.000492269544924154","71","41554","0.00170862010877413","1.09971088436982","0.0595992286093387","27","54848","0.000492269544924154","64","60664","0.00105499142819465","FALSE","FALSE","E275K","1.44751107917706","0.0622058116407691","1"
"157","E","275","K","GAG","AAA","823","missense_variant","GAG","AAA","AAG","1","2.40045165664309","0.0677252512699974","1","54848","1.82322053675613e-05","4","41554","9.62602878182606e-05","2.17652648142065","0.0647825042696079","1","54848","1.82322053675613e-05","5","60664","8.24212053277067e-05","FALSE","FALSE","E275K","2.28848906903187","0.0662538777698027","0"
"158","E","275","L","GA","CT","823","missense_variant","GAG","CTG","CTG","2","1.07852356175573","0.061362121187538","10","54848","0.000182322053675613","16","41554","0.000385041151273042","1.11763279236708","0.0596854961093287","10","54848","0.000182322053675613","24","60664","0.000395621785572992","FALSE","FALSE","E275L","1.09807817706141","0.0605238086484334","1"
"159","E","275","N","GAG","AAC","823","missense_variant","GAG","AAC","AAC","2","1.34798423674896","0.0626591760982556","14","54848","0.000255250875145858","27","41554","0.000649756942773259","0.954134060084201","0.0588984913502523","14","54848","0.000255250875145858","30","60664","0.00049452723196624","FALSE","FALSE","E275N","1.15105914841658","0.060778833724254","1"
"160","E","275","Q","G","C","823","missense_variant","GAG","CAG","CAG","1","2.94888828133914","0.0703651630764132","20","54848","0.000364644107351225","117","41554","0.00281561341868412","2.881398445877","0.068175421039182","20","54848","0.000364644107351225","163","60664","0.00268693129368324","FALSE","FALSE","E275Q","2.91514336360807","0.0692702920577976","1"
"161","E","275","R","GAG","AGA","823","missense_variant","GAG","AGA","AGG","2","1.2078065787007","0.0619844278451053","12","54848","0.000218786464410735","21","41554","0.000505366511045868","1.26963588581213","0.0604171663569525","12","54848","0.000218786464410735","32","60664","0.000527495714097323","FALSE","FALSE","E275R","1.23872123225641","0.0612007971010289","1"
"162","E","275","S","GAG","AGC","823","missense_variant","GAG","AGC","TCG","2","-0.715025560776842","0.0527288328717101","13","54848","0.000237018669778296","6","41554","0.000144390431727391","0.0610492640007123","0.0545996079585424","13","54848","0.000237018669778296","15","60664","0.00024726361598312","FALSE","FALSE","E275S","-0.326988148388065","0.0536642204151263","1"
"163","E","275","T","GAG","ACC","823","missense_variant","GAG","ACC","ACG","2","1.58487622778052","0.063799460929372","11","54848","0.000200554259043174","25","41554","0.000601626798864129","0.980129268617145","0.0590236198606876","11","54848","0.000200554259043174","24","60664","0.000395621785572992","FALSE","FALSE","E275T","1.28250274819883","0.0614115403950298","1"
"164","E","275","V","A","T","824","missense_variant","GAG","GTG","GTG","1","1.30734225225161","0.0624635450082091","16","54848","0.00029171528588098","30","41554","0.000721952158636954","1.7614889821418","0.0627847120998039","16","54848","0.00029171528588098","60","60664","0.000989054463932481","FALSE","FALSE","E275V","1.53441561719671","0.0626241285540065","1"
"165","E","275","W","GA","TG","823","missense_variant","GAG","TGG","TGG","2","1.32645107519932","0.0625555257495287","10","54848","0.000182322053675613","19","41554","0.000457236367136738","0.854598386533286","0.0584193741871485","10","54848","0.000182322053675613","20","60664","0.000329684821310827","FALSE","FALSE","E275W","1.0905247308663","0.0604874499683386","1"
"166","E","275","Y","GAG","TAC","823","missense_variant","GAG","TAC","TAC","2","1.98541415736425","0.0657274591001934","19","54848","0.000346411901983664","57","41554","0.00137170910141021","1.38803058661436","0.0609870618642741","19","54848","0.000346411901983664","55","60664","0.000906633258604774","FALSE","FALSE","E275Y","1.68672237198931","0.0633572604822337","1"
"167","E","279","A","AG","CT","836","missense_variant","GAG","GCT","GCG","1","2.8086628394375","0.0696901848146292","5","105164","4.75447871895325e-05","27","81053","0.000333115368956115","2.87161915059263","0.0681283481853332","5","105164","4.75447871895325e-05","41","117825","0.000347973689794186","FALSE","FALSE","E279A","2.84014099501506","0.0689092664999812","1"
"168","E","279","C","GAG","TGC","835","missense_variant","GAG","TGC","TGC","3","2.32323601226726","0.0673535720603153","14","105164","0.000133125404130691","54","81053","0.00066623073791223","2.438031254942","0.0660412632728669","14","105164","0.000133125404130691","85","117825","0.000721408869085508","FALSE","FALSE","E279C","2.38063363360463","0.0666974176665911","1"
"169","E","279","D","G","C","837","missense_variant","GAG","GAC","GAT","1","-0.624296567838609","0.0531655588831697","1","105164","9.50895743790651e-06","0.5","81053","6.16880312881695e-06","-0.164004759138093","0.0535163054473456","1","105164","9.50895743790651e-06","1","117825","8.48716316571186e-06","FALSE","FALSE","E279D","-0.394150663488351","0.0533409321652577","0"
"170","E","279","D","G","T","837","missense_variant","GAG","GAT","GAT","1","2.07614315030248","0.066164185111653","20","105164","0.00019017914875813","65","81053","0.000801944406746203","1.60152998722488","0.0620147459447214","20","105164","0.00019017914875813","68","117825","0.000577127095268407","FALSE","FALSE","E279D","1.83883656876368","0.0640894655281872","1"
"171","E","279","F","GAG","TTC","835","missense_variant","GAG","TTC","TTC","3","2.01955962193612","0.0658918190480885","16","105164","0.000152143319006504","50","81053","0.000616880312881695","2.5084205828334","0.0663800838573768","16","105164","0.000152143319006504","102","117825","0.00086569064290261","FALSE","FALSE","E279F","2.26399010238476","0.0661359514527327","1"
"172","E","279","G","A","G","836","missense_variant","GAG","GGG","GGG","1","0.0537753372740295","0.056429472975154","5","105164","4.75447871895325e-05","4","81053","4.93504250305356e-05","0.973498764611842","0.0589917037832086","5","105164","4.75447871895325e-05","11","117825","9.33587948228305e-05","FALSE","FALSE","E279G","0.513637050942936","0.0577105883791813","0"
"173","E","279","G","AG","GT","836","missense_variant","GAG","GGT","GGG","1","1.37570343216139","0.0627926030576134","38","105164","0.000361340382640447","76","81053","0.000937658075580176","1.55385201208041","0.0617852469582895","38","105164","0.000361340382640447","125","117825","0.00106089539571398","FALSE","FALSE","E279G","1.4647777221209","0.0622889250079514","1"
"174","E","279","H","GAG","CAC","835","missense_variant","GAG","CAC","CAC","2","1.183058354219","0.0618653017199431","36","105164","0.000342322467764634","63","81053","0.000777269194230935","1.56088800272754","0.061819114854675","36","105164","0.000342322467764634","119","117825","0.00100997241671971","FALSE","FALSE","E279H","1.37197317847327","0.061842208287309","1"
"175","E","279","I","GAG","ATC","835","missense_variant","GAG","ATC","ATC","3","0.978367934616007","0.0608800198641414","27","105164","0.000256741850823476","41","81053","0.00050584185656299","0.888462660756043","0.0585823806190875","27","105164","0.000256741850823476","56","117825","0.000475281137279864","FALSE","FALSE","E279I","0.933415297686025","0.0597312002416144","1"
"176","E","279","K","G","A","835","missense_variant","GAG","AAG","AAG","1","0.940488050944918","0.0606976842074292","48","105164","0.000456429957019512","71","81053","0.000875970044292006","0.850945582327879","0.0584017913334255","48","105164","0.000456429957019512","97","117825","0.00082325482707405","FALSE","FALSE","E279K","0.895716816636398","0.0595497377704273","1"
"177","E","279","L","GA","CT","835","missense_variant","GAG","CTG","CTG","2","0.960665932882548","0.0607948108878093","2","105164","1.9017914875813e-05","3","81053","3.70128187729017e-05","-0.164004759138093","0.0535163054473456","2","105164","1.9017914875813e-05","2","117825","1.69743263314237e-05","FALSE","FALSE","E279L","0.398330586872227","0.0571555581675775","1"
"178","E","279","M","GA","AT","835","missense_variant","GAG","ATG","ATG","2","2.44609276005279","0.0679449457293452","10","105164","9.50895743790651e-05","42","81053","0.000518179462820624","2.34695716013929","0.0656028761059603","10","105164","9.50895743790651e-05","57","117825","0.000483768300445576","FALSE","FALSE","E279M","2.39652496009604","0.0667739109176527","1"
"179","E","279","N","GAG","AAC","835","missense_variant","GAG","AAC","AAC","2","1.48004009197613","0.0632948298741386","20","105164","0.00019017914875813","43","81053","0.000530517069078257","1.44480448353743","0.0612603442710909","20","105164","0.00019017914875813","61","117825","0.000517716953108424","FALSE","FALSE","E279N","1.46242228775678","0.0622775870726147","1"
"180","E","279","P","GAG","CCT","835","missense_variant","GAG","CCT","CCG","2","3.56834851010379","0.0733469485697274","7","105164","6.65627020653456e-05","64","81053","0.000789606800488569","3.35056841369167","0.070433781041919","7","105164","6.65627020653456e-05","80","117825","0.000678973053256949","FALSE","FALSE","E279P","3.45945846189773","0.0718903648058232","1"
"181","E","279","Q","G","C","835","missense_variant","GAG","CAG","CAG","1","1.85375072896604","0.0650936942795192","14","105164","0.000133125404130691","39","81053","0.000481166644047722","1.67249650857903","0.0623563448627129","14","105164","0.000133125404130691","50","117825","0.000424358158285593","FALSE","FALSE","E279Q","1.76312361877253","0.0637250195711161","1"
"182","E","279","R","GAG","AGA","835","missense_variant","GAG","AGA","AGG","2","1.89027660499115","0.0652695123905212","7","105164","6.65627020653456e-05","20","81053","0.000246752125152678","1.19856532024662","0.0600750666198516","7","105164","6.65627020653456e-05","18","117825","0.000152768936982814","FALSE","FALSE","E279R","1.54442096261888","0.0626722895051864","1"
"183","E","279","S","GAG","AGC","835","missense_variant","GAG","AGC","TCG","2","3.183058354219","0.0714923458943868","1","105164","9.50895743790651e-06","7","81053","8.63632438034373e-05","1.42095774158306","0.0611455574519853","1","105164","9.50895743790651e-06","3","117825","2.54614894971356e-05","FALSE","FALSE","E279S","2.30200804790103","0.066318951673186","1"
"184","E","279","T","GAG","ACC","835","missense_variant","GAG","ACC","ACG","2","1.90621814886017","0.0653462473640392","9","105164","8.55806169411586e-05","26","81053","0.000320777762698481","2.09233499412169","0.0643772466859383","9","105164","8.55806169411586e-05","43","117825","0.00036494801612561","FALSE","FALSE","E279T","1.99927657149093","0.0648617470249887","1"
"185","E","279","V","A","T","836","missense_variant","GAG","GTG","GTG","1","1.96066593288255","0.0656083329750312","22","105164","0.000209197063633943","66","81053","0.000814282013003837","2.20945363638935","0.0649409998573191","22","105164","0.000209197063633943","114","117825","0.000967536600891152","FALSE","FALSE","E279V","2.08505978463595","0.0652746664161751","1"
"186","E","279","W","GA","TG","835","missense_variant","GAG","TGG","TGG","2","-0.431651489896213","0.05409286022084","14","105164","0.000133125404130691","8","81053","9.87008500610711e-05","-0.270919963054605","0.0530016667518337","14","105164","0.000133125404130691","13","117825","0.000110333121154254","FALSE","FALSE","E279W","-0.351285726475409","0.0535472634863368","1"
"187","E","279","Y","GAG","TAC","835","missense_variant","GAG","TAC","TAC","2","1.33506144766405","0.0625969719675669","18","105164","0.000171161233882317","35","81053","0.000431816219017186","1.91399775286318","0.0635188164361662","18","105164","0.000171161233882317","76","117825","0.000645024400594101","FALSE","FALSE","E279Y","1.62452960026361","0.0630578942018666","1"
"188","E","281","A","AA","CT","842","missense_variant","GAA","GCT","GCA","1","1.95308412595578","0.0655718377799281","21","104112","0.000201705855232826","63","80665","0.000781007872063472","2.06068650334866","0.0642249059765751","21","104112","0.000201705855232826","99","117649","0.000841486115479095","FALSE","FALSE","E281A","2.00688531465221","0.0648983718782516","1"
"189","E","281","D","A","T","843","missense_variant","GAA","GAT","GAT","1","2.87713527272248","0.0700197783846123","13","104112","0.000124865529429845","74","80665","0.000917374325915825","2.95609760207146","0.0685349870774208","13","104112","0.000124865529429845","114","117649","0.000968984011763806","FALSE","FALSE","E281D","2.91661643739697","0.0692773827310166","1"
"190","E","281","F","GAA","TTC","841","missense_variant","GAA","TTC","TTC","3","0.368121625234619","0.0579425857752885","2","104112","1.92100814507453e-05","2","80665","2.47939007004277e-05","0.408609806768962","0.0562725983078042","2","104112","1.92100814507453e-05","3","117649","2.54995792569423e-05","FALSE","FALSE","E281F","0.38836571600179","0.0571075920415463","1"
"191","E","281","G","A","G","842","missense_variant","GAA","GGA","GGA","1","-2.21684087548654","0.045499811683427","3","104112","2.8815122176118e-05","0.5","80665","6.19847517510692e-06","-0.761315194673351","0.0506411384729686","3","104112","2.8815122176118e-05","2","117649","1.69997195046282e-05","FALSE","FALSE","E281G","-1.48907803507994","0.0480704750781978","0"
"192","E","281","G","AA","GT","842","missense_variant","GAA","GGT","GGA","1","3.8628863169842","0.0747647128086681","11","104112","0.000105655447979099","124","80665","0.00153722184342652","3.57366905303946","0.071507680897093","11","104112","0.000105655447979099","148","117649","0.00125797924334248","FALSE","FALSE","E281G","3.71827768501183","0.0731361968528805","1"
"193","E","281","H","GAA","CAC","841","missense_variant","GAA","CAC","CAC","2","2.01197781500934","0.0658553238529854","8","104112","7.68403258029814e-05","25","80665","0.000309923758755346","1.40860980676896","0.061086120395026","8","104112","7.68403258029814e-05","24","117649","0.000203996634055538","FALSE","FALSE","E281H","1.71029381088915","0.0634707221240057","1"
"194","E","281","K","G","A","841","missense_variant","GAA","AAA","AAA","1","-0.126643066514959","0.0555610250035744","155","104112","0.00148878131243276","110","80665","0.00136366453852352","-0.419054097688982","0.0522886198228996","155","104112","0.00148878131243276","131","117649","0.00111348162755315","FALSE","FALSE","E281K","-0.27284858210197","0.053924822413237","0"
"195","E","281","K","GAA","AAG","841","missense_variant","GAA","AAG","AAA","1","1.69004972012198","0.0643057158577479","16","104112","0.000153680651605963","40","80665","0.000495878014008554","2.2830789246851","0.0652953968087088","16","104112","0.000153680651605963","88","117649","0.00074798765820364","FALSE","FALSE","E281K","1.98656432240354","0.0648005563332283","1"
"196","E","281","N","GAA","AAC","841","missense_variant","GAA","AAC","AAC","2","1.71389646207635","0.0644205026768535","24","104112","0.000230520977408944","61","80665","0.000756213971363045","2.14557540093517","0.0646335205600676","24","104112","0.000230520977408944","120","117649","0.00101998317027769","FALSE","FALSE","E281N","1.92973593150576","0.0645270116184606","1"
"197","E","281","P","GAA","CCT","841","missense_variant","GAA","CCT","CCA","2","-1.63187837476538","0.0483155416008448","2","104112","1.92100814507453e-05","0.5","80665","6.19847517510692e-06","-2.17635269395219","0.0438298242159427","2","104112","1.92100814507453e-05","0.5","117649","4.24992987615704e-06","FALSE","FALSE","E281P","-1.90411553435879","0.0460726829083937","1"
"198","E","281","Q","G","C","841","missense_variant","GAA","CAA","CAA","1","-1.63187837476538","0.0483155416008448","2","104112","1.92100814507453e-05","0.5","80665","6.19847517510692e-06","-2.17635269395219","0.0438298242159427","2","104112","1.92100814507453e-05","0.5","117649","4.24992987615704e-06","FALSE","FALSE","E281Q","-1.90411553435879","0.0460726829083937","0"
"199","E","281","Q","GAA","CAG","841","missense_variant","GAA","CAG","CAA","1","4.06856134337571","0.0757547340909936","3","104112","2.8815122176118e-05","39","80665","0.00048348106365834","3.73053790165632","0.0722627725647073","3","104112","2.8815122176118e-05","45","117649","0.000382493688854134","FALSE","FALSE","E281Q","3.89954962251602","0.0740087533278504","1"
"200","E","281","R","GA","AG","841","missense_variant","GAA","AGA","AGA","2","0.0461935303472566","0.0563929777800509","5","104112","4.80252036268634e-05","4","80665","4.95878014008554e-05","2.25660671332391","0.0651679722346241","5","104112","4.80252036268634e-05","27","117649","0.00022949621331248","FALSE","FALSE","E281R","1.15140012183558","0.0607804750073375","1"
"201","E","281","V","AA","TG","842","missense_variant","GAA","GTG","GTA","1","1.08432865923403","0.0613900641524683","14","104112","0.000134470570155217","23","80665","0.000285129858054918","0.874273379117774","0.0585140801985198","14","104112","0.000134470570155217","29","117649","0.000246495932817108","FALSE","FALSE","E281V","0.979301019175901","0.059952072175494","1"
"202","E","281","Y","GAA","TAC","841","missense_variant","GAA","TAC","TAC","2","2.24259074315076","0.066965384276193","12","104112","0.000115260488704472","44","80665","0.000545465815409409","2.34720926210482","0.0656040896043396","12","104112","0.000115260488704472","69","117649","0.000586490322909672","FALSE","FALSE","E281Y","2.29490000262779","0.0662847369402663","1"
"203","E","282","A","AG","CT","845","missense_variant","GAG","GCT","GCG","1","-0.211088640600751","0.0551545443675443","47","100849","0.000466043292447124","31","76998","0.000402607859944414","0.149585551451812","0.0550257793337089","47","100849","0.000466043292447124","59","114129","0.000516958879864014","FALSE","FALSE","E282A","-0.0307515445744694","0.0550901618506266","1"
"204","E","282","C","GAG","TGC","844","missense_variant","GAG","TGC","TGC","3","1.52680742443995","0.0635199454619136","20","100849","0.000198316294658351","44","76998","0.000571443414114652","0.85715526349833","0.058431681770894","20","100849","0.000198316294658351","41","114129","0.000359242611430925","FALSE","FALSE","E282C","1.19198134396914","0.0609758136164038","1"
"205","E","282","D","G","T","846","missense_variant","GAG","GAT","GAT","1","1.76781552394374","0.0646800432720745","20","100849","0.000198316294658351","52","76998","0.000675342216680953","1.68942781776026","0.0624378440934224","20","100849","0.000198316294658351","73","114129","0.000639627088645305","FALSE","FALSE","E282D","1.728621670852","0.0635589436827484","1"
"206","E","282","F","GAG","TTC","844","missense_variant","GAG","TTC","TTC","3","-2.11319643983917","0.0459987064636332","17","100849","0.000168568850459598","3","76998","3.89620509623627e-05","-1.45857656542513","0.0472848554642883","17","100849","0.000168568850459598","7","114129","6.13341043906457e-05","FALSE","FALSE","E282F","-1.78588650263215","0.0466417809639608","1"
"207","E","282","G","A","G","845","missense_variant","GAG","GGG","GGG","1","0.389303900690011","0.0580445471260506","1","100849","9.91581473291753e-06","1","76998","1.29873503207876e-05","1.82153135376761","0.0630737273817938","1","100849","9.91581473291753e-06","4","114129","3.50480596517975e-05","FALSE","FALSE","E282G","1.10541762722881","0.0605591372539222","0"
"208","E","282","G","AG","GT","845","missense_variant","GAG","GGT","GGG","1","0.177799795496299","0.0570264674441626","22","100849","0.000218147924124186","19","76998","0.000246759656094964","-0.0529377641485329","0.0540509288808893","22","100849","0.000218147924124186","24","114129","0.000210288357910785","FALSE","FALSE","E282G","0.0624310156738832","0.0555386981625259","1"
"209","E","282","H","GAG","CAC","844","missense_variant","GAG","CAC","CAC","2","-2.7806211007523","0.0427860431167713","27","100849","0.000267726997788773","3","76998","3.89620509623627e-05","-4.93335614839586","0.0305589271934312","27","100849","0.000267726997788773","1","114129","8.76201491294938e-06","FALSE","FALSE","E282H","-3.85698862457408","0.0366724851551013","1"
"210","E","282","I","GAG","ATC","844","missense_variant","GAG","ATC","ATC","3","-6.51758669491851","0.0247980766900642","60","100849","0.000594948883975052","0.5","76998","6.49367516039378e-06","-6.08535924184091","0.0250137348585856","60","100849","0.000594948883975052","1","114129","8.76201491294938e-06","FALSE","FALSE","E282I","-6.30147296837971","0.0249059057743249","1"
"211","E","282","K","G","A","844","missense_variant","GAG","AAG","AAG","1","-4.61069609930999","0.0339769366899414","192","100849","0.00190383642872017","6","76998","7.79241019247253e-05","-5.44150305206619","0.0281129508490607","192","100849","0.00190383642872017","5","114129","4.38100745647469e-05","FALSE","FALSE","E282K","-5.02609957568809","0.0310449437695011","1"
"212","E","282","L","GA","CT","844","missense_variant","GAG","CTG","CTG","2","-5.36558360147346","0.0303432690249098","27","100849","0.000267726997788773","0.5","76998","6.49367516039378e-06","-4.93335614839586","0.0305589271934312","27","100849","0.000267726997788773","1","114129","8.76201491294938e-06","FALSE","FALSE","E282L","-5.14946987493466","0.0304510981091705","1"
"213","E","282","M","GA","AT","844","missense_variant","GAG","ATG","ATG","2","-2.93262419419735","0.0420543728691475","20","100849","0.000198316294658351","2","76998","2.59747006415751e-05","-1.33047173967744","0.0479014908725045","20","100849","0.000198316294658351","9","114129","7.88581342165444e-05","FALSE","FALSE","E282M","-2.1315479669374","0.044977931870826","1"
"214","E","282","N","GAG","AAC","844","missense_variant","GAG","AAC","AAC","2","0.804341399968855","0.0600423392958546","21","100849","0.000208232109391268","28","76998","0.000363645808982051","0.59913893243116","0.0571897144624383","21","100849","0.000208232109391268","36","114129","0.000315432536866178","FALSE","FALSE","E282N","0.701740166200008","0.0586160268791465","1"
"215","E","282","P","GAG","CCT","844","missense_variant","GAG","CCT","CCG","2","-0.288768004422626","0.0547806330340663","8","100849","7.93265178633402e-05","5","76998","6.49367516039378e-05","-0.593506145511236","0.0514488910375461","8","100849","7.93265178633402e-05","6","114129","5.25720894776963e-05","FALSE","FALSE","E282P","-0.441137074966931","0.0531147620358062","1"
"216","E","282","Q","G","C","844","missense_variant","GAG","CAG","CAG","1","1.76276229621746","0.0646557194488022","44","100849","0.000436295848248371","114","76998","0.00148055793656978","1.86989437532901","0.0633065238542844","44","100849","0.000436295848248371","182","114129","0.00159468671415679","FALSE","FALSE","E282Q","1.81632833577323","0.0639811216515433","1"
"217","E","282","R","GAG","AGA","844","missense_variant","GAG","AGA","AGG","2","-3.85862361275357","0.0375970542151725","19","100849","0.000188400479925433","1","76998","1.29873503207876e-05","-2.10446806478862","0.0441758424661534","19","100849","0.000188400479925433","5","114129","4.38100745647469e-05","FALSE","FALSE","E282R","-2.98154583877109","0.0408864483406629","1"
"218","E","282","S","GAG","AGC","844","missense_variant","GAG","AGC","TCG","2","-1.64632000904071","0.0482460264752849","41","100849","0.000406548404049619","10","76998","0.000129873503207876","-1.53602065085048","0.0469120766485687","41","100849","0.000406548404049619","16","114129","0.00014019223860719","FALSE","FALSE","E282S","-1.59117032994559","0.0475790515619268","1"
"219","E","282","T","GAG","ACC","844","missense_variant","GAG","ACC","ACG","2","-2.7806211007523","0.0427860431167713","27","100849","0.000267726997788773","3","76998","3.89620509623627e-05","-4.93335614839586","0.0305589271934312","27","100849","0.000267726997788773","1","114129","8.76201491294938e-06","FALSE","FALSE","E282T","-3.85698862457408","0.0366724851551013","1"
"220","E","282","V","A","T","845","missense_variant","GAG","GTG","GTG","1","-5.7806211007523","0.0283454768551058","36","100849","0.000356969330385031","0.5","76998","6.49367516039378e-06","-6.3483936476747","0.0237476129364053","36","100849","0.000356969330385031","0.5","114129","4.38100745647469e-06","FALSE","FALSE","E282V","-6.0645073742135","0.0260465448957556","1"
"221","E","282","W","GA","TG","844","missense_variant","GAG","TGG","TGG","2","-0.536695517866212","0.0535872284720756","38","100849","0.000376800959850866","20","76998","0.000259747006415751","-1.33893331842564","0.0478607608763073","38","100849","0.000376800959850866","17","114129","0.00014895425352014","FALSE","FALSE","E282W","-0.937814418145925","0.0507239946741915","1"
"222","E","282","Y","GAG","TAC","844","missense_variant","GAG","TAC","TAC","2","0.787853277180286","0.059962973352635","22","100849","0.000218147924124186","29","76998","0.000376633159302839","0.947062235851467","0.0588644509681111","22","100849","0.000218147924124186","48","114129","0.00042057671582157","FALSE","FALSE","E282Y","0.867457756515877","0.0594137121603731","1"
"223","E","286","A","AA","CT","857","missense_variant","GAA","GCT","GCA","1","-5.15609601324178","0.0313516421578618","23","54439","0.000422491228714708","0.5","42198","1.18489027916015e-05","-5.68834542096431","0.0269247696543074","23","54439","0.000422491228714708","0.5","61026","8.19322911545898e-06","FALSE","FALSE","E286A","-5.42222071710304","0.0291382059060846","1"
"224","E","286","C","GAA","TGC","856","missense_variant","GAA","TGC","TGC","3","-5.80245905862708","0.0282403593625357","36","54439","0.000661290618857804","0.5","42198","1.18489027916015e-05","-6.33470846634961","0.0238134868589813","36","54439","0.000661290618857804","0.5","61026","8.19322911545898e-06","FALSE","FALSE","E286C","-6.06858376248834","0.0260269231107585","1"
"225","E","286","D","A","T","858","missense_variant","GAA","GAT","GAT","1","-1.43988897924237","0.0492396867967072","21","54439","0.000385752861000386","6","42198","0.000142186833499218","-1.38717588624375","0.0476285442105705","21","54439","0.000385752861000386","9","61026","0.000147478124078262","FALSE","FALSE","E286D","-1.41353243274306","0.0484341155036389","1"
"226","E","286","F","GAA","TTC","856","missense_variant","GAA","TTC","TTC","3","-6.09196567582206","0.0268468128662708","44","54439","0.000808244089715094","0.5","42198","1.18489027916015e-05","-6.6242150835446","0.0224199403627163","44","54439","0.000808244089715094","0.5","61026","8.19322911545898e-06","FALSE","FALSE","E286F","-6.35809037968333","0.0246333766144936","1"
"227","E","286","G","A","G","857","missense_variant","GAA","GGA","GGA","1","-0.632534057184763","0.0531259075462587","1","54439","1.83691838571612e-05","0.5","42198","1.18489027916015e-05","-1.1647834649073","0.0486990350427043","1","54439","1.83691838571612e-05","0.5","61026","8.19322911545898e-06","FALSE","FALSE","E286G","-0.898658761046032","0.0509124712944815","0"
"228","E","286","G","AA","GT","857","missense_variant","GAA","GGT","GGA","1","-6.5151771065466","0.0248096752969134","59","54439","0.00108378184757251","0.5","42198","1.18489027916015e-05","-7.04742651426914","0.020382802793359","59","54439","0.00108378184757251","0.5","61026","8.19322911545898e-06","FALSE","FALSE","E286G","-6.78130181040787","0.0225962390451362","1"
"229","E","286","H","GAA","CAC","856","missense_variant","GAA","CAC","CAC","2","-4.43988897924237","0.0347991205350416","14","54439","0.000257168574000257","0.5","42198","1.18489027916015e-05","-4.97213838696491","0.0303722480314872","14","54439","0.000257168574000257","0.5","61026","8.19322911545898e-06","FALSE","FALSE","E286H","-4.70601368310364","0.0325856842832644","1"
"230","E","286","I","GAA","ATC","856","missense_variant","GAA","ATC","ATA","2","-5.09196567582206","0.0316603349534926","22","54439","0.000404122044857547","0.5","42198","1.18489027916015e-05","-5.6242150835446","0.0272334624499382","22","54439","0.000404122044857547","0.5","61026","8.19322911545898e-06","FALSE","FALSE","E286I","-5.35809037968333","0.0294468987017154","1"
"231","E","286","K","G","A","856","missense_variant","GAA","AAA","AAA","1","-4.33297377532586","0.0353137592305536","26","54439","0.000477598780286192","1","42198","2.3697805583203e-05","-2.86522318304839","0.0405139309014428","26","54439","0.000477598780286192","4","61026","6.55458329236719e-05","FALSE","FALSE","E286K","-3.59909847918712","0.0379138450659982","0"
"232","E","286","K","GAA","AAG","856","missense_variant","GAA","AAG","AAA","1","-4.33297377532586","0.0353137592305536","26","54439","0.000477598780286192","1","42198","2.3697805583203e-05","-5.86522318304839","0.0260733646397773","26","54439","0.000477598780286192","0.5","61026","8.19322911545898e-06","FALSE","FALSE","E286K","-5.09909847918712","0.0306935619351655","1"
"233","E","286","L","GAA","CTC","856","missense_variant","GAA","CTC","CTA","2","-1.63253405718476","0.0483123854590369","2","54439","3.67383677143225e-05","0.5","42198","1.18489027916015e-05","-2.1647834649073","0.0438855129554824","2","54439","3.67383677143225e-05","0.5","61026","8.19322911545898e-06","FALSE","FALSE","E286L","-1.89865876104603","0.0460989492072597","0"
"234","E","286","L","GAA","CTG","856","missense_variant","GAA","CTG","CTA","2","-1.59189207268742","0.0485080165490834","35","54439","0.000642921435000643","9","42198","0.000213280250248827","-0.972138386964905","0.0496263363803746","35","54439","0.000642921435000643","20","61026","0.000327729164618359","FALSE","FALSE","E286L","-1.28201522982616","0.049067176464729","1"
"235","E","286","M","GAA","ATG","856","missense_variant","GAA","ATG","ATG","3","-6.33297377532586","0.0256867150561099","52","54439","0.000955197560572384","0.5","42198","1.18489027916015e-05","-6.86522318304839","0.0212598425525555","52","54439","0.000955197560572384","0.5","61026","8.19322911545898e-06","FALSE","FALSE","E286M","-6.59909847918712","0.0234732788043327","1"
"236","E","286","N","GAA","AAC","856","missense_variant","GAA","AAC","AAC","2","-5.53942465279328","0.029506481284716","30","54439","0.000551075515714837","0.5","42198","1.18489027916015e-05","-6.07167406051582","0.0250796087811615","30","54439","0.000551075515714837","0.5","61026","8.19322911545898e-06","FALSE","FALSE","E286N","-5.80554935665455","0.0272930450329388","1"
"237","E","286","P","GAA","CCT","856","missense_variant","GAA","CCT","CCA","2","-5.53942465279328","0.029506481284716","30","54439","0.000551075515714837","0.5","42198","1.18489027916015e-05","-6.07167406051582","0.0250796087811615","30","54439","0.000551075515714837","0.5","61026","8.19322911545898e-06","FALSE","FALSE","E286P","-5.80554935665455","0.0272930450329388","1"
"238","E","286","Q","GAA","CAG","856","missense_variant","GAA","CAG","CAA","1","-5.58673036757164","0.0292787741817785","31","54439","0.000569444699571998","0.5","42198","1.18489027916015e-05","-6.11897977529418","0.0248519016782241","31","54439","0.000569444699571998","0.5","61026","8.19322911545898e-06","FALSE","FALSE","E286Q","-5.85285507143291","0.0270653379300013","1"
"239","E","286","R","GA","AG","856","missense_variant","GAA","AGA","AGA","2","-4.95446215207213","0.0323222112021338","40","54439","0.000734767354286449","1","42198","2.3697805583203e-05","-6.48671155979466","0.0230818166113575","40","54439","0.000734767354286449","0.5","61026","8.19322911545898e-06","FALSE","FALSE","E286R","-5.72058685593339","0.0277020139067456","1"
"240","E","286","S","GAA","AGC","856","missense_variant","GAA","AGC","TCA","2","-5.49051505231234","0.0297419087269082","29","54439","0.000532706331857676","0.5","42198","1.18489027916015e-05","-6.02276446003487","0.0253150362233538","29","54439","0.000532706331857676","0.5","61026","8.19322911545898e-06","FALSE","FALSE","E286S","-5.7566397561736","0.027528472475131","1"
"241","E","286","S","GAA","TCT","856","missense_variant","GAA","TCT","TCA","2","-2.63253405718476","0.043498863371815","4","54439","7.34767354286449e-05","0.5","42198","1.18489027916015e-05","-3.1647834649073","0.0390719908682606","4","54439","7.34767354286449e-05","0.5","61026","8.19322911545898e-06","FALSE","FALSE","E286S","-2.89865876104603","0.0412854271200378","0"
"242","E","286","T","GAA","ACC","856","missense_variant","GAA","ACC","ACA","2","-2.63253405718476","0.043498863371815","40","54439","0.000734767354286449","5","42198","0.000118489027916015","-2.90174905907351","0.0403381127904408","40","54439","0.000734767354286449","6","61026","9.83187493855078e-05","FALSE","FALSE","E286T","-2.76714155812914","0.0419184880811279","1"
"243","E","286","V","AA","TG","857","missense_variant","GAA","GTG","GTA","1","-6.1871229088624","0.0263887714232722","47","54439","0.000863351641286578","0.5","42198","1.18489027916015e-05","-6.71937231658494","0.0219618989197178","47","54439","0.000863351641286578","0.5","61026","8.19322911545898e-06","FALSE","FALSE","E286V","-6.45324761272367","0.024175335171495","1"
"244","E","286","W","GAA","TGG","856","missense_variant","GAA","TGG","TGG","3","-5.95446215207213","0.0275086891149119","40","54439","0.000734767354286449","0.5","42198","1.18489027916015e-05","-6.48671155979466","0.0230818166113575","40","54439","0.000734767354286449","0.5","61026","8.19322911545898e-06","FALSE","FALSE","E286W","-6.22058685593339","0.0252952528631347","1"
"245","E","286","Y","GAA","TAC","856","missense_variant","GAA","TAC","TAC","2","-5.63253405718476","0.0290582971101495","32","54439","0.000587813883429159","0.5","42198","1.18489027916015e-05","-6.1647834649073","0.0246314246065951","32","54439","0.000587813883429159","0.5","61026","8.19322911545898e-06","FALSE","FALSE","E286Y","-5.89865876104603","0.0268448608583723","1"
"246","E","292","A","AG","CT","875","missense_variant","GAG","GCT","GCG","1","1.84889901523906","0.0650703404483335","11","53349","0.000206189431854393","31","41737","0.000742746244339555","1.97566551537145","0.0638156555730693","11","53349","0.000206189431854393","49","60422","0.00081096289431002","FALSE","FALSE","E292A","1.91228226530525","0.0644429980107014","1"
"247","E","292","C","GAG","TGC","874","missense_variant","GAG","TGC","TGC","3","2.92398993182043","0.0702453143210695","16","53349","0.000299911900879117","95","41737","0.0022761578455567","2.77458360028041","0.0676612654206596","16","53349","0.000299911900879117","124","60422","0.00205223263049882","FALSE","FALSE","E292C","2.84928676605042","0.0689532898708646","1"
"248","E","292","D","G","T","876","missense_variant","GAG","GAT","GAT","1","0.228603441405623","0.0572710119158585","12","53349","0.000224933925659338","11","41737","0.000263555118959197","0.557352884059743","0.0569885763956647","12","53349","0.000224933925659338","20","60422","0.000331005262983681","FALSE","FALSE","E292D","0.392978162732683","0.0571297941557616","1"
"249","E","292","F","GAG","TTC","874","missense_variant","GAG","TTC","TTC","3","-0.230828177231675","0.0550595276719798","15","53349","0.000281167407074172","10","41737","0.000239595562690179","0.867693004671894","0.0584824054207824","15","53349","0.000281167407074172","31","60422","0.000513058157624706","FALSE","FALSE","E292F","0.31843241372011","0.0567709665463811","1"
"250","E","292","G","AG","GT","875","missense_variant","GAG","GGT","GGG","1","0.782977622293356","0.0599395042801471","26","53349","0.000487356838928565","35","41737","0.000838584469415626","0.977928566880017","0.0590130267342685","26","53349","0.000487356838928565","58","60422","0.000959915262652676","FALSE","FALSE","E292G","0.880453094586687","0.0594762655072078","1"
"251","E","292","H","GAG","CAC","874","missense_variant","GAG","CAC","CAC","2","1.72610310087644","0.0644792596023285","17","53349","0.000318656394684062","44","41737","0.00105422047583679","1.40534979061469","0.0610704282352628","17","53349","0.000318656394684062","51","60422","0.000844063420608388","FALSE","FALSE","E292H","1.56572644574557","0.0627748439187956","1"
"252","E","292","I","GAG","ATC","874","missense_variant","GAG","ATC","ATC","3","1.93909682421064","0.0655045095940373","6","53349","0.000112466962829669","18","41737","0.000431272012842322","2.27981890853083","0.0652797046489455","6","53349","0.000112466962829669","33","60422","0.000546158683923074","FALSE","FALSE","E292I","2.10945786637074","0.0653921071214914","1"
"253","E","292","K","G","A","874","missense_variant","GAG","AAG","AAG","1","1.01309740565441","0.0610471909400623","19","53349","0.000356145382293951","30","41737","0.000718786688070537","0.47935037205847","0.0566131095812878","19","53349","0.000356145382293951","30","60422","0.000496507894475522","FALSE","FALSE","E292K","0.746223888856443","0.058830150260675","1"
"254","E","292","L","GA","CT","874","missense_variant","GAG","CTG","CTG","2","1.69808872470684","0.0643444117838764","13","53349","0.000243678419464282","33","41737","0.000790665356877591","1.24923058869741","0.0603189450085945","13","53349","0.000243678419464282","35","60422","0.000579259210221443","FALSE","FALSE","E292L","1.47365965670213","0.0623316783962354","1"
"255","E","292","M","GA","AT","874","missense_variant","GAG","ATG","ATG","2","5.67606241837684","0.0834924760207444","1","53349","1.87444938049448e-05","40","41737","0.000958382250760716","4.99031229133585","0.0783267244143461","1","53349","1.87444938049448e-05","36","60422","0.000595809473370627","FALSE","FALSE","E292M","5.33318735485635","0.0809096002175452","1"
"256","E","292","N","GAG","AAC","874","missense_variant","GAG","AAC","AAC","2","2.46104952740599","0.0680169404593532","13","53349","0.000243678419464282","56","41737","0.001341735151065","2.44187566663981","0.0660597684334866","13","53349","0.000243678419464282","80","60422","0.00132402105193473","FALSE","FALSE","E292N","2.4514625970229","0.06703835444642","1"
"257","E","292","P","GAG","CCT","874","missense_variant","GAG","CCT","CCG","2","-4.96779377139788","0.0322580391580508","20","53349","0.000374889876098896","0.5","41737","1.19797781345089e-05","-5.50154080499382","0.0278239577992763","20","53349","0.000374889876098896","0.5","60422","8.27513157459204e-06","FALSE","FALSE","E292P","-5.23466728819585","0.0300409984786636","1"
"258","E","292","Q","G","C","874","missense_variant","GAG","CAG","CAG","1","2.20657713507562","0.0667920319782828","18","53349","0.000337400888489006","65","41737","0.00155737115748616","1.62774221195114","0.0621409190673965","18","53349","0.000337400888489006","63","60422","0.0010426665783986","FALSE","FALSE","E292Q","1.91715967351338","0.0644664755228397","1"
"259","E","292","R","GAG","AGA","874","missense_variant","GAG","AGA","AGG","2","1.31566017567485","0.0625035835163266","19","53349","0.000356145382293951","37","41737","0.000886503581953662","1.40534979061469","0.0610704282352628","19","53349","0.000356145382293951","57","60422","0.000943364999503492","FALSE","FALSE","E292R","1.36050498314477","0.0617870058757947","1"
"260","E","292","S","GAG","AGC","874","missense_variant","GAG","AGC","TCG","2","1.90667534651826","0.0653484480950646","15","53349","0.000281167407074172","44","41737","0.00105422047583679","1.77147768941259","0.0628327929628746","15","53349","0.000281167407074172","58","60422","0.000959915262652676","FALSE","FALSE","E292S","1.83907651796543","0.0640906205289696","1"
"261","E","292","T","GAG","ACC","874","missense_variant","GAG","ACC","ACG","2","1.35413432348948","0.0626887796766194","8","53349","0.000149955950439558","16","41737","0.000383352900304286","2.02984065552249","0.0640764288067647","8","53349","0.000149955950439558","37","60422","0.000612359736519811","FALSE","FALSE","E292T","1.69198748950598","0.0633826042416921","1"
"262","E","292","V","A","T","875","missense_variant","GAG","GTG","GTG","1","2.261024919098","0.0670541175892748","24","53349","0.000449867851318675","90","41737","0.00215636006421161","2.35436586189589","0.0656385380555033","24","53349","0.000449867851318675","139","60422","0.00230048657773659","FALSE","FALSE","E292V","2.30769539049694","0.0663463278223891","1"
"263","E","292","W","GA","TG","874","missense_variant","GAG","TGG","TGG","2","0.415534868153625","0.0581708104673059","23","53349","0.00043112335751373","24","41737","0.00057502935045643","0.0517128359999927","0.0545546668561452","23","53349","0.00043112335751373","27","60422","0.00044685710502797","FALSE","FALSE","E292W","0.233623852076809","0.0563627386617256","1"
"264","E","292","Y","GAG","TAC","874","missense_variant","GAG","TAC","TAC","2","2.98349094356909","0.0705317237553338","16","53349","0.000299911900879117","99","41737","0.00237199607063277","2.26333078574227","0.0652003387057259","16","53349","0.000299911900879117","87","60422","0.00143987289397901","FALSE","FALSE","E292Y","2.62341086465568","0.0678660312305298","1"
"265","E","308","C","GAG","TGC","922","missense_variant","GAG","TGC","TGC","3","-2.24226733348701","0.0453774208662419","6","52811","0.000113612694325046","1","41645","2.40124864929763e-05","-0.774103197143758","0.0505795831406258","6","52811","0.000113612694325046","4","60209","6.64352505439386e-05","FALSE","FALSE","E308C","-1.50818526531538","0.0479785020034339","1"
"266","E","308","D","G","C","924","missense_variant","GAG","GAC","GAT","1","-0.65730483276585","0.0530066728708815","1","52811","1.89354490541743e-05","0.5","41645","1.20062432464882e-05","-1.1891406964226","0.0485817909708218","1","52811","1.89354490541743e-05","0.5","60209","8.30440631799233e-06","FALSE","FALSE","E308D","-0.923222764594226","0.0507942319208517","0"
"267","E","308","D","G","T","924","missense_variant","GAG","GAT","GAT","1","1.44223084078506","0.0631128342084291","14","52811","0.00026509628675844","30","41645","0.00072037459478929","1.83639439568453","0.0631452709623443","14","52811","0.00026509628675844","57","60209","0.000946702320251125","FALSE","FALSE","E308D","1.6393126182348","0.0631290525853867","1"
"268","E","308","F","GAG","TTC","922","missense_variant","GAG","TTC","TTC","3","-4.90523234620944","0.0325591799600035","19","52811","0.000359773532029312","0.5","41645","1.20062432464882e-05","-5.43706820986619","0.0281342980599437","19","52811","0.000359773532029312","0.5","60209","8.30440631799233e-06","FALSE","FALSE","E308F","-5.17115027803781","0.0303467390099736","1"
"269","E","308","G","A","G","923","missense_variant","GAG","GGG","GGG","1","-0.65730483276585","0.0530066728708815","1","52811","1.89354490541743e-05","0.5","41645","1.20062432464882e-05","-1.1891406964226","0.0485817909708218","1","52811","1.89354490541743e-05","0.5","60209","8.30440631799233e-06","FALSE","FALSE","E308G","-0.923222764594226","0.0507942319208517","0"
"270","E","308","I","GAG","ATC","922","missense_variant","GAG","ATC","ATC","3","-2.97923292765321","0.0418300207012003","5","52811","9.46772452708716e-05","0.5","41645","1.20062432464882e-05","-3.51106879130996","0.0374051388011405","5","52811","9.46772452708716e-05","0.5","60209","8.30440631799233e-06","FALSE","FALSE","E308I","-3.24515085948159","0.0396175797511704","1"
"271","E","308","K","G","A","922","missense_variant","GAG","AAG","AAG","1","-4.35774455090694","0.0351945245551764","13","52811","0.000246160837704266","0.5","41645","1.20062432464882e-05","-3.88958041456369","0.0355831647423385","13","52811","0.000246160837704266","1","60209","1.66088126359847e-05","FALSE","FALSE","E308K","-4.12366248273532","0.0353888446487575","1"
"272","E","308","L","GA","CT","922","missense_variant","GAG","CTG","CTG","2","-5.61150114315272","0.0291595395064014","31","52811","0.000586998920679404","0.5","41645","1.20062432464882e-05","-6.14333700680948","0.0247346576063416","31","52811","0.000586998920679404","0.5","60209","8.30440631799233e-06","FALSE","FALSE","E308L","-5.8774190749811","0.0269470985563715","1"
"273","E","308","M","GA","AT","922","missense_variant","GAG","ATG","ATG","2","-3.82722983420816","0.0377481688616022","9","52811","0.000170419041487569","0.5","41645","1.20062432464882e-05","-3.35906569786491","0.0381368090487643","9","52811","0.000170419041487569","1","60209","1.66088126359847e-05","FALSE","FALSE","E308M","-3.59314776603654","0.0379424889551833","1"
"274","E","308","N","GAG","AAC","922","missense_variant","GAG","AAC","AAC","2","2.23577996331764","0.0669326004370351","7","52811","0.00013254814337922","26","41645","0.000624324648817385","1.91039497712831","0.0635014743955911","7","52811","0.00013254814337922","30","60209","0.00049826437907954","FALSE","FALSE","E308N","2.07308747022297","0.0652170374163131","1"
"275","E","308","P","GAG","CCT","922","missense_variant","GAG","CCT","CCG","2","-4.65730483276585","0.0337525845219942","16","52811","0.000302967184866789","0.5","41645","1.20062432464882e-05","-5.1891406964226","0.0293277026219344","16","52811","0.000302967184866789","0.5","60209","8.30440631799233e-06","FALSE","FALSE","E308P","-4.92322276459423","0.0315401435719643","1"
"276","E","308","Q","G","C","922","missense_variant","GAG","CAG","CAG","1","2.24958576284267","0.0669990549579806","8","52811","0.000151483592433395","30","41645","0.00072037459478929","1.618214225635","0.062095055894817","8","52811","0.000151483592433395","28","60209","0.00046504675380757","FALSE","FALSE","E308Q","1.93389999423884","0.0645470554263988","1"
"277","E","308","T","GAG","ACC","922","missense_variant","GAG","ACC","ACG","2","-1.77278205018579","0.0476372986470379","13","52811","0.000246160837704266","3","41645","7.2037459478929e-05","-1.08222549250609","0.0490964296663337","13","52811","0.000246160837704266","7","60209","0.000116261688451893","FALSE","FALSE","E308T","-1.42750377134594","0.0483668641566858","1"
"278","E","308","V","A","T","923","missense_variant","GAG","GTG","GTG","1","-1.46465975482345","0.04912045212133","21","52811","0.000397644430137661","6","41645","0.000144074918957858","-1.12202650056407","0.048904846634953","21","52811","0.000397644430137661","11","60209","0.000182696938995831","FALSE","FALSE","E308V","-1.29334312769376","0.0490126493781415","1"
"279","E","308","W","GA","TG","922","missense_variant","GAG","TGG","TGG","2","-4.65730483276585","0.0337525845219942","16","52811","0.000302967184866789","0.5","41645","1.20062432464882e-05","-5.1891406964226","0.0293277026219344","16","52811","0.000302967184866789","0.5","60209","8.30440631799233e-06","FALSE","FALSE","E308W","-4.92322276459423","0.0315401435719643","1"
"280","E","316","A","A","C","947","missense_variant","GAG","GCG","GCG","1","-2.67116287143137","0.0433129227212358","4","52119","7.67474433507934e-05","0.5","41496","1.20493541546173e-05","-3.2034656474057","0.0388857933284226","4","52119","7.67474433507934e-05","0.5","60013","8.33152816889674e-06","FALSE","FALSE","E316A","-2.93731425941853","0.0410993580248292","0"
"281","E","316","A","AG","CT","947","missense_variant","GAG","GCT","GCG","1","-0.671162871431372","0.0529399668956795","1","52119","1.91868608376983e-05","0.5","41496","1.20493541546173e-05","-1.2034656474057","0.0485128375028663","1","52119","1.91868608376983e-05","0.5","60013","8.33152816889674e-06","FALSE","FALSE","E316A","-0.937314259418534","0.0507264021992729","1"
"282","E","316","C","GAG","TGC","946","missense_variant","GAG","TGC","TGC","3","-4.88061623706032","0.0326776701450942","37","52119","0.000709913850994839","1","41496","2.40987083092346e-05","-2.41291901303465","0.0426911070139466","37","52119","0.000709913850994839","8","60013","0.000133304450702348","FALSE","FALSE","E316C","-3.64676762504748","0.0376843885795204","1"
"283","E","316","D","G","T","948","missense_variant","GAG","GAT","GAT","1","-4.67116287143137","0.0336858785467921","16","52119","0.000306989773403174","0.5","41496","1.20493541546173e-05","-5.2034656474057","0.0292587491539789","16","52119","0.000306989773403174","0.5","60013","8.33152816889674e-06","FALSE","FALSE","E316D","-4.93731425941853","0.0314723138503855","1"
"284","E","316","F","GAG","TTC","946","missense_variant","GAG","TTC","TTC","3","-6.22575172310901","0.026202830772693","47","52119","0.000901782459371822","0.5","41496","1.20493541546173e-05","-6.75805449908333","0.0217757013798798","47","52119","0.000901782459371822","0.5","60013","8.33152816889674e-06","FALSE","FALSE","E316F","-6.49190311109617","0.0239892660762864","1"
"285","E","316","G","A","G","947","missense_variant","GAG","GGG","GGG","1","-2.99309096631873","0.0417633147259982","5","52119","9.59343041884917e-05","0.5","41496","1.20493541546173e-05","-3.52539374229306","0.037336185333185","5","52119","9.59343041884917e-05","0.5","60013","8.33152816889674e-06","FALSE","FALSE","E316G","-3.2592423543059","0.0395497500295916","0"
"286","E","316","G","AG","GT","947","missense_variant","GAG","GGT","GGG","1","-6.25612537215253","0.0260566265421525","48","52119","0.000920969320209521","0.5","41496","1.20493541546173e-05","-6.78842814812685","0.0216294971493393","48","52119","0.000920969320209521","0.5","60013","8.33152816889674e-06","FALSE","FALSE","E316G","-6.52227676013969","0.0238430618457459","1"
"287","E","316","H","GAG","CAC","946","missense_variant","GAG","CAC","CAC","2","-4.75862571268171","0.0332648742286224","17","52119","0.000326176634240872","0.5","41496","1.20493541546173e-05","-5.29092848865604","0.0288377448358092","17","52119","0.000326176634240872","0.5","60013","8.33152816889674e-06","FALSE","FALSE","E316H","-5.02477710066887","0.0310513095322158","1"
"288","E","316","I","GAG","ATC","946","missense_variant","GAG","ATC","ATC","3","-6.34358821340287","0.0256356222239828","51","52119","0.000978529902722616","0.5","41496","1.20493541546173e-05","-6.87589098937719","0.0212084928311696","51","52119","0.000978529902722616","0.5","60013","8.33152816889674e-06","FALSE","FALSE","E316I","-6.60973960139003","0.0234220575275762","1"
"289","E","316","K","G","A","946","missense_variant","GAG","AAG","AAG","1","-2.14921016823602","0.0458253535865518","39","52119","0.000748287572670235","7","41496","0.000168690958164642","-2.16693977138058","0.0438751335266465","39","52119","0.000748287572670235","10","60013","0.000166630563377935","FALSE","FALSE","E316K","-2.1580749698083","0.0448502435565991","1"
"290","E","316","L","GA","CT","946","missense_variant","GAG","CTG","CTG","2","-5.88061623706032","0.0278641480578724","37","52119","0.000709913850994839","0.5","41496","1.20493541546173e-05","-6.41291901303465","0.0234370186650592","37","52119","0.000709913850994839","0.5","60013","8.33152816889674e-06","FALSE","FALSE","E316L","-6.14676762504748","0.0256505833614658","1"
"291","E","316","M","GA","AT","946","missense_variant","GAG","ATG","ATG","2","-6.84108787287368","0.0232408966247346","72","52119","0.00138145398031428","0.5","41496","1.20493541546173e-05","-7.37339064884801","0.0188137672319215","72","52119","0.00138145398031428","0.5","60013","8.33152816889674e-06","FALSE","FALSE","E316M","-7.10723926086085","0.0210273319283281","1"
"292","E","316","N","GAG","AAC","946","missense_variant","GAG","AAC","AAC","2","-5.13059449006867","0.0314743943029134","22","52119","0.000422110938429364","0.5","41496","1.20493541546173e-05","-5.66289726604299","0.0270472649101002","22","52119","0.000422110938429364","0.5","60013","8.33152816889674e-06","FALSE","FALSE","E316N","-5.39674587805583","0.0292608296065068","1"
"293","E","316","P","GAG","CCT","946","missense_variant","GAG","CCT","CCG","2","-4.91909038487496","0.0324924739848014","19","52119","0.000364550355916269","0.5","41496","1.20493541546173e-05","-1.64403823879168","0.0463921316032053","19","52119","0.000364550355916269","7","60013","0.000116641394364554","FALSE","FALSE","E316P","-3.28156431183332","0.0394423027940034","1"
"294","E","316","Q","G","C","946","missense_variant","GAG","CAG","CAG","1","-1.3385875323445","0.0497273035488176","54","52119","0.00103609048523571","17","41496","0.000409678041256989","-1.95835314956917","0.0448791698378347","54","52119","0.00103609048523571","16","60013","0.000266608901404696","FALSE","FALSE","E316Q","-1.64847034095683","0.0473032366933261","1"
"295","E","316","R","GAG","AGA","946","missense_variant","GAG","AGA","AGG","2","-5.84108787287368","0.0280544187119565","36","52119","0.00069072699015714","0.5","41496","1.20493541546173e-05","-6.37339064884801","0.0236272893191433","36","52119","0.00069072699015714","0.5","60013","8.33152816889674e-06","FALSE","FALSE","E316R","-6.10723926086085","0.0258408540155499","1"
"296","E","316","S","GAG","AGC","946","missense_variant","GAG","AGC","TCG","2","-4.57805346703989","0.0341340627213586","15","52119","0.000287802912565475","0.5","41496","1.20493541546173e-05","-5.11035624301422","0.0297069333285454","15","52119","0.000287802912565475","0.5","60013","8.33152816889674e-06","FALSE","FALSE","E316S","-4.84420485502705","0.031920498024952","1"
"297","E","316","T","GAG","ACC","946","missense_variant","GAG","ACC","ACG","2","-5.95656509029362","0.0274985665753347","39","52119","0.000748287572670235","0.5","41496","1.20493541546173e-05","-6.48886786626795","0.0230714371825215","39","52119","0.000748287572670235","0.5","60013","8.33152816889674e-06","FALSE","FALSE","E316T","-6.22271647828078","0.0252850018789281","1"
"298","E","316","V","A","T","947","missense_variant","GAG","GTG","GTG","1","-2.25612537215253","0.0453107148910398","3","52119","5.7560582513095e-05","0.5","41496","1.20493541546173e-05","-2.78842814812685","0.0408835854982267","3","52119","5.7560582513095e-05","0.5","60013","8.33152816889674e-06","FALSE","FALSE","E316V","-2.52227676013969","0.0430971501946332","1"
"299","E","316","W","GA","TG","946","missense_variant","GAG","TGG","TGG","2","-2.37160258957246","0.044754862754418","52","52119","0.000997716763560314","8","41496","0.000192789666473877","-2.90390536554679","0.0403277333616049","52","52119","0.000997716763560314","8","60013","0.000133304450702348","FALSE","FALSE","E316W","-2.63775397755963","0.0425412980580115","1"
"300","E","316","Y","GAG","TAC","946","missense_variant","GAG","TAC","TAC","2","-4.84108787287368","0.0328679407991783","18","52119","0.00034536349507857","0.5","41496","1.20493541546173e-05","-5.37339064884801","0.0284408114063652","18","52119","0.00034536349507857","0.5","60013","8.33152816889674e-06","FALSE","FALSE","E316Y","-5.10723926086085","0.0306543761027717","1"
"301","F","283","A","TTC","GCT","847","missense_variant","TTC","GCT","GCC","2","-4.91067961710525","0.0325329594012314","20","97219","0.000205721103899444","0.5","73106","6.83938390829754e-06","-5.50453455527561","0.0278095473161713","20","97219","0.000205721103899444","0.5","110337","4.53157145835033e-06","FALSE","FALSE","F283A","-5.20760708619043","0.0301712533587014","1"
"302","F","283","C","T","G","848","missense_variant","TTC","TGC","TGC","1","-4.91067961710525","0.0325329594012314","20","97219","0.000205721103899444","0.5","73106","6.83938390829754e-06","-5.50453455527561","0.0278095473161713","20","97219","0.000205721103899444","0.5","110337","4.53157145835033e-06","FALSE","FALSE","F283C","-5.20760708619043","0.0301712533587014","1"
"303","F","283","C","TC","GT","848","missense_variant","TTC","TGT","TGC","1","-2.17371402293904","0.0457074037407167","3","97219","3.08581655849165e-05","0.5","73106","6.83938390829754e-06","-2.7675689611094","0.0409839916556566","3","97219","3.08581655849165e-05","0.5","110337","4.53157145835033e-06","FALSE","FALSE","F283C","-2.47064149202422","0.0433456976981867","0"
"304","F","283","D","TTC","GAT","847","missense_variant","TTC","GAT","GAC","2","-5.34363902438135","0.0304488997314374","27","97219","0.000277723490264249","0.5","73106","6.83938390829754e-06","-5.93749396255172","0.0257254876463773","27","97219","0.000277723490264249","0.5","110337","4.53157145835033e-06","FALSE","FALSE","F283D","-5.64056649346653","0.0280871936889074","1"
"305","F","283","E","TTC","GAG","847","missense_variant","TTC","GAG","GAG","3","-3.17371402293904","0.0408938816534949","24","97219","0.000246865324679332","2","73106","2.73575356331902e-05","-5.7675689611094","0.0265434253939911","24","97219","0.000246865324679332","0.5","110337","4.53157145835033e-06","FALSE","FALSE","F283E","-4.47064149202422","0.033718653523743","1"
"306","F","283","G","TTC","GGT","847","missense_variant","TTC","GGT","GGC","2","-6.08060461854756","0.0269014995663958","45","97219","0.000462872483773748","0.5","73106","6.83938390829754e-06","-6.67445955671792","0.0221780874813357","45","97219","0.000462872483773748","0.5","110337","4.53157145835033e-06","FALSE","FALSE","F283G","-6.37753208763274","0.0245397935238658","1"
"307","F","283","H","TT","CA","847","missense_variant","TTC","CAC","CAC","2","-5.58875152221789","0.0292690453092471","32","97219","0.00032915376623911","0.5","73106","6.83938390829754e-06","-6.18260646038825","0.0245456332241871","32","97219","0.00032915376623911","0.5","110337","4.53157145835033e-06","FALSE","FALSE","F283H","-5.88567899130307","0.0269073392667171","1"
"308","F","283","I","T","A","847","missense_variant","TTC","ATC","ATC","1","1.23067623214029","0.0620945114270639","17","97219","0.000174862938314527","30","73106","0.000410363034497852","1.58791169348899","0.0619491939870334","17","97219","0.000174862938314527","58","110337","0.000525662289168638","FALSE","FALSE","F283I","1.40929396281464","0.0620218527070487","1"
"309","F","283","K","TTC","AAG","847","missense_variant","TTC","AAG","AAG","3","-6.08060461854756","0.0269014995663958","45","97219","0.000462872483773748","0.5","73106","6.83938390829754e-06","-6.67445955671792","0.0221780874813357","45","97219","0.000462872483773748","0.5","110337","4.53157145835033e-06","FALSE","FALSE","F283K","-6.37753208763274","0.0245397935238658","1"
"310","F","283","L","C","A","849","missense_variant","TTC","TTA","CTC","1","-0.588751522217885","0.0533366557453563","2","97219","2.05721103899444e-05","1","73106","1.36787678165951e-05","-2.18260646038825","0.0437997215730744","2","97219","2.05721103899444e-05","0.5","110337","4.53157145835033e-06","FALSE","FALSE","F283L","-1.38567899130307","0.0485681886592154","0"
"311","F","283","L","C","G","849","missense_variant","TTC","TTG","CTC","1","-0.588751522217885","0.0533366557453563","1","97219","1.02860551949722e-05","0.5","73106","6.83938390829754e-06","-1.18260646038825","0.0486132436602963","1","97219","1.02860551949722e-05","0.5","110337","4.53157145835033e-06","FALSE","FALSE","F283L","-0.885678991303066","0.0509749497028263","0"
"312","F","283","L","T","C","847","missense_variant","TTC","CTC","CTC","1","-1.58875152221788","0.0485231336581345","2","97219","2.05721103899444e-05","0.5","73106","6.83938390829754e-06","-1.18260646038825","0.0486132436602963","2","97219","2.05721103899444e-05","1","110337","9.06314291670065e-06","FALSE","FALSE","F283L","-1.38567899130307","0.0485681886592154","0"
"313","F","283","L","TTC","CTG","847","missense_variant","TTC","CTG","CTC","1","0.581173479224428","0.058968115580192","16","97219","0.000164576883119555","18","73106","0.000246217820698711","1.24365829431385","0.0602921226465027","16","97219","0.000164576883119555","43","110337","0.000389715145418128","FALSE","FALSE","F283L","0.912415886769139","0.0596301191133473","1"
"314","F","283","M","TTC","ATG","847","missense_variant","TTC","ATG","ATG","2","-1.39610644427549","0.0494504349958048","28","97219","0.000288009545459221","8","73106","0.000109430142532761","0.436303372256247","0.0564059018969512","28","97219","0.000288009545459221","43","110337","0.000389715145418128","FALSE","FALSE","F283M","-0.479901536009621","0.052928168446378","1"
"315","F","283","N","TT","AA","847","missense_variant","TTC","AAC","AAC","2","-3.39610644427549","0.0398233908213611","7","97219","7.20023863648052e-05","0.5","73106","6.83938390829754e-06","-3.98996138244585","0.0350999787363011","7","97219","7.20023863648052e-05","0.5","110337","4.53157145835033e-06","FALSE","FALSE","F283N","-3.69303391336067","0.0374616847788311","1"
"316","F","283","P","TTC","CCT","847","missense_variant","TTC","CCT","CCC","2","-4.28919124035898","0.0355245074296512","13","97219","0.000133718717534638","0.5","73106","6.83938390829754e-06","-4.88304617852934","0.0308010953445912","13","97219","0.000133718717534638","0.5","110337","4.53157145835033e-06","FALSE","FALSE","F283P","-4.58611870944416","0.0331628013871212","1"
"317","F","283","Q","TTC","CAG","847","missense_variant","TTC","CAG","CAG","3","-5.28919124035898","0.0307109853424294","26","97219","0.000267437435069277","0.5","73106","6.83938390829754e-06","-5.88304617852934","0.0259875732573693","26","97219","0.000267437435069277","0.5","110337","4.53157145835033e-06","FALSE","FALSE","F283Q","-5.58611870944416","0.0283492792998994","1"
"318","F","283","R","TTC","AGA","847","missense_variant","TTC","AGA","CGC","2","-5.83667903566147","0.0280756407472565","38","97219","0.000390870097408943","0.5","73106","6.83938390829754e-06","-6.43053397383183","0.0233522286621964","38","97219","0.000390870097408943","0.5","110337","4.53157145835033e-06","FALSE","FALSE","F283R","-6.13360650474665","0.0257139347047264","1"
"319","F","283","S","T","C","848","missense_variant","TTC","TCC","TCC","1","-1.70422873963782","0.0479672815215127","13","97219","0.000133718717534638","3","73106","4.10363034497852e-05","-1.07569125647174","0.0491278823558082","13","97219","0.000133718717534638","7","110337","6.34420004169046e-05","FALSE","FALSE","F283S","-1.38995999805478","0.0485475819386605","0"
"320","F","283","S","TT","AG","847","missense_variant","TTC","AGC","TCC","1","-4.4956421178264","0.0345307515710354","15","97219","0.000154290827924583","0.5","73106","6.83938390829754e-06","-2.08949705599677","0.0442479057476409","15","97219","0.000154290827924583","4","110337","3.62525716668026e-05","FALSE","FALSE","F283S","-3.29256958691158","0.0393893286593382","1"
"321","F","283","T","TT","AC","847","missense_variant","TTC","ACC","ACC","2","-5.83667903566147","0.0280756407472565","38","97219","0.000390870097408943","0.5","73106","6.83938390829754e-06","-6.43053397383183","0.0233522286621964","38","97219","0.000390870097408943","0.5","110337","4.53157145835033e-06","FALSE","FALSE","F283T","-6.13360650474665","0.0257139347047264","1"
"322","F","283","V","T","G","847","missense_variant","TTC","GTC","GTC","1","-0.588751522217885","0.0533366557453563","1","97219","1.02860551949722e-05","0.5","73106","6.83938390829754e-06","-1.18260646038825","0.0486132436602963","1","97219","1.02860551949722e-05","0.5","110337","4.53157145835033e-06","FALSE","FALSE","F283V","-0.885678991303066","0.0509749497028263","0"
"323","F","283","V","TTC","GTG","847","missense_variant","TTC","GTG","GTC","1","-1.52735097755374","0.0488186865360428","46","97219","0.00047315853896872","12","73106","0.000164145213799141","-0.799277820836742","0.0504584045334422","46","97219","0.00047315853896872","30","110337","0.00027189428750102","FALSE","FALSE","F283V","-1.16331439919524","0.0496385455347425","1"
"324","F","283","V","TTC","GTT","847","missense_variant","TTC","GTT","GTC","1","-2.17371402293904","0.0457074037407167","3","97219","3.08581655849165e-05","0.5","73106","6.83938390829754e-06","-2.7675689611094","0.0409839916556566","3","97219","3.08581655849165e-05","0.5","110337","4.53157145835033e-06","FALSE","FALSE","F283V","-2.47064149202422","0.0433456976981867","0"
"325","F","283","W","TC","GG","848","missense_variant","TTC","TGG","TGG","2","-6.23260771199261","0.026169829318772","50","97219","0.000514302759748609","0.5","73106","6.83938390829754e-06","-6.82646265016297","0.0214464172337119","50","97219","0.000514302759748609","0.5","110337","4.53157145835033e-06","FALSE","FALSE","F283W","-6.52953518107779","0.023808123276242","1"
"326","F","283","Y","T","A","848","missense_variant","TTC","TAC","TAC","1","-5.58875152221789","0.0292690453092471","32","97219","0.00032915376623911","0.5","73106","6.83938390829754e-06","-4.18260646038825","0.0341726773986308","32","97219","0.00032915376623911","2","110337","1.81262858334013e-05","FALSE","FALSE","F283Y","-4.88567899130307","0.0317208613539389","1"
"327","F","311","A","TTC","GCT","931","missense_variant","TTC","GCT","GCC","2","-2.8301259407635","0.042547750475953","9","52657","0.00017091744687316","1","41607","2.40344172855529e-05","-3.36217617976082","0.0381218366754565","9","52657","0.00017091744687316","1","60163","1.66215115602613e-05","FALSE","FALSE","F311A","-3.09615106026216","0.0403347935757048","1"
"328","F","311","C","T","G","932","missense_variant","TTC","TGC","TGC","1","-3.46755586137879","0.0394794674740152","7","52657","0.000132935792012458","0.5","41607","1.20172086427765e-05","-3.99960610037611","0.0350535536735187","7","52657","0.000132935792012458","0.5","60163","8.31075578013064e-06","FALSE","FALSE","F311C","-3.73358098087745","0.037266510573767","1"
"329","F","311","D","TTC","GAT","931","missense_variant","TTC","GAT","GAC","2","-5.36064065746228","0.0303670619950835","26","52657","0.00049376151318913","0.5","41607","1.20172086427765e-05","-5.8926908964596","0.025941148194587","26","52657","0.00049376151318913","0.5","60163","8.31075578013064e-06","FALSE","FALSE","F311D","-5.62666577696094","0.0281541050948352","1"
"330","F","311","E","TTC","GAG","931","missense_variant","TTC","GAG","GAG","3","-6.30405712909591","0.0258259059714261","50","52657","0.000949541371517557","0.5","41607","1.20172086427765e-05","-5.83610736809323","0.0262135142581515","50","52657","0.000949541371517557","1","60163","1.66215115602613e-05","FALSE","FALSE","F311E","-6.07008224859457","0.0260197101147888","1"
"331","F","311","H","TT","CA","931","missense_variant","TTC","CAC","CAC","2","2.10533380704179","0.0663046949826081","10","52657","0.000189908274303511","34","41607","0.000817170187708799","1.97767382312381","0.0638253226067933","10","52657","0.000189908274303511","45","60163","0.000747968020211758","FALSE","FALSE","F311H","2.0415038150828","0.0650650087947007","1"
"332","F","311","I","T","A","931","missense_variant","TTC","ATC","ATC","1","1.18225778369233","0.0618614481560306","58","52657","0.00110146799096037","104","41607","0.0024995793976975","1.25354857473102","0.0603397297297396","58","52657","0.00110146799096037","158","60163","0.00262619882652128","FALSE","FALSE","F311I","1.21790317921168","0.0611005889428851","1"
"333","F","311","K","TTC","AAG","931","missense_variant","TTC","AAG","AAG","3","-6.05251836209995","0.0270366933821537","42","52657","0.000797614752074748","0.5","41607","1.20172086427765e-05","-6.58456860109727","0.0226107795816572","42","52657","0.000797614752074748","0.5","60163","8.31075578013064e-06","FALSE","FALSE","F311K","-6.31854348159861","0.0248237364819055","1"
"334","F","311","L","C","A","933","missense_variant","TTC","TTA","CTC","1","-2.56709153492971","0.0438138723981332","15","52657","0.000284862411455267","2","41607","4.80688345711058e-05","-2.09914177392702","0.0442014806848586","15","52657","0.000284862411455267","4","60163","6.64860462410452e-05","FALSE","FALSE","F311L","-2.33311665442837","0.0440076765414959","0"
"335","F","311","L","C","G","933","missense_variant","TTC","TTG","CTC","1","-0.66020093932119","0.0529927323980105","1","52657","1.89908274303511e-05","0.5","41607","1.20172086427765e-05","-0.192251178318506","0.0533803406847358","1","52657","1.89908274303511e-05","1","60163","1.66215115602613e-05","FALSE","FALSE","F311L","-0.426226058819848","0.0531865365413731","0"
"336","F","311","L","TTC","CTG","931","missense_variant","TTC","CTG","CTC","1","-0.425735685684167","0.0541213360750783","17","52657","0.000322844066315969","10","41607","0.000240344172855529","-0.0317865061252603","0.0541527409285568","17","52657","0.000322844066315969","19","60163","0.000315808719644964","FALSE","FALSE","F311L","-0.228761095904714","0.0541370385018176","1"
"337","F","311","M","TTC","ATG","931","missense_variant","TTC","ATG","ATG","2","2.33979906067881","0.067433298659676","1","52657","1.89908274303511e-05","4","41607","9.61376691422116e-05","3.39271132240265","0.0706366368638191","1","52657","1.89908274303511e-05","12","60163","0.000199458138723135","FALSE","FALSE","F311M","2.86625519154073","0.0690349677617476","1"
"338","F","311","N","TT","AA","931","missense_variant","TTC","AAC","AAC","2","-3.98212903420855","0.0370025581411074","10","52657","0.000189908274303511","0.5","41607","1.20172086427765e-05","-4.51417927320587","0.0325766443406109","10","52657","0.000189908274303511","0.5","60163","8.31075578013064e-06","FALSE","FALSE","F311N","-4.24815415370721","0.0347896012408591","1"
"339","F","311","P","TTC","CCT","931","missense_variant","TTC","CCT","CCC","2","0.580807160182605","0.0589663522953932","11","52657","0.000208899101733863","13","41607","0.000312447424712188","-0.329754702068441","0.0527184644360947","11","52657","0.000208899101733863","10","60163","0.000166215115602613","FALSE","FALSE","F311P","0.125526229057082","0.0558424083657439","1"
"340","F","311","Q","TTC","CAG","931","missense_variant","TTC","CAG","CAG","3","0.880367442041512","0.0604082923285754","11","52657","0.000208899101733863","16","41607","0.000384550676568847","1.10320470520767","0.0596160461931105","11","52657","0.000208899101733863","27","60163","0.000448780812127055","FALSE","FALSE","F311Q","0.991786073624589","0.060012169260843","1"
"341","F","311","R","TTC","AGA","931","missense_variant","TTC","AGA","CGC","2","-6.1837628953782","0.0264049449223917","46","52657","0.000873578061796152","0.5","41607","1.20172086427765e-05","-6.71581313437552","0.0219790311218952","46","52657","0.000873578061796152","0.5","60163","8.31075578013064e-06","FALSE","FALSE","F311R","-6.44978801487686","0.0241919880221435","1"
"342","F","311","S","T","C","932","missense_variant","TTC","TCC","TCC","1","-2.66020093932119","0.0433656882235668","4","52657","7.59633097214046e-05","0.5","41607","1.20172086427765e-05","-2.19225117831851","0.0437532965102921","4","52657","7.59633097214046e-05","1","60163","1.66215115602613e-05","FALSE","FALSE","F311S","-2.42622605881985","0.0435594923669295","0"
"343","F","311","S","TT","AG","931","missense_variant","TTC","AGC","TCC","1","-4.46755586137879","0.0346659453867934","14","52657","0.000265871584024916","0.5","41607","1.20172086427765e-05","-3.99960610037611","0.0350535536735187","14","52657","0.000265871584024916","1","60163","1.66215115602613e-05","FALSE","FALSE","F311S","-4.23358098087745","0.0348597495301561","1"
"344","F","311","T","TT","AC","931","missense_variant","TTC","ACC","ACC","2","-5.8301259407635","0.0281071842142875","36","52657","0.000683669787492641","0.5","41607","1.20172086427765e-05","-6.36217617976082","0.023681270413791","36","52657","0.000683669787492641","0.5","60163","8.31075578013064e-06","FALSE","FALSE","F311T","-6.09615106026216","0.0258942273140392","1"
"345","F","311","V","T","G","931","missense_variant","TTC","GTC","GTC","1","-3.98212903420855","0.0370025581411074","10","52657","0.000189908274303511","0.5","41607","1.20172086427765e-05","-4.51417927320587","0.0325766443406109","10","52657","0.000189908274303511","0.5","60163","8.31075578013064e-06","FALSE","FALSE","F311V","-4.24815415370721","0.0347896012408591","0"
"346","F","311","V","TTC","GTG","931","missense_variant","TTC","GTG","GTC","1","1.18779596723376","0.0618881063248304","40","52657","0.000759633097214046","72","41607","0.00173047804455981","1.05567633512508","0.0593872673339483","40","52657","0.000759633097214046","95","60163","0.00157904359822482","FALSE","FALSE","F311V","1.12173615117942","0.0606376868293893","1"
"347","F","311","V","TTC","GTT","931","missense_variant","TTC","GTT","GTC","1","-0.66020093932119","0.0529927323980105","1","52657","1.89908274303511e-05","0.5","41607","1.20172086427765e-05","-1.19225117831851","0.048566818597514","1","52657","1.89908274303511e-05","0.5","60163","8.31075578013064e-06","FALSE","FALSE","F311V","-0.926226058819848","0.0507797754977622","0"
"348","F","311","W","TC","GG","932","missense_variant","TTC","TGG","TGG","2","-2.24516344004235","0.0453634803933708","3","52657","5.69724822910534e-05","0.5","41607","1.20172086427765e-05","-2.77721367903966","0.0409375665928743","3","52657","5.69724822910534e-05","0.5","60163","8.31075578013064e-06","FALSE","FALSE","F311W","-2.511188559541","0.0431505234931226","1"
"349","F","311","Y","T","A","932","missense_variant","TTC","TAC","TAC","1","2.14715398273641","0.0665059973220057","10","52657","0.000189908274303511","35","41607","0.000841204604994352","2.41655806435702","0.0659379015957029","10","52657","0.000189908274303511","61","60163","0.00101391220517594","FALSE","FALSE","F311Y","2.28185602354672","0.0662219494588543","1"
"350","F","317","A","TTC","GCT","949","missense_variant","TTC","GCT","GCC","2","0.32775885645361","0.0577482986962596","15","52065","0.000288101411696917","15","41484","0.000361585189470639","0.0588667495148561","0.0545891023768591","15","52065","0.000288101411696917","18","59980","0.000300100033344448","FALSE","TRUE","F317A","0.193312802984233","0.0561687005365594","1"
"351","F","317","C","T","G","950","missense_variant","TTC","TGC","TGC","1","1.6335672859777","0.0640338364134543","36","52065","0.000691443388072602","89","41484","0.00214540545752579","1.78577867901714","0.0629016310922052","36","52065","0.000691443388072602","143","59980","0.00238412804268089","FALSE","TRUE","F317C","1.70967298249742","0.0634677337528297","1"
"352","F","317","D","TTC","GAT","949","missense_variant","TTC","GAT","GAC","2","-4.47959606560399","0.0346079895978207","14","52065","0.000268894650917123","0.5","41484","1.20528396490213e-05","-5.01152257837654","0.0301826713562399","14","52065","0.000268894650917123","0.5","59980","8.33611203734578e-06","FALSE","TRUE","F317D","-4.74555932199027","0.0323953304770303","1"
"353","F","317","E","TTC","GAG","949","missense_variant","TTC","GAG","GAG","3","-4.67224114354639","0.0336806882601504","16","52065","0.000307308172476712","0.5","41484","1.20528396490213e-05","-5.20416765631894","0.0292553700185696","16","52065","0.000307308172476712","0.5","59980","8.33611203734578e-06","FALSE","TRUE","F317E","-4.93820439993266","0.03146802913936","1"
"354","F","317","G","TTC","GGT","949","missense_variant","TTC","GGT","GGC","2","-5.16409423987607","0.0313131425172991","45","52065","0.000864304235090752","1","41484","2.41056792980426e-05","-6.69602075264861","0.0220743021884964","45","52065","0.000864304235090752","0.5","59980","8.33611203734578e-06","FALSE","TRUE","F317G","-5.93005749626234","0.0266937223528978","1"
"355","F","317","H","TT","CA","949","missense_variant","TTC","CAC","CAC","2","4.23464945206213","0.0765542028705805","1","52065","1.92067607797945e-05","15","41484","0.000361585189470639","4.96575734512337","0.0782085286384018","1","52065","1.92067607797945e-05","36","59980","0.000600200066688896","FALSE","TRUE","F317H","4.60020339859275","0.0773813657544912","1"
"356","F","317","I","T","A","949","missense_variant","TTC","ATC","ATC","1","3.04047690437314","0.0708060269363256","18","52065","0.000345721694036301","118","41484","0.00284447015716903","3.05217209694085","0.0689974437804933","18","52065","0.000345721694036301","172","59980","0.00286762254084695","FALSE","TRUE","F317I","3.04632450065699","0.0699017353584095","1"
"357","F","317","K","TTC","AAG","949","missense_variant","TTC","AAG","AAG","3","1.64968695134097","0.0641114287787191","6","52065","0.000115240564678767","15","41484","0.000361585189470639","2.01822476501751","0.0640205154612563","6","52065","0.000115240564678767","28","59980","0.000466822274091364","FALSE","TRUE","F317K","1.83395585817924","0.0640659721199877","1"
"358","F","317","L","C","A","951","missense_variant","TTC","TTA","CTC","1","-1.25720364426755","0.05011904669162","3","52065","5.76202823393835e-05","1","41484","2.41056792980426e-05","0.210869842959906","0.0553207726244829","3","52065","5.76202823393835e-05","4","59980","6.66888962987663e-05","TRUE","TRUE","F317L","-0.52316690065382","0.0527199096580514","0"
"359","F","317","L","T","C","949","missense_variant","TTC","CTC","CTC","1","-1.67224114354639","0.048121254521816","2","52065","3.8413521559589e-05","0.5","41484","1.20528396490213e-05","-2.20416765631894","0.0436959362802351","2","52065","3.8413521559589e-05","0.5","59980","8.33611203734578e-06","TRUE","TRUE","F317L","-1.93820439993266","0.0459085954010255","0"
"360","F","317","L","TTC","CTG","949","missense_variant","TTC","CTG","CTC","1","1.91272135717477","0.0653775507008993","8","52065","0.000153654086238356","24","41484","0.000578536303153023","0.883295184931401","0.0585575068600704","8","52065","0.000153654086238356","17","59980","0.000283427809269757","TRUE","TRUE","F317L","1.39800827105308","0.0619675287804848","1"
"361","F","317","M","TTC","ATG","949","missense_variant","TTC","ATG","ATG","2","-0.350313048659028","0.0544843846042754","8","52065","0.000153654086238356","5","41484","0.000120528396490213","0.496272061822154","0.0566945625087184","8","52065","0.000153654086238356","13","59980","0.00021673891297099","FALSE","TRUE","F317M","0.0729795065815632","0.0555894735564969","1"
"362","F","317","N","TT","AA","949","missense_variant","TTC","AAC","AAC","2","-0.565325939629878","0.0534494153045498","13","52065","0.000249687890137328","7","41484","0.000168739755086298","-1.90460737446003","0.0451378763134174","13","52065","0.000249687890137328","4","59980","6.66888962987663e-05","FALSE","TRUE","F317N","-1.23496665704495","0.0492936458089836","1"
"363","F","317","P","TTC","CCT","949","missense_variant","TTC","CCT","CCC","2","-4.99416923843375","0.0321310802649129","20","52065","0.00038413521559589","0.5","41484","1.20528396490213e-05","-5.5260957512063","0.027705762023332","20","52065","0.00038413521559589","0.5","59980","8.33611203734578e-06","FALSE","TRUE","F317P","-5.26013249482003","0.0299184211441225","1"
"364","F","317","Q","TTC","CAG","949","missense_variant","TTC","CAG","CAG","3","-2.25720364426755","0.0453055246043981","3","52065","5.76202823393835e-05","0.5","41484","1.20528396490213e-05","-0.789130157040094","0.050507250537261","3","52065","5.76202823393835e-05","2","59980","3.33444481493831e-05","FALSE","TRUE","F317Q","-1.52316690065382","0.0479063875708296","1"
"365","F","317","R","TTC","AGA","949","missense_variant","TTC","AGA","CGC","2","1.50463661853769","0.0634132257980116","23","52065","0.000441755497935273","52","41484","0.00125349532349822","1.22646669801092","0.060209370517984","23","52065","0.000441755497935273","62","59980","0.00103367789263088","FALSE","TRUE","F317R","1.36555165827431","0.0618112981579978","1"
"366","F","317","S","T","C","950","missense_variant","TTC","TCC","TCC","1","-2.67224114354639","0.0433077324345941","4","52065","7.68270431191779e-05","0.5","41484","1.20528396490213e-05","-3.20416765631894","0.0388824141930133","4","52065","7.68270431191779e-05","0.5","59980","8.33611203734578e-06","FALSE","TRUE","F317S","-2.93820439993266","0.0410950733138037","0"
"367","F","317","S","TT","AG","949","missense_variant","TTC","AGC","TCC","1","-5.80152416049136","0.0282448595153613","35","52065","0.000672236627292807","0.5","41484","1.20528396490213e-05","-5.3334506732639","0.0286330633610023","35","52065","0.000672236627292807","1","59980","1.66722240746916e-05","FALSE","TRUE","F317S","-5.56748741687763","0.0284389614381818","1"
"368","F","317","T","TT","AC","949","missense_variant","TTC","ACC","ACC","2","-0.994169238433752","0.0513851686138002","65","52065","0.00124843945068664","26","41484","0.000626747661749108","-1.09725245240243","0.0490240970629689","65","52065","0.00124843945068664","35","59980","0.000583527842614205","FALSE","TRUE","F317T","-1.04571084541809","0.0502046328383846","1"
"369","F","317","V","T","G","949","missense_variant","TTC","GTC","GTC","1","-0.67224114354639","0.0529347766090378","1","52065","1.92067607797945e-05","0.5","41484","1.20528396490213e-05","-1.20416765631894","0.048509458367457","1","52065","1.92067607797945e-05","0.5","59980","8.33611203734578e-06","FALSE","TRUE","F317V","-0.938204399932664","0.0507221174882474","0"
"370","F","317","V","TTC","GTG","949","missense_variant","TTC","GTG","GTC","1","0.0907196591527605","0.0566073052845147","33","52065","0.000633823105733218","28","41484","0.000674959020345193","-0.204167656318938","0.0533229804546788","33","52065","0.000633823105733218","33","59980","0.000550183394464822","FALSE","TRUE","F317V","-0.0567239985830888","0.0549651428695968","1"
"371","F","317","V","TTC","GTT","949","missense_variant","TTC","GTT","GTC","1","1.32775885645361","0.0625618207834815","7","52065","0.000134447325458561","14","41484","0.000337479510172597","2.60318726573867","0.0668362453786741","7","52065","0.000134447325458561","49","59980","0.000816938979659887","FALSE","TRUE","F317V","1.96547306109614","0.0646990330810778","0"
"372","F","317","W","TC","GG","950","missense_variant","TTC","TGG","TGG","2","-3.42712864570986","0.0396740647695625","27","52065","0.000518582541054451","2","41484","4.82113585960852e-05","-1.78913015704009","0.0456937284500392","27","52065","0.000518582541054451","9","59980","0.000150050016672224","FALSE","TRUE","F317W","-2.60812940137498","0.0426838966098009","1"
"373","F","317","Y","T","A","950","missense_variant","TTC","TAC","TAC","1","1.62054060568146","0.0639711322001252","20","52065","0.00038413521559589","49","41484","0.00118117828560409","2.13211573154549","0.0645687321441737","20","52065","0.00038413521559589","101","59980","0.00168389463154385","FALSE","TRUE","F317Y","1.87632816861348","0.0642699321721495","1"
"374","G","249","A","GC","CT","746","missense_variant","GGC","GCT","GCC","1","1.94956615229385","0.0655549039360042","15","53144","0.000282251994580762","45","41276","0.00109022192072875","2.14382193647627","0.0646250802201656","15","53144","0.000282251994580762","75","60127","0.00124735975518486","FALSE","FALSE","G249A","2.04669404438506","0.0650899920780849","1"
"375","G","249","C","G","T","745","missense_variant","GGC","TGC","TGC","1","-3.09482796706461","0.0412736014258203","66","53144","0.00124190877615535","6","41276","0.000145362922763834","-3.05257527632724","0.0396121074623579","66","53144","0.00124190877615535","9","60127","0.000149683170622183","FALSE","FALSE","G249C","-3.07370162169592","0.0404428544440891","1"
"376","G","249","D","G","A","746","missense_variant","GGC","GAC","GAC","1","-1.44275127048491","0.0492259090945911","7","53144","0.000131717597471022","2","41276","4.84543075879446e-05","-3.9854610804687","0.0351216410392672","7","53144","0.000131717597471022","0.5","60127","8.31573170123239e-06","FALSE","FALSE","G249D","-2.71410617547681","0.0421737750669292","0"
"377","G","249","D","GC","AT","746","missense_variant","GGC","GAT","GAC","1","1.82403527020999","0.0649506582624651","4","53144","7.52671985548698e-05","11","41276","0.000266498691733695","2.52233355973","0.0664470542789676","4","53144","7.52671985548698e-05","26","60127","0.000432418048464084","FALSE","FALSE","G249D","2.17318441496999","0.0656988562707163","1"
"378","G","249","E","GC","AG","746","missense_variant","GGC","GAG","GAG","2","-5.92079856728956","0.0276707295237979","39","53144","0.00073385518590998","0.5","41276","1.21135768969861e-05","-6.46350837727334","0.0231935056429177","39","53144","0.00073385518590998","0.5","60127","8.31573170123239e-06","FALSE","FALSE","G249E","-6.19215347228145","0.0254321175833578","1"
"379","G","249","F","GG","TT","745","missense_variant","GGC","TTC","TTC","2","-2.95732444331467","0.0419354776744614","5","53144","9.40839981935872e-05","0.5","41276","1.21135768969861e-05","-3.50003425329846","0.0374582537935812","5","53144","9.40839981935872e-05","0.5","60127","8.31573170123239e-06","FALSE","FALSE","G249F","-3.22867934830656","0.0396968657340213","1"
"380","G","249","H","GG","CA","745","missense_variant","GGC","CAC","CAC","2","-6.44275127048491","0.0251582986584819","56","53144","0.00105374077976818","0.5","41276","1.21135768969861e-05","-4.9854610804687","0.0303081189520454","56","53144","0.00105374077976818","2","60127","3.32629268049296e-05","FALSE","FALSE","G249H","-5.71410617547681","0.0277332088052637","1"
"381","G","249","I","GG","AT","745","missense_variant","GGC","ATC","ATC","2","-1.85778876976376","0.0472281169247871","14","53144","0.000263435194942044","3","41276","7.26814613819168e-05","-2.9854610804687","0.0399351631264891","14","53144","0.000263435194942044","2","60127","3.32629268049296e-05","FALSE","FALSE","G249I","-2.42162492511623","0.0435816400256381","1"
"382","G","249","K","GGC","AAG","745","missense_variant","GGC","AAG","AAG","3","-4.95732444331467","0.0323084335000177","20","53144","0.000376335992774349","0.5","41276","1.21135768969861e-05","-5.50003425329846","0.0278312096191375","20","53144","0.000376335992774349","0.5","60127","8.31573170123239e-06","FALSE","FALSE","G249K","-5.22867934830656","0.0300698215595776","1"
"383","G","249","L","GGC","CTG","745","missense_variant","GGC","CTG","CTC","2","-3.09482796706461","0.0412736014258203","22","53144","0.000413969592051784","2","41276","4.84543075879446e-05","-2.05257527632724","0.0444256295495797","22","53144","0.000413969592051784","6","60127","9.97887804147887e-05","FALSE","FALSE","G249L","-2.57370162169592","0.0428496154877","1"
"384","G","249","M","GGC","ATG","745","missense_variant","GGC","ATG","ATG","3","-4.95732444331467","0.0323084335000177","20","53144","0.000376335992774349","0.5","41276","1.21135768969861e-05","-5.50003425329846","0.0278312096191375","20","53144","0.000376335992774349","0.5","60127","8.31573170123239e-06","FALSE","FALSE","G249M","-5.22867934830656","0.0300698215595776","1"
"385","G","249","N","GG","AA","745","missense_variant","GGC","AAC","AAC","2","1.76670209514404","0.0646746837579545","14","53144","0.000263435194942044","37","41276","0.000896404690376975","1.92142951513982","0.0635545893880318","14","53144","0.000263435194942044","60","60127","0.000997887804147887","FALSE","FALSE","G249N","1.84406580514193","0.0641146365729932","1"
"386","G","249","P","GGC","CCT","745","missense_variant","GGC","CCT","CCC","2","-3.80532134986962","0.0378536258348634","18","53144","0.000338702393496914","1","41276","2.42271537939723e-05","-5.34803115985341","0.0285628798667613","18","53144","0.000338702393496914","0.5","60127","8.31573170123239e-06","FALSE","FALSE","G249P","-4.57667625486151","0.0332082528508124","1"
"387","G","249","Q","GGC","CAG","745","missense_variant","GGC","CAG","CAG","3","-2.18998520010495","0.0456290820700435","47","53144","0.00088438958301972","8","41276","0.000193817230351778","-2.27326339145144","0.043363342433042","47","53144","0.00088438958301972","11","60127","0.000182946097427113","FALSE","FALSE","G249Q","-2.23162429577819","0.0444962122515428","1"
"388","G","249","R","GGC","AGA","745","missense_variant","GGC","AGA","CGC","1","-4.63539634842731","0.0338580414952553","16","53144","0.000301068794219479","0.5","41276","1.21135768969861e-05","-5.1781061584111","0.0293808176143751","16","53144","0.000301068794219479","0.5","60127","8.31573170123239e-06","FALSE","FALSE","G249R","-4.9067512534192","0.0316194295548152","1"
"389","G","249","S","G","A","745","missense_variant","GGC","AGC","AGC","1","-3.72285918967765","0.0382505592643075","17","53144","0.000319885593858197","1","41276","2.42271537939723e-05","-1.94364090477407","0.0449499875531085","17","53144","0.000319885593858197","5","60127","8.31573170123239e-05","FALSE","FALSE","G249S","-2.83325004722586","0.041600273408708","1"
"390","G","249","T","GG","AC","745","missense_variant","GGC","ACC","ACC","2","-1.22035884914846","0.0502963999267249","18","53144","0.000338702393496914","6","41276","0.000145362922763834","-1.5406762377958","0.0468896668779784","18","53144","0.000338702393496914","7","60127","0.000116420243817253","FALSE","FALSE","G249T","-1.38051754347213","0.0485930334023516","1"
"391","G","249","V","GC","TG","746","missense_variant","GGC","GTG","GTC","1","-2.63539634842731","0.043485085669699","4","53144","7.52671985548698e-05","0.5","41276","1.21135768969861e-05","-3.1781061584111","0.0390078617888188","4","53144","7.52671985548698e-05","0.5","60127","8.31573170123239e-06","FALSE","FALSE","G249V","-2.9067512534192","0.0412464737292589","1"
"392","G","249","W","GGC","TGG","745","missense_variant","GGC","TGG","TGG","2","-4.22035884914846","0.0358558336650593","12","53144","0.000225801595664609","0.5","41276","1.21135768969861e-05","-4.76306865913225","0.0313786097841791","12","53144","0.000225801595664609","0.5","60127","8.31573170123239e-06","FALSE","FALSE","G249W","-4.49171375414036","0.0336172217246192","1"
"393","G","249","Y","GG","TA","745","missense_variant","GGC","TAC","TAC","2","-2.63539634842731","0.043485085669699","4","53144","7.52671985548698e-05","0.5","41276","1.21135768969861e-05","-3.1781061584111","0.0390078617888188","4","53144","7.52671985548698e-05","0.5","60127","8.31573170123239e-06","FALSE","FALSE","G249Y","-2.9067512534192","0.0412464737292589","1"
"394","G","250","A","GG","CT","749","missense_variant","GGG","GCT","GCG","1","0.570201765296933","0.0589153029928673","53","53253","0.000995249093947759","61","41281","0.00147767738184637","0.740473668942487","0.0578700323383272","53","53253","0.000995249093947759","100","60140","0.0016627868307283","FALSE","TRUE","G250A","0.65533771711971","0.0583926676655973","1"
"395","G","250","C","GGG","TGC","748","missense_variant","GGG","TGC","TGC","2","0.244002466791964","0.0573451354646773","61","53253","0.0011454753722795","56","41281","0.00135655628497372","-0.106199403831925","0.0537945528018716","61","53253","0.0011454753722795","64","60140","0.00106418357166611","FALSE","TRUE","G250C","0.0689015314800194","0.0555698441332745","1"
"396","G","250","D","GG","AT","749","missense_variant","GGG","GAT","GAT","2","0.814843859268467","0.0600928931156635","11","53253","0.000206561132706139","15","41281","0.00036336329061796","1.17246123715127","0.0599494140393054","11","53253","0.000206561132706139","28","60140","0.000465580312603924","FALSE","TRUE","G250D","0.993652548209867","0.0600211535774844","1"
"397","G","250","E","G","A","749","missense_variant","GGG","GAG","GAG","1","-1.01790527358755","0.0512709146843244","128","53253","0.00240362045330779","49","41281","0.001186986749352","-0.985637507389022","0.049561358066055","128","53253","0.00240362045330779","73","60140","0.00121383438643166","TRUE","TRUE","G250E","-1.00177139048828","0.0504161363751897","1"
"398","G","250","F","GGG","TTC","748","missense_variant","GGG","TTC","TTC","3","2.87834680157463","0.0700256101055014","10","53253","0.000187782847914671","57","41281","0.00138078050434825","2.9120007749813","0.068322726026246","10","53253","0.000187782847914671","85","60140","0.00141336880611906","FALSE","TRUE","G250F","2.89517378827796","0.0691741680658737","1"
"399","G","250","H","GGG","CAC","748","missense_variant","GGG","CAC","CAC","3","1.22536587742482","0.06206894991735","16","53253","0.000300452556663474","29","41281","0.000702502361861389","1.03399129935991","0.0592828859353305","16","53253","0.000300452556663474","37","60140","0.000615231127369471","FALSE","TRUE","G250H","1.12967858839236","0.0606759179263402","1"
"400","G","250","I","GGG","ATC","748","missense_variant","GGG","ATC","ATC","3","-0.632615117702754","0.053125517359665","36","53253","0.000676018252492817","18","41281","0.000436035948741552","0.435972645813309","0.0564043099379133","36","53253","0.000676018252492817","55","60140","0.000914532756900565","FALSE","TRUE","G250I","-0.0983212359447227","0.0547649136487891","1"
"401","G","250","K","GG","AA","748","missense_variant","GGG","AAG","AAG","2","1.54323471769666","0.0635990186008381","27","53253","0.000507013689369613","61","41281","0.00147767738184637","1.13573962202526","0.059772653733818","27","53253","0.000507013689369613","67","60140","0.00111406717658796","FALSE","TRUE","G250K","1.33948716986096","0.061685836167328","1"
"402","G","250","K","GGG","AAA","748","missense_variant","GGG","AAA","AAG","2","-1.63261511770275","0.0483119952724431","2","53253","3.75565695829343e-05","0.5","41281","1.21121096872653e-05","-2.17546206626904","0.0438341112719671","2","53253","3.75565695829343e-05","0.5","60140","8.3139341536415e-06","FALSE","TRUE","G250K","-1.9040385919859","0.0460730532722051","0"
"403","G","250","M","GG","AT","748","missense_variant","GGG","ATG","ATG","2","0.367384882297246","0.0579390394468868","1","53253","1.87782847914671e-05","1","41281","2.42242193745307e-05","0.824537933730961","0.0582746775336326","1","53253","1.87782847914671e-05","2","60140","3.3255736614566e-05","FALSE","TRUE","G250M","0.595961408014104","0.0581068584902597","1"
"404","G","250","N","GGG","AAC","748","missense_variant","GGG","AAC","AAC","3","1.6044240795981","0.0638935549458536","14","53253","0.00026289598708054","33","41281","0.000799399239359512","2.14646602861832","0.064637807616092","14","53253","0.00026289598708054","70","60140","0.00116395078150981","FALSE","TRUE","G250N","1.87544505410821","0.0642656812809728","1"
"405","G","250","P","GGG","CCT","748","missense_variant","GGG","CCT","CCG","2","-3.21757761842391","0.0406827432678035","6","53253","0.000112669708748803","0.5","41281","1.21121096872653e-05","-3.7604245669902","0.0362048592673274","6","53253","0.000112669708748803","0.5","60140","8.3139341536415e-06","FALSE","TRUE","G250P","-3.48900109270705","0.0384438012675654","1"
"406","G","250","Q","GG","CA","748","missense_variant","GGG","CAG","CAG","2","0.153260076944398","0.0569083449668988","29","53253","0.000544570258952547","25","41281","0.000605605484363266","-0.0792467510097359","0.0539242899915404","29","53253","0.000544570258952547","31","60140","0.000515463917525773","FALSE","TRUE","G250Q","0.0370066629673313","0.0554163174792196","1"
"407","G","250","R","G","A","748","missense_variant","GGG","AGG","AGG","1","-1.21757761842391","0.0503097874422472","3","53253","5.63348543744014e-05","1","41281","2.42242193745307e-05","-2.7604245669902","0.0410183813545493","3","53253","5.63348543744014e-05","0.5","60140","8.3139341536415e-06","FALSE","TRUE","G250R","-1.98900109270705","0.0456640843983982","0"
"408","G","250","R","GGG","AGA","748","missense_variant","GGG","AGA","AGG","1","0.267849208746332","0.057459922283783","15","53253","0.000281674271872007","14","41281","0.000339139071243429","0.165574851566028","0.0551027441829679","15","53253","0.000281674271872007","19","60140","0.000315929497838377","FALSE","TRUE","G250R","0.21671203015618","0.0562813332333754","1"
"409","G","250","S","GGG","AGC","748","missense_variant","GGG","AGC","AGC","2","0.296995554405848","0.0576002188623769","21","53253","0.00039434398062081","20","41281","0.000484484387490613","1.38641682133908","0.0609792939694779","21","53253","0.00039434398062081","62","60140","0.00103092783505155","FALSE","TRUE","G250S","0.841706187872462","0.0592897564159274","1"
"410","G","250","T","GGG","ACC","748","missense_variant","GGG","ACC","ACG","2","0.229881358547311","0.0572771631982457","22","53253","0.000413122265412277","20","41281","0.000484484387490613","0.791371069795762","0.0581150281015166","22","53253","0.000413122265412277","43","60140","0.000714998337213169","FALSE","TRUE","G250T","0.510626214171536","0.0576960956498812","1"
"411","G","250","V","G","T","749","missense_variant","GGG","GTG","GTG","1","0.198785278321501","0.0571274815292527","136","53253","0.00255384673163953","121","41281","0.00293113054431821","0.38812678365955","0.056174002823654","136","53253","0.00255384673163953","201","60140","0.00334220152976388","FALSE","TRUE","G250V","0.293456030990526","0.0566507421764533","1"
"412","G","250","W","G","T","748","missense_variant","GGG","TGG","TGG","1","3.75970230507601","0.0742680342882998","6","53253","0.000112669708748803","63","41281","0.00152612582059543","3.34809988978797","0.0704218987475858","6","53253","0.000112669708748803","69","60140","0.00114732291320253","FALSE","TRUE","G250W","3.55390109743199","0.0723449665179428","1"
"413","G","250","Y","GGG","TAC","748","missense_variant","GGG","TAC","TAC","3","0.0137479276825454","0.0562368001549911","23","53253","0.000431900550203744","18","41281","0.000436035948741552","0.207866573282467","0.0553063163195566","23","53253","0.000431900550203744","30","60140","0.00049883604921849","FALSE","TRUE","G250Y","0.110807250482506","0.0557715582372739","1"
"414","G","251","A","GC","CT","752","missense_variant","GGC","GCT","GCC","1","-4.71813436167485","0.0334597802410354","17","53339","0.000318716136410506","0.5","41292","1.2108883076625e-05","-5.26114857189228","0.0289810911229072","17","53339","0.000318716136410506","0.5","60163","8.31075578013064e-06","FALSE","FALSE","G251A","-4.98964146678357","0.0312204356819713","1"
"415","G","251","C","G","T","751","missense_variant","GGC","TGC","TGC","1","-4.21563402114567","0.0358785767290091","12","53339","0.000224976096289769","0.5","41292","1.2108883076625e-05","-4.7586482313631","0.0313998876108809","12","53339","0.000224976096289769","0.5","60163","8.31075578013064e-06","FALSE","FALSE","G251C","-4.48714112625438","0.033639232169945","1"
"416","G","251","D","G","A","752","missense_variant","GGC","GAC","GAC","1","-2.11609834759475","0.0459847380665566","28","53339","0.000524944224676128","5","41292","0.00012108883076625","-2.17368573064194","0.0438426617027424","28","53339","0.000524944224676128","7","60163","0.000116350580921829","FALSE","FALSE","G251D","-2.14489203911835","0.0449136998846495","0"
"417","G","251","D","GC","AT","752","missense_variant","GGC","GAT","GAC","1","-4.71813436167485","0.0334597802410354","17","53339","0.000318716136410506","0.5","41292","1.2108883076625e-05","-5.26114857189228","0.0289810911229072","17","53339","0.000318716136410506","0.5","60163","8.31075578013064e-06","FALSE","FALSE","G251D","-4.98964146678357","0.0312204356819713","1"
"418","G","251","E","GC","AG","752","missense_variant","GGC","GAG","GAG","2","-5.02298894320327","0.0319923559794576","21","53339","0.000393708168507096","0.5","41292","1.2108883076625e-05","-5.5660031534207","0.0275136668613294","21","53339","0.000393708168507096","0.5","60163","8.31075578013064e-06","FALSE","FALSE","G251E","-5.29449604831199","0.0297530114203935","1"
"419","G","251","F","GG","TT","751","missense_variant","GGC","TTC","TTC","2","-2.71813436167485","0.0430868244154791","68","53339","0.00127486454564203","8","41292","0.000193742129226","-2.93922047700492","0.0401577432925885","68","53339","0.00127486454564203","10","60163","0.000166215115602613","FALSE","FALSE","G251F","-2.82867741933988","0.0416222838540338","1"
"420","G","251","H","GG","CA","751","missense_variant","GGC","CAC","CAC","2","-5.09010313906181","0.0316693003153264","22","53339","0.000412456176531244","0.5","41292","1.2108883076625e-05","-5.63311734927924","0.0271906111971982","22","53339","0.000412456176531244","0.5","60163","8.31075578013064e-06","FALSE","FALSE","G251H","-5.36161024417052","0.0294299557562623","1"
"421","G","251","I","GG","AT","751","missense_variant","GGC","ATC","ATC","2","-6.65303933345296","0.0241460724227061","65","53339","0.00121862052156958","0.5","41292","1.2108883076625e-05","-7.1960535436704","0.0196673833045779","65","53339","0.00121862052156958","0.5","60163","8.31075578013064e-06","FALSE","FALSE","G251I","-6.92454643856168","0.021906727863642","1"
"422","G","251","K","GGC","AAG","751","missense_variant","GGC","AAG","AAG","3","-2.63067152042451","0.0435078287336488","4","53339","7.49920320965897e-05","0.5","41292","1.2108883076625e-05","-3.17368573064194","0.0390291396155206","4","53339","7.49920320965897e-05","0.5","60163","8.31075578013064e-06","FALSE","FALSE","G251K","-2.90217862553323","0.0412684841745847","1"
"423","G","251","L","GGC","CTG","751","missense_variant","GGC","CTG","CTC","2","-5.15423347648152","0.0313606075196956","23","53339","0.000431204184555391","0.5","41292","1.2108883076625e-05","-5.69724768669896","0.0268819184015674","23","53339","0.000431204184555391","0.5","60163","8.31075578013064e-06","FALSE","FALSE","G251L","-5.42574058159024","0.0291212629606315","1"
"424","G","251","M","GGC","ATG","751","missense_variant","GGC","ATG","ATG","3","-4.80059652186682","0.0330628468115913","18","53339","0.000337464144434654","0.5","41292","1.2108883076625e-05","-5.34361073208425","0.0285841576934631","18","53339","0.000337464144434654","0.5","60163","8.31075578013064e-06","FALSE","FALSE","G251M","-5.07210362697554","0.0308235022525272","1"
"425","G","251","N","GG","AA","751","missense_variant","GGC","AAC","AAC","2","-4.53756211603303","0.0343289687337716","15","53339","0.000281220120362212","0.5","41292","1.2108883076625e-05","-2.4956138255293","0.0422930537075049","15","53339","0.000281220120362212","3","60163","4.98645346807839e-05","FALSE","FALSE","G251N","-3.51658797078117","0.0383110112206382","1"
"426","G","251","Q","GGC","CAG","751","missense_variant","GGC","CAG","CAG","3","-3.43802644248211","0.0396216079840972","7","53339","0.000131236056169032","0.5","41292","1.2108883076625e-05","-3.98104065269955","0.035142918865969","7","53339","0.000131236056169032","0.5","60163","8.31075578013064e-06","FALSE","FALSE","G251Q","-3.70953354759083","0.0373822634250331","1"
"427","G","251","R","GGC","AGA","751","missense_variant","GGC","AGA","CGC","1","-4.8785990338681","0.0326873799972144","19","53339","0.000356212152458801","0.5","41292","1.2108883076625e-05","-5.42161324408553","0.0282086908790862","19","53339","0.000356212152458801","0.5","60163","8.31075578013064e-06","FALSE","FALSE","G251R","-5.15010613897681","0.0304480354381503","1"
"428","G","251","S","G","A","751","missense_variant","GGC","AGC","AGC","1","-6.30309686239601","0.0258305282363957","51","53339","0.000956148409231519","0.5","41292","1.2108883076625e-05","-3.26114857189228","0.0386081352973509","51","53339","0.000956148409231519","6","60163","9.97290693615677e-05","FALSE","FALSE","G251S","-4.78212271714414","0.0322193317668733","1"
"429","G","251","T","GG","AC","751","missense_variant","GGC","ACC","ACC","2","-4.43802644248211","0.0348080858968754","14","53339","0.000262472112338064","0.5","41292","1.2108883076625e-05","-4.98104065269955","0.0303293967787472","14","53339","0.000262472112338064","0.5","60163","8.31075578013064e-06","FALSE","FALSE","G251T","-4.70953354759083","0.0325687413378113","1"
"430","G","251","V","G","T","752","missense_variant","GGC","GTC","GTC","1","-0.63067152042451","0.0531348729080925","1","53339","1.87480080241474e-05","0.5","41292","1.2108883076625e-05","-1.17368573064194","0.0486561837899643","1","53339","1.87480080241474e-05","0.5","60163","8.31075578013064e-06","FALSE","FALSE","G251V","-0.902178625533226","0.0508955283490284","0"
"431","G","251","V","GC","TG","752","missense_variant","GGC","GTG","GTC","1","-3.95259961531187","0.0371446986511894","10","53339","0.000187480080241474","0.5","41292","1.2108883076625e-05","-4.4956138255293","0.0326660095330612","10","53339","0.000187480080241474","0.5","60163","8.31075578013064e-06","FALSE","FALSE","G251V","-4.22410672042059","0.0349053540921253","1"
"432","G","251","W","GGC","TGG","751","missense_variant","GGC","TGG","TGG","2","-4.63067152042451","0.0338807845592051","16","53339","0.000299968128386359","0.5","41292","1.2108883076625e-05","-5.17368573064194","0.0294020954410769","16","53339","0.000299968128386359","0.5","60163","8.31075578013064e-06","FALSE","FALSE","G251W","-4.90217862553323","0.031641440000141","1"
"433","G","251","Y","GG","TA","751","missense_variant","GGC","TAC","TAC","2","-6.09010313906181","0.0268557782281045","44","53339","0.000824912353062487","0.5","41292","1.2108883076625e-05","-6.63311734927924","0.0223770891099763","44","53339","0.000824912353062487","0.5","60163","8.31075578013064e-06","FALSE","FALSE","G251Y","-6.36161024417052","0.0246164336690404","1"
"434","G","254","A","GG","CT","761","missense_variant","GGG","GCT","GCG","1","-4.20832039827922","0.0359137810142144","12","53675","0.000223567768979972","0.5","41342","1.20942383048716e-05","-4.75172134547668","0.0314332303290909","12","53675","0.000223567768979972","0.5","60252","8.29847971851557e-06","FALSE","FALSE","G254A","-4.48002087187795","0.0336735056716526","1"
"435","G","254","C","GGG","TGC","760","missense_variant","GGG","TGC","TGC","2","-3.43071281961566","0.0396568122693025","7","53675","0.000130414531904984","0.5","41342","1.20942383048716e-05","-3.97411376681313","0.035176261584179","7","53675","0.000130414531904984","0.5","60252","8.29847971851557e-06","FALSE","FALSE","G254C","-3.7024132932144","0.0374165369267407","1"
"436","G","254","D","GG","AT","761","missense_variant","GGG","GAT","GAT","2","-5.53024849316658","0.029550650931755","30","53675","0.00055891942244993","0.5","41342","1.20942383048716e-05","-6.07364944036404","0.0250701002466315","30","53675","0.00055891942244993","0.5","60252","8.29847971851557e-06","FALSE","FALSE","G254D","-5.80194896676531","0.0273103755891932","1"
"437","G","254","E","G","A","761","missense_variant","GGG","GAG","GAG","1","-5.32379761569915","0.0305444067903708","26","53675","0.000484396832789939","0.5","41342","1.20942383048716e-05","-2.86719856289661","0.0405044223669128","26","53675","0.000484396832789939","4","60252","6.63878377481245e-05","FALSE","FALSE","G254E","-4.09549808929788","0.0355244145786418","1"
"438","G","254","F","GGG","TTC","760","missense_variant","GGG","TTC","TTC","3","-4.20832039827922","0.0359137810142144","12","53675","0.000223567768979972","0.5","41342","1.20942383048716e-05","-4.75172134547668","0.0314332303290909","12","53675","0.000223567768979972","0.5","60252","8.29847971851557e-06","FALSE","FALSE","G254F","-4.48002087187795","0.0336735056716526","1"
"439","G","254","H","GGG","CAC","760","missense_variant","GGG","CAC","CAC","3","-4.32379761569915","0.0353579288775926","13","53675","0.00024219841639497","0.5","41342","1.20942383048716e-05","-4.86719856289661","0.0308773781924691","13","53675","0.00024219841639497","0.5","60252","8.29847971851557e-06","FALSE","FALSE","G254H","-4.59549808929788","0.0331176535350308","1"
"440","G","254","I","GGG","ATC","760","missense_variant","GGG","ATC","ATC","3","-6.11521099388774","0.0267349210143372","45","53675","0.000838379133674895","0.5","41342","1.20942383048716e-05","-6.6586119410852","0.0222543703292137","45","53675","0.000838379133674895","0.5","60252","8.29847971851557e-06","FALSE","FALSE","G254I","-6.38691146748647","0.0244946456717754","1"
"441","G","254","K","GG","AA","760","missense_variant","GGG","AAG","AAG","2","-4.08278951619536","0.0365180266877535","11","53675","0.000204937121564974","0.5","41342","1.20942383048716e-05","-4.62619046339282","0.03203747600263","11","53675","0.000204937121564974","0.5","60252","8.29847971851557e-06","FALSE","FALSE","G254K","-4.35448998979409","0.0342777513451917","1"
"442","G","254","L","GG","CT","760","missense_variant","GGG","CTG","CTG","2","-5.62335789755806","0.0291024667571885","32","53675","0.000596180717279925","0.5","41342","1.20942383048716e-05","-5.16675884475552","0.0294354381592868","32","53675","0.000596180717279925","1","60252","1.65969594370311e-05","FALSE","FALSE","G254L","-5.39505837115679","0.0292689524582377","1"
"443","G","254","M","GG","AT","760","missense_variant","GGG","ATG","ATG","2","-4.87128541100165","0.0327225842824197","19","53675","0.000353982300884956","0.5","41342","1.20942383048716e-05","-5.41468635819911","0.0282420335972961","19","53675","0.000353982300884956","0.5","60252","8.29847971851557e-06","FALSE","FALSE","G254M","-5.14298588460038","0.0304823089398579","1"
"444","G","254","N","GGG","AAC","760","missense_variant","GGG","AAC","AAC","3","-4.7108207388084","0.0334949845262407","17","53675","0.00031672100605496","0.5","41342","1.20942383048716e-05","-2.25422168600586","0.0434550001027827","17","53675","0.00031672100605496","4","60252","6.63878377481245e-05","FALSE","FALSE","G254N","-3.48252121240713","0.0384749923145117","1"
"445","G","254","P","GGG","CCT","760","missense_variant","GGG","CCT","CCG","2","-5.7108207388084","0.0286814624390188","34","53675","0.000633442012109921","0.5","41342","1.20942383048716e-05","-6.25422168600586","0.0242009117538953","34","53675","0.000633442012109921","0.5","60252","8.29847971851557e-06","FALSE","FALSE","G254P","-5.98252121240713","0.0264411870964571","1"
"446","G","254","Q","GG","CA","760","missense_variant","GGG","CAG","CAG","2","-3.43071281961566","0.0396568122693025","7","53675","0.000130414531904984","0.5","41342","1.20942383048716e-05","-3.97411376681313","0.035176261584179","7","53675","0.000130414531904984","0.5","60252","8.29847971851557e-06","FALSE","FALSE","G254Q","-3.7024132932144","0.0374165369267407","1"
"447","G","254","R","G","A","760","missense_variant","GGG","AGG","AGG","1","-1.62335789755806","0.0483565551060759","8","53675","0.000149045179319981","2","41342","4.83769532194862e-05","-3.16675884475552","0.0390624823337305","8","53675","0.000149045179319981","1","60252","1.65969594370311e-05","FALSE","FALSE","G254R","-2.39505837115679","0.0437095187199032","0"
"448","G","254","R","GGG","AGA","760","missense_variant","GGG","AGA","AGG","1","-4.20832039827922","0.0359137810142144","12","53675","0.000223567768979972","0.5","41342","1.20942383048716e-05","-4.75172134547668","0.0314332303290909","12","53675","0.000223567768979972","0.5","60252","8.29847971851557e-06","FALSE","FALSE","G254R","-4.48002087187795","0.0336735056716526","1"
"449","G","254","S","GGG","AGC","760","missense_variant","GGG","AGC","AGC","2","-4.32379761569915","0.0353579288775926","26","53675","0.000484396832789939","1","41342","2.41884766097431e-05","-5.86719856289661","0.0260638561052472","26","53675","0.000484396832789939","0.5","60252","8.29847971851557e-06","FALSE","FALSE","G254S","-5.09549808929788","0.0307108924914199","1"
"450","G","254","T","GGG","ACC","760","missense_variant","GGG","ACC","ACG","2","-3.20832039827922","0.0407273031014362","6","53675","0.000111783884489986","0.5","41342","1.20942383048716e-05","-3.75172134547668","0.0362467524163127","6","53675","0.000111783884489986","0.5","60252","8.29847971851557e-06","FALSE","FALSE","G254T","-3.48002087187795","0.0384870277588745","1"
"451","G","254","V","G","T","761","missense_variant","GGG","GTG","GTG","1","-5.57755420794494","0.0293229438288175","31","53675","0.000577550069864928","0.5","41342","1.20942383048716e-05","-6.1209551551424","0.024842393143694","31","53675","0.000577550069864928","0.5","60252","8.29847971851557e-06","FALSE","FALSE","G254V","-5.84925468154367","0.0270826684862558","1"
"452","G","254","W","G","T","760","missense_variant","GGG","TGG","TGG","1","-5.01567532033682","0.0320275602646628","21","53675","0.000391243595714951","0.5","41342","1.20942383048716e-05","-5.55907626753428","0.0275470095795393","21","53675","0.000391243595714951","0.5","60252","8.29847971851557e-06","FALSE","FALSE","G254W","-5.28737579393555","0.0297872849221011","1"
"453","G","254","Y","GGG","TAC","760","missense_variant","GGG","TAC","TAC","3","-5.66775201691651","0.0288887746831138","33","53675","0.000614811364694923","0.5","41342","1.20942383048716e-05","-6.21115296411398","0.0244082239979903","33","53675","0.000614811364694923","0.5","60252","8.29847971851557e-06","FALSE","FALSE","G254Y","-5.93945249051524","0.0266484993405521","1"
"454","G","259","A","GC","CT","776","missense_variant","GGC","GCT","GCC","1","-1.61644015550273","0.0483898538102529","2","53993","3.70418387568759e-05","0.5","41388","1.20807963660965e-05","-2.16062920199582","0.043905509591763","2","53993","3.70418387568759e-05","0.5","60352","8.2847295864263e-06","FALSE","FALSE","G259A","-1.88853467874927","0.046147681701008","1"
"455","G","259","C","G","T","775","missense_variant","GGC","TGC","TGC","1","-2.31687987364382","0.0450182717562133","13","53993","0.000240771951919693","2","41388","4.83231854643858e-05","-4.86106892013691","0.0309068833632797","13","53993","0.000240771951919693","0.5","60352","8.2847295864263e-06","FALSE","FALSE","G259C","-3.58897439689037","0.0379625775597465","1"
"456","G","259","D","G","A","776","missense_variant","GGC","GAC","GAC","1","-0.201402656223886","0.0552011680672788","6","53993","0.000111125516270628","4","41388","9.66463709287716e-05","-0.160629201995817","0.0535325537662067","6","53993","0.000111125516270628","6","60352","9.94167550371156e-05","FALSE","FALSE","G259D","-0.181015929109851","0.0543668609167427","0"
"457","G","259","D","GC","AT","776","missense_variant","GGC","GAT","GAC","1","-4.61644015550273","0.0339492875485874","16","53993","0.000296334710055007","0.5","41388","1.20807963660965e-05","-5.16062920199582","0.0294649433300975","16","53993","0.000296334710055007","0.5","60352","8.2847295864263e-06","FALSE","FALSE","G259D","-4.88853467874927","0.0317071154393424","1"
"458","G","259","E","GC","AG","776","missense_variant","GGC","GAG","GAG","2","-4.07587177414003","0.0365513253919305","11","53993","0.000203730113162817","0.5","41388","1.20807963660965e-05","-4.62006082063311","0.0320669811734406","11","53993","0.000203730113162817","0.5","60352","8.2847295864263e-06","FALSE","FALSE","G259E","-4.34796629738657","0.0343091532826856","1"
"459","G","259","F","GG","TT","775","missense_variant","GGC","TTC","TTC","2","-5.42379507756033","0.0300630667990358","28","53993","0.000518585742596262","0.5","41388","1.20807963660965e-05","-5.96798412405342","0.0255787225805459","28","53993","0.000518585742596262","0.5","60352","8.2847295864263e-06","FALSE","FALSE","G259F","-5.69588960080688","0.0278208946897909","1"
"460","G","259","I","GG","AT","775","missense_variant","GGC","ATC","ATC","2","-6.04270491020483","0.0270839306496028","43","53993","0.000796399533272832","0.5","41388","1.20807963660965e-05","-6.58689395669791","0.0225995864311129","43","53993","0.000796399533272832","0.5","60352","8.2847295864263e-06","FALSE","FALSE","G259I","-6.31479943345137","0.0248417585403578","1"
"461","G","259","K","GGC","AAG","775","missense_variant","GGC","AAG","AAG","3","-5.00875757828149","0.0320608589688399","21","53993","0.000388939306947197","0.5","41388","1.20807963660965e-05","-4.55294662477458","0.0323900368375718","21","53993","0.000388939306947197","1","60352","1.65694591728526e-05","FALSE","FALSE","G259K","-4.78085210152803","0.0322254479032058","1"
"462","G","259","L","GGC","CTG","775","missense_variant","GGC","CTG","CTC","2","-6.20140265622389","0.0263200355439477","48","53993","0.000889004130165021","0.5","41388","1.20807963660965e-05","-6.74559170271697","0.0218356913254578","48","53993","0.000889004130165021","0.5","60352","8.2847295864263e-06","FALSE","FALSE","G259L","-6.47349717947043","0.0240778634347028","1"
"463","G","259","M","GGC","ATG","775","missense_variant","GGC","ATG","ATG","3","-5.90184237436498","0.02776197557713","39","53993","0.00072231585575908","0.5","41388","1.20807963660965e-05","-6.44603142085806","0.0232776313586401","39","53993","0.00072231585575908","0.5","60352","8.2847295864263e-06","FALSE","FALSE","G259M","-6.17393689761152","0.025519803467885","1"
"464","G","259","N","GG","AA","775","missense_variant","GGC","AAC","AAC","2","-7.12423479570143","0.0218779626577744","91","53993","0.00168540366343785","0.5","41388","1.20807963660965e-05","-7.66842384219451","0.0173936184392845","91","53993","0.00168540366343785","0.5","60352","8.2847295864263e-06","FALSE","FALSE","G259N","-7.39632931894797","0.0196357905485294","1"
"465","G","259","P","GGC","CCT","775","missense_variant","GGC","CCT","CCC","2","-5.82589352113168","0.0281275570596676","37","53993","0.000685274017002204","0.5","41388","1.20807963660965e-05","-6.37008256762477","0.0236432128411777","37","53993","0.000685274017002204","0.5","60352","8.2847295864263e-06","FALSE","FALSE","G259P","-6.09798804437822","0.0258853849504227","1"
"466","G","259","Q","GGC","CAG","775","missense_variant","GGC","CAG","CAG","3","-4.93836825039009","0.0323996795533498","20","53993","0.000370418387568759","0.5","41388","1.20807963660965e-05","-5.48255729688318","0.0279153353348599","20","53993","0.000370418387568759","0.5","60352","8.2847295864263e-06","FALSE","FALSE","G259Q","-5.21046277363664","0.0301575074441049","1"
"467","G","259","R","GGC","AGA","775","missense_variant","GGC","AGA","CGC","1","-5.26029634527745","0.0308500715581123","25","53993","0.000463022984460949","0.5","41388","1.20807963660965e-05","-3.80448539177054","0.035992771514066","25","53993","0.000463022984460949","2","60352","3.31389183457052e-05","FALSE","FALSE","G259R","-4.532390868524","0.0334214215360891","1"
"468","G","259","S","G","A","775","missense_variant","GGC","AGC","AGC","1","-4.17102900718037","0.0360932839489319","47","53993","0.000870483210786583","2","41388","4.83231854643858e-05","-6.71521805367345","0.0219818955559983","47","53993","0.000870483210786583","0.5","60352","8.2847295864263e-06","FALSE","FALSE","G259S","-5.44312353042691","0.0290375897524651","1"
"469","G","259","T","GG","AC","775","missense_variant","GGC","ACC","ACC","2","-4.70390299675307","0.0335282832304177","17","53993","0.000314855629433445","0.5","41388","1.20807963660965e-05","-5.24809204324616","0.0290439390119278","17","53993","0.000314855629433445","0.5","60352","8.2847295864263e-06","FALSE","FALSE","G259T","-4.97599751999961","0.0312861111211727","1"
"470","G","259","V","G","T","776","missense_variant","GGC","GTC","GTC","1","-2.93836825039009","0.0420267237277935","5","53993","9.26045968921897e-05","0.5","41388","1.20807963660965e-05","-1.48255729688318","0.0471694236837473","5","53993","9.26045968921897e-05","2","60352","3.31389183457052e-05","FALSE","FALSE","G259V","-2.21046277363664","0.0445980737057704","0"
"471","G","259","V","GC","TG","776","missense_variant","GGC","GTG","GTC","1","-4.4744211506303","0.0346328991653461","29","53993","0.0005371066619747","1","41388","2.41615927321929e-05","-6.01861019712339","0.0253350328596343","29","53993","0.0005371066619747","0.5","60352","8.2847295864263e-06","FALSE","FALSE","G259V","-5.24651567387684","0.0299839660124902","1"
"472","G","259","W","GGC","TGG","775","missense_variant","GGC","TGG","TGG","2","-5.97399216012081","0.027414680989806","41","53993","0.000759357694515956","0.5","41388","1.20807963660965e-05","-3.93321870589274","0.0353731108631775","41","53993","0.000759357694515956","3","60352","4.97083775185578e-05","FALSE","FALSE","G259W","-4.95360543300678","0.0313938959264917","1"
"473","G","259","Y","GG","TA","775","missense_variant","GGC","TAC","TAC","2","-5.70390299675307","0.0287147611431959","34","53993","0.00062971125886689","0.5","41388","1.20807963660965e-05","-6.24809204324616","0.0242304169247059","34","53993","0.00062971125886689","0.5","60352","8.2847295864263e-06","FALSE","FALSE","G259Y","-5.97599751999961","0.0264725890339509","1"
"474","G","303","C","GGG","TGC","907","missense_variant","GGG","TGC","TGC","2","-4.83031281817108","0.0329198067629803","18","52697","0.000341575421750764","0.5","41644","1.20065315531649e-05","-4.36251874626657","0.0333066656367929","18","52697","0.000341575421750764","1","60223","1.66049515965661e-05","FALSE","FALSE","G303C","-4.59641578221883","0.0331132361998866","1"
"475","G","303","D","GG","AT","908","missense_variant","GGG","GAT","GAT","2","-1.66038781672877","0.0481783107722596","2","52697","3.79528246389738e-05","0.5","41644","1.20065315531649e-05","-2.19259374482425","0.0437516475588504","2","52697","3.79528246389738e-05","0.5","60223","8.30247579828305e-06","FALSE","FALSE","G303D","-1.92649078077651","0.045964979165555","1"
"476","G","303","E","G","A","908","missense_variant","GGG","GAG","GAG","1","-3.24535031744993","0.04054905876762","6","52697","0.000113858473916921","0.5","41644","1.20065315531649e-05","-3.77755624554541","0.0361223955542107","6","52697","0.000113858473916921","0.5","60223","8.30247579828305e-06","FALSE","FALSE","G303E","-3.51145328149767","0.0383357271609153","1"
"477","G","303","F","GGG","TTC","907","missense_variant","GGG","TTC","TTC","3","0.339612183271228","0.0578053549467033","5","52697","9.48820615974344e-05","5","41644","0.000120065315531649","0.655403161730696","0.0574605435728921","5","52697","9.48820615974344e-05","9","60223","0.000149444564369095","FALSE","FALSE","G303F","0.497507672500962","0.0576329492597977","1"
"478","G","303","H","GGG","CAC","907","missense_variant","GGG","CAC","CAC","3","-4.24535031744993","0.0357355366803981","12","52697","0.000227716947833843","0.5","41644","1.20065315531649e-05","-4.77755624554541","0.0313088734669889","12","52697","0.000227716947833843","0.5","60223","8.30247579828305e-06","FALSE","FALSE","G303H","-4.51145328149767","0.0335222050736935","1"
"479","G","303","I","GGG","ATC","907","missense_variant","GGG","ATC","ATC","3","-4.98231591161613","0.0321881365153565","20","52697","0.000379528246389738","0.5","41644","1.20065315531649e-05","-5.51452183971162","0.0277614733019473","20","52697","0.000379528246389738","0.5","60223","8.30247579828305e-06","FALSE","FALSE","G303I","-5.24841887566387","0.0299748049086519","1"
"480","G","303","L","GG","CT","907","missense_variant","GGG","CTG","CTG","2","-3.83031281817108","0.0377333288502022","9","52697","0.000170787710875382","0.5","41644","1.20065315531649e-05","-4.36251874626657","0.0333066656367929","9","52697","0.000170787710875382","0.5","60223","8.30247579828305e-06","FALSE","FALSE","G303L","-4.09641578221883","0.0355199972434975","1"
"481","G","303","M","GG","AT","907","missense_variant","GGG","ATG","ATG","2","-2.98231591161613","0.0418151806898002","5","52697","9.48820615974344e-05","0.5","41644","1.20065315531649e-05","-3.51452183971162","0.037388517476391","5","52697","9.48820615974344e-05","0.5","60223","8.30247579828305e-06","FALSE","FALSE","G303M","-3.24841887566388","0.0396018490830956","1"
"482","G","303","P","GGG","CCT","907","missense_variant","GGG","CCT","CCG","2","-4.11981943536607","0.0363397823539372","11","52697","0.000208740535514356","0.5","41644","1.20065315531649e-05","-4.65202536346155","0.031913119140528","11","52697","0.000208740535514356","0.5","60223","8.30247579828305e-06","FALSE","FALSE","G303P","-4.38592239941381","0.0341264507472326","1"
"483","G","303","Q","GG","CA","907","missense_variant","GGG","CAG","CAG","2","-3.66038781672877","0.0385512665978159","8","52697","0.000151811298555895","0.5","41644","1.20065315531649e-05","-4.19259374482425","0.0341246033844067","8","52697","0.000151811298555895","0.5","60223","8.30247579828305e-06","FALSE","FALSE","G303Q","-3.92649078077651","0.0363379349911113","1"
"484","G","303","R","G","A","907","missense_variant","GGG","AGG","AGG","1","-0.660387816728772","0.0529918328594815","1","52697","1.89764123194869e-05","0.5","41644","1.20065315531649e-05","-1.19259374482425","0.0485651696460722","1","52697","1.89764123194869e-05","0.5","60223","8.30247579828305e-06","FALSE","FALSE","G303R","-0.926490780776513","0.0507785012527768","0"
"485","G","303","R","GGG","AGA","907","missense_variant","GGG","AGA","AGG","1","-2.24535031744993","0.0453625808548418","3","52697","5.69292369584606e-05","0.5","41644","1.20065315531649e-05","-2.77755624554541","0.0409359176414325","3","52697","5.69292369584606e-05","0.5","60223","8.30247579828305e-06","FALSE","FALSE","G303R","-2.51145328149767","0.0431492492481372","1"
"486","G","303","T","GGG","ACC","907","missense_variant","GGG","ACC","ACG","2","-3.24535031744993","0.04054905876762","6","52697","0.000113858473916921","0.5","41644","1.20065315531649e-05","-3.77755624554541","0.0361223955542107","6","52697","0.000113858473916921","0.5","60223","8.30247579828305e-06","FALSE","FALSE","G303T","-3.51145328149767","0.0383357271609153","1"
"487","G","303","W","G","T","907","missense_variant","GGG","TGG","TGG","1","-2.98231591161613","0.0418151806898002","5","52697","9.48820615974344e-05","0.5","41644","1.20065315531649e-05","-3.51452183971162","0.037388517476391","5","52697","9.48820615974344e-05","0.5","60223","8.30247579828305e-06","FALSE","FALSE","G303W","-3.24841887566388","0.0396018490830956","1"
"488","G","303","Y","GGG","TAC","907","missense_variant","GGG","TAC","TAC","3","-3.66038781672877","0.0385512665978159","8","52697","0.000151811298555895","0.5","41644","1.20065315531649e-05","-4.19259374482425","0.0341246033844067","8","52697","0.000151811298555895","0.5","60223","8.30247579828305e-06","FALSE","FALSE","G303Y","-3.92649078077651","0.0363379349911113","1"
"489","G","321","A","GG","CT","962","missense_variant","GGG","GCT","GCG","1","-2.2620342657349","0.04528227230127","3","51587","5.81541861321651e-05","0.5","41241","1.2123857326447e-05","-2.7917414782338","0.0408676367105746","3","51587","5.81541861321651e-05","0.5","59537","8.39813897240372e-06","FALSE","FALSE","G321A","-2.52688787198435","0.0430749545059223","1"
"490","G","321","C","GGG","TGC","961","missense_variant","GGG","TGC","TGC","2","-2.99899985990111","0.0417348721362284","5","51587","9.69236435536085e-05","0.5","41241","1.2123857326447e-05","-2.5287070724","0.0421337586327549","5","51587","9.69236435536085e-05","1","59537","1.67962779448074e-05","FALSE","FALSE","G321C","-2.76385346615055","0.0419343153844916","1"
"491","G","321","D","GG","AT","962","missense_variant","GGG","GAT","GAT","2","-1.41403735917995","0.0493641241408681","20","51587","0.000387694574214434","6","41241","0.000145486287917364","-2.20677897751264","0.0436833666279924","20","51587","0.000387694574214434","5","59537","8.39813897240371e-05","FALSE","FALSE","G321D","-1.8104081683463","0.0465237453844302","1"
"492","G","321","E","G","A","962","missense_variant","GGG","GAG","GAG","1","-4.4584314785384","0.0347098658051279","55","51587","0.00106616007908969","2","41241","4.84954293057879e-05","-5.9881386910373","0.0254817081272106","55","51587","0.00106616007908969","1","59537","1.67962779448074e-05","FALSE","FALSE","G321E","-5.22328508478785","0.0300957869661692","1"
"493","G","321","K","GG","AA","961","missense_variant","GGG","AAG","AAG","2","-1.67707176501374","0.0480980022186878","2","51587","3.87694574214434e-05","0.5","41241","1.2123857326447e-05","-2.20677897751264","0.0436833666279924","2","51587","3.87694574214434e-05","0.5","59537","8.39813897240372e-06","FALSE","FALSE","G321K","-1.94192537126319","0.0458906844233401","1"
"494","G","321","L","GG","CT","961","missense_variant","GGG","CTG","CTG","2","-4.67707176501374","0.0336574359570223","16","51587","0.000310155659371547","0.5","41241","1.2123857326447e-05","-5.20677897751264","0.0292428003663269","16","51587","0.000310155659371547","0.5","59537","8.39813897240372e-06","FALSE","FALSE","G321L","-4.94192537126319","0.0314501181616746","1"
"495","G","321","M","GG","AT","961","missense_variant","GGG","ATG","ATG","2","-4.48442668707135","0.0345847372946926","14","51587","0.000271386201950104","0.5","41241","1.2123857326447e-05","-5.01413389957024","0.0301701017039972","14","51587","0.000271386201950104","0.5","59537","8.39813897240372e-06","FALSE","FALSE","G321M","-4.7492802933208","0.0323774194993449","1"
"496","G","321","N","GGG","AAC","961","missense_variant","GGG","AAC","AAC","3","-2.2620342657349","0.04528227230127","3","51587","5.81541861321651e-05","0.5","41241","1.2123857326447e-05","-2.7917414782338","0.0408676367105746","3","51587","5.81541861321651e-05","0.5","59537","8.39813897240372e-06","FALSE","FALSE","G321N","-2.52688787198435","0.0430749545059223","1"
"497","G","321","Q","GG","CA","961","missense_variant","GGG","CAG","CAG","2","-5.20063372107076","0.0311372589175128","23","51587","0.000445848760346599","0.5","41241","1.2123857326447e-05","-5.73034093356965","0.0267226233268174","23","51587","0.000445848760346599","0.5","59537","8.39813897240372e-06","FALSE","FALSE","G321Q","-5.46548732732021","0.0289299411221651","1"
"498","G","321","R","G","A","961","missense_variant","GGG","AGG","AGG","1","-1.09210926429259","0.0509137321361056","8","51587","0.000155077829685774","3","41241","7.27431439586819e-05","-2.20677897751264","0.0436833666279924","8","51587","0.000155077829685774","2","59537","3.35925558896149e-05","FALSE","FALSE","G321R","-1.64944412090261","0.047298549382049","0"
"499","G","321","R","GGG","AGA","961","missense_variant","GGG","AGA","AGG","1","-4.37751148315484","0.0350993759902046","13","51587","0.000252001473239382","0.5","41241","1.2123857326447e-05","-4.90721869565373","0.0306847403995092","13","51587","0.000252001473239382","0.5","59537","8.39813897240372e-06","FALSE","FALSE","G321R","-4.64236508940428","0.0328920581948569","1"
"500","G","321","S","GGG","AGC","961","missense_variant","GGG","AGC","AGC","2","-2.67707176501374","0.043284480131466","4","51587","7.75389148428868e-05","0.5","41241","1.2123857326447e-05","-3.20677897751264","0.0388698445407706","4","51587","7.75389148428868e-05","0.5","59537","8.39813897240372e-06","FALSE","FALSE","G321S","-2.94192537126319","0.0410771623361183","1"
"501","G","321","V","G","T","962","missense_variant","GGG","GTG","GTG","1","-6.10333651971584","0.0267920790580377","43","51587","0.000833543334561033","0.5","41241","1.2123857326447e-05","-6.63304373221474","0.0223774434673423","43","51587","0.000833543334561033","0.5","59537","8.39813897240372e-06","FALSE","FALSE","G321V","-6.36819012596529","0.02458476126269","1"
"502","G","321","W","G","T","961","missense_variant","GGG","TGG","TGG","1","-5.84699676645606","0.0280259761221867","36","51587","0.000697850233585981","0.5","41241","1.2123857326447e-05","-5.37670397895495","0.0284248626187131","36","51587","0.000697850233585981","1","59537","1.67962779448074e-05","FALSE","FALSE","G321W","-5.6118503727055","0.0282254193704499","1"
"503","G","321","Y","GGG","TAC","961","missense_variant","GGG","TAC","TAC","3","-0.677071765013744","0.0529115243059097","1","51587","1.93847287107217e-05","0.5","41241","1.2123857326447e-05","-1.20677897751264","0.0484968887152143","1","51587","1.93847287107217e-05","0.5","59537","8.39813897240372e-06","FALSE","FALSE","G321Y","-0.941925371263192","0.050704206510562","1"
"504","H","246","A","CAC","GCT","736","missense_variant","CAC","GCT","GCC","2","2.864359184169","0.0699582804001718","3","53016","5.65866908103214e-05","17","41255","0.000412071264089201","3.62725817220634","0.0717656333058375","3","53016","5.65866908103214e-05","42","60065","0.000699242487305419","FALSE","FALSE","H246A","3.24580867818767","0.0708619568530047","1"
"505","H","246","C","CA","TG","736","missense_variant","CAC","TGC","TGC","2","1.70763368048154","0.0643903566393195","24","53016","0.000452693526482571","61","41255","0.00147860865349655","1.30102993988535","0.0605682823296414","24","53016","0.000452693526482571","67","60065","0.00111545825355864","FALSE","FALSE","H246C","1.50433181018345","0.0624793194844804","1"
"506","H","246","D","CAC","GAT","736","missense_variant","CAC","GAT","GAC","1","2.68378693852718","0.0690890919074357","16","53016","0.000301795684321714","80","41255","0.00193915888983154","2.06783076359232","0.0642592950310548","16","53016","0.000301795684321714","76","60065","0.00126529592940981","FALSE","FALSE","H246D","2.37580885105975","0.0666741934692452","1"
"507","H","246","E","CAC","GAG","736","missense_variant","CAC","GAG","GAG","2","-0.123567983530428","0.0555758269834404","14","53016","0.0002640712237815","10","41255","0.000242394861228942","-0.180096749851263","0.0534388462946204","14","53016","0.0002640712237815","14","60065","0.000233080829101806","FALSE","FALSE","H246E","-0.151832366690846","0.0545073366390304","1"
"508","H","246","F","CA","TT","736","missense_variant","CAC","TTC","TTC","2","0.606971341476345","0.0590922941599447","54","53016","0.00101856043458579","64","41255","0.00155132711186523","0.664928590172396","0.0575063944330865","54","53016","0.00101856043458579","97","60065","0.00161491717306252","FALSE","FALSE","H246F","0.635949965824371","0.0582993442965156","1"
"509","H","246","G","CAC","GGT","736","missense_variant","CAC","GGT","GGC","2","2.62489324947361","0.0688056058343783","5","53016","9.43111513505357e-05","24","41255","0.000581747666949461","3.33086516942612","0.0703389390404569","5","53016","9.43111513505357e-05","57","60065","0.000948971947057355","FALSE","FALSE","H246G","2.97787920944986","0.0695722724374176","1"
"510","H","246","I","CA","AT","736","missense_variant","CAC","ATC","ATC","2","-4.63814115636019","0.0338448293016452","16","53016","0.000301795684321714","0.5","41255","1.21197430614471e-05","-4.18009674985126","0.0341847579457331","16","53016","0.000301795684321714","1","60065","1.6648630650129e-05","FALSE","FALSE","H246I","-4.40911895310572","0.0340147936236891","1"
"511","H","246","K","CAC","AAG","736","missense_variant","CAC","AAG","AAG","2","-0.960069251247548","0.051549309655295","10","53016","0.000188622302701071","4","41255","9.69579444915768e-05","-0.180096749851263","0.0534388462946204","10","53016","0.000188622302701071","10","60065","0.00016648630650129","FALSE","FALSE","H246K","-0.570083000549406","0.0524940779749577","1"
"512","H","246","L","AC","TG","737","missense_variant","CAC","CTG","CTC","1","1.65362496801692","0.0641303845089686","29","53016","0.000547004677833107","71","41255","0.00172100351472549","1.48548421107818","0.0614561570381105","29","53016","0.000547004677833107","92","60065","0.00153167401981187","FALSE","FALSE","H246L","1.56955458954755","0.0627932707735396","1"
"513","H","246","M","CAC","ATG","736","missense_variant","CAC","ATG","ATG","3","1.55450392158221","0.0636532631626466","14","53016","0.0002640712237815","32","41255","0.000775663555932614","1.50440142442081","0.0615472154623639","14","53016","0.0002640712237815","45","60065","0.000749188379255806","FALSE","FALSE","H246M","1.52945267300151","0.0626002393125052","1"
"514","H","246","N","C","A","736","missense_variant","CAC","AAC","AAC","1","1.2493841143814","0.0621845622314366","20","53016","0.000377244605402143","37","41255","0.000896860986547085","1.89029257804013","0.0634047110535741","20","53016","0.000377244605402143","84","60065","0.00139848497461084","FALSE","FALSE","H246N","1.56983834621077","0.0627946366425053","1"
"515","H","246","P","AC","CT","737","missense_variant","CAC","CCT","CCC","1","-4.5450317519687","0.0342930134762117","15","53016","0.000282933454051607","0.5","41255","1.21197430614471e-05","-4.08698734545978","0.0346329421202995","15","53016","0.000282933454051607","1","60065","1.6648630650129e-05","FALSE","FALSE","H246P","-4.31600954871424","0.0344629777982556","1"
"516","H","246","Q","C","A","738","missense_variant","CAC","CAA","CAG","1","-1.96006925124755","0.0467357875680732","5","53016","9.43111513505357e-05","1","41255","2.42394861228942e-05","-0.502024844738625","0.0518892382993829","5","53016","9.43111513505357e-05","4","60065","6.65945226005161e-05","FALSE","FALSE","H246Q","-1.23104704799309","0.049312512933728","0"
"517","H","246","Q","C","G","738","missense_variant","CAC","CAG","CAG","1","2.53178384508213","0.0683574216598119","20","53016","0.000377244605402143","90","41255","0.00218155375106048","2.48665984203354","0.0662753380509024","20","53016","0.000377244605402143","127","60065","0.00211437609256639","FALSE","FALSE","H246Q","2.50922184355783","0.0673163798553571","1"
"518","H","246","R","A","G","737","missense_variant","CAC","CGC","CGC","1","-0.638141156360186","0.0530989176505326","1","53016","1.88622302701071e-05","0.5","41255","1.21197430614471e-05","-1.18009674985126","0.0486253242073986","1","53016","1.88622302701071e-05","0.5","60065","8.32431532506451e-06","FALSE","FALSE","H246R","-0.909118953105724","0.0508621209289656","0"
"519","H","246","R","CAC","AGA","736","missense_variant","CAC","AGA","CGC","1","-0.307992554667855","0.054688095236844","35","53016","0.00066017805945375","22","41255","0.000533268694703672","-1.13945476535392","0.0488209552974451","35","53016","0.00066017805945375","18","60065","0.000299675351702322","FALSE","FALSE","H246R","-0.723723660010886","0.0517545252671446","1"
"520","H","246","S","CA","AG","736","missense_variant","CAC","AGC","AGC","2","0.361858843639814","0.0579124397377544","4","53016","7.54489210804285e-05","4","41255","9.69579444915768e-05","-0.595134249130107","0.0514410541248164","4","53016","7.54489210804285e-05","3","60065","4.99458919503871e-05","FALSE","FALSE","H246S","-0.116637702745146","0.0546767469312854","1"
"521","H","246","T","CA","AC","736","missense_variant","CAC","ACC","ACC","2","0.548271967870695","0.0588097434285878","29","53016","0.000547004677833107","33","41255","0.000799903042055508","1.35423967779993","0.0608244085783485","29","53016","0.000547004677833107","84","60065","0.00139848497461084","FALSE","FALSE","H246T","0.95125582283531","0.0598170760034681","1"
"522","H","246","V","CAC","GTG","736","missense_variant","CAC","GTG","GTC","2","-3.5450317519687","0.0391065355634335","30","53016","0.000565866908103214","2","41255","4.84789722457884e-05","-2.27963242340218","0.0433326849570729","30","53016","0.000565866908103214","7","60065","0.000116540414550903","FALSE","FALSE","H246V","-2.91233208768544","0.0412196102602532","1"
"523","H","246","W","CAC","TGG","736","missense_variant","CAC","TGG","TGG","3","2.15771812685959","0.0665568480630752","36","53016","0.000679040289723857","125","41255","0.00302993576536177","2.38468786893226","0.0657844937061018","36","53016","0.000679040289723857","213","60065","0.00354615832847748","FALSE","FALSE","H246W","2.27120299789593","0.0661706708845885","1"
"524","H","246","Y","C","T","736","missense_variant","CAC","TAC","TAC","1","1.59889804094066","0.0638669552367212","28","53016","0.000528142447563","66","41255","0.00159980608411102","1.89519137745297","0.0634282915327486","28","53016","0.000528142447563","118","60065","0.00196453841671523","FALSE","FALSE","H246Y","1.74704470919682","0.0636476233847349","1"
"525","H","295","A","CAC","GCT","883","missense_variant","CAC","GCT","GCC","2","-5.64933256897391","0.02897743710262","32","53198","0.000601526373171924","0.5","41719","1.19849469066852e-05","-6.1824358953523","0.0245464542427549","32","53198","0.000601526373171924","0.5","60369","8.28239659427852e-06","FALSE","FALSE","H295A","-5.9158842321631","0.0267619456726874","1"
"526","H","295","C","CA","TG","883","missense_variant","CAC","TGC","TGC","2","-4.349772287115","0.0352328992230241","13","53198","0.000244370089101094","0.5","41719","1.19849469066852e-05","-4.88287561349339","0.030801916363159","13","53198","0.000244370089101094","0.5","60369","8.28239659427852e-06","FALSE","FALSE","H295C","-4.6163239503042","0.0330174077930915","1"
"527","H","295","D","CAC","GAT","883","missense_variant","CAC","GAT","GAC","1","-4.97126066386127","0.0322413511946043","20","53198","0.000375953983232452","0.5","41719","1.19849469066852e-05","-2.1824358953523","0.0438005425916423","20","53198","0.000375953983232452","5","60369","8.28239659427852e-05","FALSE","FALSE","H295D","-3.57684827960679","0.0380209468931233","1"
"528","H","295","E","CAC","GAG","883","missense_variant","CAC","GAG","GAG","2","-6.10876418761121","0.0267659528587413","44","53198","0.000827098763111395","0.5","41719","1.19849469066852e-05","-6.6418675139896","0.0223349699988762","44","53198","0.000827098763111395","0.5","60369","8.28239659427852e-06","FALSE","FALSE","H295E","-6.3753158508004","0.0245504614288087","1"
"529","H","295","F","CA","TT","883","missense_variant","CAC","TTC","TTC","2","-6.75785702575208","0.0236415301456927","69","53198","0.00129704124215196","0.5","41719","1.19849469066852e-05","-7.29096035213047","0.0192105472858276","69","53198","0.00129704124215196","0.5","60369","8.28239659427852e-06","FALSE","FALSE","H295F","-7.02440868894127","0.0214260387157601","1"
"530","H","295","G","CAC","GGT","883","missense_variant","CAC","GGT","GGC","2","-2.97126066386127","0.0418683953690479","10","53198","0.000187976991616226","1","41719","2.39698938133704e-05","-2.50436399023966","0.0422509345964047","10","53198","0.000187976991616226","2","60369","3.31295863771141e-05","FALSE","FALSE","H295G","-2.73781232705047","0.0420596649827263","1"
"531","H","295","I","CA","AT","883","missense_variant","CAC","ATC","ATC","2","-5.23429506969507","0.030975229272424","24","53198","0.000451144779878943","0.5","41719","1.19849469066852e-05","-5.76739839607346","0.0265442464125589","24","53198","0.000451144779878943","0.5","60369","8.28239659427852e-06","FALSE","FALSE","H295I","-5.50084673288426","0.0287597378424915","1"
"532","H","295","K","CAC","AAG","883","missense_variant","CAC","AAG","AAG","2","-4.69372668833236","0.0335772671157672","33","53198","0.000620324072333546","1","41719","2.39698938133704e-05","-5.22683001471075","0.0291462842559021","33","53198","0.000620324072333546","1","60369","1.6564793188557e-05","FALSE","FALSE","H295K","-4.96027835152156","0.0313617756858346","1"
"533","H","295","L","AC","TG","884","missense_variant","CAC","CTG","CTC","1","-5.77861558591888","0.0283551304450527","35","53198","0.000657919470656792","0.5","41719","1.19849469066852e-05","-6.31171891229727","0.0239241475851876","35","53198","0.000657919470656792","0.5","60369","8.28239659427852e-06","FALSE","FALSE","H295L","-6.04516724910807","0.0261396390151202","1"
"534","H","295","M","CAC","ATG","883","missense_variant","CAC","ATG","ATG","3","-3.40422007113738","0.0397843356992539","54","53198","0.00101507575472762","4","41719","9.58795752534816e-05","-4.35236089679461","0.0333555606695848","54","53198","0.00101507575472762","3","60369","4.96943795656711e-05","FALSE","FALSE","H295M","-3.878290483966","0.0365699481844194","1"
"535","H","295","N","C","A","883","missense_variant","CAC","AAC","AAC","1","-1.64933256897391","0.0482315254515074","12","53198","0.000225572389939471","3","41719","7.19096814401112e-05","0.480529117370129","0.0566187834978807","12","53198","0.000225572389939471","19","60369","0.000314731070582584","FALSE","FALSE","H295N","-0.584401725801891","0.052425154474694","1"
"536","H","295","P","AC","CT","884","missense_variant","CAC","CCT","CCC","1","-5.04164999175267","0.0319025306100943","21","53198","0.000394751682394075","0.5","41719","1.19849469066852e-05","-5.57475331813106","0.0274715477502292","21","53198","0.000394751682394075","0.5","60369","8.28239659427852e-06","FALSE","FALSE","H295P","-5.30820165494187","0.0296870391801618","1"
"537","H","295","Q","C","G","885","missense_variant","CAC","CAG","CAG","1","-2.69372668833236","0.0432043112902108","33","53198","0.000620324072333546","4","41719","9.58795752534816e-05","-5.22683001471075","0.0291462842559021","33","53198","0.000620324072333546","1","60369","1.6564793188557e-05","FALSE","FALSE","H295Q","-3.96027835152156","0.0361752977730565","1"
"538","H","295","R","CAC","AGA","883","missense_variant","CAC","AGA","CGC","1","-5.81925757041622","0.0281594993550062","36","53198","0.000676717169818414","0.5","41719","1.19849469066852e-05","-6.35236089679461","0.0237285164951411","36","53198","0.000676717169818414","0.5","60369","8.28239659427852e-06","FALSE","FALSE","H295R","-6.08580923360542","0.0259440079250737","1"
"539","H","295","S","CA","AG","883","missense_variant","CAC","AGC","AGC","2","-4.29318875874864","0.0355052652865885","25","53198","0.000469942479040565","1","41719","2.39698938133704e-05","-3.82629208512703","0.0358878045139453","25","53198","0.000469942479040565","2","60369","3.31295863771141e-05","FALSE","FALSE","H295S","-4.05974042193783","0.0356965349002669","1"
"540","H","295","T","CA","AC","883","missense_variant","CAC","ACC","ACC","2","-5.81925757041622","0.0281594993550062","36","53198","0.000676717169818414","0.5","41719","1.19849469066852e-05","-6.35236089679461","0.0237285164951411","36","53198","0.000676717169818414","0.5","60369","8.28239659427852e-06","FALSE","FALSE","H295T","-6.08580923360542","0.0259440079250737","1"
"541","H","295","V","CAC","GTG","883","missense_variant","CAC","GTG","GTC","2","-6.00688457359199","0.0272563526310604","41","53198","0.000770705665626527","0.5","41719","1.19849469066852e-05","-4.53998789997038","0.032452413945639","41","53198","0.000770705665626527","2","60369","3.31295863771141e-05","FALSE","FALSE","H295V","-5.27343623678119","0.0298543832883497","1"
"542","H","295","W","CAC","TGG","883","missense_variant","CAC","TGG","TGG","3","-5.50731356410148","0.0296610487193787","29","53198","0.000545133275687056","0.5","41719","1.19849469066852e-05","-6.04041689047987","0.0252300658595136","29","53198","0.000545133275687056","0.5","60369","8.28239659427852e-06","FALSE","FALSE","H295W","-5.77386522729068","0.0274455572894461","1"
"543","H","295","Y","C","T","883","missense_variant","CAC","TAC","TAC","1","-5.17289452503092","0.0312707821503323","23","53198","0.00043234708071732","0.5","41719","1.19849469066852e-05","-5.70599785140931","0.0268397992904672","23","53198","0.00043234708071732","0.5","60369","8.28239659427852e-06","FALSE","FALSE","H295Y","-5.43944618822012","0.0290552907203998","1"
"544","I","242","A","ATC","GCT","724","missense_variant","ATC","GCT","GCC","2","-4.45044840741984","0.0347482924942809","14","52372","0.000267318414419919","0.5","40894","1.22267325279992e-05","-4.99418620025983","0.0302661203952171","14","52372","0.000267318414419919","0.5","59613","8.38743227148441e-06","FALSE","FALSE","I242A","-4.72231730383983","0.032507206444749","1"
"545","I","242","C","AT","TG","724","missense_variant","ATC","TGC","TGC","2","-4.34353320350333","0.0352629311897929","26","52372","0.000496448483922707","1","40894","2.44534650559984e-05","-5.88727099634332","0.0259672370035073","26","52372","0.000496448483922707","0.5","59613","8.38743227148441e-06","FALSE","FALSE","I242C","-5.11540209992332","0.0306150840966501","1"
"546","I","242","D","ATC","GAT","724","missense_variant","ATC","GAT","GAC","2","-4.45044840741984","0.0347482924942809","14","52372","0.000267318414419919","0.5","40894","1.22267325279992e-05","-4.99418620025983","0.0302661203952171","14","52372","0.000267318414419919","0.5","59613","8.38743227148441e-06","FALSE","FALSE","I242D","-4.72231730383983","0.032507206444749","1"
"547","I","242","E","ATC","GAG","724","missense_variant","ATC","GAG","GAG","3","-5.28694967513696","0.0307217751661355","25","52372","0.000477354311464141","0.5","40894","1.22267325279992e-05","-5.83068746797695","0.0262396030670717","25","52372","0.000477354311464141","0.5","59613","8.38743227148441e-06","FALSE","FALSE","I242E","-5.55881857155695","0.0284806891166036","1"
"548","I","242","F","A","T","724","missense_variant","ATC","TTC","TTC","1","2.07311354863717","0.0661496020571215","7","52372","0.00013365920720996","23","40894","0.000562429696287964","2.56040265141781","0.0666303006926474","7","52372","0.00013365920720996","47","59613","0.000788418633519534","FALSE","FALSE","I242F","2.31675810002749","0.0663899513748844","1"
"549","I","242","G","ATC","GGT","724","missense_variant","ATC","GGT","GGC","2","-5.34353320350333","0.0304494091025711","26","52372","0.000496448483922707","0.5","40894","1.22267325279992e-05","-5.88727099634332","0.0259672370035073","26","52372","0.000496448483922707","0.5","59613","8.38743227148441e-06","FALSE","FALSE","I242G","-5.61540209992332","0.0282083230530392","1"
"550","I","242","H","AT","CA","724","missense_variant","ATC","CAC","CAC","2","-3.9650215802496","0.0370849052485949","10","52372","0.000190941724585656","0.5","40894","1.22267325279992e-05","-4.50875937308959","0.0326027331495311","10","52372","0.000190941724585656","0.5","59613","8.38743227148441e-06","FALSE","FALSE","I242H","-4.23689047666959","0.034843819199063","1"
"551","I","242","K","TC","AG","725","missense_variant","ATC","AAG","AAG","2","-4.34353320350333","0.0352629311897929","13","52372","0.000248224241961353","0.5","40894","1.22267325279992e-05","-4.88727099634332","0.0307807590907291","13","52372","0.000248224241961353","0.5","59613","8.38743227148441e-06","FALSE","FALSE","I242K","-4.61540209992332","0.033021845140261","1"
"552","I","242","L","ATC","CTG","724","missense_variant","ATC","CTG","CTC","1","1.00898321121746","0.0610273871742689","14","52372","0.000267318414419919","22","40894","0.000537976231231966","0.960010110127048","0.0589267758469192","14","52372","0.000267318414419919","31","59613","0.000520020800832033","FALSE","FALSE","I242L","0.984496660672253","0.059977081510594","1"
"553","I","242","M","C","G","726","missense_variant","ATC","ATG","ATG","1","-3.03541090814099","0.0415596067513068","21","52372","0.000400977621629879","2","40894","4.89069301119969e-05","-4.57914870098098","0.0322639125650212","21","52372","0.000400977621629879","1","59613","1.67748645429688e-05","FALSE","FALSE","I242M","-3.80727980456099","0.036911759658164","1"
"554","I","242","N","T","A","725","missense_variant","ATC","AAC","AAC","1","-2.64309348536223","0.0434480353310543","4","52372","7.63766898342626e-05","0.5","40894","1.22267325279992e-05","-3.18683127820222","0.0389658632319905","4","52372","7.63766898342626e-05","0.5","59613","8.38743227148441e-06","FALSE","FALSE","I242N","-2.91496238178223","0.0412069492815224","1"
"555","I","242","P","ATC","CCT","724","missense_variant","ATC","CCT","CCC","2","-5.28694967513696","0.0307217751661355","25","52372","0.000477354311464141","0.5","40894","1.22267325279992e-05","-5.83068746797695","0.0262396030670717","25","52372","0.000477354311464141","0.5","59613","8.38743227148441e-06","FALSE","FALSE","I242P","-5.55881857155695","0.0284806891166036","1"
"556","I","242","Q","ATC","CAG","724","missense_variant","ATC","CAG","CAG","3","-4.9650215802496","0.0322713831613731","20","52372","0.000381883449171313","0.5","40894","1.22267325279992e-05","-5.50875937308959","0.0277892110623093","20","52372","0.000381883449171313","0.5","59613","8.38743227148441e-06","FALSE","FALSE","I242Q","-5.23689047666959","0.0300302971118412","1"
"557","I","242","R","TC","GA","725","missense_variant","ATC","AGA","AGA","2","-3.22805598608339","0.0406323054136365","12","52372","0.000229130069502788","1","40894","2.44534650559984e-05","-4.77179377892338","0.0313366112273509","12","52372","0.000229130069502788","0.5","59613","8.38743227148441e-06","FALSE","FALSE","I242R","-3.99992488250339","0.0359844583204937","1"
"558","I","242","S","T","G","725","missense_variant","ATC","AGC","AGC","1","-5.34353320350333","0.0304494091025711","26","52372","0.000496448483922707","0.5","40894","1.22267325279992e-05","-5.88727099634332","0.0259672370035073","26","52372","0.000496448483922707","0.5","59613","8.38743227148441e-06","FALSE","FALSE","I242S","-5.61540209992332","0.0282083230530392","1"
"559","I","242","T","T","C","725","missense_variant","ATC","ACC","ACC","1","-4.73055632661257","0.033399986838441","17","52372","0.000324600931795616","0.5","40894","1.22267325279992e-05","-5.27429411945256","0.0289178147393772","17","52372","0.000324600931795616","0.5","59613","8.38743227148441e-06","FALSE","FALSE","I242T","-5.00242522303257","0.0311589007889091","1"
"560","I","242","V","A","G","724","missense_variant","ATC","GTC","GTC","1","-1.61884593911556","0.0483782735176955","59","52372","0.00112655617505537","15","40894","0.000366801975839977","-1.21149333243649","0.0484741960636613","59","52372","0.00112655617505537","29","59613","0.000486471071746096","FALSE","FALSE","I242V","-1.41516963577602","0.0484262347906784","0"
"561","I","242","V","ATC","GTG","724","missense_variant","ATC","GTG","GTC","1","1.03067828231678","0.0611318168781893","42","52372","0.000801955243259757","67","40894","0.0016383821587519","0.847116053721114","0.0583833578128931","42","52372","0.000801955243259757","86","59613","0.00144263835069532","FALSE","FALSE","I242V","0.938897168018946","0.0597575873455412","1"
"562","I","242","W","ATC","TGG","724","missense_variant","ATC","TGG","TGG","3","-4.64309348536223","0.0338209911566107","16","52372","0.00030550675933705","0.5","40894","1.22267325279992e-05","-5.18683127820222","0.0293388190575469","16","52372","0.00030550675933705","0.5","59613","8.38743227148441e-06","FALSE","FALSE","I242W","-4.91496238178223","0.0315799051070788","1"
"563","I","242","Y","AT","TA","724","missense_variant","ATC","TAC","TAC","2","-4.64309348536223","0.0338209911566107","16","52372","0.00030550675933705","0.5","40894","1.22267325279992e-05","-5.18683127820222","0.0293388190575469","16","52372","0.00030550675933705","0.5","59613","8.38743227148441e-06","FALSE","FALSE","I242Y","-4.91496238178223","0.0315799051070788","1"
"564","I","293","A","ATC","GCT","877","missense_variant","ATC","GCT","GCC","2","-6.40193015769734","0.0253547919865098","54","53294","0.00101324726986152","0.5","41728","1.19823619631902e-05","-6.93551070313414","0.0209215120221667","54","53294","0.00101324726986152","0.5","60402","8.27787159365584e-06","FALSE","FALSE","I293A","-6.66872043041574","0.0231381520043383","1"
"565","I","293","C","AT","TG","877","missense_variant","ATC","TGC","TGC","2","-4.96897075042124","0.0322523737435257","20","53294","0.000375276766615379","0.5","41728","1.19823619631902e-05","-5.50255129585803","0.0278190937791825","20","53294","0.000375276766615379","0.5","60402","8.27787159365584e-06","FALSE","FALSE","I293C","-5.23576102313964","0.0300357337613541","1"
"566","I","293","D","ATC","GAT","877","missense_variant","ATC","GAT","GAC","2","-5.69143677489233","0.0287747675774667","33","53294","0.000619206664915375","0.5","41728","1.19823619631902e-05","-6.22501732032913","0.0243414876131236","33","53294","0.000619206664915375","0.5","60402","8.27787159365584e-06","FALSE","FALSE","I293D","-5.95822704761073","0.0265581275952952","1"
"567","I","293","E","ATC","GAG","877","missense_variant","ATC","GAG","GAG","3","-5.45439757759148","0.0299157609892117","28","53294","0.00052538747326153","0.5","41728","1.19823619631902e-05","-5.98797812302828","0.0254824810248686","28","53294","0.00052538747326153","0.5","60402","8.27787159365584e-06","FALSE","FALSE","I293E","-5.72118785030988","0.0276991210070401","1"
"568","I","293","F","A","T","877","missense_variant","ATC","TTC","TTC","1","-4.2908988453086","0.03551628783551","25","53294","0.000469095958269224","1","41728","2.39647239263804e-05","-2.50255129585803","0.0422596600408481","25","53294","0.000469095958269224","5","60402","8.27787159365584e-05","FALSE","FALSE","I293F","-3.39672507058332","0.038887973938179","1"
"569","I","293","G","ATC","GGT","877","missense_variant","ATC","GGT","GGC","2","-5.03936007831263","0.0319135531590158","21","53294","0.000394040604946148","0.5","41728","1.19823619631902e-05","-5.57294062374943","0.0274802731946726","21","53294","0.000394040604946148","0.5","60402","8.27787159365584e-06","FALSE","FALSE","I293G","-5.30615035103103","0.0296969131768442","1"
"570","I","293","H","AT","CA","877","missense_variant","ATC","CAC","CAC","2","-4.81696765697619","0.0329840439911495","18","53294","0.000337749089953841","0.5","41728","1.19823619631902e-05","-5.35054820241298","0.0285507640268063","18","53294","0.000337749089953841","0.5","60402","8.27787159365584e-06","FALSE","FALSE","I293H","-5.08375792969459","0.0307674040089779","1"
"571","I","293","K","TC","AG","878","missense_variant","ATC","AAG","AAG","2","-4.45439757759148","0.0347292830764336","14","53294","0.000262693736630765","0.5","41728","1.19823619631902e-05","-4.98797812302828","0.0302960031120904","14","53294","0.000262693736630765","0.5","60402","8.27787159365584e-06","FALSE","FALSE","I293K","-4.72118785030988","0.032512643094262","1"
"572","I","293","L","ATC","CTG","877","missense_variant","ATC","CTG","CTC","1","-0.316894053841544","0.0546452476739621","35","53294","0.000656734341576913","22","41728","0.000527223926380368","-0.917588795136878","0.0498889120454877","35","53294","0.000656734341576913","21","60402","0.000347670606933545","FALSE","FALSE","I293L","-0.617241424489211","0.0522670798597249","1"
"573","I","293","M","C","G","879","missense_variant","ATC","ATG","ATG","1","-4.55393325114239","0.0342501659133297","30","53294","0.000562915149923068","1","41728","2.39647239263804e-05","-4.08751379657919","0.0346304080362084","30","53294","0.000562915149923068","2","60402","3.31114863746234e-05","FALSE","FALSE","I293M","-4.32072352386079","0.0344402869747691","1"
"574","I","293","N","T","A","878","missense_variant","ATC","AAC","AAC","1","-0.746578329084789","0.0525769529245468","15","53294","0.000281457574961534","7","41728","0.000167753067484663","-0.917588795136878","0.0498889120454877","15","53294","0.000281457574961534","9","60402","0.000149001688685805","FALSE","FALSE","I293N","-0.832083562110833","0.0512329324850173","1"
"575","I","293","P","ATC","CCT","877","missense_variant","ATC","CCT","CCC","2","-4.73450549678421","0.0333809774205936","17","53294","0.000318985251623072","0.5","41728","1.19823619631902e-05","-5.26808604222101","0.0289476974562504","17","53294","0.000318985251623072","0.5","60402","8.27787159365584e-06","FALSE","FALSE","I293P","-5.00129576950261","0.031164337438422","1"
"576","I","293","Q","ATC","CAG","877","missense_variant","ATC","CAG","CAG","3","-1.38400824970008","0.049508669922609","20","53294","0.000375276766615379","6","41728","0.000143788343558282","-2.50255129585803","0.0422596600408481","20","53294","0.000375276766615379","4","60402","6.62229727492467e-05","FALSE","FALSE","I293Q","-1.94327977277906","0.0458841649817286","1"
"577","I","293","R","TC","GA","878","missense_variant","ATC","AGA","AGA","2","-5.17060461159089","0.0312818046992538","23","53294","0.000431568281607686","0.5","41728","1.19823619631902e-05","-5.70418515702768","0.0268485247349106","23","53294","0.000431568281607686","0.5","60402","8.27787159365584e-06","FALSE","FALSE","I293R","-5.43739488430929","0.0290651647170822","1"
"578","I","293","S","T","G","878","missense_variant","ATC","AGC","AGC","1","-1.52151177345002","0.0488467936739679","11","53294","0.000206402221638458","3","41728","7.18941717791411e-05","0.0603848985331234","0.0545964100206902","11","53294","0.000206402221638458","13","60402","0.000215224661435052","FALSE","FALSE","I293S","-0.730563437458446","0.051721601847329","1"
"579","I","293","T","T","C","878","missense_variant","ATC","ACC","ACC","1","-3.34748237367497","0.0400574438591674","26","53294","0.000487859796599993","2","41728","4.79294478527607e-05","-5.88106291911176","0.0259971197203805","26","53294","0.000487859796599993","0.5","60402","8.27787159365584e-06","FALSE","FALSE","I293T","-4.61427264639337","0.0330272817897739","1"
"580","I","293","V","ATC","GTG","877","missense_variant","ATC","GTG","GTC","1","1.21545382071619","0.0620212380134532","22","53294","0.000412804443276917","40","41728","0.000958588957055215","1.33722510389195","0.0607425085510378","22","53294","0.000412804443276917","63","60402","0.00104301182080064","FALSE","FALSE","I293V","1.27633946230407","0.0613818732822455","1"
"581","I","293","W","ATC","TGG","877","missense_variant","ATC","TGG","TGG","3","-4.73450549678421","0.0333809774205936","17","53294","0.000318985251623072","0.5","41728","1.19823619631902e-05","-5.26808604222101","0.0289476974562504","17","53294","0.000318985251623072","0.5","60402","8.27787159365584e-06","FALSE","FALSE","I293W","-5.00129576950261","0.031164337438422","1"
"582","I","293","Y","AT","TA","877","missense_variant","ATC","TAC","TAC","2","-3.17060461159089","0.0409088488736975","23","53294","0.000431568281607686","2","41728","4.79294478527607e-05","-3.70418515702768","0.0364755689093543","23","53294","0.000431568281607686","2","60402","3.31114863746234e-05","FALSE","FALSE","I293Y","-3.43739488430929","0.0386922088915259","1"
"583","I","313","A","AT","GC","937","missense_variant","ATC","GCC","GCC","2","-2.98747552434793","0.0417903447799542","5","52379","9.54581034384009e-05","0.5","41541","1.20363014852796e-05","-3.52052059726664","0.037359642324404","5","52379","9.54581034384009e-05","0.5","60109","8.31822189688732e-06","FALSE","FALSE","I313A","-3.25399806080728","0.0395749935521791","0"
"584","I","313","A","ATC","GCT","937","missense_variant","ATC","GCT","GCC","2","-5.77407188623874","0.0283770016438208","69","52379","0.00131732182744993","1","41541","2.40726029705592e-05","-5.30711695915745","0.0287598212754924","69","52379","0.00131732182744993","2","60109","3.32728875875493e-05","FALSE","FALSE","I313A","-5.54059442269809","0.0285684114596566","1"
"585","I","313","C","AT","TG","937","missense_variant","ATC","TGC","TGC","2","-6.30940361923529","0.0258001705230511","50","52379","0.000954581034384009","0.5","41541","1.20363014852796e-05","-6.842448692154","0.0213694680675009","50","52379","0.000954581034384009","0.5","60109","8.31822189688732e-06","FALSE","FALSE","I313C","-6.57592615569465","0.023584819295276","1"
"586","I","313","D","ATC","GAT","937","missense_variant","ATC","GAT","GAC","2","-6.30940361923529","0.0258001705230511","50","52379","0.000954581034384009","0.5","41541","1.20363014852796e-05","-6.842448692154","0.0213694680675009","50","52379","0.000954581034384009","0.5","60109","8.31822189688732e-06","FALSE","FALSE","I313D","-6.57592615569465","0.023584819295276","1"
"587","I","313","E","ATC","GAG","937","missense_variant","ATC","GAG","GAG","3","-4.36598714760166","0.0351548486339303","13","52379","0.000248191068939842","0.5","41541","1.20363014852796e-05","-4.89903222052037","0.0307241461783801","13","52379","0.000248191068939842","0.5","60109","8.31822189688732e-06","FALSE","FALSE","I313E","-4.63250968406101","0.0329394974061552","1"
"588","I","313","F","A","T","937","missense_variant","ATC","TTC","TTC","1","-6.05786485223933","0.0270109579337787","42","52379","0.000801848068882567","0.5","41541","1.20363014852796e-05","-6.59090992515804","0.0225802554782285","42","52379","0.000801848068882567","0.5","60109","8.31822189688732e-06","FALSE","FALSE","I313F","-6.32438738869868","0.0247956067060036","1"
"589","I","313","G","ATC","GGT","937","missense_variant","ATC","GGT","GGC","2","-6.33797277143206","0.0256626522779387","51","52379","0.000973672655071689","0.5","41541","1.20363014852796e-05","-6.87101784435077","0.0212319498223885","51","52379","0.000973672655071689","0.5","60109","8.31822189688732e-06","FALSE","FALSE","I313G","-6.60449530789142","0.0234473010501636","1"
"590","I","313","H","AT","CA","937","missense_variant","ATC","CAC","CAC","2","-3.47290235151817","0.0394537320256402","7","52379","0.000133641344813761","0.5","41541","1.20363014852796e-05","-4.00594742443688","0.03502302957009","7","52379","0.000133641344813761","0.5","60109","8.31822189688732e-06","FALSE","FALSE","I313H","-3.73942488797753","0.0372383807978651","1"
"591","I","313","K","TC","AG","938","missense_variant","ATC","AAG","AAG","2","0.334452570539433","0.0577805190368573","1","52379","1.90916206876802e-05","1","41541","2.40726029705592e-05","-1.19859250237928","0.0485362944940852","1","52379","1.90916206876802e-05","0.5","60109","8.31822189688732e-06","FALSE","FALSE","I313K","-0.432069965919922","0.0531584067654712","1"
"592","I","313","L","ATC","CTG","937","missense_variant","ATC","CTG","CTC","1","-3.328512442183","0.0401487560433971","38","52379","0.000725481586131847","3","41541","7.22178089116776e-05","-3.86155751510171","0.0357180535878468","38","52379","0.000725481586131847","3","60109","4.99093313813239e-05","FALSE","FALSE","I313L","-3.59503497864235","0.0379334048156219","1"
"593","I","313","M","C","G","939","missense_variant","ATC","ATG","ATG","1","-5.66554742946057","0.0288993865135262","32","52379","0.000610931862005766","0.5","41541","1.20363014852796e-05","-6.19859250237928","0.024468684057976","32","52379","0.000610931862005766","0.5","60109","8.31822189688732e-06","FALSE","FALSE","I313M","-5.93206996591992","0.0266840352857511","1"
"594","I","313","N","T","A","938","missense_variant","ATC","AAC","AAC","1","-3.25050993018172","0.040524222857774","12","52379","0.000229099448252162","1","41541","2.40726029705592e-05","-4.78355500310043","0.0312799983150019","12","52379","0.000229099448252162","0.5","60109","8.31822189688732e-06","FALSE","FALSE","I313N","-4.01703246664108","0.0359021105863879","1"
"595","I","313","P","ATC","CCT","937","missense_variant","ATC","CCT","CCC","2","-5.52352842458814","0.0295829981302849","29","52379","0.000553656999942725","0.5","41541","1.20363014852796e-05","-6.05657349750685","0.0251522956747347","29","52379","0.000553656999942725","0.5","60109","8.31822189688732e-06","FALSE","FALSE","I313P","-5.79005096104749","0.0273676469025098","1"
"596","I","313","Q","ATC","CAG","937","missense_variant","ATC","CAG","CAG","3","-5.66554742946057","0.0288993865135262","32","52379","0.000610931862005766","0.5","41541","1.20363014852796e-05","-6.19859250237928","0.024468684057976","32","52379","0.000610931862005766","0.5","60109","8.31822189688732e-06","FALSE","FALSE","I313Q","-5.93206996591992","0.0266840352857511","1"
"597","I","313","R","TC","GA","938","missense_variant","ATC","AGA","AGA","2","-5.75301027071091","0.0284783821953566","34","52379","0.000649115103381126","0.5","41541","1.20363014852796e-05","-6.28605534362962","0.0240476797398063","34","52379","0.000649115103381126","0.5","60109","8.31822189688732e-06","FALSE","FALSE","I313R","-6.01953280717026","0.0262630309675814","1"
"598","I","313","S","T","G","938","missense_variant","ATC","AGC","AGC","1","-4.75301027071091","0.0332919042825784","34","52379","0.000649115103381126","1","41541","2.40726029705592e-05","-2.47870042157201","0.0423744667510234","34","52379","0.000649115103381126","7","60109","0.000116455106556422","FALSE","FALSE","I313S","-3.61585534614146","0.0378331855168009","1"
"599","I","313","T","T","C","938","missense_variant","ATC","ACC","ACC","1","-6.49843744362531","0.0248902520341177","57","52379","0.00108822237919777","0.5","41541","1.20363014852796e-05","-6.03148251654402","0.0252730716657893","57","52379","0.00108822237919777","1","60109","1.66364437937746e-05","FALSE","FALSE","I313T","-6.26495998008466","0.0250816618499535","1"
"600","I","313","V","ATC","GTG","937","missense_variant","ATC","GTG","GTC","1","-4.66554742946057","0.0337129086007481","16","52379","0.000305465931002883","0.5","41541","1.20363014852796e-05","-5.19859250237928","0.0292822061451978","16","52379","0.000305465931002883","0.5","60109","8.31822189688732e-06","FALSE","FALSE","I313V","-4.93206996591992","0.031497557372973","1"
"601","I","313","W","ATC","TGG","937","missense_variant","ATC","TGG","TGG","3","-3.83547243090288","0.0377084929403562","9","52379","0.000171824586189122","0.5","41541","1.20363014852796e-05","-4.36851750382159","0.0332777904848059","9","52379","0.000171824586189122","0.5","60109","8.31822189688732e-06","FALSE","FALSE","I313W","-4.10199496736223","0.035493141712581","1"
"602","I","313","Y","AT","TA","937","missense_variant","ATC","TAC","TAC","2","-5.18910938551758","0.0311927315612386","23","52379","0.000439107275816644","0.5","41541","1.20363014852796e-05","-5.72215445843629","0.0267620291056883","23","52379","0.000439107275816644","0.5","60109","8.31822189688732e-06","FALSE","FALSE","I313Y","-5.45563192197694","0.0289773803334635","1"
"603","I","314","A","ATC","GCT","940","missense_variant","ATC","GCT","GCC","2","-4.47360090965168","0.0346368474134135","14","52336","0.000267502292876796","0.5","41527","1.2040359284321e-05","-5.00638804377678","0.0302073865519435","14","52336","0.000267502292876796","0.5","60078","8.32251406504877e-06","FALSE","FALSE","I314A","-4.73999447671423","0.0324221169826785","1"
"604","I","314","C","AT","TG","940","missense_variant","ATC","TGC","TGC","2","-0.753708828844419","0.0525426301064609","34","52336","0.000649648425557933","16","41527","0.000385291497098273","-0.762934006912505","0.0506333462845004","34","52336","0.000649648425557933","23","60078","0.000382835646992243","FALSE","FALSE","I314C","-0.758321417878462","0.0515879881954806","1"
"605","I","314","D","ATC","GAT","940","missense_variant","ATC","GAT","GAC","2","-4.98817408248144","0.0321599380805056","20","52336","0.000382146132681137","0.5","41527","1.2040359284321e-05","-5.52096121660654","0.0277304772190356","20","52336","0.000382146132681137","0.5","60078","8.32251406504877e-06","FALSE","FALSE","I314D","-5.25456764954399","0.0299452076497706","1"
"606","I","314","E","ATC","GAG","940","missense_variant","ATC","GAG","GAG","3","-5.83617098903639","0.0280780862409076","36","52336","0.000687863038826047","0.5","41527","1.2040359284321e-05","-6.36895812316149","0.0236486253794376","36","52336","0.000687863038826047","0.5","60078","8.32251406504877e-06","FALSE","FALSE","I314E","-6.10256455609894","0.0258633558101726","1"
"607","I","314","F","A","T","940","missense_variant","ATC","TTC","TTC","1","-6.28095583170929","0.0259371045766401","49","52336","0.000936258025068786","0.5","41527","1.2040359284321e-05","-6.81374296583439","0.0215076437151701","49","52336","0.000936258025068786","0.5","60078","8.32251406504877e-06","FALSE","FALSE","I314F","-6.54734939877184","0.0237223741459051","1"
"608","I","314","G","ATC","GGT","940","missense_variant","ATC","GGT","GGC","2","-3.66624598759408","0.0385230681629651","8","52336","0.000152858453072455","0.5","41527","1.2040359284321e-05","-4.19903312171918","0.034093607301495","8","52336","0.000152858453072455","0.5","60078","8.32251406504877e-06","FALSE","FALSE","I314G","-3.93263955465663","0.03630833773223","1"
"609","I","314","H","AT","CA","940","missense_variant","ATC","CAC","CAC","2","-5.79552900453905","0.0282737173309541","35","52336","0.00066875573219199","0.5","41527","1.2040359284321e-05","-6.32831613866414","0.0238442564694841","35","52336","0.00066875573219199","0.5","60078","8.32251406504877e-06","FALSE","FALSE","I314H","-6.0619225716016","0.0260589869002191","1"
"610","I","314","H","ATC","CAC","940","missense_variant","ATC","CAC","CAC","2","-0.666245987594079","0.0529636344246306","1","52336","1.91073066340569e-05","0.5","41527","1.2040359284321e-05","-1.19903312171918","0.0485341735631605","1","52336","1.91073066340569e-05","0.5","60078","8.32251406504877e-06","FALSE","FALSE","I314H","-0.932639554656629","0.0507489039938956","1"
"611","I","314","K","TC","AG","941","missense_variant","ATC","AAG","AAG","2","-3.47360090965168","0.0394503695006354","28","52336","0.000535004585753592","2","41527","4.81614371372842e-05","-5.00638804377678","0.0302073865519435","28","52336","0.000535004585753592","1","60078","1.66450281300975e-05","FALSE","FALSE","I314K","-4.23999447671423","0.0348288780262894","1"
"612","I","314","L","A","C","940","missense_variant","ATC","CTC","CTC","1","-0.666245987594079","0.0529636344246306","1","52336","1.91073066340569e-05","0.5","41527","1.2040359284321e-05","-1.19903312171918","0.0485341735631605","1","52336","1.91073066340569e-05","0.5","60078","8.32251406504877e-06","FALSE","FALSE","I314L","-0.932639554656629","0.0507489039938956","0"
"613","I","314","L","ATC","CTG","940","missense_variant","ATC","CTG","CTC","1","-2.44385356625763","0.0444070810823206","96","52336","0.00183430143686946","14","41527","0.000337130059960989","-1.82979931205346","0.0454979665741137","96","52336","0.00183430143686946","31","60078","0.000515995872033024","FALSE","FALSE","I314L","-2.13682643915554","0.0449525238282172","1"
"614","I","314","L","ATC","CTT","940","missense_variant","ATC","CTT","CTC","1","0.333754012405921","0.0577771565118524","1","52336","1.91073066340569e-05","1","41527","2.40807185686421e-05","-0.199033121719178","0.0533476956503824","1","52336","1.91073066340569e-05","1","60078","1.66450281300975e-05","FALSE","FALSE","I314L","0.0673604453433714","0.0555624260811174","0"
"615","I","314","M","C","G","942","missense_variant","ATC","ATG","ATG","1","-5.3101021773688","0.0306103300852681","25","52336","0.000477682665851422","0.5","41527","1.2040359284321e-05","-4.8428893114939","0.0309943913110199","25","52336","0.000477682665851422","1","60078","1.66450281300975e-05","FALSE","FALSE","I314M","-5.07649574443135","0.030802360698144","1"
"616","I","314","N","T","A","941","missense_variant","ATC","AAC","AAC","1","-4.36668570573517","0.0351514861089255","13","52336","0.000248394986242739","0.5","41527","1.2040359284321e-05","-4.89947283986027","0.0307220252474554","13","52336","0.000248394986242739","0.5","60078","8.32251406504877e-06","FALSE","FALSE","I314N","-4.63307927279772","0.0329367556781904","1"
"617","I","314","P","ATC","CCT","940","missense_variant","ATC","CCT","CCC","2","-4.66624598759408","0.0337095460757432","16","52336","0.00030571690614491","0.5","41527","1.2040359284321e-05","-5.19903312171918","0.0292800852142732","16","52336","0.00030571690614491","0.5","60078","8.32251406504877e-06","FALSE","FALSE","I314P","-4.93263955465663","0.0314948156450082","1"
"618","I","314","Q","ATC","CAG","940","missense_variant","ATC","CAG","CAG","3","-4.25120848831524","0.0357073382455473","12","52336","0.000229287679608682","0.5","41527","1.2040359284321e-05","-4.78399562244033","0.0312778773840772","12","52336","0.000229287679608682","0.5","60078","8.32251406504877e-06","FALSE","FALSE","I314Q","-4.51760205537778","0.0334926078148122","1"
"619","I","314","R","TC","GA","941","missense_variant","ATC","AGA","AGA","2","-6.18980794365109","0.0263758469490119","46","52336","0.000878936105166616","0.5","41527","1.2040359284321e-05","-6.72259507777619","0.0219463860875418","46","52336","0.000878936105166616","0.5","60078","8.32251406504877e-06","FALSE","FALSE","I314R","-6.45620151071364","0.0241611165182768","1"
"620","I","314","S","T","G","941","missense_variant","ATC","AGC","AGC","1","-6.3101021773688","0.0257968079980462","50","52336","0.000955365331702843","0.5","41527","1.2040359284321e-05","-6.8428893114939","0.0213673471365762","50","52336","0.000955365331702843","0.5","60078","8.32251406504877e-06","FALSE","FALSE","I314S","-6.57649574443135","0.0235820775673112","1"
"621","I","314","T","T","C","941","missense_variant","ATC","ACC","ACC","1","-3.98817408248144","0.0369734601677275","10","52336","0.000191073066340569","0.5","41527","1.2040359284321e-05","-4.52096121660654","0.0325439993062574","10","52336","0.000191073066340569","0.5","60078","8.32251406504877e-06","FALSE","FALSE","I314T","-4.25456764954399","0.0347587297369925","1"
"622","I","314","V","A","G","940","missense_variant","ATC","GTC","GTC","1","0.333754012405921","0.0577771565118524","1","52336","1.91073066340569e-05","1","41527","2.40807185686421e-05","-1.19903312171918","0.0485341735631605","1","52336","1.91073066340569e-05","0.5","60078","8.32251406504877e-06","FALSE","FALSE","I314V","-0.432639554656629","0.0531556650375065","0"
"623","I","314","V","ATC","GTG","940","missense_variant","ATC","GTG","GTC","1","1.31238036161335","0.0624877960588997","34","52336","0.000649648425557933","67","41527","0.00161340814409902","1.71350403703048","0.0625537355066564","34","52336","0.000649648425557933","128","60078","0.00213056360065249","FALSE","FALSE","I314V","1.51294219932192","0.062520765782778","1"
"624","I","314","W","ATC","TGG","940","missense_variant","ATC","TGG","TGG","3","-2.88863840893053","0.0422660994180532","28","52336","0.000535004585753592","3","41527","7.22421557059263e-05","-6.00638804377678","0.0253938644647216","28","52336","0.000535004585753592","0.5","60078","8.32251406504877e-06","FALSE","FALSE","I314W","-4.44751322635365","0.0338299819413874","1"
"625","I","314","Y","AT","TA","940","missense_variant","ATC","TAC","TAC","2","-5.71064010695253","0.0286823319144467","33","52336","0.000630541118923876","0.5","41527","1.2040359284321e-05","-6.24342724107763","0.0242528710529766","33","52336","0.000630541118923876","0.5","60078","8.32251406504877e-06","FALSE","FALSE","I314Y","-5.97703367401508","0.0264676014837117","1"
"626","K","245","A","AAG","GCT","733","missense_variant","AAG","GCT","GCG","2","-0.923773280366828","0.0517240211128065","39","52978","0.000736154630223867","16","41232","0.000388048117966628","-1.29615197975806","0.0480666897949046","39","52978","0.000736154630223867","18","60046","0.000299770176198248","FALSE","FALSE","K245A","-1.10996263006244","0.0498953554538556","1"
"627","K","245","C","AAG","TGC","733","missense_variant","AAG","TGC","TGC","3","0.661189220354328","0.0593532731174462","13","52978","0.000245384876741289","16","41232","0.000388048117966628","0.6424474755778","0.05739818109144","13","52978","0.000245384876741289","23","60046","0.00038303966958665","FALSE","FALSE","K245C","0.651818347966064","0.0583757271044431","1"
"628","K","245","D","AAG","GAT","733","missense_variant","AAG","GAT","GAT","2","-1.63837106150458","0.0482842889098202","2","52978","3.77515194986598e-05","0.5","41232","1.21265036864571e-05","-2.18067476233812","0.0438090198443046","2","52978","3.77515194986598e-05","0.5","60046","8.32694933884022e-06","FALSE","FALSE","K245D","-1.90952291192135","0.0460466543770624","1"
"629","K","245","E","A","G","733","missense_variant","AAG","GAG","GAG","1","-1.41597864016813","0.049354779741954","24","52978","0.000453018233983918","7","41232","0.0001697710516104","-0.958282341001673","0.0496930327636602","24","52978","0.000453018233983918","14","60046","0.000233154581487526","FALSE","FALSE","K245E","-1.1871304905849","0.0495239062528071","1"
"630","K","245","F","AAG","TTC","733","missense_variant","AAG","TTC","TTC","3","1.8921436551942","0.0652784994779116","18","52978","0.000339763675487938","52","41232","0.00126115638339154","1.60359654660644","0.0620246933739491","18","52978","0.000339763675487938","62","60046","0.00103254171801619","FALSE","FALSE","K245F","1.74787010090032","0.0636515964259304","1"
"631","K","245","G","AAG","GGT","733","missense_variant","AAG","GGT","GGG","2","2.1271636848584","0.0664097735816397","10","52978","0.000188757597493299","34","41232","0.000824602250679084","1.7453246562181","0.0627069047599451","10","52978","0.000188757597493299","38","60046","0.000632848149751857","FALSE","FALSE","K245G","1.93624417053825","0.0645583391707924","1"
"632","K","245","H","AAG","CAC","733","missense_variant","AAG","CAC","CAC","2","-1.22333356222574","0.0502820810796243","12","52978","0.000226509116991959","4","41232","9.7012029491657e-05","0.404287738383036","0.0562517939361661","12","52978","0.000226509116991959","18","60046","0.000299770176198248","FALSE","FALSE","K245H","-0.40952291192135","0.0532669375078952","1"
"633","K","245","I","AG","TC","734","missense_variant","AAG","ATC","ATC","2","-3.44572598356218","0.0395845460730468","7","52978","0.000132130318245309","0.5","41232","1.21265036864571e-05","-1.98802968439572","0.0447363211819749","7","52978","0.000132130318245309","2","60046","3.33077973553609e-05","FALSE","FALSE","K245I","-2.71687783397895","0.0421604336275109","1"
"634","K","245","L","AA","CT","733","missense_variant","AAG","CTG","CTG","2","1.58402135983187","0.0637953460036195","3","52978","5.66272792479897e-05","7","41232","0.0001697710516104","1.69379435557802","0.0624588625196529","3","52978","5.66272792479897e-05","11","60046","0.000183192885454485","FALSE","FALSE","K245L","1.63890785770494","0.0631271042616362","1"
"635","K","245","M","A","T","734","missense_variant","AAG","ATG","ATG","1","0.881003097589","0.0604113520705931","30","52978","0.000566272792479897","43","41232","0.00104287931703531","0.527144486168569","0.056843167605196","30","52978","0.000566272792479897","49","60046","0.000816041035206342","FALSE","FALSE","K245M","0.704073791878784","0.0586272598378945","1"
"636","K","245","N","G","C","735","missense_variant","AAG","AAC","AAC","1","1.74014056174915","0.0645468292302878","5","52978","9.43787987466495e-05","13","41232","0.000315289095847885","2.19783686091561","0.064885082251994","5","52978","9.43787987466495e-05","26","60046","0.000433001365619692","FALSE","FALSE","K245N","1.96898871133238","0.0647159557411409","1"
"637","K","245","N","G","T","735","missense_variant","AAG","AAT","AAC","1","-1.63837106150458","0.0482842889098202","4","52978","7.55030389973196e-05","1","41232","2.42530073729142e-05","-3.18067476233812","0.0389954977570827","4","52978","7.55030389973196e-05","0.5","60046","8.32694933884022e-06","FALSE","FALSE","K245N","-2.40952291192135","0.0436398933334515","0"
"638","K","245","P","AAG","CCT","733","missense_variant","AAG","CCT","CCG","2","-3.22333356222574","0.0406550369051806","6","52978","0.000113254558495979","0.5","41232","1.21265036864571e-05","-3.76563726305928","0.0361797678396649","6","52978","0.000113254558495979","0.5","60046","8.32694933884022e-06","FALSE","FALSE","K245P","-3.49448541264251","0.0384174023724227","1"
"639","K","245","Q","A","C","733","missense_variant","AAG","CAG","CAG","1","1.77666643777426","0.0647226473412898","21","52978","0.000396390954735928","56","41232","0.0013581684128832","1.53553227166129","0.0616970644831499","21","52978","0.000396390954735928","69","60046","0.00114911900875995","FALSE","FALSE","K245Q","1.65609935471778","0.0632098559122199","1"
"640","K","245","R","A","G","734","missense_variant","AAG","AGG","AGG","1","-2.22333356222574","0.0454685589924024","3","52978","5.66272792479897e-05","0.5","41232","1.21265036864571e-05","-1.76563726305928","0.0458068120141086","3","52978","5.66272792479897e-05","1","60046","1.66538986776804e-05","FALSE","FALSE","K245R","-1.99448541264251","0.0456376855032555","0"
"641","K","245","R","AG","GA","734","missense_variant","AAG","AGA","AGG","1","1.4547383428869","0.0631730393460522","15","52978","0.000283136396239949","32","41232","0.000776096235933256","1.61287436019445","0.0620693523345762","15","52978","0.000283136396239949","52","60046","0.000866002731239383","FALSE","FALSE","K245R","1.53380635154068","0.0626211958403142","1"
"642","K","245","S","AG","GC","734","missense_variant","AAG","AGC","AGC","2","0.902197319858123","0.060513370927607","11","52978","0.000207633357242629","16","41232","0.000388048117966628","1.16724854108219","0.0599243226116429","11","52978","0.000207633357242629","28","60046","0.000466309162975052","FALSE","FALSE","K245S","1.03472293047015","0.060218846769625","1"
"643","K","245","T","AG","CC","734","missense_variant","AAG","ACC","ACG","1","0.853482034825095","0.0602788788271153","32","52978","0.000604024311978557","45","41232","0.00109138533178114","1.17687724227996","0.0599706705775297","32","52978","0.000604024311978557","82","60046","0.0013656196915698","FALSE","FALSE","K245T","1.01517963855253","0.0601247747023225","1"
"644","K","245","W","AA","TG","733","missense_variant","AAG","TGG","TGG","2","-0.375336655670786","0.0543639329192223","5","52978","9.43787987466495e-05","3","41232","7.27590221187427e-05","0.0823596434956734","0.0547021859409285","5","52978","9.43787987466495e-05","6","60046","9.99233920660827e-05","FALSE","FALSE","K245W","-0.146488506087556","0.0545330594300754","1"
"645","K","245","Y","AAG","TAC","733","missense_variant","AAG","TAC","TAC","2","-0.63837106150458","0.0530978109970421","8","52978","0.000151006077994639","4","41232","9.7012029491657e-05","0.726215833270398","0.0578014019314036","8","52978","0.000151006077994639","15","60046","0.000249808480165207","FALSE","FALSE","K245Y","0.0439223858829091","0.0554496064642229","1"
"646","K","247","A","AAG","GCT","739","missense_variant","AAG","GCT","GCG","2","-0.575908942710511","0.053398473785472","23","53053","0.000433528735415528","12","41260","0.000290838584585555","-0.179498504003391","0.0534417259642228","23","53053","0.000433528735415528","23","60082","0.000382810159448753","FALSE","FALSE","K247A","-0.377703723356951","0.0534200998748474","1"
"647","K","247","C","AAG","TGC","739","missense_variant","AAG","TGC","TGC","3","-5.09674110601195","0.0316373483147976","22","53053","0.000414679659962679","0.5","41260","1.21182743577315e-05","-5.63893012264069","0.0271626312842348","22","53053","0.000414679659962679","0.5","60082","8.32195998801638e-06","FALSE","FALSE","K247C","-5.36783561432632","0.0293999897995162","1"
"648","K","247","D","AAG","GAT","739","missense_variant","AAG","GAT","GAT","2","-5.22227198809581","0.0310331026412585","24","53053","0.000452377810868377","0.5","41260","1.21182743577315e-05","-5.76446100472455","0.0265583856106957","24","53053","0.000452377810868377","0.5","60082","8.32195998801638e-06","FALSE","FALSE","K247D","-5.49336649641018","0.0287957441259771","1"
"649","K","247","E","A","G","739","missense_variant","AAG","GAG","GAG","1","-5.63730948737465","0.0290353104714545","32","53053","0.000603170414491169","0.5","41260","1.21182743577315e-05","-2.85757040911603","0.0405507676977948","32","53053","0.000603170414491169","5","60082","8.32195998801638e-05","FALSE","FALSE","K247E","-4.24743994824534","0.0347930390846246","1"
"650","K","247","F","AAG","TTC","739","missense_variant","AAG","TTC","TTC","3","-0.959237582262017","0.0515533129123261","15","53053","0.000282736131792736","6","41260","0.000145419292292778","-0.179498504003391","0.0534417259642228","15","53053","0.000282736131792736","15","60082","0.000249658799640491","FALSE","FALSE","K247F","-0.569368043132704","0.0524975194382744","1"
"651","K","247","G","AAG","GGT","739","missense_variant","AAG","GGT","GGG","2","-2.95923758226202","0.0419262687378824","5","53053","9.42453772642452e-05","0.5","41260","1.21182743577315e-05","-3.50142659889075","0.0374515517073197","5","53053","9.42453772642452e-05","0.5","60082","8.32195998801638e-06","FALSE","FALSE","K247G","-3.23033209057638","0.039688910222601","1"
"652","K","247","H","AAG","CAC","739","missense_variant","AAG","CAC","CAC","2","-4.09674110601195","0.0364508704020194","11","53053","0.000207339829981339","0.5","41260","1.21182743577315e-05","-4.63893012264069","0.0319761533714567","11","53053","0.000207339829981339","0.5","60082","8.32195998801638e-06","FALSE","FALSE","K247H","-4.36783561432632","0.0342135118867381","1"
"653","K","247","I","AG","TC","740","missense_variant","AAG","ATC","ATC","2","2.61061802606893","0.0687368917312199","4","53053","7.53963018113962e-05","19","41260","0.000460494425593795","3.4929268379681","0.0711190264614758","4","53053","7.53963018113962e-05","51","60082","0.00084883991877767","FALSE","FALSE","K247I","3.05177243201852","0.0699279590963478","1"
"654","K","247","L","AA","CT","739","missense_variant","AAG","CTG","CTG","2","2.68461860751271","0.0690930951644668","13","53053","0.000245037980887037","65","41260","0.00157537566650509","2.18615096831329","0.0648288319498438","13","53053","0.000245037980887037","67","60082","0.00111514263839419","FALSE","FALSE","K247L","2.435384787913","0.0669609635571553","1"
"655","K","247","M","A","T","740","missense_variant","AAG","ATG","ATG","1","1.54149366541411","0.063590638007221","72","53053","0.00135713343260513","163","41260","0.00395055744062046","1.64492993141315","0.0622236525346559","72","53053","0.00135713343260513","255","60082","0.00424419959388835","FALSE","FALSE","K247M","1.59321179841363","0.0629071452709384","1"
"656","K","247","N","G","C","741","missense_variant","AAG","AAC","AAC","1","-6.28116567714938","0.0259360944809793","50","53053","0.000942453772642452","0.5","41260","1.21182743577315e-05","-5.82335469377812","0.0262748995376384","50","53053","0.000942453772642452","1","60082","1.66439199760328e-05","FALSE","FALSE","K247N","-6.05226018546375","0.0261054970093089","1"
"657","K","247","P","AAG","CCT","739","missense_variant","AAG","CCT","CCG","2","0.62572491845914","0.0591825649169658","5","53053","9.42453772642452e-05","6","41260","0.000145419292292778","0.305928323166851","0.0557783387185367","5","53053","9.42453772642452e-05","7","60082","0.000116507439832229","FALSE","FALSE","K247P","0.465826620812995","0.0574804518177513","1"
"658","K","247","Q","A","C","739","missense_variant","AAG","CAG","CAG","1","0.514693606070396","0.0586481132424093","36","53053","0.000678566716302565","40","41260","0.000969461948618517","0.405463996717765","0.0562574558816406","36","53053","0.000678566716302565","54","60082","0.000898771678705769","FALSE","FALSE","K247Q","0.460078801394081","0.0574527845620249","1"
"659","K","247","R","A","G","740","missense_variant","AAG","AGG","AGG","1","-2.22227198809581","0.045473668902924","6","53053","0.000113094452717094","1","41260","2.42365487154629e-05","-2.76446100472455","0.0409989518723613","6","53053","0.000113094452717094","1","60082","1.66439199760328e-05","FALSE","FALSE","K247R","-2.49336649641018","0.0432363103876427","0"
"660","K","247","R","AG","GA","740","missense_variant","AAG","AGA","AGG","1","1.72526059201005","0.0644752041672914","21","53053","0.00039583058450983","54","41260","0.001308773630635","1.88761569185515","0.0633918258027976","21","53053","0.00039583058450983","88","60082","0.00146466495789088","FALSE","FALSE","K247R","1.8064381419326","0.0639335149850445","1"
"661","K","247","S","AG","GC","740","missense_variant","AAG","AGC","AGC","2","-1.44466440943226","0.0492167001580121","7","53053","0.000131943528169943","2","41260","4.84730974309258e-05","-1.98685342606099","0.0447419831274494","7","53053","0.000131943528169943","2","60082","3.32878399520655e-05","FALSE","FALSE","K247S","-1.71575891774663","0.0469793416427308","1"
"662","K","247","T","A","C","740","missense_variant","AAG","ACG","ACG","1","-1.22227198809581","0.0502871909901459","3","53053","5.65472263585471e-05","1","41260","2.42365487154629e-05","-1.76446100472455","0.0458124739595831","3","53053","5.65472263585471e-05","1","60082","1.66439199760328e-05","FALSE","FALSE","K247T","-1.49336649641018","0.0480498324748645","0"
"663","K","247","T","AG","CC","740","missense_variant","AAG","ACC","ACG","1","-1.22227198809581","0.0502871909901459","12","53053","0.000226188905434188","4","41260","9.69461948618517e-05","-0.594536003282235","0.0514439337944187","12","53053","0.000226188905434188","9","60082","0.000149795279784295","FALSE","FALSE","K247T","-0.908403995689023","0.0508655623922823","1"
"664","K","247","V","AA","GT","739","missense_variant","AAG","GTG","GTG","2","1.26958110823386","0.0622817809074409","32","53053","0.000603170414491169","60","41260","0.00145419292292777","2.00041058601154","0.0639347665171453","32","53053","0.000603170414491169","145","60082","0.00241336839652475","FALSE","FALSE","K247V","1.6349958471227","0.0631082737122931","1"
"665","K","247","W","AA","TG","739","missense_variant","AAG","TGG","TGG","2","-0.174966273317454","0.0553284201803052","45","53053","0.000848208395378207","31","41260","0.00075133301017935","-0.313799595714982","0.052795264692931","45","53053","0.000848208395378207","41","60082","0.000682400719017343","FALSE","FALSE","K247W","-0.244382934516218","0.0540618424366181","1"
"666","K","247","Y","AAG","TAC","739","missense_variant","AAG","TAC","TAC","2","0.192765511183033","0.0570985052471718","9","53053","0.000169641679075641","8","41260","0.000193892389723703","0.457931416611901","0.0565100089661605","9","53053","0.000169641679075641","14","60082","0.000233014879664459","FALSE","FALSE","K247Y","0.325348463897467","0.0568042571066661","1"
"667","K","262","A","AAG","GCT","784","missense_variant","AAG","GCT","GCG","2","0.788015963092042","0.0599637564448645","25","54166","0.000461544142081749","33","41408","0.000796947449768161","0.520839256254703","0.0568128172417406","25","54166","0.000461544142081749","40","60403","0.000662218763968677","FALSE","FALSE","K262A","0.654427609673372","0.0583882868433026","1"
"668","K","262","C","AAG","TGC","784","missense_variant","AAG","TGC","TGC","3","-0.612521966491687","0.0532222361868213","1","54166","1.84617656832699e-05","0.5","41408","1.20749613601236e-05","1.42772985186322","0.0611781551543959","1","54166","1.84617656832699e-05","3","60403","4.96664072976508e-05","FALSE","FALSE","K262C","0.407603942685767","0.0572001956706086","1"
"669","K","262","D","AAG","GAT","784","missense_variant","AAG","GAT","GAT","2","1.72451302078588","0.0644716057166921","19","54166","0.000350773547982129","48","41408","0.00115919629057187","1.70336429447665","0.0625049276319148","19","54166","0.000350773547982129","69","60403","0.00114232736784597","FALSE","FALSE","K262D","1.71393865763127","0.0634882666743034","1"
"670","K","262","E","A","G","784","missense_variant","AAG","GAG","GAG","1","2.0445903199853","0.0660123048660069","13","54166","0.000240002953882509","41","41408","0.000990146831530139","1.56859238770307","0.0618562000819231","13","54166","0.000240002953882509","43","60403","0.000711885171266328","FALSE","FALSE","K262E","1.80659135384419","0.063934252473965","1"
"671","K","262","F","AAG","TTC","784","missense_variant","AAG","TTC","TTC","3","-5.782446967934","0.0283366880030983","36","54166","0.000664623564597718","0.5","41408","1.20749613601236e-05","-3.32715765030025","0.038290399140477","36","54166","0.000664623564597718","4","60403","6.62218763968677e-05","FALSE","FALSE","K262F","-4.55480230911712","0.0333135435717877","1"
"672","K","262","G","AAG","GGT","784","missense_variant","AAG","GGT","GGG","2","1.51676105045328","0.0634715870188323","16","54166","0.000295388250932319","35","41408","0.000845247295208655","1.65012227319967","0.0622486459865297","16","54166","0.000295388250932319","56","60403","0.000927106269556148","FALSE","FALSE","K262G","1.58344166182647","0.062860116502681","1"
"673","K","262","H","AAG","CAC","784","missense_variant","AAG","CAC","CAC","2","1.6412346257541","0.0640707433228182","13","54166","0.000240002953882509","31","41408","0.000748647604327666","2.09652394338785","0.0643974102857532","13","54166","0.000240002953882509","62","60403","0.00102643908415145","FALSE","FALSE","K262H","1.86887928457097","0.0642340768042857","1"
"674","K","262","I","AG","TC","785","missense_variant","AAG","ATC","ATC","2","0.300015192257973","0.0576147539558735","17","54166","0.000313850016615589","16","41408","0.000386398763523957","-1.07477048866596","0.0491323144919785","17","54166","0.000313850016615589","9","60403","0.000148999221892952","FALSE","FALSE","K262I","-0.387377648203994","0.053373534223926","1"
"675","K","262","L","AA","CT","784","missense_variant","AAG","CTG","CTG","2","1.87290486067855","0.065185893115579","5","54166","9.23088284163497e-05","14","41408","0.000338098918083462","1.2212789743958","0.0601843992957802","5","54166","9.23088284163497e-05","13","60403","0.00021522109828982","FALSE","FALSE","K262L","1.54709191753717","0.0626851462056796","1"
"676","K","262","M","A","T","785","missense_variant","AAG","ATG","ATG","1","3.84690965214561","0.0746878087795874","2","54166","3.69235313665399e-05","22","41408","0.000531298299845441","2.74965794675058","0.0675412852368554","2","54166","3.69235313665399e-05","15","60403","0.000248332036488254","FALSE","FALSE","K262M","3.2982837994481","0.0711145470082214","1"
"677","K","262","N","G","C","786","missense_variant","AAG","AAC","AAC","1","2.77353646581539","0.0695211032393552","22","54166","0.000406158845031939","115","41408","0.00277724111282844","2.76704002497882","0.0676249542543288","22","54166","0.000406158845031939","167","60403","0.00276476333956923","FALSE","FALSE","K262N","2.77028824539711","0.068573028746842","1"
"678","K","262","N","G","T","786","missense_variant","AAG","AAT","AAC","1","-1.61252196649169","0.0484087140995995","2","54166","3.69235313665399e-05","0.5","41408","1.20749613601236e-05","-2.15723264885793","0.0439218589753126","2","54166","3.69235313665399e-05","0.5","60403","8.27773454960846e-06","FALSE","FALSE","K262N","-1.88487730767481","0.0461652865374561","0"
"679","K","262","P","AAG","CCT","784","missense_variant","AAG","CCT","CCG","2","-4.07195358512898","0.0365701856812771","11","54166","0.000203079422515969","0.5","41408","1.20749613601236e-05","-4.61666426749523","0.0320833305569902","11","54166","0.000203079422515969","0.5","60403","8.27773454960846e-06","FALSE","FALSE","K262P","-4.34430892631211","0.0343267581191336","1"
"680","K","262","Q","A","C","784","missense_variant","AAG","CAG","CAG","1","0.387478033508313","0.0580357582740432","8","54166","0.00014769412546616","8","41408","0.000193199381761978","-0.572270148136778","0.0515511109799523","8","54166","0.00014769412546616","6","60403","9.93328145953016e-05","FALSE","FALSE","K262Q","-0.0923960573142327","0.0547934346269977","1"
"681","K","262","R","AG","GA","785","missense_variant","AAG","AGA","AGG","1","1.75004811289302","0.0645945194465491","7","54166","0.00012923235978289","18","41408","0.000434698608964451","1.1228752703348","0.0597107308928181","7","54166","0.00012923235978289","17","60403","0.000281442974686688","FALSE","FALSE","K262R","1.43646169161391","0.0621526251696836","1"
"682","K","262","S","AG","GC","785","missense_variant","AAG","AGC","AGC","2","1.55740303495063","0.0636672181088788","12","54166","0.000221541188199239","27","41408","0.000652047913446677","2.30219896977936","0.0653874315680787","12","54166","0.000221541188199239","66","60403","0.00109266096054832","FALSE","FALSE","K262S","1.92980100236499","0.0645273248384787","1"
"683","K","262","T","AG","CT","785","missense_variant","AAG","ACT","ACG","1","-0.612521966491687","0.0532222361868213","1","54166","1.84617656832699e-05","0.5","41408","1.20749613601236e-05","-1.15723264885793","0.0487353810625345","1","54166","1.84617656832699e-05","0.5","60403","8.27773454960846e-06","FALSE","FALSE","K262T","-0.884877307674811","0.0509788086246779","0"
"684","K","262","W","AA","TG","784","missense_variant","AAG","TGG","TGG","2","1.16508561217187","0.0617787895291313","21","54166","0.000387697079348669","36","41408","0.000869397217928903","1.57973294530827","0.0619098254020197","21","54166","0.000387697079348669","70","60403","0.00115888283694518","FALSE","FALSE","K262W","1.37240927874007","0.0618443074655755","1"
"685","K","262","Y","AAG","TAC","784","missense_variant","AAG","TAC","TAC","2","-1.02755946577053","0.0512244440170173","16","54166","0.000295388250932319","6","41408","0.000144899536321484","0.650122273199669","0.0574351238993078","16","54166","0.000295388250932319","28","60403","0.000463553134778074","FALSE","FALSE","K262Y","-0.188718596285431","0.0543297839581626","1"
"686","K","263","A","AAA","GCT","787","missense_variant","AAA","GCT","GCA","2","1.55907559356884","0.0636752690067298","8","54238","0.000147498064087909","18","41415","0.000434625135820355","2.16594325999935","0.0647315616995425","8","54238","0.000147498064087909","40","60431","0.000661911932617365","FALSE","FALSE","K263A","1.8625094267841","0.0642034153531361","1"
"687","K","263","C","AAA","TGC","787","missense_variant","AAA","TGC","TGC","3","-1.19581190859462","0.0504145571672545","3","54238","5.53117740329658e-05","1","41415","2.41458408789086e-05","1.06640758644844","0.0594389224492169","3","54238","5.53117740329658e-05","7","60431","0.000115834588208039","FALSE","FALSE","K263C","-0.0647021610730929","0.0549267398082357","1"
"688","K","263","D","AAA","GAT","787","missense_variant","AAA","GAT","GAT","2","0.389150592126532","0.0580438091718941","11","54238","0.000202809838120875","11","41415","0.000265604249667995","0.908145502531706","0.0586771244127139","11","54238","0.000202809838120875","23","60431","0.000380599361254985","FALSE","FALSE","K263D","0.648648047329119","0.058360466792304","1"
"689","K","263","E","A","G","787","missense_variant","AAA","GAA","GAA","1","-2.19581190859462","0.0456010350800326","3","54238","5.53117740329658e-05","0.5","41415","1.20729204394543e-05","-2.74094733560917","0.0411121354379998","3","54238","5.53117740329658e-05","0.5","60431","8.27389915771706e-06","FALSE","FALSE","K263E","-2.46837962210189","0.0433565852590162","0"
"690","K","263","E","AAA","GAG","787","missense_variant","AAA","GAG","GAA","1","-0.748352931623403","0.0525684108360312","11","54238","0.000202809838120875","5","41415","0.000120729204394543","0.554508547917005","0.0569748851208182","11","54238","0.000202809838120875","18","60431","0.000297860369677814","FALSE","FALSE","K263E","-0.0969221918531987","0.0547716479784247","1"
"691","K","263","F","AAA","TTC","787","missense_variant","AAA","TTC","TTC","3","-0.610849407873468","0.0532302870846723","1","54238","1.84372580109886e-05","0.5","41415","1.20729204394543e-05","-1.15598483488801","0.0487413874426394","1","54238","1.84372580109886e-05","0.5","60431","8.27389915771706e-06","FALSE","FALSE","K263F","-0.883417121380739","0.0509858372636559","1"
"692","K","263","G","AAA","GGT","787","missense_variant","AAA","GGT","GGA","2","-4.51774000348199","0.0344243829103514","15","54238","0.000276558870164829","0.5","41415","1.20729204394543e-05","-4.06287543049653","0.0347490053555404","15","54238","0.000276558870164829","1","60431","1.65477983154341e-05","FALSE","FALSE","K263G","-4.29030771698926","0.0345866941329459","1"
"693","K","263","H","AAA","CAC","787","missense_variant","AAA","CAC","CAC","2","2.12611618629274","0.0664047314241576","3","54238","5.53117740329658e-05","10","41415","0.000241458408789086","2.25905266439083","0.065179745874109","3","54238","5.53117740329658e-05","16","60431","0.000264764773046946","FALSE","FALSE","K263H","2.19258442534179","0.0657922386491333","1"
"694","K","263","I","AA","TC","788","missense_variant","AAA","ATC","ATA","1","-0.833241829209916","0.0521597962525386","21","54238","0.000387182418230761","9","41415","0.000217312567910177","-0.740947335609166","0.0507391796124435","21","54238","0.000387182418230761","14","60431","0.000231669176416078","FALSE","FALSE","K263I","-0.787094582409541","0.051449487932491","1"
"695","K","263","L","AAA","CTG","787","missense_variant","AAA","CTG","CTA","2","-3.41820432993107","0.0397170221606771","14","54238","0.00025812161215384","1","41415","2.41458408789086e-05","-1.96333975694561","0.0448551666930879","14","54238","0.00025812161215384","4","60431","6.61911932617365e-05","FALSE","FALSE","K263L","-2.69077204343834","0.0422860944268825","1"
"696","K","263","M","AA","TG","788","missense_variant","AAA","ATG","ATG","2","-1.29890540155873","0.0499183143618229","29","54238","0.00053468048231867","9","41415","0.000217312567910177","-0.844040828573269","0.0502429368070119","29","54238","0.00053468048231867","18","60431","0.000297860369677814","FALSE","FALSE","K263M","-1.071473115066","0.0500806255844174","1"
"697","K","263","N","A","C","789","missense_variant","AAA","AAC","AAC","1","1.97411309284769","0.0656730611765338","1","54238","1.84372580109886e-05","3","41415","7.24375226367258e-05","0.84401516511199","0.0583684316170831","1","54238","1.84372580109886e-05","2","60431","3.30955966308683e-05","FALSE","FALSE","K263N","1.40906412897984","0.0620207463968084","1"
"698","K","263","P","AAA","CCT","787","missense_variant","AAA","CCT","CCA","2","2.61944821154833","0.0687793960240592","13","54238","0.000239684354142852","61","41415","0.00147289629361343","2.78743163674562","0.0677231097279623","13","54238","0.000239684354142852","100","60431","0.00165477983154341","FALSE","FALSE","K263P","2.70343992414697","0.0682512528760108","1"
"699","K","263","Q","AAA","CAG","787","missense_variant","AAA","CAG","CAA","1","0.711078687013895","0.0595934171671317","16","54238","0.000294996128175818","20","41415","0.000482916817578172","0.973298182056957","0.0589907382746504","16","54238","0.000294996128175818","35","60431","0.000579172941040195","FALSE","FALSE","K263Q","0.842188434535426","0.059292077720891","1"
"700","K","263","R","A","G","788","missense_variant","AAA","AGA","AGA","1","2.62361584576356","0.0687994570234057","17","54238","0.000313433386186806","80","41415","0.00193166727031269","2.90629944336633","0.0682952825405908","17","54238","0.000313433386186806","142","60431","0.00234978736079165","FALSE","FALSE","K263R","2.76495764456494","0.0685473697819982","1"
"701","K","263","S","AA","GC","788","missense_variant","AAA","AGC","AGC","2","-0.440924406431155","0.0540482248322861","16","54238","0.000294996128175818","9","41415","0.000217312567910177","-0.571022334166853","0.0515571173600572","16","54238","0.000294996128175818","12","60431","0.00019857357978521","FALSE","FALSE","K263S","-0.505973370299004","0.0528026710961716","1"
"702","K","263","T","AA","CC","788","missense_variant","AAA","ACC","ACA","1","3.50462780954647","0.0730402275701814","3","54238","5.53117740329658e-05","26","41415","0.000627791862851624","3.78261462044785","0.0725134450008403","3","54238","5.53117740329658e-05","46","60431","0.00076119872250997","FALSE","FALSE","K263T","3.64362121499716","0.0727768362855109","1"
"703","K","263","Y","AAA","TAC","787","missense_variant","AAA","TAC","TAC","2","-4.41820432993107","0.0349035000734552","14","54238","0.00025812161215384","0.5","41415","1.20729204394543e-05","-3.96333975694561","0.0352281225186442","14","54238","0.00025812161215384","1","60431","1.65477983154341e-05","FALSE","FALSE","K263Y","-4.19077204343834","0.0350658112960497","1"
"704","K","271","A","AAG","GCT","811","missense_variant","AAG","GCT","GCG","2","-2.92348055926033","0.0420983859578744","5","54731","9.1355904332097e-05","0.5","41523","1.2041519158057e-05","-3.46819710819331","0.0376115025947389","5","54731","9.1355904332097e-05","0.5","60571","8.2547753875617e-06","FALSE","FALSE","K271A","-3.19583883372682","0.0398549442763067","1"
"705","K","271","C","AAG","TGC","811","missense_variant","AAG","TGC","TGC","3","-5.99386988715172","0.0273189991116989","42","54731","0.000767389596389615","0.5","41523","1.2041519158057e-05","-6.53858643608471","0.0228321157485635","42","54731","0.000767389596389615","0.5","60571","8.2547753875617e-06","FALSE","FALSE","K271C","-6.26622816161822","0.0250755574301312","1"
"706","K","271","D","AAG","GAT","811","missense_variant","AAG","GAT","GAT","2","-3.60155246437296","0.0388344718658901","32","54731","0.000584677787725421","2","41523","4.81660766322279e-05","-2.33891409124834","0.0430473313395281","32","54731","0.000584677787725421","7","60571","0.000115566855425864","FALSE","FALSE","K271D","-2.97023327781065","0.0409409016027091","1"
"707","K","271","E","A","G","811","missense_variant","AAG","GAG","GAG","1","-5.94140246725759","0.0275715521962189","81","54731","0.00147996565017997","1","41523","2.4083038316114e-05","-5.48611901619057","0.0278981909203053","81","54731","0.00147996565017997","2","60571","3.30191015502468e-05","FALSE","FALSE","K271E","-5.71376074172408","0.0277348715582621","1"
"708","K","271","F","AAG","TTC","811","missense_variant","AAG","TTC","TTC","3","-5.99386988715172","0.0273189991116989","42","54731","0.000767389596389615","0.5","41523","1.2041519158057e-05","-6.53858643608471","0.0228321157485635","42","54731","0.000767389596389615","0.5","60571","8.2547753875617e-06","FALSE","FALSE","K271F","-6.26622816161822","0.0250755574301312","1"
"709","K","271","G","AAG","GGT","811","missense_variant","AAG","GGT","GGG","2","-1.80318632554261","0.0474909469960619","23","54731","0.000420237159927646","5","41523","0.00012041519158057","-1.86247604730536","0.0453406763872404","23","54731","0.000420237159927646","7","60571","0.000115566855425864","FALSE","FALSE","K271G","-1.83283118642398","0.0464158116916511","1"
"710","K","271","H","AAG","CAC","811","missense_variant","AAG","CAC","CAC","2","-5.06098408301026","0.0318094655347895","22","54731","0.000401965979061227","0.5","41523","1.2041519158057e-05","-5.60570063194324","0.0273225821716541","22","54731","0.000401965979061227","0.5","60571","8.2547753875617e-06","FALSE","FALSE","K271H","-5.33334235747675","0.0295660238532218","1"
"711","K","271","I","AG","TC","812","missense_variant","AAG","ATC","ATC","2","-6.24540865414769","0.0261082117009713","50","54731","0.00091355904332097","0.5","41523","1.2041519158057e-05","-6.79012520308067","0.0216213283378358","50","54731","0.00091355904332097","0.5","60571","8.2547753875617e-06","FALSE","FALSE","K271I","-6.51776692861418","0.0238647700194036","1"
"712","K","271","L","AA","CT","811","missense_variant","AAG","CTG","CTG","2","-1.77147746581528","0.04764357829272","27","54731","0.000493321883393324","6","41523","0.000144498229896684","-2.31619401474826","0.0431566949295846","27","54731","0.000493321883393324","6","60571","9.90573046507404e-05","FALSE","FALSE","K271L","-2.04383574028177","0.0454001366111523","1"
"713","K","271","M","A","T","812","missense_variant","AAG","ATG","ATG","1","-5.99386988715172","0.0273189991116989","84","54731","0.00153477919277923","1","41523","2.4083038316114e-05","-7.53858643608471","0.0180185936613416","84","54731","0.00153477919277923","0.5","60571","8.2547753875617e-06","FALSE","FALSE","K271M","-6.76622816161822","0.0226687963865203","1"
"714","K","271","N","G","C","813","missense_variant","AAG","AAC","AAC","1","-5.60155246437296","0.0292074276914464","32","54731","0.000584677787725421","0.5","41523","1.2041519158057e-05","-6.14626901330595","0.024720544328311","32","54731","0.000584677787725421","0.5","60571","8.2547753875617e-06","FALSE","FALSE","K271N","-5.87391073883946","0.0269639860098787","1"
"715","K","271","N","G","T","813","missense_variant","AAG","AAT","AAC","1","-0.601552464372964","0.0532750381275556","1","54731","1.82711808664194e-05","0.5","41523","1.2041519158057e-05","-0.146269013305946","0.053601676851642","1","54731","1.82711808664194e-05","1","60571","1.65095507751234e-05","FALSE","FALSE","K271N","-0.373910738839455","0.0534383574895988","0"
"716","K","271","P","AAG","CCT","811","missense_variant","AAG","CCT","CCG","2","-5.35643996653643","0.0303872821136367","27","54731","0.000493321883393324","0.5","41523","1.2041519158057e-05","-5.90115651546941","0.0259003987505012","27","54731","0.000493321883393324","0.5","60571","8.2547753875617e-06","FALSE","FALSE","K271P","-5.62879824100292","0.028143840432069","1"
"717","K","271","Q","A","C","811","missense_variant","AAG","CAG","CAG","1","-6.12511442042998","0.0266872506519369","46","54731","0.000840474319855292","0.5","41523","1.2041519158057e-05","-6.66983096936296","0.0222003672888015","46","54731","0.000840474319855292","0.5","60571","8.2547753875617e-06","FALSE","FALSE","K271Q","-6.39747269489647","0.0244438089703692","1"
"718","K","271","R","AG","GA","812","missense_variant","AAG","AGA","AGG","1","-3.92348055926033","0.0372848638706525","10","54731","0.000182711808664194","0.5","41523","1.2041519158057e-05","-4.46819710819331","0.0327979805075171","10","54731","0.000182711808664194","0.5","60571","8.2547753875617e-06","FALSE","FALSE","K271R","-4.19583883372682","0.0350414221890848","1"
"719","K","271","S","AG","GC","812","missense_variant","AAG","AGC","AGC","2","-4.60155246437296","0.0340209497786683","16","54731","0.00029233889386271","0.5","41523","1.2041519158057e-05","-5.14626901330595","0.0295340664155328","16","54731","0.00029233889386271","0.5","60571","8.2547753875617e-06","FALSE","FALSE","K271S","-4.87391073883946","0.0317775080971005","1"
"720","K","271","T","AG","CC","812","missense_variant","AAG","ACC","ACG","1","-4.6890153056233","0.0335999454604986","17","54731","0.00031061007472913","0.5","41523","1.2041519158057e-05","-5.23373185455629","0.0291130620973631","17","54731","0.00031061007472913","0.5","60571","8.2547753875617e-06","FALSE","FALSE","K271T","-4.96137358008979","0.0313565037789309","1"
"721","K","271","V","AA","GT","811","missense_variant","AAG","GTG","GTG","2","-6.45953345950054","0.0250775172209833","58","54731","0.00105972849025233","0.5","41523","1.2041519158057e-05","-7.00425000843352","0.0205906338578478","58","54731","0.00105972849025233","0.5","60571","8.2547753875617e-06","FALSE","FALSE","K271V","-6.73189173396703","0.0228340755394156","1"
"722","K","271","W","AA","TG","811","missense_variant","AAG","TGG","TGG","2","-6.02781721907506","0.0271555928796837","43","54731","0.000785660777256034","0.5","41523","1.2041519158057e-05","-6.57253376800804","0.0226687095165482","43","54731","0.000785660777256034","0.5","60571","8.2547753875617e-06","FALSE","FALSE","K271W","-6.30017549354155","0.024912151198116","1"
"723","K","271","Y","AAG","TAC","811","missense_variant","AAG","TAC","TAC","2","-6.02781721907506","0.0271555928796837","43","54731","0.000785660777256034","0.5","41523","1.2041519158057e-05","-6.57253376800804","0.0226687095165482","43","54731","0.000785660777256034","0.5","60571","8.2547753875617e-06","FALSE","FALSE","K271Y","-6.30017549354155","0.024912151198116","1"
"724","K","274","A","AAG","GCT","820","missense_variant","AAG","GCT","GCG","2","-2.92109533697441","0.0421098672780305","5","54811","9.12225648136323e-05","0.5","41515","1.20438395760568e-05","-3.46720889204054","0.0376162593950172","5","54811","9.12225648136323e-05","0.5","60618","8.24837507011119e-06","FALSE","FALSE","K274A","-3.19415211450748","0.0398630633365239","1"
"725","K","274","C","AAG","TGC","820","missense_variant","AAG","TGC","TGC","3","-4.99148466486581","0.0321440025190769","21","54811","0.000383134772217256","0.5","41515","1.20438395760568e-05","-3.53759821993194","0.0372774388105073","21","54811","0.000383134772217256","2","60618","3.29935002804448e-05","FALSE","FALSE","K274C","-4.26454144239888","0.0347107206647921","1"
"726","K","274","D","AAG","GAT","820","missense_variant","AAG","GAT","GAT","2","-4.92109533697441","0.0324828231035869","20","54811","0.000364890259254529","0.5","41515","1.20438395760568e-05","-5.46720889204054","0.0279892152205735","20","54811","0.000364890259254529","0.5","60618","8.24837507011119e-06","FALSE","FALSE","K274D","-5.19415211450748","0.0302360191620802","1"
"727","K","274","E","A","G","820","missense_variant","AAG","GAG","GAG","1","-2.40652216414466","0.0445867766109384","7","54811","0.000127711590739085","1","41515","2.40876791521137e-05","-3.95263571921079","0.0352796466407032","7","54811","0.000127711590739085","0.5","60618","8.24837507011119e-06","FALSE","FALSE","K274E","-3.17957894167772","0.0399332116258208","1"
"728","K","274","F","AAG","TTC","820","missense_variant","AAG","TTC","TTC","3","-3.40652216414466","0.0397732545237166","7","54811","0.000127711590739085","0.5","41515","1.20438395760568e-05","-3.95263571921079","0.0352796466407032","7","54811","0.000127711590739085","0.5","60618","8.24837507011119e-06","FALSE","FALSE","K274F","-3.67957894167772","0.0375264505822099","1"
"729","K","274","G","AAG","GGT","820","missense_variant","AAG","GGT","GGG","2","-5.24302343186178","0.0309332151083493","25","54811","0.000456112824068161","0.5","41515","1.20438395760568e-05","-5.78913698692791","0.026439607225336","25","54811","0.000456112824068161","0.5","60618","8.24837507011119e-06","FALSE","FALSE","K274G","-5.51608020939484","0.0286864111668426","1"
"730","K","274","H","AAG","CAC","820","missense_variant","AAG","CAC","CAC","2","-4.05859886072435","0.0366344689421676","11","54811","0.000200689642589991","0.5","41515","1.20438395760568e-05","-4.60471241579048","0.0321408610591542","11","54811","0.000200689642589991","0.5","60618","8.24837507011119e-06","FALSE","FALSE","K274H","-4.33165563825741","0.0343876650006609","1"
"731","K","274","I","AG","TC","821","missense_variant","AAG","ATC","ATC","2","-1.25124393866675","0.0501477338661628","22","54811","0.000401379285179982","7","41515","0.000168613754064796","-1.43478741434817","0.0473993650684335","22","54811","0.000401379285179982","9","60618","0.000148470751262001","FALSE","FALSE","K274I","-1.34301567650746","0.0487735494672982","1"
"732","K","274","L","AA","CT","820","missense_variant","AAG","CTG","CTG","2","-3.18412974280821","0.0408437453558503","12","54811","0.000218934155552718","1","41515","2.40876791521137e-05","-4.73024329787434","0.0315366153856151","12","54811","0.000218934155552718","0.5","60618","8.24837507011119e-06","FALSE","FALSE","K274L","-3.95718652034127","0.0361901803707327","1"
"733","K","274","M","A","T","821","missense_variant","AAG","ATG","ATG","1","-5.68663008333739","0.0287979046934329","34","54811","0.0006203134407327","0.5","41515","1.20438395760568e-05","-6.23274363840352","0.0243042968104196","34","54811","0.0006203134407327","0.5","60618","8.24837507011119e-06","FALSE","FALSE","K274M","-5.95968686087046","0.0265511007519262","1"
"734","K","274","N","G","C","822","missense_variant","AAG","AAC","AAC","1","-4.84709475553064","0.0328390265368337","19","54811","0.000346645746291803","0.5","41515","1.20438395760568e-05","-1.80824580987561","0.0456017148329038","19","54811","0.000346645746291803","6","60618","9.89805008413343e-05","FALSE","FALSE","K274N","-3.32767028270312","0.0392203706848687","1"
"735","K","274","N","G","T","822","missense_variant","AAG","AAT","AAC","1","-2.18412974280821","0.0456572674430721","3","54811","5.47335388881794e-05","0.5","41515","1.20438395760568e-05","-2.73024329787434","0.0411636595600588","3","54811","5.47335388881794e-05","0.5","60618","8.24837507011119e-06","FALSE","FALSE","K274N","-2.45718652034127","0.0434104635015655","0"
"736","K","274","P","AAG","CCT","820","missense_variant","AAG","CCT","CCG","2","-4.18412974280821","0.0360302232686285","12","54811","0.000218934155552718","0.5","41515","1.20438395760568e-05","-4.73024329787434","0.0315366153856151","12","54811","0.000218934155552718","0.5","60618","8.24837507011119e-06","FALSE","FALSE","K274P","-4.45718652034127","0.0337834193271218","1"
"737","K","274","Q","A","C","820","missense_variant","AAG","CAG","CAG","1","-5.24302343186178","0.0309332151083493","25","54811","0.000456112824068161","0.5","41515","1.20438395760568e-05","-4.78913698692791","0.0312531293125578","25","54811","0.000456112824068161","1","60618","1.64967501402224e-05","FALSE","FALSE","K274Q","-5.01608020939484","0.0310931722104536","1"
"738","K","274","R","A","G","821","missense_variant","AAG","AGG","AGG","1","-1.59916724208705","0.04847299736049","4","54811","7.29780518509058e-05","1","41515","2.40876791521137e-05","-3.14528079715318","0.0391658673902548","4","54811","7.29780518509058e-05","0.5","60618","8.24837507011119e-06","FALSE","FALSE","K274R","-2.37222401962012","0.0438194323753724","0"
"739","K","274","R","AG","GA","821","missense_variant","AAG","AGA","AGG","1","2.30772335352147","0.0672789015348109","4","54811","7.29780518509058e-05","15","41515","0.000361315187281705","2.85471920284682","0.0680469999135858","4","54811","7.29780518509058e-05","32","60618","0.000527896004487116","FALSE","FALSE","K274R","2.58122127818414","0.0676629507241983","1"
"740","K","274","S","AG","GC","821","missense_variant","AAG","AGC","AGC","2","-1.59916724208705","0.04847299736049","2","54811","3.64890259254529e-05","0.5","41515","1.20438395760568e-05","-2.14528079715318","0.0439793894774766","2","54811","3.64890259254529e-05","0.5","60618","8.24837507011119e-06","FALSE","FALSE","K274S","-1.87222401962012","0.0462261934189833","1"
"741","K","274","T","A","C","821","missense_variant","AAG","ACG","ACG","1","-0.599167242087052","0.0532865194477118","1","54811","1.82445129627265e-05","0.5","41515","1.20438395760568e-05","-1.14528079715318","0.0487929115646985","1","54811","1.82445129627265e-05","0.5","60618","8.24837507011119e-06","FALSE","FALSE","K274T","-0.872224019620117","0.0510397155062051","0"
"742","K","274","T","AG","CC","821","missense_variant","AAG","ACC","ACG","1","-4.76909224352936","0.0332144933512107","18","54811","0.000328401233329076","0.5","41515","1.20438395760568e-05","-5.31520579859549","0.0287208854681973","18","54811","0.000328401233329076","0.5","60618","8.24837507011119e-06","FALSE","FALSE","K274T","-5.04214902106243","0.030967689409704","1"
"743","K","274","V","AA","GT","820","missense_variant","AAG","GTG","GTG","2","-5.18412974280821","0.0312167011814066","24","54811","0.000437868311105435","0.5","41515","1.20438395760568e-05","-5.73024329787434","0.0267230932983933","24","54811","0.000437868311105435","0.5","60618","8.24837507011119e-06","FALSE","FALSE","K274V","-5.45718652034127","0.0289698972399","1"
"744","K","274","W","AA","TG","820","missense_variant","AAG","TGG","TGG","2","-4.84709475553064","0.0328390265368337","19","54811","0.000346645746291803","0.5","41515","1.20438395760568e-05","-5.39320831059677","0.0283454186538204","19","54811","0.000346645746291803","0.5","60618","8.24837507011119e-06","FALSE","FALSE","K274W","-5.1201515330637","0.0305922225953271","1"
"745","K","274","Y","AAG","TAC","820","missense_variant","AAG","TAC","TAC","2","-5.40652216414466","0.0301462103492729","28","54811","0.000510846362956341","0.5","41515","1.20438395760568e-05","-5.95263571921079","0.0256526024662596","28","54811","0.000510846362956341","0.5","60618","8.24837507011119e-06","FALSE","FALSE","K274Y","-5.67957894167772","0.0278994064077662","1"
"746","K","285","A","AAA","GCT","853","missense_variant","AAA","GCT","GCA","2","2.47587453388023","0.0680883009554602","37","54911","0.000673817632168418","160","42684","0.00374847718114516","2.6328676378231","0.0669791125052595","37","54911","0.000673817632168418","257","61492","0.00417940545111559","FALSE","FALSE","K285A","2.55437108585167","0.0675337067303598","1"
"747","K","285","C","AAA","TGC","853","missense_variant","AAA","TGC","TGC","3","0.533324806064128","0.0587377949350906","16","54911","0.000291380597694451","18","42684","0.00042170368287883","1.12209867312042","0.0597069927249738","16","54911","0.000291380597694451","39","61492","0.000634228842776296","FALSE","FALSE","K285C","0.827711739592276","0.0592223938300322","1"
"748","K","285","D","AAA","GAT","853","missense_variant","AAA","GAT","GAT","2","0.50778971395699","0.0586148812052337","38","54911","0.000692028919524321","42","42684","0.000983975260050605","0.874171159676838","0.0585135881629831","38","54911","0.000692028919524321","78","61492","0.00126845768555259","FALSE","FALSE","K285D","0.690980436816914","0.0585642346841084","1"
"749","K","285","E","A","G","853","missense_variant","AAA","GAA","GAA","1","1.36339980462182","0.0627333792746987","1","54911","1.82112873559032e-05","2","42684","4.68559647643145e-05","-1.16330354574183","0.0487061586662946","1","54911","1.82112873559032e-05","0.5","61492","8.13113900995251e-06","FALSE","FALSE","K285E","0.100048129439995","0.0557197689704966","0"
"750","K","285","E","AAA","GAG","853","missense_variant","AAA","GAG","GAA","1","2.75042292773106","0.0694098457132725","13","54911","0.000236746735626741","68","42684","0.00159310280198669","2.62810983244676","0.0669562107039937","13","54911","0.000236746735626741","90","61492","0.00146360502179145","FALSE","FALSE","K285E","2.68926638008891","0.0681830282086331","1"
"751","K","285","F","AAA","TTC","853","missense_variant","AAA","TTC","TTC","3","1.47887702204175","0.0632892314113205","24","54911","0.000437070896541677","52","42684","0.00121825508387218","1.33919679478736","0.060751999328712","24","54911","0.000437070896541677","68","61492","0.00110583490535354","FALSE","FALSE","K285F","1.40903690841455","0.0620206153700162","1"
"752","K","285","G","AAA","GGT","853","missense_variant","AAA","GGT","GGA","2","2.33023294068662","0.0673872519298045","11","54911","0.000200324160914935","43","42684","0.00100740324243276","1.90082679167789","0.0634554177235909","11","54911","0.000200324160914935","46","61492","0.000748064788915631","FALSE","FALSE","K285G","2.11552986618225","0.0654213348266977","1"
"753","K","285","H","AAA","CAC","853","missense_variant","AAA","CAC","CAC","2","1.93276545029195","0.0654740333858372","31","54911","0.000564549908032999","92","42684","0.00215537437915847","2.00144121659481","0.0639397274802216","31","54911","0.000564549908032999","139","61492","0.0022604566447668","FALSE","FALSE","K285H","1.96710333344338","0.0647068804330294","1"
"754","K","285","I","A","T","854","missense_variant","AAA","ATA","ATA","1","-0.636600195378185","0.053106335100255","1","54911","1.82112873559032e-05","0.5","42684","1.17139911910786e-05","-1.16330354574183","0.0487061586662946","1","54911","1.82112873559032e-05","0.5","61492","8.13113900995251e-06","FALSE","FALSE","K285I","-0.899951870560005","0.0509062468832748","0"
"755","K","285","I","AA","TC","854","missense_variant","AAA","ATC","ATA","1","2.99566802012133","0.0705903383822758","5","54911","9.10564367795159e-05","31","42684","0.000726267453846875","3.06935721104845","0.0690801647068217","5","54911","9.10564367795159e-05","47","61492","0.000764327066935536","FALSE","FALSE","K285I","3.03251261558489","0.0698352515445487","1"
"756","K","285","L","AAA","CTG","853","missense_variant","AAA","CTG","CTA","2","2.89589488544884","0.0701100781948183","14","54911","0.000254958022982645","81","42684","0.00189766657295474","2.91198458156241","0.0683226480788665","14","54911","0.000254958022982645","118","61492","0.00191894880634879","FALSE","FALSE","K285L","2.90393973350562","0.0692163631368424","1"
"757","K","285","M","AA","TG","854","missense_variant","AAA","ATG","ATG","2","2.99566802012133","0.0705903383822758","15","54911","0.000273169310338548","93","42684","0.00217880236154062","2.43760049884835","0.0660391898188959","15","54911","0.000273169310338548","91","61492","0.00147986729981136","FALSE","FALSE","K285M","2.71663425948484","0.0683147641005858","1"
"758","K","285","N","A","C","855","missense_variant","AAA","AAC","AAC","1","1.62643421045561","0.0639995011968789","10","54911","0.000182112873559032","24","42684","0.000562271577171774","1.60223120062115","0.0620181212508922","10","54911","0.000182112873559032","34","61492","0.000552917452676771","FALSE","FALSE","K285N","1.61433270553838","0.0630088112238856","1"
"759","K","285","P","AAA","CCT","853","missense_variant","AAA","CCT","CCA","2","-5.09603181401548","0.0316407625074889","22","54911","0.00040064832182987","0.5","42684","1.17139911910786e-05","-5.62273516437912","0.0272405860735285","22","54911","0.00040064832182987","0.5","61492","8.13113900995251e-06","FALSE","FALSE","K285P","-5.3593834891973","0.0294406742905087","1"
"760","K","285","Q","AAA","CAG","853","missense_variant","AAA","CAG","CAA","1","2.68532789950918","0.0690965093571581","28","54911","0.000509916045965289","140","42684","0.00327991753350201","2.79089276464505","0.0677397699435529","28","54911","0.000509916045965289","217","61492","0.00352891433031939","FALSE","FALSE","K285Q","2.73811033207711","0.0684181396503555","1"
"761","K","285","R","A","G","854","missense_variant","AAA","AGA","AGA","1","1.84452649435843","0.0650492932224978","24","54911","0.000437070896541677","67","42684","0.00156967481960454","2.13437700289886","0.0645796168237784","24","54911","0.000437070896541677","118","61492","0.00191894880634879","FALSE","FALSE","K285R","1.98945174862865","0.0648144550231381","1"
"762","K","285","S","AA","GC","854","missense_variant","AAA","AGC","AGC","2","3.98789066952961","0.0753664240206443","6","54911","0.000109267724135419","74","42684","0.00173367069627964","3.66112488967472","0.0719286514983933","6","54911","0.000109267724135419","85","61492","0.00138229363169193","FALSE","FALSE","K285S","3.82450777960216","0.0736475377595188","1"
"763","K","285","S","AAA","TCT","853","missense_variant","AAA","TCT","AGC","2","2.94836230534297","0.0703626312793383","1","54911","1.82112873559032e-05","6","42684","0.000140567894292943","2.64405137631578","0.0670329456775117","1","54911","1.82112873559032e-05","7","61492","0.000113835946139335","FALSE","FALSE","K285S","2.79620684082937","0.068697788478425","0"
"764","K","285","T","AA","CC","854","missense_variant","AAA","ACC","ACA","1","1.44140231662309","0.0631088460890756","27","54911","0.000491704758609386","57","42684","0.00133539499578296","1.79605446976083","0.0629510938379136","27","54911","0.000491704758609386","105","61492","0.00170753919209003","FALSE","FALSE","K285T","1.61872839319196","0.0630299699634946","1"
"765","K","285","V","AAA","GTG","853","missense_variant","AAA","GTG","GTA","2","-1.01511181863191","0.051284361041453","26","54911","0.000473493471253483","10","42684","0.000234279823821572","-0.278780763161761","0.0529638286168947","26","54911","0.000473493471253483","24","61492","0.000390294672477721","FALSE","FALSE","K285V","-0.646946290896838","0.0521240948291738","1"
"766","K","285","W","AAA","TGG","853","missense_variant","AAA","TGG","TGG","3","1.21900989528664","0.0620383552569418","21","54911","0.000382437034473967","38","42684","0.000890263330521975","0.729781250341663","0.0578185641452263","21","54911","0.000382437034473967","39","61492","0.000634228842776296","FALSE","FALSE","K285W","0.974395572814152","0.0599284597010841","1"
"767","K","285","Y","AAA","TAC","853","missense_variant","AAA","TAC","TAC","2","1.07389318742683","0.0613398327784337","11","54911","0.000200324160914935","18","42684","0.00042170368287883","1.50654785256584","0.0615575473416487","11","54911","0.000200324160914935","35","61492","0.000569179730696676","FALSE","FALSE","K285Y","1.29022051999634","0.0614486900600412","1"
"768","K","291","A","AAA","GCT","871","missense_variant","AAA","GCT","GCA","2","-6.00202725093376","0.0272797334609606","41","53403","0.000767747130311031","0.5","41739","1.19792041016795e-05","-6.5360393925553","0.0228443759988494","41","53403","0.000767747130311031","0.5","60436","8.27321464028063e-06","FALSE","FALSE","K291A","-6.26903332174453","0.025062054729905","1"
"769","K","291","C","AAA","TGC","871","missense_variant","AAA","TGC","TGC","3","-5.68886936567413","0.0287871258584455","33","53403","0.000617942812201562","0.5","41739","1.19792041016795e-05","-6.22288150729567","0.0243517683963343","33","53403","0.000617942812201562","0.5","60436","8.27321464028063e-06","FALSE","FALSE","K291C","-5.9558754364849","0.0265694471273899","1"
"770","K","291","D","AAA","GAT","871","missense_variant","AAA","GAT","GAT","2","-4.22943774703683","0.035812132189546","12","53403","0.000224706477164204","0.5","41739","1.19792041016795e-05","-4.76344988865837","0.0313767747274349","12","53403","0.000224706477164204","0.5","60436","8.27321464028063e-06","FALSE","FALSE","K291D","-4.4964438178476","0.0335944534584904","1"
"771","K","291","E","AAA","GAG","871","missense_variant","AAA","GAG","GAA","1","-5.39936274847915","0.0301806723547104","27","53403","0.00050558957361946","0.5","41739","1.19792041016795e-05","-5.93337489010068","0.0257453148925992","27","53403","0.00050558957361946","0.5","60436","8.27321464028063e-06","FALSE","FALSE","K291E","-5.66636881928991","0.0279629936236548","1"
"772","K","291","F","AAA","TTC","871","missense_variant","AAA","TTC","TTC","3","-5.77375826326065","0.0283785112749529","35","53403","0.000655393891728929","0.5","41739","1.19792041016795e-05","-6.30777040488218","0.0239431538128417","35","53403","0.000655393891728929","0.5","60436","8.27321464028063e-06","FALSE","FALSE","K291F","-6.04076433407141","0.0261608325438973","1"
"773","K","291","G","AAA","GGT","871","missense_variant","AAA","GGT","GGA","2","-4.34491496445677","0.0352562800529242","13","53403","0.000243432016927888","0.5","41739","1.19792041016795e-05","-4.87892710607831","0.0308209225908131","13","53403","0.000243432016927888","0.5","60436","8.27321464028063e-06","FALSE","FALSE","K291G","-4.61192103526754","0.0330386013218687","1"
"774","K","291","H","AAA","CAC","871","missense_variant","AAA","CAC","CAC","2","-5.2883314360904","0.0307151240292669","25","53403","0.000468138494092092","0.5","41739","1.19792041016795e-05","-5.82234357771194","0.0262797665671557","25","53403","0.000468138494092092","0.5","60436","8.27321464028063e-06","FALSE","FALSE","K291H","-5.55533750690117","0.0284974452982113","1"
"775","K","291","I","AA","TC","872","missense_variant","AAA","ATC","ATA","1","-3.64447524631568","0.0386278621069638","8","53403","0.00014980431810947","0.5","41739","1.19792041016795e-05","-4.17848738793721","0.0341925046448527","8","53403","0.00014980431810947","0.5","60436","8.27321464028063e-06","FALSE","FALSE","K291I","-3.91148131712645","0.0364101833759082","1"
"776","K","291","L","AAA","CTG","871","missense_variant","AAA","CTG","CTA","2","-5.5513658419242","0.0294490021070866","30","53403","0.000561766192910511","0.5","41739","1.19792041016795e-05","-6.08537798354573","0.0250136446449755","30","53403","0.000561766192910511","0.5","60436","8.27321464028063e-06","FALSE","FALSE","K291L","-5.81837191273496","0.027231323376031","1"
"777","K","291","M","AA","TG","872","missense_variant","AAA","ATG","ATG","2","0.618559159518115","0.0591480723780314","10","53403","0.000187255397636837","12","41739","0.000287500898440308","0.200024235316516","0.0552685670525421","10","53403","0.000187255397636837","13","60436","0.000215103580647296","FALSE","FALSE","K291M","0.409291697417315","0.0572083197152868","1"
"778","K","291","N","A","C","873","missense_variant","AAA","AAC","AAC","1","-4.22943774703683","0.035812132189546","12","53403","0.000224706477164204","0.5","41739","1.19792041016795e-05","-4.76344988865837","0.0313767747274349","12","53403","0.000224706477164204","0.5","60436","8.27321464028063e-06","FALSE","FALSE","K291N","-4.4964438178476","0.0335944534584904","1"
"779","K","291","P","AAA","CCT","871","missense_variant","AAA","CCT","CCA","2","-3.22943774703683","0.0406256542767679","6","53403","0.000112353238582102","0.5","41739","1.19792041016795e-05","-3.76344988865837","0.0361902968146567","6","53403","0.000112353238582102","0.5","60436","8.27321464028063e-06","FALSE","FALSE","K291P","-3.4964438178476","0.0384079755457123","1"
"780","K","291","Q","AAA","CAG","871","missense_variant","AAA","CAG","CAA","1","0.355524753684321","0.0578819504558512","8","53403","0.00014980431810947","8","41739","0.000191667265626872","-0.37113246587961","0.0525192916560697","8","53403","0.00014980431810947","7","60436","0.000115825004963929","FALSE","FALSE","K291Q","-0.00780385609764425","0.0552006210559605","1"
"781","K","291","R","A","G","872","missense_variant","AAA","AGA","AGA","1","-5.10390686495298","0.0316028557758633","22","53403","0.000411961874801041","0.5","41739","1.19792041016795e-05","-5.63791900657451","0.0271674983137521","22","53403","0.000411961874801041","0.5","60436","8.27321464028063e-06","FALSE","FALSE","K291R","-5.37091293576374","0.0293851770448077","1"
"782","K","291","S","AA","GC","872","missense_variant","AAA","AGC","AGC","2","-5.85392861194463","0.0279926095308222","37","53403","0.000692844971256296","0.5","41739","1.19792041016795e-05","-6.38794075356616","0.0235572520687111","37","53403","0.000692844971256296","0.5","60436","8.27321464028063e-06","FALSE","FALSE","K291S","-6.1209346827554","0.0257749307997667","1"
"783","K","291","T","AA","CC","872","missense_variant","AAA","ACC","ACA","1","-0.159048419145437","0.0554050411229433","10","53403","0.000187255397636837","7","41739","0.000167708857423513","-0.500415482824576","0.0518969849985025","10","53403","0.000187255397636837","8","60436","0.00013237143424449","FALSE","FALSE","K291T","-0.329731950985007","0.0536510130607229","1"
"784","K","291","V","AAA","GTG","871","missense_variant","AAA","GTG","GTA","2","-5.22943774703683","0.0309986101023242","24","53403","0.000449412954328409","0.5","41739","1.19792041016795e-05","-5.76344988865837","0.026563252640213","24","53403","0.000449412954328409","0.5","60436","8.27321464028063e-06","FALSE","FALSE","K291V","-5.4964438178476","0.0287809313712686","1"
"785","K","291","W","AAA","TGG","871","missense_variant","AAA","TGG","TGG","3","-4.22943774703683","0.035812132189546","12","53403","0.000224706477164204","0.5","41739","1.19792041016795e-05","-4.76344988865837","0.0313767747274349","12","53403","0.000224706477164204","0.5","60436","8.27321464028063e-06","FALSE","FALSE","K291W","-4.4964438178476","0.0335944534584904","1"
"786","K","291","Y","AAA","TAC","871","missense_variant","AAA","TAC","TAC","2","-3.30744025903811","0.040250187462391","38","53403","0.00071157051101998","3","41739","7.18752246100769e-05","-2.25648989993849","0.0434440820049194","38","53403","0.00071157051101998","9","60436","0.000148917863525051","FALSE","FALSE","K291Y","-2.7819650794883","0.0418471347336552","1"
"787","K","294","A","AAA","GCT","880","missense_variant","AAA","GCT","GCA","2","2.06221525356168","0.0660971428730625","11","53242","0.000206603809022952","36","41723","0.000862833449176713","1.94392932017161","0.0636628926965105","11","53242","0.000206603809022952","48","60384","0.000794912559618442","FALSE","FALSE","K294A","2.00307228686664","0.0648800177847865","1"
"788","K","294","C","AAA","TGC","880","missense_variant","AAA","TGC","TGC","3","2.52164687219897","0.0683086271169412","30","53242","0.000563464933698959","135","41723","0.00323562543441267","2.48893667051498","0.0662862976150866","30","53242","0.000563464933698959","191","60384","0.00316308956014838","FALSE","FALSE","K294C","2.50529177135698","0.0672974623660139","1"
"789","K","294","D","AAA","GAT","880","missense_variant","AAA","GAT","GAT","2","1.68236718274513","0.0642687357943985","33","53242","0.000619811427068855","83","41723","0.00198931045226853","1.52889182089277","0.0616651005267065","33","53242","0.000619811427068855","108","60384","0.00178855325914149","FALSE","FALSE","K294D","1.60562950181895","0.0629669181605525","1"
"790","K","294","E","AAA","GAG","880","missense_variant","AAA","GAG","GAA","1","2.52164687219897","0.0683086271169412","8","53242","0.000150257315653056","36","41723","0.000862833449176713","2.98832343953006","0.068690106857807","8","53242","0.000150257315653056","72","60384","0.00119236883942766","FALSE","FALSE","K294E","2.75498515586452","0.0684993669873741","1"
"791","K","294","F","AAA","TTC","880","missense_variant","AAA","TTC","TTC","3","2.45863707467317","0.0680053280648394","13","53242","0.000244168137936216","56","41723","0.001342185365386","1.89931843347132","0.0634481572080481","13","53242","0.000244168137936216","55","60384","0.000910837307896131","FALSE","FALSE","K294F","2.17897775407224","0.0657267426364438","1"
"792","K","294","G","AAA","GGT","880","missense_variant","AAA","GGT","GGA","2","2.98399008625617","0.0705341263896827","5","53242","9.39108222831599e-05","31","41723","0.000742995470124392","2.0200322992574","0.0640292160672434","5","53242","9.39108222831599e-05","23","60384","0.000380895601483837","FALSE","FALSE","K294G","2.50201119275679","0.067281671228463","1"
"793","K","294","H","AAA","CAC","880","missense_variant","AAA","CAC","CAC","2","2.59118780545205","0.068643363935121","18","53242","0.000338078960219376","85","41723","0.00203724564388946","2.48136345081018","0.0662498437547662","18","53242","0.000338078960219376","114","60384","0.0018879173290938","FALSE","FALSE","K294H","2.53627562813111","0.0674466038449436","1"
"794","K","294","I","AA","TC","881","missense_variant","AAA","ATC","ATA","1","-0.0918847807189539","0.0557283347799674","34","53242","0.000638593591525487","25","41723","0.000599189895261606","0.254497552894423","0.0555307755698676","34","53242","0.000638593591525487","46","60384","0.000761791202967674","FALSE","FALSE","K294I","0.0813063860877348","0.0556295551749175","1"
"795","K","294","L","AAA","CTG","880","missense_variant","AAA","CTG","CTA","2","1.79229446214264","0.0647978731817666","7","53242","0.000131475151196424","19","41723","0.000455384320398821","2.25897102947373","0.0651793529226324","7","53242","0.000131475151196424","38","60384","0.0006293057763646","FALSE","FALSE","K294L","2.02563274580819","0.0649886130521995","1"
"796","K","294","M","AA","TG","881","missense_variant","AAA","ATG","ATG","2","2.28460767489812","0.0671676337051963","22","53242","0.000413207618045904","84","41723","0.002013278048079","2.48824983639542","0.0662829915238818","22","53242","0.000413207618045904","140","60384","0.00231849496555379","FALSE","FALSE","K294M","2.38642875564677","0.0667253126145391","1"
"797","K","294","N","A","C","882","missense_variant","AAA","AAC","AAC","1","0.534585927906471","0.0587438653729334","37","53242","0.000694940084895383","42","41723","0.0010066390240395","0.515835668067319","0.0567887323594852","37","53242","0.000694940084895383","60","60384","0.000993640699523052","FALSE","FALSE","K294N","0.525210797986895","0.0577662988662093","1"
"798","K","294","P","AAA","CCT","880","missense_variant","AAA","CCT","CCA","2","-6.50625912437091","0.0248526022010896","58","53242","0.00108936553848465","0.5","41723","1.19837979052321e-05","-3.71765446215246","0.0364107341116367","58","53242","0.00108936553848465","5","60384","8.2803391626921e-05","FALSE","FALSE","K294P","-5.11195679326169","0.0306316681563631","1"
"799","K","294","Q","AAA","CAG","880","missense_variant","AAA","CAG","CAA","1","1.7667593700355","0.0646749594519097","9","53242","0.000169039480109688","24","41723","0.000575222299451142","2.00602544126352","0.0639617937469173","9","53242","0.000169039480109688","41","60384","0.000678987811340753","FALSE","FALSE","K294Q","1.88639240564951","0.0643183765994135","1"
"800","K","294","R","A","G","881","missense_variant","AAA","AGA","AGA","1","-1.2332406299645","0.0502343931902441","9","53242","0.000169039480109688","3","41723","7.19027874313928e-05","0.555364032253956","0.0569790030135694","9","53242","0.000169039480109688","15","60384","0.000248410174880763","FALSE","FALSE","K294R","-0.33893829885527","0.0536066981019067","1"
"801","K","294","S","AA","GC","881","missense_variant","AAA","AGC","AGC","2","3.30591818114354","0.0720837343849203","4","53242","7.51286578265279e-05","31","41723","0.000742995470124392","2.21071586086651","0.064947075602719","4","53242","7.51286578265279e-05","21","60384","0.000347774244833068","FALSE","FALSE","K294S","2.75831702100502","0.0685154049938196","1"
"802","K","294","T","AA","CC","881","missense_variant","AAA","ACC","ACA","1","2.10915156748258","0.0663230718568136","21","53242","0.000394425453589272","71","41723","0.00170169930254296","2.15400146987219","0.0646740796290045","21","53242","0.000394425453589272","106","60384","0.00175543190249073","FALSE","FALSE","K294T","2.13157651867739","0.065498575742909","1"
"803","K","294","V","AAA","GTG","880","missense_variant","AAA","GTG","GTA","2","0.614756276590454","0.059129767117064","20","53242","0.00037564328913264","24","41723","0.000575222299451142","1.08143284392154","0.0595112468579298","20","53242","0.00037564328913264","48","60384","0.000794912559618442","FALSE","FALSE","K294V","0.848094560255999","0.0593205069874969","1"
"804","K","294","W","AAA","TGG","880","missense_variant","AAA","TGG","TGG","3","2.55335573192631","0.0684612584135994","10","53242","0.00018782164456632","46","41723","0.00110250940728136","2.78187256206264","0.0676963509991913","10","53242","0.00018782164456632","78","60384","0.00129173290937997","FALSE","FALSE","K294W","2.66761414699447","0.0680788047063954","1"
"805","K","294","Y","AAA","TAC","880","missense_variant","AAA","TAC","TAC","2","2.04359957539433","0.0660075358950354","26","53242","0.000488336275872432","84","41723","0.002013278048079","2.15138172148411","0.0646614694122755","26","53242","0.000488336275872432","131","60384","0.00216944886062533","FALSE","FALSE","K294Y","2.09749064843922","0.0653345026536554","1"
"806","L","248","C","CTG","TGC","742","missense_variant","CTG","TGC","TGC","3","-0.0361318094300983","0.0559967029386945","66","53129","0.00124225940635058","50","41270","0.00121153380179307","-0.24521965741949","0.0531253757406567","66","53129","0.00124225940635058","63","60110","0.00104807852270837","FALSE","FALSE","L248C","-0.140675733424794","0.0545610393396756","1"
"807","L","248","D","CTG","GAT","742","missense_variant","CTG","GAT","GAT","3","-2.22055638056753","0.0454819270176544","3","53129","5.64663366522991e-05","0.5","41270","1.21153380179307e-05","-2.76306796228211","0.0410056573129264","3","53129","5.64663366522991e-05","0.5","60110","8.31808351355848e-06","FALSE","FALSE","L248D","-2.49181217142482","0.0432437921652904","1"
"808","L","248","E","CT","GA","742","missense_variant","CTG","GAG","GAG","2","-5.67998799920482","0.0288298765121102","33","53129","0.00062112970317529","0.5","41270","1.21153380179307e-05","-6.22249958091941","0.0243536068073821","33","53129","0.00062112970317529","0.5","60110","8.31808351355848e-06","FALSE","FALSE","L248E","-5.95124379006212","0.0265917416597462","1"
"809","L","248","F","CTG","TTC","742","missense_variant","CTG","TTC","TTC","2","3.17176104221124","0.0714379660335112","1","53129","1.8822112217433e-05","7","41270","0.00016961473225103","0.821894538439047","0.0582619534920097","1","53129","1.8822112217433e-05","2","60110","3.32723340542339e-05","FALSE","FALSE","L248F","1.99682779032514","0.0648499597627605","1"
"810","L","248","G","CTG","GGT","742","missense_variant","CTG","GGT","GGG","2","-5.02791130262513","0.0319686620936592","21","53129","0.000395264356566094","0.5","41270","1.21153380179307e-05","-5.57042288433971","0.0274923923889311","21","53129","0.000395264356566094","0.5","60110","8.31808351355848e-06","FALSE","FALSE","L248G","-5.29916709348242","0.0297305272412952","1"
"811","L","248","H","TG","AC","743","missense_variant","CTG","CAC","CAC","2","-2.49357487497394","0.0441677464646091","29","53129","0.000545841254305558","4","41270","9.69227041434456e-05","-3.45112395596737","0.037693684590077","29","53129","0.000545841254305558","3","60110","4.99085010813509e-05","FALSE","FALSE","L248H","-2.97234941547066","0.0409307155273431","1"
"812","L","248","I","CTG","ATC","742","missense_variant","CTG","ATC","ATC","2","0.0233692023185634","0.0562831123729588","19","53129","0.000357620132131228","15","41270","0.000363460140537921","-0.725593256863447","0.0508130868096149","19","53129","0.000357620132131228","13","60110","0.00021627017135252","FALSE","FALSE","L248I","-0.351112027272442","0.0535480995912868","1"
"813","L","248","M","C","A","742","missense_variant","CTG","ATG","ATG","1","1.90497450151633","0.0653402610400809","11","53129","0.000207043234391763","32","41270","0.000775381633147565","1.5719162854307","0.0618721997370507","11","53129","0.000207043234391763","37","60110","0.000615538180003327","FALSE","FALSE","L248M","1.73844539347352","0.0636062303885658","1"
"814","L","248","N","CTG","AAC","742","missense_variant","CTG","AAC","AAC","3","-5.44294880190397","0.0299708699238552","28","53129","0.000527019142088125","0.5","41270","1.21153380179307e-05","-5.98546038361856","0.0254946002191271","28","53129","0.000527019142088125","0.5","60110","8.31808351355848e-06","FALSE","FALSE","L248N","-5.71420459276127","0.0277327350714911","1"
"815","L","248","P","T","C","743","missense_variant","CTG","CCG","CCG","1","-1.63559387984637","0.0482976569350723","2","53129","3.76442244348661e-05","0.5","41270","1.21153380179307e-05","-2.17810546156095","0.0438213872303442","2","53129","3.76442244348661e-05","0.5","60110","8.31808351355848e-06","FALSE","FALSE","L248P","-1.90684967070366","0.0460595220827082","0"
"816","L","248","P","TG","CT","743","missense_variant","CTG","CCT","CCG","1","-6.58979019023324","0.0244505235705921","62","53129","0.00116697095748085","0.5","41270","1.21153380179307e-05","-7.13230177194783","0.019974253865864","62","53129","0.00116697095748085","0.5","60110","8.31808351355848e-06","FALSE","FALSE","L248P","-6.86104598109054","0.022212388718228","1"
"817","L","248","Q","T","A","743","missense_variant","CTG","CAG","CAG","1","-3.63559387984637","0.0386706127606286","8","53129","0.000150576897739464","0.5","41270","1.21153380179307e-05","-4.17810546156095","0.0341943430559005","8","53129","0.000150576897739464","0.5","60110","8.31808351355848e-06","FALSE","FALSE","L248Q","-3.90684967070366","0.0364324779082645","1"
"818","L","248","R","CTG","AGA","742","missense_variant","CTG","AGA","CGG","1","-1.60242701591117","0.0484573063671882","86","53129","0.00161870165069924","22","41270","0.000533074872788951","-1.0194077155419","0.0493988044232211","86","53129","0.00161870165069924","48","60110","0.000798536017301614","FALSE","FALSE","L248R","-1.31091736572653","0.0489280553952046","1"
"819","L","248","S","CTG","AGC","742","missense_variant","CTG","AGC","TCG","2","-1.02791130262513","0.0512227504425466","21","53129","0.000395264356566094","8","41270","0.000193845408286891","-1.76306796228211","0.0458191794001482","21","53129","0.000395264356566094","7","60110","0.000116453169189819","FALSE","FALSE","L248S","-1.39548963245362","0.0485209649213474","1"
"820","L","248","T","CTG","ACC","742","missense_variant","CTG","ACC","ACG","2","-0.635593879846369","0.0531111790222941","6","53129","0.000112932673304598","3","41270","7.26920281075842e-05","-1.17810546156095","0.048634909317566","6","53129","0.000112932673304598","3","60110","4.99085010813509e-05","FALSE","FALSE","L248T","-0.906849670703661","0.0508730441699301","1"
"821","L","248","V","C","G","742","missense_variant","CTG","GTG","GTG","1","-0.845047245475319","0.0521029706205962","74","53129","0.00139283630409004","32","41270","0.000775381633147565","-0.895705730860228","0.0499942466587195","74","53129","0.00139283630409004","45","60110","0.000748627516220263","TRUE","FALSE","L248V","-0.870376488167774","0.0510486086396578","1"
"822","L","248","W","CT","TG","742","missense_variant","CTG","TGG","TGG","2","-5.27945006962109","0.0307578746829316","25","53129","0.000470552805435826","0.5","41270","1.21153380179307e-05","-5.82196165133568","0.0262816049782035","25","53129","0.000470552805435826","0.5","60110","8.31808351355848e-06","FALSE","FALSE","L248W","-5.55070586047839","0.0285197398305676","1"
"823","L","248","Y","CTG","TAC","742","missense_variant","CTG","TAC","TAC","3","-4.88352139328996","0.032663686111416","19","53129","0.000357620132131228","0.5","41270","1.21153380179307e-05","-5.42603297500454","0.028187416406688","19","53129","0.000357620132131228","0.5","60110","8.31808351355848e-06","FALSE","FALSE","L248Y","-5.15477718414725","0.030425551259052","1"
"824","L","266","A","CTG","GCT","796","missense_variant","CTG","GCT","GCG","2","1.54293757125938","0.0635975882798991","27","54351","0.000496770988574267","60","41450","0.0014475271411339","1.28092862830085","0.0604715242223473","27","54351","0.000496770988574267","73","60474","0.00120713033700433","FALSE","FALSE","L266A","1.41193309978011","0.0620345562511232","1"
"825","L","266","C","CTG","TGC","796","missense_variant","CTG","TGC","TGC","3","3.50641169523427","0.0730488143433408","3","54351","5.51967765082519e-05","26","41450","0.000627261761158022","4.43095407230545","0.0756342412723742","3","54351","5.51967765082519e-05","72","60474","0.00119059430499057","FALSE","FALSE","L266C","3.96868288376986","0.0743415278078575","1"
"826","L","266","D","CTG","GAT","796","missense_variant","CTG","GAT","GAT","3","-6.10091861851534","0.0268037176788711","45","54351","0.000827951647623779","0.5","41450","1.20627261761158e-05","-6.64586152474538","0.0223157447398867","45","54351","0.000827951647623779","0.5","60474","8.26801600687899e-06","FALSE","FALSE","L266D","-6.37339007163036","0.0245597312093788","1"
"827","L","266","E","CT","GA","796","missense_variant","CTG","GAG","GAG","2","0.270640244096621","0.0574733569940878","25","54351","0.000459973137568766","23","41450","0.000554885404101327","0.930055836372772","0.0587825902885963","25","54351","0.000459973137568766","53","60474","0.000876409696729173","FALSE","FALSE","L266E","0.600348040234697","0.058127973641342","1"
"828","L","266","F","CTG","TTC","796","missense_variant","CTG","TTC","TTC","2","-1.41642044424327","0.0493526531082801","28","54351","0.000515169914077018","8","41450","0.000193003618817853","-0.961363350473306","0.0496782022565175","28","54351","0.000515169914077018","16","60474","0.000264576512220128","FALSE","FALSE","L266F","-1.18889189735829","0.0495154276823988","1"
"829","L","266","G","CTG","GGT","796","missense_variant","CTG","GGT","GGG","2","-5.13262747824268","0.0314646084694347","23","54351","0.000423175286563265","0.5","41450","1.20627261761158e-05","-2.35564228958535","0.0429668097873534","23","54351","0.000423175286563265","5","60474","8.26801600687899e-05","FALSE","FALSE","L266G","-3.74413488391402","0.0372157091283941","1"
"830","L","266","H","TG","AC","797","missense_variant","CTG","CAC","CAC","2","0.712862572701696","0.059602003940291","12","54351","0.000220787106033008","15","41450","0.000361881785283474","0.784591026920154","0.0580823922153826","12","54351","0.000220787106033008","23","60474","0.000380328736316434","FALSE","FALSE","L266H","0.748726799810925","0.0588421980778368","1"
"831","L","266","H","TG","AT","797","missense_variant","CTG","CAT","CAC","2","-0.609065522185667","0.0532388738578316","1","54351","1.83989255027506e-05","0.5","41450","1.20627261761158e-05","-1.1540084284157","0.0487509009188472","1","54351","1.83989255027506e-05","0.5","60474","8.26801600687899e-06","FALSE","FALSE","L266H","-0.881536975300685","0.0509948873883394","0"
"832","L","266","I","CTG","ATC","796","missense_variant","CTG","ATC","ATC","2","2.97589697853549","0.0704951700369149","6","54351","0.000110393553016504","36","41450","0.000868516284680338","2.90488526063787","0.0682884753407919","6","54351","0.000110393553016504","50","60474","0.000826801600687899","FALSE","FALSE","L266I","2.94039111958668","0.0693918226888534","1"
"833","L","266","K","CT","AA","796","missense_variant","CTG","AAG","AAG","2","3.61332689915078","0.0735634530388527","3","54351","5.51967765082519e-05","28","41450","0.000675512665862485","4.39031208780811","0.0754386101823277","3","54351","5.51967765082519e-05","70","60474","0.00115752224096306","FALSE","FALSE","L266K","4.00181949347945","0.0745010316105902","1"
"834","L","266","M","C","A","796","missense_variant","CTG","ATG","ATG","1","2.84344668251184","0.069857617611546","19","54351","0.000349579584552262","104","41450","0.00250904704463209","2.27048940011221","0.0652347968541095","19","54351","0.000349579584552262","102","60474","0.00168667526540331","FALSE","FALSE","L266M","2.55696804131202","0.0675462072328278","1"
"835","L","266","N","CTG","AAC","796","missense_variant","CTG","AAC","AAC","3","-1.55659810229153","0.0486779048551297","27","54351","0.000496770988574267","7","41450","0.000168878166465621","-1.73897092913686","0.0459351710014294","27","54351","0.000496770988574267","9","60474","0.000148824288123822","FALSE","FALSE","L266N","-1.6477845157142","0.0473065379282796","1"
"836","L","266","P","T","C","797","missense_variant","CTG","CCG","CCG","1","-0.609065522185667","0.0532388738578316","2","54351","3.67978510055013e-05","1","41450","2.41254523522316e-05","-0.154008428415702","0.053564423006069","2","54351","3.67978510055013e-05","2","60474","3.3072064027516e-05","FALSE","FALSE","L266P","-0.381536975300685","0.0534016484319503","0"
"837","L","266","P","TG","CT","797","missense_variant","CTG","CCT","CCG","1","-5.60906552218567","0.0291712634217224","32","54351","0.00058876561608802","0.5","41450","1.20627261761158e-05","-6.1540084284157","0.024683290482738","32","54351","0.00058876561608802","0.5","60474","8.26801600687899e-06","FALSE","FALSE","L266P","-5.88153697530068","0.0269272769522302","1"
"838","L","266","Q","T","A","797","missense_variant","CTG","CAG","CAG","1","1.93982772382797","0.0655080277954888","27","54351","0.000496770988574267","79","41450","0.0019059107358263","1.76352941139232","0.0627945337510686","27","54351","0.000496770988574267","102","60474","0.00168667526540331","FALSE","FALSE","L266Q","1.85167856761015","0.0641512807732787","1"
"839","L","266","R","CTG","AGA","796","missense_variant","CTG","AGA","CGG","1","2.42068182120839","0.0678226296139606","12","54351","0.000220787106033008","49","41450","0.00118214716525935","2.75288216719282","0.0675568050931681","12","54351","0.000220787106033008","90","60474","0.00148824288123822","FALSE","FALSE","L266R","2.5867819942006","0.0676897173535643","1"
"840","L","266","R","T","G","797","missense_variant","CTG","CGG","CGG","1","-1.19402802290682","0.0504231439404138","3","54351","5.51967765082519e-05","1","41450","2.41254523522316e-05","-0.738970929136858","0.0507486930886512","3","54351","5.51967765082519e-05","2","60474","3.3072064027516e-05","FALSE","FALSE","L266R","-0.966499476021841","0.0505859185145325","0"
"841","L","266","S","CTG","AGC","796","missense_variant","CTG","AGC","TCG","2","-0.246495442800959","0.0549841129431157","14","54351","0.000257584957038509","9","41450","0.000217129071170084","0.208561650969006","0.0553096620913531","14","54351","0.000257584957038509","18","60474","0.000297648576247644","FALSE","FALSE","L266S","-0.0189668959159763","0.0551468875172344","1"
"842","L","266","T","CTG","ACC","796","missense_variant","CTG","ACC","ACG","2","2.10714151181374","0.0663133964094551","7","54351","0.000128792478519254","23","41450","0.000554885404101327","1.56219860558371","0.0618254234704707","7","54351","0.000128792478519254","23","60474","0.000380328736316434","FALSE","FALSE","L266T","1.83467005869872","0.0640694099399629","1"
"843","L","266","V","C","G","796","missense_variant","CTG","GTG","GTG","1","2.29782507342285","0.0672312559449307","36","54351","0.000662361318099023","135","41450","0.00325693606755127","2.30542319022159","0.0654029514243914","36","54351","0.000662361318099023","198","60474","0.00327413433872408","FALSE","FALSE","L266V","2.30162413182222","0.0663171036846611","1"
"844","L","266","W","CT","TG","796","missense_variant","CTG","TGG","TGG","2","0.390934477814333","0.0580523959450535","25","54351","0.000459973137568766","25","41450","0.00060313630880579","-0.212902117469271","0.0532809369330117","25","54351","0.000459973137568766","24","60474","0.000396864768330191","FALSE","FALSE","L266W","0.089016180172531","0.0556666664390326","1"
"845","L","266","Y","CTG","TAC","796","missense_variant","CTG","TAC","TAC","3","0.127900071980539","0.0567862740228732","60","54351","0.00110393553016504","50","41450","0.00120627261761158","0.0683839929207457","0.0546349138382028","60","54351","0.00110393553016504","70","60474","0.00115752224096306","FALSE","FALSE","L266Y","0.0981420324506425","0.055710593930538","1"
"846","L","273","A","TTG","GCT","817","missense_variant","TTG","GCT","GCG","2","1.83335305613964","0.0649955096308415","10","54793","0.00018250506451554","27","41514","0.00065038300332418","2.02455119038388","0.0640509678494905","10","54793","0.00018250506451554","45","60602","0.000742549750833306","FALSE","FALSE","L273A","1.92895212326176","0.064523238740166","1"
"847","L","273","C","TG","GC","818","missense_variant","TTG","TGC","TGC","2","1.2628901251136","0.0622495737124063","11","54793","0.000200755570967094","20","41514","0.000481765187647541","1.15008207246774","0.0598416914358077","11","54793","0.000200755570967094","27","60602","0.000445529850499983","FALSE","FALSE","L273C","1.20648609879067","0.061045632574107","1"
"848","L","273","D","TTG","GAT","817","missense_variant","TTG","GAT","GAT","3","-3.92153444602383","0.0372942315297007","10","54793","0.00018250506451554","0.5","41514","1.20441296911885e-05","-4.46730190594579","0.0328022895833081","10","54793","0.00018250506451554","0.5","60602","8.25055278703673e-06","FALSE","FALSE","L273D","-4.19441817598481","0.0350482605565044","1"
"849","L","273","E","TT","GA","817","missense_variant","TTG","GAG","GAG","2","-5.18456885185762","0.0312145875202986","24","54793","0.000438012154837297","0.5","41514","1.20441296911885e-05","-5.73033631177958","0.026722645573906","24","54793","0.000438012154837297","0.5","60602","8.25055278703673e-06","FALSE","FALSE","L273E","-5.4574525818186","0.0289686165471023","1"
"850","L","273","F","G","C","819","missense_variant","TTG","TTC","TTC","1","1.92585513783603","0.065440770444201","33","54793","0.000602266712901283","95","41514","0.00228838464132582","1.69287511894496","0.0624544377538162","33","54793","0.000602266712901283","118","60602","0.00194713045774067","FALSE","FALSE","L273F","1.8093651283905","0.0639476040990086","1"
"851","L","273","F","G","T","819","missense_variant","TTG","TTT","TTC","1","-1.92153444602383","0.0469212757041443","5","54793","9.12525322577702e-05","1","41514","2.4088259382377e-05","-2.46730190594579","0.0424293337577517","5","54793","9.12525322577702e-05","1","60602","1.65011055740735e-05","FALSE","FALSE","L273F","-2.19441817598481","0.044675304730948","0"
"852","L","273","G","TTG","GGT","817","missense_variant","TTG","GGT","GGG","2","0.312930807613197","0.0576769235556559","17","54793","0.000310258609676419","16","41514","0.000385412150118032","-0.145373811058428","0.053605985927433","17","54793","0.000310258609676419","17","60602","0.000280518794759249","FALSE","FALSE","L273G","0.0837784982773846","0.0556414547415445","1"
"853","L","273","I","TTG","ATC","817","missense_variant","TTG","ATC","ATC","2","2.40039364886354","0.0677249720482693","14","54793","0.000255507090321756","56","41514","0.00134894252541311","2.31405780757887","0.0654445143457554","14","54793","0.000255507090321756","77","60602","0.00127058512920366","FALSE","FALSE","L273I","2.3572257282212","0.0665847431970123","1"
"854","L","273","K","TT","AA","817","missense_variant","TTG","AAG","AAG","2","2.333279453005","0.0674019163841381","11","54793","0.000200755570967094","42","41514","0.00101170689405984","2.50371902708244","0.0663574528149253","11","54793","0.000200755570967094","69","60602","0.00113857628461107","FALSE","FALSE","L273K","2.41849924004372","0.0668796845995317","1"
"855","L","273","M","T","A","817","missense_variant","TTG","ATG","ATG","1","4.33113098642642","0.0770186188672521","4","54793","7.30020258062161e-05","61","41514","0.001469383822325","4.52705153091307","0.0760968085119079","4","54793","7.30020258062161e-05","102","60602","0.00168311276855549","FALSE","FALSE","L273M","4.42909125866974","0.07655771368958","1"
"856","L","273","N","TTG","AAC","817","missense_variant","TTG","AAC","AAC","3","0.985356149584693","0.0609136577912434","8","54793","0.000146004051612432","12","41514","0.000289059112588524","1.24694361172033","0.0603079365944024","8","54793","0.000146004051612432","21","60602","0.000346523217055543","FALSE","FALSE","L273N","1.11614988065251","0.0606107971928229","1"
"857","L","273","P","TTG","CCT","817","missense_variant","TTG","CCT","CCG","2","1.76296372824824","0.0646566890463315","14","54793","0.000255507090321756","36","41514","0.000867177337765573","1.85462618894157","0.0632330301018767","14","54793","0.000255507090321756","56","60602","0.000924061912148114","FALSE","FALSE","L273P","1.80879495859491","0.0639448595741041","1"
"858","L","273","Q","TT","CA","817","missense_variant","TTG","CAG","CAG","2","2.73159955733891","0.0693192390041339","31","54793","0.000565765699998175","156","41514","0.00375776846365082","2.82524238216048","0.0679051125861511","31","54793","0.000565765699998175","243","60602","0.00400976865449985","FALSE","FALSE","L273Q","2.77842096974969","0.0686121757951425","1"
"859","L","273","R","TTG","AGA","817","missense_variant","TTG","AGA","AGG","2","0.99273567995029","0.0609491793236515","65","54793","0.00118628291935101","98","41514","0.00236064941947295","1.38684722759075","0.0609813657394768","65","54793","0.00118628291935101","188","60602","0.00310220784792581","FALSE","FALSE","L273R","1.18979145377052","0.0609652725315642","1"
"860","L","273","S","TTG","AGC","817","missense_variant","TTG","AGC","TCG","1","0.959821057477555","0.0607907440613865","19","54793","0.000346759622579527","28","41514","0.000674471262706557","0.41405359755559","0.0562988021149939","19","54793","0.000346759622579527","28","60602","0.000462030956074057","FALSE","FALSE","L273S","0.686937327516573","0.0585447730881902","1"
"861","L","273","T","TTG","ACC","817","missense_variant","TTG","ACC","ACG","2","0.985356149584693","0.0609136577912434","10","54793","0.00018250506451554","15","41514","0.000361323890735655","1.2331378121953","0.0602414820734569","10","54793","0.00018250506451554","26","60602","0.00042902874492591","FALSE","FALSE","L273T","1.10924698089","0.0605775699323501","1"
"862","L","273","V","T","G","817","missense_variant","TTG","GTG","GTG","1","2.85982526750083","0.069936456292148","4","54793","7.30020258062161e-05","22","41514","0.000529941706412295","2.80882249932845","0.0678260751174695","4","54793","7.30020258062161e-05","31","60602","0.000511534272796277","FALSE","FALSE","L273V","2.83432388341464","0.0688812657048087","1"
"863","L","273","W","T","G","818","missense_variant","TTG","TGG","TGG","1","0.274862766779678","0.0574936822002865","24","54793","0.000438012154837297","22","41514","0.000529941706412295","0.176554283828934","0.0551555939226706","24","54793","0.000438012154837297","30","60602","0.000495033167222204","FALSE","FALSE","L273W","0.225708525304306","0.0563246380614785","1"
"864","L","273","Y","TG","AC","818","missense_variant","TTG","TAC","TAC","2","1.91496682169329","0.0653883592939553","21","54793","0.000383260635482635","60","41514","0.00144529556294262","2.07701861027802","0.0643035209340104","21","54793","0.000383260635482635","98","60602","0.0016171083462592","FALSE","FALSE","L273Y","1.99599271598566","0.0648459401139829","1"
"865","L","284","A","TTG","GCT","850","missense_variant","TTG","GCT","GCG","2","-1.303179937572","0.0498977387883104","57","55301","0.00103072277174011","18","43095","0.000417681865645667","-1.2406596593771","0.0483338033047295","57","55301","0.00103072277174011","27","61901","0.000436180352498344","FALSE","FALSE","L284A","-1.27191979847455","0.04911577104652","1"
"866","L","284","C","TG","GC","851","missense_variant","TTG","TGC","TGC","2","-3.00944873451529","0.0416845762474864","31","55301","0.000560568524981465","3","43095","6.96136442742778e-05","-2.53189095704155","0.0421184329337096","31","55301","0.000560568524981465","6","61901","9.69289672218542e-05","FALSE","FALSE","L284C","-2.77066984577842","0.041901504590598","1"
"867","L","284","D","TTG","GAT","850","missense_variant","TTG","GAT","GAT","3","-4.22517742557073","0.0358326393410218","12","55301","0.000216994267734761","0.5","43095","1.1602274045713e-05","-4.74761964809699","0.0314529739400231","12","55301","0.000216994267734761","0.5","61901","8.07741393515452e-06","FALSE","FALSE","L284D","-4.48639853683386","0.0336428066405225","1"
"868","L","284","E","TT","GA","850","missense_variant","TTG","GAG","GAG","2","-4.81013992629188","0.033016909423604","18","55301","0.000325491401602141","0.5","43095","1.1602274045713e-05","-4.33258214881814","0.0334507661098271","18","55301","0.000325491401602141","1","61901","1.6154827870309e-05","FALSE","FALSE","L284E","-4.57136103755501","0.0332338377667156","1"
"869","L","284","F","G","C","852","missense_variant","TTG","TTC","TTC","1","2.58217749648688","0.0685999926139044","12","55301","0.000216994267734761","56","43095","0.00129945469311985","2.46183371753196","0.0661558369522739","12","55301","0.000216994267734761","74","61901","0.00119545726240287","FALSE","FALSE","L284F","2.52200560700942","0.0673779147830892","1"
"870","L","284","F","G","T","852","missense_variant","TTG","TTT","TTC","1","2.49728859890036","0.0681913780304118","5","55301","9.04142782228169e-05","22","43095","0.00051050005801137","2.03897671379382","0.0641204054250439","5","55301","9.04142782228169e-05","23","61901","0.000371561041017108","FALSE","FALSE","L284F","2.26813265634709","0.0661558917277279","0"
"871","L","284","G","TTG","GGT","850","missense_variant","TTG","GGT","GGG","2","-6.13206802117925","0.0266537793411446","45","55301","0.000813728504005353","0.5","43095","1.1602274045713e-05","-6.65451024370551","0.0222741139401459","45","55301","0.000813728504005353","0.5","61901","8.07741393515452e-06","FALSE","FALSE","L284G","-6.39328913244238","0.0244639466406452","1"
"872","L","284","H","TTG","CAC","850","missense_variant","TTG","CAC","CAC","3","0.211686436161295","0.0571895815374653","41","55301","0.000741397081427099","37","43095","0.000858568279382759","0.207711302569284","0.0553055689205492","41","55301","0.000741397081427099","53","61901","0.000856205877126379","FALSE","FALSE","L284H","0.20969886936529","0.0562475752290073","1"
"873","L","284","I","TTG","ATC","850","missense_variant","TTG","ATC","ATC","2","-1.22517742557073","0.0502732056026873","21","55301","0.000379739968535831","7","43095","0.000162431836639981","-1.97001206943344","0.0448230493695549","21","55301","0.000379739968535831","6","61901","9.69289672218542e-05","FALSE","FALSE","L284I","-1.59759474750208","0.0475481274861211","1"
"874","L","284","K","TT","AA","850","missense_variant","TTG","AAG","AAG","2","0.145660269797581","0.056871763127339","29","55301","0.000524402813692338","25","43095","0.000580113702285648","0.707282312059796","0.0577102650088675","29","55301","0.000524402813692338","53","61901","0.000856205877126379","FALSE","FALSE","L284K","0.426471290928689","0.0572910140681032","1"
"875","L","284","M","T","A","850","missense_variant","TTG","ATG","ATG","1","1.67172908146517","0.0642175290589213","29","55301","0.000524402813692338","72","43095","0.00167072746258267","1.65178719946809","0.0622566601458963","29","55301","0.000524402813692338","102","61901","0.00164779244277152","FALSE","FALSE","L284M","1.66175814046663","0.0632370946024088","1"
"876","L","284","N","TTG","AAC","850","missense_variant","TTG","AAC","AAC","3","-5.03253234762833","0.0319464185914703","21","55301","0.000379739968535831","0.5","43095","1.1602274045713e-05","-5.55497457015459","0.0275667531904716","21","55301","0.000379739968535831","0.5","61901","8.07741393515452e-06","FALSE","FALSE","L284N","-5.29375345889146","0.0297565858909709","1"
"877","L","284","P","TTG","CCT","850","missense_variant","TTG","CCT","CCG","2","-5.49819591997714","0.0297049367007546","29","55301","0.000524402813692338","0.5","43095","1.1602274045713e-05","-6.0206381425034","0.0253252712997559","29","55301","0.000524402813692338","0.5","61901","8.07741393515452e-06","FALSE","FALSE","L284P","-5.75941703124027","0.0275151040002553","1"
"878","L","284","Q","TT","CA","850","missense_variant","TTG","CAG","CAG","2","-2.64021492484957","0.0434618913456614","24","55301","0.000433988535469521","3","43095","6.96136442742778e-05","-2.16265714737583","0.0438957480318846","24","55301","0.000433988535469521","6","61901","9.69289672218542e-05","FALSE","FALSE","L284Q","-2.4014360361127","0.043678819688773","1"
"879","L","284","R","TTG","AGA","850","missense_variant","TTG","AGA","AGG","2","-5.44756984690718","0.0299486264216662","28","55301","0.000506319958047775","0.5","43095","1.1602274045713e-05","-5.97001206943344","0.0255689610206675","28","55301","0.000506319958047775","0.5","61901","8.07741393515452e-06","FALSE","FALSE","L284R","-5.70879095817031","0.0277587937211669","1"
"880","L","284","S","T","C","851","missense_variant","TTG","TCG","TCG","1","-0.640214924849571","0.0530889355201051","1","55301","1.80828556445634e-05","0.5","43095","1.1602274045713e-05","1.42230535334533","0.0611520442109679","1","55301","1.80828556445634e-05","3","61901","4.84644836109271e-05","FALSE","FALSE","L284S","0.391045214247877","0.0571204898655365","0"
"881","L","284","S","TTG","AGC","850","missense_variant","TTG","AGC","TCG","1","-4.03253234762833","0.0367599406786921","21","55301","0.000379739968535831","1","43095","2.32045480914259e-05","-4.55497457015459","0.0323802752776934","21","55301","0.000379739968535831","1","61901","1.6154827870309e-05","FALSE","FALSE","L284S","-4.29375345889146","0.0345701079781928","1"
"882","L","284","T","TTG","ACC","850","missense_variant","TTG","ACC","ACG","2","-4.22517742557073","0.0358326393410218","12","55301","0.000216994267734761","0.5","43095","1.1602274045713e-05","-4.74761964809699","0.0314529739400231","12","55301","0.000216994267734761","0.5","61901","8.07741393515452e-06","FALSE","FALSE","L284T","-4.48639853683386","0.0336428066405225","1"
"883","L","284","V","T","G","850","missense_variant","TTG","GTG","GTG","1","-3.09964654348687","0.0412504071017827","11","55301","0.000198911412090197","1","43095","2.32045480914259e-05","-4.62208876601313","0.0320572196135622","11","55301","0.000198911412090197","0.5","61901","8.07741393515452e-06","FALSE","FALSE","L284V","-3.86086765475","0.0366538133576725","1"
"884","L","284","W","T","G","851","missense_variant","TTG","TGG","TGG","1","0.489068092095396","0.0585247642648943","32","55301","0.000578651380626028","35","43095","0.000812159183199907","0.618702566148828","0.0572838844454446","32","55301","0.000578651380626028","55","61901","0.000888515532866997","FALSE","FALSE","L284W","0.553885329122112","0.0579043243551694","1"
"885","L","284","Y","TG","AC","851","missense_variant","TTG","TAC","TAC","2","-2.22517742557073","0.0454596835154655","36","55301","0.000650982803204282","6","43095","0.000139227288548556","-0.873150530180846","0.0501028166153714","36","55301","0.000650982803204282","22","61901","0.000355406213146799","FALSE","FALSE","L284Y","-1.54916397787579","0.0477812500654184","1"
"886","L","298","A","CTG","GCT","892","missense_variant","CTG","GCT","GCG","2","0.419825622052954","0.0581914641059712","45","53452","0.000841876824066452","47","41732","0.0011262340649861","-0.144571874033707","0.0536098460690141","45","53452","0.000841876824066452","46","60399","0.000761602013278365","FALSE","FALSE","L298A","0.137626874009623","0.0559006550874926","1"
"887","L","298","C","CTG","TGC","892","missense_variant","CTG","TGC","TGC","3","0.417210859142562","0.0581788778869491","47","53452","0.000879293571802739","49","41732","0.0011741589188153","0.744863845527715","0.057891164550287","47","53452","0.000879293571802739","89","60399","0.00147353433003858","FALSE","FALSE","L298C","0.581037352335138","0.0580350212186181","1"
"888","L","298","D","CTG","GAT","892","missense_variant","CTG","GAT","GAT","3","-5.39779763545848","0.0301882060608044","27","53452","0.000505126094439871","0.5","41732","1.1981213457299e-05","-3.93116823592451","0.0353829808456588","27","53452","0.000505126094439871","2","60399","3.31131310121029e-05","FALSE","FALSE","L298D","-4.6644829356915","0.0327855934532316","1"
"889","L","298","E","CT","GA","892","missense_variant","CTG","GAG","GAG","2","-3.81283513473732","0.0378174580654441","9","53452","0.00016837536481329","0.5","41732","1.1981213457299e-05","-4.34620573520336","0.0333851886758547","9","53452","0.00016837536481329","0.5","60399","8.27828275302571e-06","FALSE","FALSE","L298E","-4.07952043497034","0.0356013233706494","1"
"890","L","298","F","CTG","TTC","892","missense_variant","CTG","TTC","TTC","2","0.652545750231163","0.0593116675830981","22","53452","0.000411584225099154","27","41732","0.000646985526694144","-0.313784257510981","0.0527953385237147","22","53452","0.000411584225099154","20","60399","0.000331131310121028","FALSE","FALSE","L298F","0.169380746360091","0.0560535030534064","1"
"891","L","298","G","CTG","GGT","892","missense_variant","CTG","GGT","GGG","2","-5.22787263401616","0.0310061438084182","24","53452","0.000449000972835441","0.5","41732","1.1981213457299e-05","-5.7612432344822","0.0265738744188289","24","53452","0.000449000972835441","0.5","60399","8.27828275302571e-06","FALSE","FALSE","L298G","-5.49455793424918","0.0287900091136235","1"
"892","L","298","H","TG","AC","893","missense_variant","CTG","CAC","CAC","2","0.212699957369817","0.0571944601441884","21","53452","0.000392875851231011","19","41732","0.00045528611137736","-0.176280733761046","0.0534572147723559","21","53452","0.000392875851231011","21","60399","0.00034768787562708","FALSE","FALSE","L298H","0.0182096118043854","0.0553258374582721","1"
"893","L","298","I","CTG","ATC","892","missense_variant","CTG","ATC","ATC","2","2.26398046231351","0.0670683441618224","12","53452","0.000224500486417721","45","41732","0.00107830921115691","2.28315088487625","0.0652957431906783","12","53452","0.000224500486417721","66","60399","0.00109273332339939","FALSE","FALSE","L298I","2.27356567359488","0.0661820436762504","1"
"894","L","298","K","CT","AA","892","missense_variant","CTG","AAG","AAG","2","-4.22787263401616","0.03581966589564","12","53452","0.000224500486417721","0.5","41732","1.1981213457299e-05","-4.7612432344822","0.0313873965060507","12","53452","0.000224500486417721","0.5","60399","8.27828275302571e-06","FALSE","FALSE","L298K","-4.49455793424918","0.0336035312008454","1"
"895","L","298","M","C","A","892","missense_variant","CTG","ATG","ATG","1","1.85959020723417","0.0651218027371408","6","53452","0.00011225024320886","17","41732","0.000407361257548164","1.6981883841551","0.0624800132732605","6","53452","0.00011225024320886","22","60399","0.000364244441133131","FALSE","FALSE","L298M","1.77888929569464","0.0638009080052006","1"
"896","L","298","N","CTG","AAC","892","missense_variant","CTG","AAC","AAC","3","-3.96483822818237","0.0370857878178203","10","53452","0.000187083738681434","0.5","41732","1.1981213457299e-05","-4.49820882864841","0.032653518428231","10","53452","0.000187083738681434","0.5","60399","8.27828275302571e-06","FALSE","FALSE","L298N","-4.23152352841539","0.0348696531230256","1"
"897","L","298","P","T","C","893","missense_variant","CTG","CCG","CCG","1","-0.642910133295009","0.0530759620747233","4","53452","7.48334954725735e-05","2","41732","4.79248538291958e-05","-2.17628073376105","0.0438301705979122","4","53452","7.48334954725735e-05","1","60399","1.65565655060514e-05","FALSE","FALSE","L298P","-1.40959543352803","0.0484530663363178","0"
"898","L","298","P","TG","CT","893","missense_variant","CTG","CCT","CCG","1","-5.03522755607377","0.0319334451460885","21","53452","0.000392875851231011","0.5","41732","1.1981213457299e-05","-5.56859815653981","0.0275011757564992","21","53452","0.000392875851231011","0.5","60399","8.27828275302571e-06","FALSE","FALSE","L298P","-5.30191285630679","0.0297173104512938","1"
"899","L","298","Q","T","A","893","missense_variant","CTG","CAG","CAG","1","-5.28676632306973","0.0307226577353609","25","53452","0.000467709346703585","0.5","41732","1.1981213457299e-05","-4.82013692353577","0.0311039104329934","25","53452","0.000467709346703585","1","60399","1.65565655060514e-05","FALSE","FALSE","L298Q","-5.05345162330275","0.0309132840841771","1"
"900","L","298","R","CTG","AGA","892","missense_variant","CTG","AGA","CGG","1","-5.68730425265346","0.0287946595645395","33","53452","0.000617376337648732","0.5","41732","1.1981213457299e-05","-6.2206748531195","0.0243623901749502","33","53452","0.000617376337648732","0.5","60399","8.27828275302571e-06","FALSE","FALSE","L298R","-5.95398955288648","0.0265785248697448","1"
"901","L","298","R","T","G","893","missense_variant","CTG","CGG","CGG","1","-0.642910133295009","0.0530759620747233","1","53452","1.87083738681434e-05","0.5","41732","1.1981213457299e-05","-1.17628073376105","0.048643692685134","1","53452","1.87083738681434e-05","0.5","60399","8.27828275302571e-06","FALSE","FALSE","L298R","-0.909595433528027","0.0508598273799287","0"
"902","L","298","S","CTG","AGC","892","missense_variant","CTG","AGC","TCG","2","-6.47580014745975","0.0249992171592056","57","53452","0.00106637731048417","0.5","41732","1.1981213457299e-05","-4.42420824720463","0.0330097218614778","57","53452","0.00106637731048417","3","60399","4.96696965181543e-05","FALSE","FALSE","L298S","-5.45000419733219","0.0290044695103417","1"
"903","L","298","T","CTG","ACC","892","missense_variant","CTG","ACC","ACG","2","0.271359992679107","0.0574768215197869","52","53452","0.000972835441143456","49","41732","0.0011741589188153","0.210742389348202","0.0553201591237078","52","53452","0.000972835441143456","68","60399","0.0011258464544115","FALSE","FALSE","L298T","0.241051191013655","0.0563984903217473","1"
"904","L","298","W","CT","TG","892","missense_variant","CTG","TGG","TGG","2","-4.73037297454535","0.0334008694076663","17","53452","0.000318042355758437","0.5","41732","1.1981213457299e-05","-5.26374357501139","0.028968600018077","17","53452","0.000318042355758437","0.5","60399","8.27828275302571e-06","FALSE","FALSE","L298W","-4.99705827477837","0.0311847347128716","1"
"905","L","298","Y","CTG","TAC","892","missense_variant","CTG","TAC","TAC","3","-2.64291013329501","0.0434489179002797","4","53452","7.48334954725735e-05","0.5","41732","1.1981213457299e-05","-3.17628073376105","0.0390166485106904","4","53452","7.48334954725735e-05","0.5","60399","8.27828275302571e-06","FALSE","FALSE","L298Y","-2.90959543352803","0.041232783205485","1"
"906","L","301","A","CTC","GCT","901","missense_variant","CTC","GCT","GCC","2","-5.65827614221396","0.0289343870152903","32","52797","0.000606095043278974","0.5","41662","1.20013441505449e-05","-6.19072077561569","0.0245065747886171","32","52797","0.000606095043278974","0.5","60259","8.2975157237923e-06","FALSE","FALSE","L301A","-5.92449845891482","0.0267204809019537","1"
"907","L","301","C","CT","TG","901","missense_variant","CTC","TGC","TGC","2","-5.98020423710132","0.0273847790200527","40","52797","0.000757618804098718","0.5","41662","1.20013441505449e-05","-6.51264887050305","0.0229569667933795","40","52797","0.000757618804098718","0.5","60259","8.2975157237923e-06","FALSE","FALSE","L301C","-6.24642655380219","0.0251708729067161","1"
"908","L","301","D","CTC","GAT","901","missense_variant","CTC","GAT","GAC","2","-5.30213233198869","0.030648693112037","25","52797","0.000473511752561699","0.5","41662","1.20013441505449e-05","-5.83457696539041","0.0262208808853638","25","52797","0.000473511752561699","0.5","60259","8.2975157237923e-06","FALSE","FALSE","L301D","-5.56835464868955","0.0284347869987004","1"
"909","L","301","E","CTC","GAG","901","missense_variant","CTC","GAG","GAG","3","-5.86772950784291","0.0279261786135924","37","52797","0.000700797393791314","0.5","41662","1.20013441505449e-05","-6.40017414124464","0.0234983663869192","37","52797","0.000700797393791314","0.5","60259","8.2975157237923e-06","FALSE","FALSE","L301E","-6.13395182454377","0.0257122725002558","1"
"910","L","301","F","C","T","901","missense_variant","CTC","TTC","TTC","1","-4.82820114365627","0.0329299713548984","18","52797","0.000340928461844423","0.5","41662","1.20013441505449e-05","-5.360645777058","0.0285021591282252","18","52797","0.000340928461844423","0.5","60259","8.2975157237923e-06","FALSE","FALSE","L301F","-5.09442346035714","0.0307160652415618","1"
"911","L","301","G","CTC","GGT","901","missense_variant","CTC","GGT","GGC","2","-5.7457389834643","0.0285133826971206","34","52797","0.00064397598348391","0.5","41662","1.20013441505449e-05","-6.27818361686603","0.0240855704704474","34","52797","0.00064397598348391","0.5","60259","8.2975157237923e-06","FALSE","FALSE","L301G","-6.01196130016516","0.026299476583784","1"
"912","L","301","H","T","A","902","missense_variant","CTC","CAC","CAC","1","-4.24323864293512","0.0357457012723162","12","52797","0.000227285641229615","0.5","41662","1.20013441505449e-05","-4.77568327633684","0.031317889045643","12","52797","0.000227285641229615","0.5","60259","8.2975157237923e-06","FALSE","FALSE","L301H","-4.50946095963598","0.0335317951589796","1"
"913","L","301","I","C","A","901","missense_variant","CTC","ATC","ATC","1","-3.82820114365627","0.0377434934421202","9","52797","0.000170464230922212","0.5","41662","1.20013441505449e-05","-4.360645777058","0.033315681215447","9","52797","0.000170464230922212","0.5","60259","8.2975157237923e-06","FALSE","FALSE","L301I","-4.09442346035714","0.0355295873287836","1"
"914","L","301","K","CTC","AAG","901","missense_variant","CTC","AAG","AAG","3","-5.35871586035505","0.0303763270484726","26","52797","0.000492452222664167","0.5","41662","1.20013441505449e-05","-5.89116049375678","0.0259485148217994","26","52797","0.000492452222664167","0.5","60259","8.2975157237923e-06","FALSE","FALSE","L301K","-5.62493817705592","0.028162420935136","1"
"915","L","301","M","CTC","ATG","901","missense_variant","CTC","ATG","ATG","2","-4.35871586035505","0.0351898491356944","13","52797","0.000246226111332083","0.5","41662","1.20013441505449e-05","-4.89116049375678","0.0307620369090212","13","52797","0.000246226111332083","0.5","60259","8.2975157237923e-06","FALSE","FALSE","L301M","-4.62493817705592","0.0329759430223578","1"
"916","L","301","P","TC","CT","902","missense_variant","CTC","CCT","CCC","1","-5.41316364437743","0.0301142414374806","27","52797","0.000511392692766634","0.5","41662","1.20013441505449e-05","-5.94560827777916","0.0256864292108074","27","52797","0.000511392692766634","0.5","60259","8.2975157237923e-06","FALSE","FALSE","L301P","-5.67938596107829","0.027900335324144","1"
"917","L","301","Q","TC","AG","902","missense_variant","CTC","CAG","CAG","2","-3.39524173638017","0.0398275531119142","40","52797","0.000757618804098718","3","41662","7.20080649032692e-05","-3.19072077561569","0.0389471410502826","40","52797","0.000757618804098718","5","60259","8.2975157237923e-05","FALSE","FALSE","L301Q","-3.29298125599793","0.0393873470810984","1"
"918","L","301","R","CTC","AGA","901","missense_variant","CTC","AGA","CGC","1","-3.65827614221396","0.038561431189734","8","52797","0.000151523760819744","0.5","41662","1.20013441505449e-05","-4.19072077561569","0.0341336189630608","8","52797","0.000151523760819744","0.5","60259","8.2975157237923e-06","FALSE","FALSE","L301R","-3.92449845891482","0.0363475250763974","1"
"919","L","301","T","CT","AC","901","missense_variant","CTC","ACC","ACC","2","-1.65827614221396","0.0481884753641777","2","52797","3.78809402049359e-05","0.5","41662","1.20013441505449e-05","-2.19072077561569","0.0437606631375045","2","52797","3.78809402049359e-05","0.5","60259","8.2975157237923e-06","FALSE","FALSE","L301T","-1.92449845891482","0.0459745692508411","1"
"920","L","301","V","CTC","GTG","901","missense_variant","CTC","GTG","GTC","1","-6.61247245260084","0.0243413419996975","62","52797","0.00117430914635301","0.5","41662","1.20013441505449e-05","-7.14491708600256","0.0199135297730243","62","52797","0.00117430914635301","0.5","60259","8.2975157237923e-06","FALSE","FALSE","L301V","-6.8786947693017","0.0221274358863609","1"
"921","L","301","W","CTC","TGG","901","missense_variant","CTC","TGG","TGG","3","-2.30213233198869","0.0450892593737025","25","52797","0.000473511752561699","4","41662","9.60107532043589e-05","-3.83457696539041","0.0358479250598075","25","52797","0.000473511752561699","2","60259","3.31900628951692e-05","FALSE","FALSE","L301W","-3.06835464868955","0.040468592216755","1"
"922","L","301","Y","CT","TA","901","missense_variant","CTC","TAC","TAC","2","-5.24323864293512","0.0309321791850944","24","52797","0.000454571282459231","0.5","41662","1.20013441505449e-05","-5.77568327633684","0.0265043669584211","24","52797","0.000454571282459231","0.5","60259","8.2975157237923e-06","FALSE","FALSE","L301Y","-5.50946095963598","0.0287182730717577","1"
"923","L","302","A","CT","GC","904","missense_variant","CTT","GCT","GCT","2","-4.24399303359648","0.0357420699962053","12","52758","0.000227453656317525","0.5","41653","1.20039372914316e-05","-4.7763901894517","0.0313144863037509","12","52758","0.000227453656317525","0.5","60244","8.29958170108227e-06","FALSE","FALSE","L302A","-4.51019161152409","0.0335282781499781","1"
"924","L","302","C","CTT","TGC","904","missense_variant","CTT","TGC","TGT","2","-1.82895553431764","0.047366906340453","18","52758","0.000341180484476288","4","41653","9.60314983314527e-05","-2.7763901894517","0.0409415304781946","18","52758","0.000341180484476288","3","60244","4.97974902064936e-05","FALSE","FALSE","L302C","-2.30267286188467","0.0441542184093238","1"
"925","L","302","D","CT","GA","904","missense_variant","CTT","GAT","GAT","2","-4.11846215151262","0.0363463156697444","11","52758","0.000208499184957732","0.5","41653","1.20039372914316e-05","-4.65085930736784","0.03191873197729","11","52758","0.000208499184957732","0.5","60244","8.29958170108227e-06","FALSE","FALSE","L302D","-4.38466072944023","0.0341325238235172","1"
"926","L","302","E","CTT","GAG","904","missense_variant","CTT","GAG","GAG","3","-5.46638545493293","0.0298580570768497","28","52758","0.000530725198074226","0.5","41653","1.20039372914316e-05","-5.99878261078815","0.0254304733843953","28","52758","0.000530725198074226","0.5","60244","8.29958170108227e-06","FALSE","FALSE","L302E","-5.73258403286054","0.0276442652306225","1"
"927","L","302","F","CTT","TTC","904","missense_variant","CTT","TTC","TTT","1","1.62107738631741","0.0639737160055723","7","52758","0.000132681299518556","17","41653","0.000408133867908674","1.75610489137532","0.0627587956599798","7","52758","0.000132681299518556","27","60244","0.000448177411858442","FALSE","FALSE","L302F","1.68859113884637","0.0633662558327761","1"
"928","L","302","G","CT","GG","904","missense_variant","CTT","GGT","GGT","2","-4.56592112848385","0.0341924620009677","15","52758","0.000284317070396907","0.5","41653","1.20039372914316e-05","-5.09831828433906","0.0297648783085133","15","52758","0.000284317070396907","0.5","60244","8.29958170108227e-06","FALSE","FALSE","L302G","-4.83211970641145","0.0319786701547405","1"
"929","L","302","H","TT","AC","905","missense_variant","CTT","CAC","CAT","1","-2.98095862776269","0.0418217140056074","5","52758","9.47723567989689e-05","0.5","41653","1.20039372914316e-05","1.18708393452319","0.0600198007160799","5","52758","9.47723567989689e-05","13","60244","0.000215789124228139","FALSE","FALSE","L302H","-0.896937346619751","0.0509207573608437","1"
"930","L","302","I","CTT","ATC","904","missense_variant","CTT","ATC","ATT","1","2.19895046225224","0.0667553208201955","8","52758","0.00015163577087835","29","41653","0.000696228362903032","1.8960351525198","0.0634323530626694","8","52758","0.00015163577087835","34","60244","0.000564371555673594","FALSE","FALSE","L302I","2.04749280738602","0.0650938369414324","1"
"931","L","302","K","CTT","AAG","904","missense_variant","CTT","AAG","AAG","3","-3.35947025101642","0.0399997399468054","13","52758","0.000246408127677319","1","41653","2.40078745828632e-05","-2.89186740687163","0.0403856783415728","13","52758","0.000246408127677319","2","60244","3.31983268043291e-05","FALSE","FALSE","L302K","-3.12566882894403","0.0401927091441891","1"
"932","L","302","M","CTT","ATG","904","missense_variant","CTT","ATG","ATG","2","1.73689814345581","0.0645312217782168","19","52758","0.000360134955836082","50","41653","0.00120039372914316","1.11523364950351","0.0596739477821645","19","52758","0.000360134955836082","47","60244","0.000780160679901733","FALSE","FALSE","L302M","1.42606589647966","0.0621025847801907","1"
"933","L","302","N","CTT","AAC","904","missense_variant","CTT","AAC","AAT","2","-4.11846215151262","0.0363463156697444","11","52758","0.000208499184957732","0.5","41653","1.20039372914316e-05","-4.65085930736784","0.03191873197729","11","52758","0.000208499184957732","0.5","60244","8.29958170108227e-06","FALSE","FALSE","L302N","-4.38466072944023","0.0341325238235172","1"
"934","L","302","P","T","C","905","missense_variant","CTT","CCT","CCT","1","-3.65903053287533","0.0385577999136231","8","52758","0.00015163577087835","0.5","41653","1.20039372914316e-05","-4.19142768873054","0.0341302162211687","8","52758","0.00015163577087835","0.5","60244","8.29958170108227e-06","FALSE","FALSE","L302P","-3.92522911080293","0.0363440080673959","1"
"935","L","302","Q","TT","AG","905","missense_variant","CTT","CAG","CAG","2","-1.65903053287533","0.0481848440880668","16","52758","0.0003032715417567","4","41653","9.60314983314527e-05","-4.19142768873054","0.0341302162211687","16","52758","0.0003032715417567","1","60244","1.65991634021645e-05","FALSE","FALSE","L302Q","-2.92522911080293","0.0411575301546178","1"
"936","L","302","R","CTT","AGA","904","missense_variant","CTT","AGA","CGT","1","-5.46638545493293","0.0298580570768497","28","52758","0.000530725198074226","0.5","41653","1.20039372914316e-05","-5.99878261078815","0.0254304733843953","28","52758","0.000530725198074226","0.5","60244","8.29958170108227e-06","FALSE","FALSE","L302R","-5.73258403286054","0.0276442652306225","1"
"937","L","302","S","CTT","AGC","904","missense_variant","CTT","AGC","AGT","2","-5.11846215151262","0.0315327935825226","22","52758","0.000416998369915463","0.5","41653","1.20039372914316e-05","-5.65085930736784","0.0271052098900681","22","52758","0.000416998369915463","0.5","60244","8.29958170108227e-06","FALSE","FALSE","L302S","-5.38466072944023","0.0293190017362954","1"
"938","L","302","T","CTT","ACC","904","missense_variant","CTT","ACC","ACT","2","-6.30288672265005","0.0258315397487043","50","52758","0.000947723567989689","0.5","41653","1.20039372914316e-05","-6.83528387850527","0.0214039560562499","50","52758","0.000947723567989689","0.5","60244","8.29958170108227e-06","FALSE","FALSE","L302T","-6.56908530057766","0.0236177479024771","1"
"939","L","302","V","CTT","GTG","904","missense_variant","CTT","GTG","GTT","1","0.826396294294915","0.0601485010168245","5","52758","9.47723567989689e-05","7","41653","0.000168055122080042","1.65656921782441","0.062279678496876","5","52758","9.47723567989689e-05","18","60244","0.000298784941238962","FALSE","FALSE","L302V","1.24148275605966","0.0612140897568502","1"
"940","L","302","W","CTT","TGG","904","missense_variant","CTT","TGG","TGG","3","-1.72941986076672","0.0478460235035569","21","52758","0.000398043898555669","5","41653","0.000120039372914316","-2.26181701662194","0.0434184398111024","21","52758","0.000398043898555669","5","60244","8.29958170108227e-05","FALSE","FALSE","L302W","-1.99561843869433","0.0456322316573297","1"
"941","L","302","Y","CTT","TAC","904","missense_variant","CTT","TAC","TAT","2","0.2629669551234","0.0574364214481336","19","52758","0.000360134955836082","18","41653","0.000432141742491537","1.2045009876006","0.0601036380857624","19","52758","0.000360134955836082","50","60244","0.000829958170108227","FALSE","FALSE","L302Y","0.733733971361998","0.058770029766948","1"
"942","M","244","A","ATG","GCT","730","missense_variant","ATG","GCT","GCG","2","-3.96204760362626","0.0370992205507582","10","52901","0.000189032343433962","0.5","41222","1.21294454417544e-05","-4.50414852853709","0.0326249275516253","10","52901","0.000189032343433962","0.5","60023","8.3301401129567e-06","FALSE","FALSE","M244A","-4.23309806608167","0.0348620740511918","1"
"943","M","244","C","ATG","TGC","730","missense_variant","ATG","TGC","TGC","3","2.52980549270341","0.0683478988169406","2","52901","3.78064686867923e-05","9","41222","0.000218330017951579","0.817779566350275","0.0582421459829721","2","52901","3.78064686867923e-05","4","60023","6.66411209036536e-05","FALSE","FALSE","M244C","1.67379252952684","0.0632950223999564","1"
"944","M","244","D","ATG","GAT","730","missense_variant","ATG","GAT","GAT","3","-1.54701010434742","0.048724056895006","15","52901","0.000283548515150942","4","41222","9.70355635340352e-05","-2.08911102925824","0.044249763895873","15","52901","0.000283548515150942","4","60023","6.66411209036536e-05","FALSE","FALSE","M244D","-1.81806056680283","0.0464869103954395","1"
"945","M","244","E","AT","GA","730","missense_variant","ATG","GAG","GAG","2","-5.84957287436785","0.0280135759698542","37","52901","0.000699419670705658","0.5","41222","1.21294454417544e-05","-6.39167379927867","0.0235392829707213","37","52901","0.000699419670705658","0.5","60023","8.3301401129567e-06","FALSE","FALSE","M244E","-6.12062333682326","0.0257764294702878","1"
"946","M","244","F","ATG","TTC","730","missense_variant","ATG","TTC","TTC","2","-5.28397569851362","0.0307360904682988","25","52901","0.000472580858584904","0.5","41222","1.21294454417544e-05","-5.82607662342445","0.0262617974691659","25","52901","0.000472580858584904","0.5","60023","8.3301401129567e-06","FALSE","FALSE","M244F","-5.55502616096904","0.0284989439687324","1"
"947","M","244","G","ATG","GGT","730","missense_variant","ATG","GGT","GGG","2","-5.0995511273762","0.0316238222148953","22","52901","0.000415871155554715","0.5","41222","1.21294454417544e-05","-5.64165205228702","0.0271495292157623","22","52901","0.000415871155554715","0.5","60023","8.3301401129567e-06","FALSE","FALSE","M244G","-5.37060158983161","0.0293866757153288","1"
"948","M","244","H","ATG","CAC","730","missense_variant","ATG","CAC","CAC","3","-4.96204760362626","0.0322856984635364","20","52901","0.000378064686867923","0.5","41222","1.21294454417544e-05","-5.50414852853709","0.0278114054644035","20","52901","0.000378064686867923","0.5","60023","8.3301401129567e-06","FALSE","FALSE","M244H","-5.23309806608167","0.0300485519639699","1"
"949","M","244","I","G","A","732","missense_variant","ATG","ATA","ATC","1","-0.988042812159206","0.0514146583019885","28","52901","0.000529290561615092","11","41222","0.000266847799718597","-0.902112514456989","0.0499634074643684","28","52901","0.000529290561615092","17","60023","0.000283224763840528","FALSE","FALSE","M244I","-0.945077663308098","0.0506890328831785","0"
"950","M","244","I","G","C","732","missense_variant","ATG","ATC","ATC","1","2.3598804912611","0.0675299610693269","16","52901","0.000302451749494338","64","41222","0.00155256901654456","2.4176924085374","0.0659433617864697","16","52901","0.000302451749494338","97","60023","0.0016160471819136","FALSE","FALSE","M244I","2.38878644989925","0.0667366614278983","1"
"951","M","244","K","T","A","731","missense_variant","ATG","AAG","AAG","1","-5.81004451018121","0.0282038466239383","36","52901","0.000680516436362262","0.5","41222","1.21294454417544e-05","-6.35214543509204","0.0237295536248054","36","52901","0.000680516436362262","0.5","60023","8.3301401129567e-06","FALSE","FALSE","M244K","-6.08109497263662","0.0259667001243719","1"
"952","M","244","L","A","T","730","missense_variant","ATG","TTG","CTG","1","-3.6401195087389","0.0386488285459958","8","52901","0.000151225874747169","0.5","41222","1.21294454417544e-05","-4.18222043364972","0.0341745355468629","8","52901","0.000151225874747169","0.5","60023","8.3301401129567e-06","FALSE","FALSE","M244L","-3.91116997119431","0.0364116820464293","0"
"953","M","244","L","ATG","CTT","730","missense_variant","ATG","CTT","CTG","1","1.62291489709489","0.0639825609042853","5","52901","9.45161717169808e-05","12","41222","0.000291106690602106","2.7437789849065","0.0675129867241689","5","52901","9.45161717169808e-05","38","60023","0.000633090648584709","FALSE","FALSE","M244L","2.1833469410007","0.0657477738142271","0"
"954","M","244","N","TG","AC","731","missense_variant","ATG","AAC","AAC","2","-4.96204760362626","0.0322856984635364","20","52901","0.000378064686867923","0.5","41222","1.21294454417544e-05","-5.50414852853709","0.0278114054644035","20","52901","0.000378064686867923","0.5","60023","8.3301401129567e-06","FALSE","FALSE","M244N","-5.23309806608167","0.0300485519639699","1"
"955","M","244","P","ATG","CCT","730","missense_variant","ATG","CCT","CCG","2","-5.72758234998924","0.0286007800533824","34","52901","0.000642709967675469","0.5","41222","1.21294454417544e-05","-6.26968327490006","0.0241264870542495","34","52901","0.000642709967675469","0.5","60023","8.3301401129567e-06","FALSE","FALSE","M244P","-5.99863281244465","0.026363633553816","1"
"956","M","244","Q","AT","CA","730","missense_variant","ATG","CAG","CAG","2","-4.96204760362626","0.0322856984635364","20","52901","0.000378064686867923","0.5","41222","1.21294454417544e-05","-5.50414852853709","0.0278114054644035","20","52901","0.000378064686867923","0.5","60023","8.3301401129567e-06","FALSE","FALSE","M244Q","-5.23309806608167","0.0300485519639699","1"
"957","M","244","R","TG","GA","731","missense_variant","ATG","AGA","AGG","1","-4.54701010434742","0.0342834906333404","15","52901","0.000283548515150942","0.5","41222","1.21294454417544e-05","-5.08911102925824","0.0298091976342075","15","52901","0.000283548515150942","0.5","60023","8.3301401129567e-06","FALSE","FALSE","M244R","-4.81806056680283","0.032046344133774","1"
"958","M","244","T","T","C","731","missense_variant","ATG","ACG","ACG","1","-1.6401195087389","0.0482758727204395","2","52901","3.78064686867923e-05","0.5","41222","1.21294454417544e-05","1.40274206707143","0.0610578759003899","2","52901","3.78064686867923e-05","6","60023","9.99616813554804e-05","FALSE","FALSE","M244T","-0.118688720833734","0.0546668743104147","0"
"959","M","244","T","TG","CC","731","missense_variant","ATG","ACC","ACG","1","0.480174724978812","0.0584819558458488","23","52901","0.000434774389898112","25","41222","0.00060647227208772","0.879180111014419","0.0585376988608804","23","52901","0.000434774389898112","48","60023","0.000799693450843843","FALSE","FALSE","M244T","0.679677417996616","0.0585098273533646","1"
"960","M","244","V","A","G","730","missense_variant","ATG","GTG","GTG","1","0.566331368728527","0.058896672753499","26","52901","0.0004914840929283","30","41222","0.000727766726505264","1.04807718577207","0.0593506886606935","26","52901","0.0004914840929283","61","60023","0.00101627709378072","TRUE","FALSE","M244V","0.807204277250298","0.0591236807070962","1"
"961","M","244","W","AT","TG","730","missense_variant","ATG","TGG","TGG","2","-2.96204760362626","0.0419127426379801","5","52901","9.45161717169808e-05","0.5","41222","1.21294454417544e-05","-3.50414852853709","0.0374384496388472","5","52901","9.45161717169808e-05","0.5","60023","8.3301401129567e-06","FALSE","FALSE","M244W","-3.23309806608167","0.0396755961384136","1"
"962","M","244","Y","ATG","TAC","730","missense_variant","ATG","TAC","TAC","3","-3.81004451018121","0.037830890798382","9","52901","0.000170129109090565","0.5","41222","1.21294454417544e-05","-4.35214543509204","0.0333565977992491","9","52901","0.000170129109090565","0.5","60023","8.3301401129567e-06","FALSE","FALSE","M244Y","-4.08109497263662","0.0355937442988156","1"
"963","M","278","A","ATG","GCT","832","missense_variant","ATG","GCT","GCG","2","2.65265879941543","0.0689392559222872","13","55393","0.000234686693264492","62","42012","0.00147576882795392","2.26286659702208","0.0651981043230687","13","55393","0.000234686693264492","69","61259","0.00112636510553551","FALSE","FALSE","M278A","2.45776269821876","0.0670686801226779","1"
"964","M","278","C","ATG","TGC","832","missense_variant","ATG","TGC","TGC","3","1.20625712922726","0.0619769695358418","12","55393","0.000216633870705685","21","42012","0.000499857183661811","1.17670995327237","0.0599698653281967","12","55393","0.000216633870705685","30","61259","0.000489723958928484","FALSE","FALSE","M278C","1.19148354124981","0.0609734174320192","1"
"965","M","278","D","ATG","GAT","832","missense_variant","ATG","GAT","GAT","3","1.86838749047087","0.0651641486543081","13","55393","0.000234686693264492","36","42012","0.000856898029134533","2.03698518960575","0.0641108191793774","13","55393","0.000234686693264492","59","61259","0.000963123785892685","FALSE","FALSE","M278D","1.95268634003831","0.0646374839168428","1"
"966","M","278","E","AT","GA","832","missense_variant","ATG","GAG","GAG","2","1.47690471917092","0.063279737687889","9","55393","0.000162475403029264","19","42012","0.000452251737598781","1.93278437038628","0.0636092462345579","9","55393","0.000162475403029264","38","61259","0.000620317014642746","FALSE","FALSE","M278E","1.7048445447786","0.0634444919612234","1"
"967","M","278","F","ATG","TTC","832","missense_variant","ATG","TTC","TTC","2","1.13586780133586","0.0616381489513319","9","55393","0.000162475403029264","15","42012","0.000357040845472722","-0.145218141614997","0.0536067352457373","9","55393","0.000162475403029264","9","61259","0.000146917187678545","FALSE","FALSE","M278F","0.49532482986043","0.0576224420985346","1"
"968","M","278","F","ATG","TTT","832","missense_variant","ATG","TTT","TTC","2","2.20625712922726","0.0667904916230637","2","55393","3.61056451176141e-05","7","42012","0.000166619061220604","4.43974435910616","0.0756765535120424","2","55393","3.61056451176141e-05","48","61259","0.000783558334285574","FALSE","FALSE","M278F","3.32300074416671","0.0712335225675531","0"
"969","M","278","G","ATG","GGT","832","missense_variant","ATG","GGT","GGG","2","2.6212946285061","0.0687882837928677","9","55393","0.000162475403029264","42","42012","0.000999714367323622","2.49221177900029","0.0663020624221187","9","55393","0.000162475403029264","56","61259","0.000914151389999837","FALSE","FALSE","M278G","2.5567532037532","0.0675451731074932","1"
"970","M","278","H","ATG","CAC","832","missense_variant","ATG","CAC","CAC","3","-0.186060293551505","0.0552750188688725","18","55393","0.000324950806058527","12","42012","0.000285632676378178","0.208418812999703","0.055308974537633","18","55393","0.000324950806058527","23","61259","0.000375455035178504","FALSE","FALSE","M278H","0.0111792597240991","0.0552919967032527","1"
"971","M","278","I","G","A","834","missense_variant","ATG","ATA","ATC","1","-3.14541830905416","0.0410300836972534","35","55393","0.000631848789558247","3","42012","7.14081690945444e-05","-3.27450115855996","0.0385438623265045","35","55393","0.000631848789558247","4","61259","6.52965278571312e-05","FALSE","FALSE","M278I","-3.20995973380706","0.0397869730118789","0"
"972","M","278","I","G","C","834","missense_variant","ATG","ATC","ATC","1","-5.12465974888736","0.0315029613106716","23","55393","0.000415214918852563","0.5","42012","1.19013615157574e-05","-5.66878009767201","0.0270189477701185","23","55393","0.000415214918852563","0.5","61259","8.1620659821414e-06","FALSE","FALSE","M278I","-5.39671992327969","0.0292609545403951","1"
"973","M","278","K","T","A","833","missense_variant","ATG","AAG","AAG","1","-5.45907878795792","0.0298932278797179","29","55393","0.000523531854205405","0.5","42012","1.19013615157574e-05","-6.00319913674257","0.0254092143391649","29","55393","0.000523531854205405","0.5","61259","8.1620659821414e-06","FALSE","FALSE","M278K","-5.73113896235025","0.0276512211094414","1"
"974","M","278","L","A","C","832","missense_variant","ATG","CTG","CTG","1","-3.40845271488795","0.0397639617750732","42","55393","0.000758218547469897","3","42012","7.14081690945444e-05","-3.53753556439376","0.0372777404043242","42","55393","0.000758218547469897","4","61259","6.52965278571312e-05","FALSE","FALSE","M278L","-3.47299413964086","0.0385208510896987","1"
"975","M","278","N","TG","AC","833","missense_variant","ATG","AAC","AAC","2","2.15097469372607","0.0665243883987433","19","55393","0.000343003628617334","64","42012","0.00152337427401695","2.41420926699902","0.0659265956077418","19","55393","0.000343003628617334","112","61259","0.00182830277999967","FALSE","FALSE","M278N","2.28259198036254","0.0662254920032425","1"
"976","M","278","P","ATG","CCT","832","missense_variant","ATG","CCT","CCG","2","-4.84902530627393","0.0328297337881904","19","55393","0.000343003628617334","0.5","42012","1.19013615157574e-05","-3.39314565505858","0.037972764422081","19","55393","0.000343003628617334","2","61259","3.26482639285656e-05","FALSE","FALSE","M278P","-4.12108548066626","0.0354012491051357","1"
"977","M","278","Q","AT","CA","832","missense_variant","ATG","CAG","CAG","2","1.55644348415613","0.0636625992899357","26","55393","0.000469373386528984","58","42012","0.00138055793582786","1.52938157159083","0.0616674579525089","26","55393","0.000469373386528984","83","61259","0.00135490295303547","FALSE","FALSE","M278Q","1.54291252787348","0.0626650286212223","1"
"978","M","278","R","TG","GA","833","missense_variant","ATG","AGA","AGG","1","-5.45907878795792","0.0298932278797179","29","55393","0.000523531854205405","0.5","42012","1.19013615157574e-05","-6.00319913674257","0.0254092143391649","29","55393","0.000523531854205405","0.5","61259","8.1620659821414e-06","FALSE","FALSE","M278R","-5.73113896235025","0.0276512211094414","1"
"979","M","278","S","TG","GC","833","missense_variant","ATG","AGC","AGC","2","2.15378970933312","0.0665379385385437","8","55393","0.000144422580470457","27","42012","0.0006426735218509","2.37834381444202","0.0657539564596905","8","55393","0.000144422580470457","46","61259","0.000750910070357009","FALSE","FALSE","M278S","2.26606676188757","0.0661459474991171","1"
"980","M","278","T","T","C","833","missense_variant","ATG","ACG","ACG","1","-2.18606029355151","0.0456479746944288","6","55393","0.000108316935352842","1","42012","2.38027230315148e-05","-3.73018064233615","0.0363504390666539","6","55393","0.000108316935352842","0.5","61259","8.1620659821414e-06","FALSE","FALSE","M278T","-2.95812046794383","0.0409992068805414","0"
"981","M","278","T","TG","CC","833","missense_variant","ATG","ACC","ACG","1","2.35826022267231","0.0675221618706874","9","55393","0.000162475403029264","35","42012","0.000833095306103018","2.95164339763759","0.0685135466659974","9","55393","0.000162475403029264","77","61259","0.00125695816124978","FALSE","FALSE","M278T","2.65495181015495","0.0680178542683424","1"
"982","M","278","V","A","G","832","missense_variant","ATG","GTG","GTG","1","-5.45907878795792","0.0298932278797179","29","55393","0.000523531854205405","0.5","42012","1.19013615157574e-05","-6.00319913674257","0.0254092143391649","29","55393","0.000523531854205405","0.5","61259","8.1620659821414e-06","FALSE","FALSE","M278V","-5.73113896235025","0.0276512211094414","1"
"983","M","278","W","AT","TG","832","missense_variant","ATG","TGG","TGG","2","0.588380006033364","0.0590028043561589","57","55393","0.001029010885852","65","42012","0.00154717699704846","0.80325155774492","0.0581722150926669","57","55393","0.001029010885852","110","61259","0.00179565451607111","FALSE","FALSE","M278W","0.695815781889142","0.0585875097244129","1"
"984","M","278","Y","ATG","TAC","832","missense_variant","ATG","TAC","TAC","3","1.93495510740986","0.0654845733487377","20","55393","0.000361056451176141","58","42012","0.00138055793582786","2.63088584645817","0.0669695731087521","20","55393","0.000361056451176141","137","61259","0.00223640607910674","FALSE","FALSE","M278Y","2.28292047693401","0.0662270732287449","1"
"985","M","290","A","ATG","GCT","868","missense_variant","ATG","GCT","GCG","2","-5.16814166121376","0.0312936601652938","23","53426","0.000430502002770187","0.5","41760","1.19731800766284e-05","-5.70166682193008","0.0268606467965259","23","53426","0.000430502002770187","0.5","60446","8.27184594514112e-06","FALSE","FALSE","M290A","-5.43490424157192","0.0290771534809099","1"
"986","M","290","C","ATG","TGC","868","missense_variant","ATG","TGC","TGC","3","-5.55147030076527","0.0294484992921479","30","53426","0.000561524351439374","0.5","41760","1.19731800766284e-05","-6.08499546148159","0.0250154859233801","30","53426","0.000561524351439374","0.5","60446","8.27184594514112e-06","FALSE","FALSE","M290C","-5.81823288112343","0.027231992607764","1"
"987","M","290","D","ATG","GAT","868","missense_variant","ATG","GAT","GAT","3","-5.34501942329784","0.0304422551507637","26","53426","0.000486654437914124","0.5","41760","1.19731800766284e-05","-5.87854458401416","0.0260092417819958","26","53426","0.000486654437914124","0.5","60446","8.27184594514112e-06","FALSE","FALSE","M290D","-5.611782003656","0.0282257484663798","1"
"988","M","290","E","AT","GA","868","missense_variant","ATG","GAG","GAG","2","-5.16814166121376","0.0312936601652938","23","53426","0.000430502002770187","0.5","41760","1.19731800766284e-05","-5.70166682193008","0.0268606467965259","23","53426","0.000430502002770187","0.5","60446","8.27184594514112e-06","FALSE","FALSE","M290E","-5.43490424157192","0.0290771534809099","1"
"989","M","290","F","ATG","TTC","868","missense_variant","ATG","TTC","TTC","2","-0.64457970515675","0.0530679255536907","12","53426","0.00022460974057575","6","41760","0.00014367816091954","-0.593142365151916","0.0514506421023406","12","53426","0.00022460974057575","9","60446","0.00014889322701254","FALSE","FALSE","M290F","-0.618861035154333","0.0522592838280156","1"
"990","M","290","G","ATG","GGT","868","missense_variant","ATG","GGT","GGG","2","-5.10401132379405","0.0316023529609246","22","53426","0.000411784524388874","0.5","41760","1.19731800766284e-05","-5.63753648451037","0.0271693395921567","22","53426","0.000411784524388874","0.5","60446","8.27184594514112e-06","FALSE","FALSE","M290G","-5.37077390415221","0.0293858462765407","1"
"991","M","290","H","ATG","CAC","868","missense_variant","ATG","CAC","CAC","3","0.35542029484325","0.0578814476409125","10","53426","0.000187174783813125","10","41760","0.000239463601532567","0.892284462018326","0.0586007769438764","10","53426","0.000187174783813125","21","60446","0.000347417529695927","FALSE","FALSE","M290H","0.623852378430788","0.0582411122923945","1"
"992","M","290","I","G","A","870","missense_variant","ATG","ATA","ATC","1","-0.644579705156749","0.0530679255536907","1","53426","1.87174783813125e-05","0.5","41760","1.19731800766284e-05","-1.17810486587307","0.0486349121849228","1","53426","1.87174783813125e-05","0.5","60446","8.27184594514112e-06","FALSE","FALSE","M290I","-0.91134228551491","0.0508514188693067","0"
"993","M","290","I","G","C","870","missense_variant","ATG","ATC","ATC","1","-4.45193462721435","0.0347411385424736","14","53426","0.000262044697338375","0.5","41760","1.19731800766284e-05","-4.98545978793068","0.0303081251737057","14","53426","0.000262044697338375","0.5","60446","8.27184594514112e-06","FALSE","FALSE","M290I","-4.71869720757251","0.0325246318580897","1"
"994","M","290","K","T","A","869","missense_variant","ATG","AAG","AAG","1","-6.13643280148642","0.0266327693747301","45","53426","0.000842286527159061","0.5","41760","1.19731800766284e-05","-6.66995796220275","0.0221997560059622","45","53426","0.000842286527159061","0.5","60446","8.27184594514112e-06","FALSE","FALSE","M290K","-6.40319538184459","0.0244162626903462","1"
"995","M","290","L","A","C","868","missense_variant","ATG","CTG","CTG","1","-5.929981924019","0.0276265252333459","39","53426","0.000729981656871186","0.5","41760","1.19731800766284e-05","-3.46350708473532","0.0376340781262436","39","53426","0.000729981656871186","4","60446","6.61747675611289e-05","FALSE","FALSE","M290L","-4.69674450437716","0.0326303016797947","1"
"996","M","290","N","TG","AC","869","missense_variant","ATG","AAC","AAC","2","-3.10401132379405","0.0412293971353683","11","53426","0.000205892262194437","1","41760","2.39463601532567e-05","-4.63753648451037","0.0319828616793786","11","53426","0.000205892262194437","0.5","60446","8.27184594514112e-06","FALSE","FALSE","M290N","-3.87077390415221","0.0366061294073734","1"
"997","M","290","P","ATG","CCT","868","missense_variant","ATG","CCT","CCG","2","-5.39946720732022","0.0301801695397717","27","53426","0.000505371916295437","0.5","41760","1.19731800766284e-05","-5.93299236803654","0.0257471561710038","27","53426","0.000505371916295437","0.5","60446","8.27184594514112e-06","FALSE","FALSE","M290P","-5.66622978767838","0.0279636628553878","1"
"998","M","290","Q","AT","CA","868","missense_variant","ATG","CAG","CAG","2","-6.13643280148642","0.0266327693747301","45","53426","0.000842286527159061","0.5","41760","1.19731800766284e-05","-6.66995796220275","0.0221997560059622","45","53426","0.000842286527159061","0.5","60446","8.27184594514112e-06","FALSE","FALSE","M290Q","-6.40319538184459","0.0244162626903462","1"
"999","M","290","R","TG","GA","869","missense_variant","ATG","AGA","AGG","1","-3.45193462721435","0.0395546606296954","7","53426","0.000131022348669187","0.5","41760","1.19731800766284e-05","-3.98545978793068","0.0351216472609276","7","53426","0.000131022348669187","0.5","60446","8.27184594514112e-06","FALSE","FALSE","M290R","-3.71869720757251","0.0373381539453115","1"
"1000","M","290","S","TG","GC","869","missense_variant","ATG","AGC","AGC","2","-4.96650780004411","0.0322642292095657","20","53426","0.000374349567626249","0.5","41760","1.19731800766284e-05","-5.50003296076043","0.0278312158407979","20","53426","0.000374349567626249","0.5","60446","8.27184594514112e-06","FALSE","FALSE","M290S","-5.23327038040227","0.0300477225251818","1"
"1001","M","290","T","TG","CC","869","missense_variant","ATG","ACC","ACG","1","-4.73204254640709","0.0333928328866336","17","53426","0.000318197132482312","0.5","41760","1.19731800766284e-05","-5.26556770712341","0.0289598195178657","17","53426","0.000318197132482312","0.5","60446","8.27184594514112e-06","FALSE","FALSE","M290T","-4.99880512676525","0.0311763262022497","1"
"1002","M","290","V","A","G","868","missense_variant","ATG","GTG","GTG","1","-3.45193462721435","0.0395546606296954","7","53426","0.000131022348669187","0.5","41760","1.19731800766284e-05","-3.98545978793068","0.0351216472609276","7","53426","0.000131022348669187","0.5","60446","8.27184594514112e-06","FALSE","FALSE","M290V","-3.71869720757251","0.0373381539453115","1"
"1003","M","290","W","AT","TG","868","missense_variant","ATG","TGG","TGG","2","-6.45193462721435","0.0251140943680299","56","53426","0.0010481787893535","0.5","41760","1.19731800766284e-05","-6.98545978793068","0.020681080999262","56","53426","0.0010481787893535","0.5","60446","8.27184594514112e-06","FALSE","FALSE","M290W","-6.71869720757251","0.022897587683646","1"
"1004","M","290","Y","ATG","TAC","868","missense_variant","ATG","TAC","TAC","3","-6.00213170977483","0.0272792306460219","41","53426","0.000767416613633811","0.5","41760","1.19731800766284e-05","-6.53565687049116","0.022846217277254","41","53426","0.000767416613633811","0.5","60446","8.27184594514112e-06","FALSE","FALSE","M290Y","-6.26889429013299","0.0250627239616379","1"
"1005","M","318","A","ATG","GCT","952","missense_variant","ATG","GCT","GCG","2","-0.67371007502018","0.0529277058749441","1","52007","1.92281808218124e-05","0.5","41480","1.20540019286403e-05","-0.205198317112456","0.0533180193461848","1","52007","1.92281808218124e-05","1","59956","1.66788978584295e-05","FALSE","FALSE","M318A","-0.439454196066318","0.0531228626105644","1"
"1006","M","318","C","ATG","TGC","952","missense_variant","ATG","TGC","TGC","3","1.2161070072294","0.0620243821411616","34","52007","0.000653758147941623","63","41480","0.00151880424300868","1.02926693652457","0.0592601451104745","34","52007","0.000653758147941623","80","59956","0.00133431182867436","FALSE","FALSE","M318C","1.12268697187698","0.060642263625818","1"
"1007","M","318","D","ATG","GAT","952","missense_variant","ATG","GAT","GAT","3","-5.76117291627052","0.0284390911206652","34","52007","0.000653758147941623","0.5","41480","1.20540019286403e-05","-6.2926611583628","0.0240158825046841","34","52007","0.000653758147941623","0.5","59956","8.33944892921476e-06","FALSE","FALSE","M318D","-6.02691703731666","0.0262274868126746","1"
"1008","M","318","E","AT","GA","952","missense_variant","ATG","GAG","GAG","2","-3.13314169365748","0.0410891774566217","11","52007","0.000211509989039937","1","41480","2.41080038572806e-05","-4.66462993574975","0.0318524467534187","11","52007","0.000211509989039937","0.5","59956","8.33944892921476e-06","FALSE","FALSE","M318E","-3.89888581470362","0.0364708121050202","1"
"1009","M","318","F","ATG","TTC","952","missense_variant","ATG","TTC","TTC","2","-3.84363507646249","0.0376692018656648","9","52007","0.000173053627396312","0.5","41480","1.20540019286403e-05","-4.37512331855477","0.0332459932496837","9","52007","0.000173053627396312","0.5","59956","8.33944892921476e-06","FALSE","FALSE","M318F","-4.10937919750863","0.0354575975576742","1"
"1010","M","318","G","ATG","GGT","952","missense_variant","ATG","GGT","GGG","2","-5.95911229388243","0.0274863055545993","39","52007","0.000749899052050686","0.5","41480","1.20540019286403e-05","-6.4906005359747","0.0230630969386182","39","52007","0.000749899052050686","0.5","59956","8.33944892921476e-06","FALSE","FALSE","M318G","-6.22485641492857","0.0252747012466088","1"
"1011","M","318","H","ATG","CAC","952","missense_variant","ATG","CAC","CAC","3","-0.83125135200666","0.0521693774585205","29","52007","0.000557617243832561","13","41480","0.000313404050144648","-1.15628871663151","0.0487399247011552","29","52007","0.000557617243832561","15","59956","0.000250183467876443","FALSE","FALSE","M318H","-0.993770034319085","0.0504546510798379","1"
"1012","M","318","I","G","A","954","missense_variant","ATG","ATA","ATC","1","-0.467259197552754","0.0539214617335599","26","52007","0.000499932701367124","15","41480","0.000361620057859209","-0.205198317112456","0.0533180193461848","26","52007","0.000499932701367124","26","59956","0.000433651344319167","FALSE","FALSE","M318I","-0.336228757332605","0.0536197405398723","0"
"1013","M","318","I","G","C","954","missense_variant","ATG","ATC","ATC","1","-1.14764126335259","0.0506464276320827","25","52007","0.000480704520545311","9","41480","0.000216972034715526","-0.264092006166025","0.0530345332731275","25","52007","0.000480704520545311","24","59956","0.000400293548602308","FALSE","FALSE","M318I","-0.705866634759308","0.0518404804526051","1"
"1014","M","318","K","T","A","953","missense_variant","ATG","AAG","AAG","1","-4.92163758846377","0.032480212964066","19","52007","0.000365335435614437","0.5","41480","1.20540019286403e-05","-5.45312583055604","0.0280570043480849","19","52007","0.000365335435614437","0.5","59956","8.33944892921476e-06","FALSE","FALSE","M318K","-5.1873817095099","0.0302686086560755","1"
"1015","M","318","L","A","C","952","missense_variant","ATG","CTG","CTG","1","1.39340412083836","0.062877805713519","21","52007","0.000403791797258061","44","41480","0.00106075216972035","1.20983918216639","0.0601293336032107","21","52007","0.000403791797258061","56","59956","0.000934018280072053","FALSE","FALSE","M318L","1.30162165150237","0.0615035696583648","1"
"1016","M","318","N","TG","AC","953","missense_variant","ATG","AAC","AAC","2","-3.25867257574134","0.0404849317830826","6","52007","0.000115369084930875","0.5","41480","1.20540019286403e-05","-3.79016081783361","0.0360617231671015","6","52007","0.000115369084930875","0.5","59956","8.33944892921476e-06","FALSE","FALSE","M318N","-3.52441669678747","0.038273327475092","1"
"1017","M","318","P","ATG","CCT","952","missense_variant","ATG","CCT","CCG","2","-5.99563816990754","0.0273104874435973","40","52007","0.000769127232872498","0.5","41480","1.20540019286403e-05","-6.52712641199982","0.0228872788276162","40","52007","0.000769127232872498","0.5","59956","8.33944892921476e-06","FALSE","FALSE","M318P","-6.26138229095368","0.0250988831356067","1"
"1018","M","318","Q","AT","CA","952","missense_variant","ATG","CAG","CAG","2","-4.92163758846377","0.032480212964066","19","52007","0.000365335435614437","0.5","41480","1.20540019286403e-05","-5.45312583055604","0.0280570043480849","19","52007","0.000365335435614437","0.5","59956","8.33944892921476e-06","FALSE","FALSE","M318Q","-5.1873817095099","0.0302686086560755","1"
"1019","M","318","R","AT","CG","952","missense_variant","ATG","CGG","AGG","1","-0.67371007502018","0.0529277058749441","1","52007","1.92281808218124e-05","0.5","41480","1.20540019286403e-05","-1.20519831711246","0.048504497258963","1","52007","1.92281808218124e-05","0.5","59956","8.33944892921476e-06","FALSE","FALSE","M318R","-0.939454196066318","0.0507161015669535","0"
"1020","M","318","R","TG","GA","953","missense_variant","ATG","AGA","AGG","1","-6.40163052958338","0.0253562342530544","53","52007","0.00101909358355606","0.5","41480","1.20540019286403e-05","-6.93311877167566","0.0209330256370732","53","52007","0.00101909358355606","0.5","59956","8.33944892921476e-06","FALSE","FALSE","M318R","-6.66737465062952","0.0231446299450638","1"
"1021","M","318","S","TG","GC","953","missense_variant","ATG","AGC","AGC","2","-5.13314169365748","0.031462133282178","22","52007","0.000423019978079874","0.5","41480","1.20540019286403e-05","-5.66462993574975","0.0270389246661969","22","52007","0.000423019978079874","0.5","59956","8.33944892921476e-06","FALSE","FALSE","M318S","-5.39888581470361","0.0292505289741874","1"
"1022","M","318","T","T","C","953","missense_variant","ATG","ACG","ACG","1","-2.25867257574134","0.0452984538703044","3","52007","5.76845424654373e-05","0.5","41480","1.20540019286403e-05","-0.205198317112456","0.0533180193461848","3","52007","5.76845424654373e-05","3","59956","5.00366935752885e-05","FALSE","FALSE","M318T","-1.2319354464269","0.0493082366082446","0"
"1023","M","318","T","TG","CC","953","missense_variant","ATG","ACC","ACG","1","-5.71810419437863","0.0286464033647602","33","52007","0.000634529967119811","0.5","41480","1.20540019286403e-05","-6.24959243647091","0.0242231947487791","33","52007","0.000634529967119811","0.5","59956","8.33944892921476e-06","FALSE","FALSE","M318T","-5.98384831542477","0.0264347990567696","1"
"1024","M","318","V","A","G","952","missense_variant","ATG","GTG","GTG","1","0.205995691262108","0.0571621890112003","25","52007","0.000480704520545311","23","41480","0.000554484088717454","0.00892648824039139","0.0543487138261728","25","52007","0.000480704520545311","29","59956","0.000483688037894456","FALSE","FALSE","M318V","0.10746108975125","0.0557554514186866","1"
"1025","M","318","W","AT","TG","952","missense_variant","ATG","TGG","TGG","2","-5.19727203107719","0.0311534404865472","23","52007","0.000442248158901686","0.5","41480","1.20540019286403e-05","-5.72876027316947","0.0267302318705661","23","52007","0.000442248158901686","0.5","59956","8.33944892921476e-06","FALSE","FALSE","M318W","-5.46301615212333","0.0289418361785567","1"
"1026","M","318","Y","ATG","TAC","952","missense_variant","ATG","TAC","TAC","3","-4.76117291627052","0.033252613207887","17","52007","0.000326879073970812","0.5","41480","1.20540019286403e-05","-5.2926611583628","0.0288294045919059","17","52007","0.000326879073970812","0.5","59956","8.33944892921476e-06","FALSE","FALSE","M318Y","-5.02691703731666","0.0310410088998965","1"
"1027","N","297","A","AAC","GCT","889","missense_variant","AAC","GCT","GCC","2","0.201788678828026","0.0571419384639276","31","53086","0.000583958105715254","28","41690","0.000671623890621252","0.415872311821814","0.0563075565362847","31","53086","0.000583958105715254","47","60329","0.00077906147955378","FALSE","FALSE","N297A","0.30883049532492","0.0567247475001062","1"
"1028","N","297","C","AA","TG","889","missense_variant","AAC","TGC","TGC","2","0.874698878824885","0.0603810065743294","50","53086","0.000941867912443959","72","41690","0.00172703286159751","1.16030826752849","0.0598909154516009","50","53086","0.000941867912443959","127","60329","0.00210512357241128","FALSE","FALSE","N297C","1.01750357317669","0.0601359610129651","1"
"1029","N","297","D","AAC","GAT","889","missense_variant","AAC","GAT","GAC","1","-4.3518096509838","0.0352230923270419","13","53086","0.000244885657235429","0.5","41690","1.19932837610938e-05","-4.88495994761004","0.0307918833748514","13","53086","0.000244885657235429","0.5","60329","8.28788808035936e-06","FALSE","FALSE","N297D","-4.61838479929692","0.0330074878509467","1"
"1030","N","297","E","AAC","GAG","889","missense_variant","AAC","GAG","GAG","2","-6.58210727040559","0.0244875054748768","61","53086","0.00114907885318163","0.5","41690","1.19932837610938e-05","-7.11525756703183","0.0200562965226863","61","53086","0.00114907885318163","0.5","60329","8.28788808035936e-06","FALSE","FALSE","N297E","-6.84868241871871","0.0222719009987816","1"
"1031","N","297","F","AA","TT","889","missense_variant","AAC","TTC","TTC","2","0.818115350458518","0.0601086405107649","26","53086","0.000489771314470859","36","41690","0.000863516430798753","1.24432306933493","0.0602953225557497","26","53086","0.000489771314470859","70","60329","0.00116030433125031","FALSE","FALSE","N297F","1.03121920989672","0.0602019815332573","1"
"1032","N","297","G","AAC","GGT","889","missense_variant","AAC","GGT","GGC","2","1.16805782151548","0.0617930963244546","17","53086","0.000320235090230946","30","41690","0.000719597025665627","1.50937664280537","0.0615711637859468","17","53086","0.000320235090230946","55","60329","0.00091166768883953","FALSE","FALSE","N297G","1.33871723216042","0.0616821300552007","1"
"1033","N","297","H","A","C","889","missense_variant","AAC","CAC","CAC","1","1.38339548531797","0.0628296289253787","41","53086","0.000772331688204046","84","41690","0.00201487167186376","1.31590876104054","0.0606399018639037","41","53086","0.000772331688204046","116","60329","0.00192279003464337","FALSE","FALSE","N297H","1.34965212317926","0.0617347653946412","1"
"1034","N","297","I","A","T","890","missense_variant","AAC","ATC","ATC","1","-6.3237952748142","0.0257308959710504","51","53086","0.000960705270692838","0.5","41690","1.19932837610938e-05","-6.85694557144044","0.0212996870188598","51","53086","0.000960705270692838","0.5","60329","8.28788808035936e-06","FALSE","FALSE","N297I","-6.59037042312732","0.0235152914949551","1"
"1035","N","297","K","C","A","891","missense_variant","AAC","AAA","AAG","1","-0.651369932842703","0.0530352406427471","1","53086","1.88373582488792e-05","0.5","41690","1.19932837610938e-05","-1.18452022946895","0.0486040316905565","1","53086","1.88373582488792e-05","0.5","60329","8.28788808035936e-06","FALSE","FALSE","N297K","-0.917945081155826","0.0508196361666518","0"
"1036","N","297","K","C","G","891","missense_variant","AAC","AAG","AAG","1","0.792236718632912","0.0599840731448853","50","53086","0.000941867912443959","68","41690","0.00163108659150876","1.26965566371685","0.0604172615583337","50","53086","0.000941867912443959","137","60329","0.00227088133401847","FALSE","FALSE","N297K","1.03094619117488","0.0602006673516095","1"
"1037","N","297","L","AAC","CTG","889","missense_variant","AAC","CTG","CTC","2","-5.55826052845122","0.0294158143812043","30","53086","0.000565120747466375","0.5","41690","1.19932837610938e-05","-6.09141082507747","0.0249846054290137","30","53086","0.000565120747466375","0.5","60329","8.28788808035936e-06","FALSE","FALSE","N297L","-5.82483567676434","0.027200209905109","1"
"1038","N","297","M","AC","TG","890","missense_variant","AAC","ATG","ATG","2","-5.78065294978767","0.0283453235490706","35","53086","0.000659307538710771","0.5","41690","1.19932837610938e-05","-6.31380324641392","0.02391411459688","35","53086","0.000659307538710771","0.5","60329","8.28788808035936e-06","FALSE","FALSE","N297M","-6.04722809810079","0.0261297190729753","1"
"1039","N","297","P","AAC","CCT","889","missense_variant","AAC","CCT","CCC","2","-6.14322302917238","0.0266000844637865","45","53086","0.000847681121199563","0.5","41690","1.19932837610938e-05","-6.67637332579862","0.0221688755115959","45","53086","0.000847681121199563","0.5","60329","8.28788808035936e-06","FALSE","FALSE","N297P","-6.4097981774855","0.0243844799876912","1"
"1040","N","297","Q","AAC","CAG","889","missense_variant","AAC","CAG","CAG","2","0.026701972269935","0.0562991547347313","15","53086","0.000282560373733188","12","41690","0.000287838810266251","0.156516688366119","0.0550591425143355","15","53086","0.000282560373733188","19","60329","0.000314939747053656","FALSE","FALSE","N297Q","0.0916093303180268","0.0556791486245334","1"
"1041","N","297","R","AC","GA","890","missense_variant","AAC","AGA","AGA","2","1.19108879017082","0.0619039564007672","29","53086","0.000546283389217496","52","41690","0.00124730151115375","1.26127952358058","0.0603769428227821","29","53086","0.000546283389217496","79","60329","0.00130948631669678","FALSE","FALSE","N297R","1.2261841568757","0.0611404496117747","1"
"1042","N","297","S","A","G","890","missense_variant","AAC","AGC","AGC","1","1.00070676373699","0.0609875483115179","7","53086","0.000131861507742154","11","41690","0.000263852242744063","1.25605236191703","0.0603517817646612","7","53086","0.000131861507742154","19","60329","0.000314939747053656","FALSE","FALSE","N297S","1.12837956282701","0.0606696650380895","1"
"1043","N","297","T","A","C","890","missense_variant","AAC","ACC","ACC","1","-2.13679676001294","0.0458851058012112","28","53086","0.000527446030968617","5","41690","0.000119932837610938","-3.99187515152655","0.0350907667665613","28","53086","0.000527446030968617","2","60329","3.31515523214374e-05","FALSE","FALSE","N297T","-3.06433595576975","0.0404879362838862","1"
"1044","N","297","V","AAC","GTG","889","missense_variant","AAC","GTG","GTC","2","-6.0776346875448","0.0269157953948751","43","53086","0.000810006404701805","0.5","41690","1.19932837610938e-05","-6.61078498417105","0.0224845864426845","43","53086","0.000810006404701805","0.5","60329","8.28788808035936e-06","FALSE","FALSE","N297V","-6.34420983585792","0.0247001909187798","1"
"1045","N","297","W","AAC","TGG","889","missense_variant","AAC","TGG","TGG","3","-6.00892193746079","0.0272465457350783","41","53086","0.000772331688204046","0.5","41690","1.19932837610938e-05","-6.54207223408703","0.0228153367828877","41","53086","0.000772331688204046","0.5","60329","8.28788808035936e-06","FALSE","FALSE","N297W","-6.27549708577391","0.025030941258983","1"
"1046","N","297","Y","A","T","889","missense_variant","AAC","TAC","TAC","1","1.3486300671573","0.0626622848171907","21","53086","0.000395584523226463","42","41690","0.00100743583593188","1.2305172698099","0.0602288680348042","21","53086","0.000395584523226463","56","60329","0.000928243465000249","FALSE","FALSE","N297Y","1.2895736684836","0.0614455764259975","1"
"1047","N","322","S","A","G","965","missense_variant","AAC","AGC","AGC","1","0.319886440713405","0.0577104046492144","1","51371","1.94662358139807e-05","1","41155","2.42983841574535e-05","-0.210892513748338","0.053290610204909","1","51371","1.94662358139807e-05","1","59457","1.68188775081151e-05","FALSE","FALSE","N322S","0.0544969634825334","0.0555005074270617","1"
"1048","N","322","T","A","C","965","missense_variant","AAC","ACC","ACC","1","-0.680113559286595","0.0528968825619925","1","51371","1.94662358139807e-05","0.5","41155","1.21491920787268e-05","-1.21089251374834","0.0484770881176872","1","51371","1.94662358139807e-05","0.5","59457","8.40943875405755e-06","FALSE","FALSE","N322T","-0.945503036517467","0.0506869853398398","1"
"1049","P","296","A","C","G","886","missense_variant","CCT","GCT","GCT","1","1.8635139160765","0.0651406895963171","28","53128","0.00052702906188827","80","41714","0.00191782135494079","1.8911438238044","0.063408808543862","28","53128","0.00052702906188827","118","60361","0.0019549046569805","FALSE","FALSE","P296A","1.87732886994045","0.0642747490700896","1"
"1050","P","296","C","CCT","TGC","886","missense_variant","CCT","TGC","TGT","2","1.96037545532909","0.0656069347549117","18","53128","0.000338804396928173","55","41714","0.00131850218152179","2.12166412602425","0.0645184231101503","18","53128","0.000338804396928173","89","60361","0.00147446198704461","FALSE","FALSE","P296C","2.04101979067667","0.065062678932531","1"
"1051","P","296","D","CC","GA","886","missense_variant","CCT","GAT","GAT","2","2.45130246087642","0.0679700227393275","17","53128","0.000319981930432164","73","41714","0.00175001198638347","1.72839285524982","0.0626254031620078","17","53128","0.000319981930432164","64","60361","0.00106028727158264","FALSE","FALSE","P296D","2.08984765806312","0.0652977129506676","1"
"1052","P","296","E","CCT","GAA","886","missense_variant","CCT","GAA","GAG","3","2.6708688381341","0.0690269103458687","1","53128","1.88224664960096e-05","5","41714","0.000119863834683799","3.40081819722132","0.0706756594848171","1","53128","1.88224664960096e-05","12","60361","0.000198803863421746","FALSE","FALSE","P296E","3.03584351767771","0.0698512849153429","0"
"1053","P","296","E","CCT","GAG","886","missense_variant","CCT","GAG","GAG","3","1.34894074324674","0.0626637802634093","35","53128","0.000658786327360337","70","41714","0.00167809368557319","1.07889010233395","0.0594990073151359","35","53128","0.000658786327360337","84","60361","0.00139162704395222","FALSE","FALSE","P296E","1.21391542279035","0.0610813937892726","1"
"1054","P","296","F","CCT","TTC","886","missense_variant","CCT","TTC","TTT","2","1.54158582118914","0.0635910816010795","28","53128","0.00052702906188827","64","41714","0.00153425708395263","1.62321061855777","0.0621191061425072","28","53128","0.00052702906188827","98","60361","0.00162356488461092","FALSE","FALSE","P296F","1.58239821987345","0.0628550938717934","1"
"1055","P","296","G","CC","GG","886","missense_variant","CCT","GGT","GGT","2","1.2114372194968","0.0620019040147681","22","53128","0.000414094262912212","40","41714","0.000958910677470394","1.02884941983436","0.0592581353846644","22","53128","0.000414094262912212","51","60361","0.00084491641954242","FALSE","FALSE","P296G","1.12014331966558","0.0606300196997163","1"
"1056","P","296","H","C","A","887","missense_variant","CCT","CAT","CAT","1","-0.651059256753261","0.0530367360889656","1","53128","1.88224664960096e-05","0.5","41714","1.19863834683799e-05","-1.18414430349984","0.048605841218512","1","53128","1.88224664960096e-05","0.5","60361","8.28349430923941e-06","FALSE","FALSE","P296H","-0.91760178012655","0.0508212886537388","0"
"1057","P","296","H","CT","AC","887","missense_variant","CCT","CAC","CAT","1","1.70802183655157","0.0643922250371358","23","53128","0.000432916729408222","59","41714","0.00141439324926883","1.3366878598016","0.0607399225147427","23","53128","0.000432916729408222","66","60361","0.0010934212488196","FALSE","FALSE","P296H","1.52235484817658","0.0625660737759392","1"
"1058","P","296","I","CCT","ATC","886","missense_variant","CCT","ATC","ATT","2","0.200077357332257","0.0571337009801094","51","53128","0.000959945791296491","46","41714","0.00110274727909095","0.666992310585678","0.0575163281968777","51","53128","0.000959945791296491","92","60361","0.00152416295290005","FALSE","FALSE","P296I","0.433534833958968","0.0573250145884935","1"
"1059","P","296","K","CCT","AAG","886","missense_variant","CCT","AAG","AAG","3","2.98637066386203","0.0705455853525689","9","53128","0.000169402198464087","56","41714","0.00134247494845855","2.64593069505785","0.0670419918197856","9","53128","0.000169402198464087","64","60361","0.00106028727158264","FALSE","FALSE","P296K","2.81615067945994","0.0687937885861772","1"
"1060","P","296","L","CT","TG","887","missense_variant","CCT","CTG","CTT","1","1.16836849760492","0.0617945917706731","17","53128","0.000319981930432164","30","41714","0.000719183008102795","1.56128286941456","0.0618210155541945","17","53128","0.000319981930432164","57","60361","0.000944318351253293","FALSE","FALSE","P296L","1.36482568350974","0.0618078036624338","1"
"1061","P","296","M","CCT","ATG","886","missense_variant","CCT","ATG","ATG","3","-0.551523583202346","0.0535158532520694","56","53128","0.00105405812377654","30","41714","0.000719183008102795","-0.633947220939359","0.0512542270277418","56","53128","0.00105405812377654","41","60361","0.000679246533357632","FALSE","FALSE","P296M","-0.592735402070853","0.0523850401399056","1"
"1062","P","296","N","CCT","AAC","886","missense_variant","CCT","AAC","AAT","2","4.15629566530434","0.0761770451874045","2","53128","3.76449329920193e-05","28","41714","0.000671237474229276","4.20817311927892","0.0745618802343687","2","53128","3.76449329920193e-05","42","60361","0.00069581352197611","FALSE","FALSE","P296N","4.18223439229163","0.0753694627108866","1"
"1063","P","296","Q","CT","AG","887","missense_variant","CCT","CAG","CAG","2","2.82698804005138","0.0697783935725369","14","53128","0.000263514530944135","78","41714","0.00186987582106727","2.99718546121472","0.0687327643949236","14","53128","0.000263514530944135","127","60361","0.00210400755454681","FALSE","FALSE","P296Q","2.91208675063305","0.0692555789837303","1"
"1064","P","296","R","CCT","AGA","886","missense_variant","CCT","AGA","CGT","1","2.94885358543387","0.0703649960669069","16","53128","0.000301159463936154","97","41714","0.0023253583928657","2.95540704889895","0.0685316630844726","16","53128","0.000301159463936154","141","60361","0.00233594539520551","FALSE","FALSE","P296R","2.95213031716641","0.0694483295756897","1"
"1065","P","296","S","CCT","AGC","886","missense_variant","CCT","AGC","TCT","1","2.07933368348946","0.0661795428136185","22","53128","0.000414094262912212","73","41714","0.00175001198638347","2.17660304027805","0.064782872787359","22","53128","0.000414094262912212","113","60361","0.00187206971388811","FALSE","FALSE","P296S","2.12796836188376","0.0654812078004887","1"
"1066","P","296","T","CCT","ACC","886","missense_variant","CCT","ACC","ACT","1","0.889509124609442","0.0604522960195305","22","53128","0.000414094262912212","32","41714","0.000767128541976315","-0.251258499358376","0.0530963076416026","22","53128","0.000414094262912212","21","60361","0.000347906760988055","FALSE","FALSE","P296T","0.319125312625533","0.0567743018305666","1"
"1067","P","296","V","CCT","GTG","886","missense_variant","CCT","GTG","GTT","2","2.08590633741295","0.0662111804284509","12","53128","0.000225869597952116","40","41714","0.000958910677470394","2.75445515183602","0.067564376689491","12","53128","0.000225869597952116","92","60361","0.00152416295290005","FALSE","FALSE","P296V","2.42018074462448","0.0668877785589709","1"
"1068","P","296","W","CCT","TGG","886","missense_variant","CCT","TGG","TGG","3","-0.165632429583019","0.0553733488432795","70","53128","0.00131757265472067","49","41714","0.00117466557990123","0.441460181718663","0.0564307243131981","70","53128","0.00131757265472067","108","60361","0.00178923477079571","FALSE","FALSE","P296W","0.137913876067822","0.0559020365782388","1"
"1069","P","296","Y","CC","TA","886","missense_variant","CCT","TAT","TAT","2","1.57133316458319","0.063734271095543","3","53128","5.64673994880289e-05","7","41714","0.000167809368557319","1.23089319577901","0.0602306775627597","3","53128","5.64673994880289e-05","8","60361","0.000132535908947831","FALSE","FALSE","P296Y","1.4011131801811","0.0619824743291513","0"
"1070","P","296","Y","CCT","TAC","886","missense_variant","CCT","TAC","TAT","2","0.670868838134102","0.059399866171425","4","53128","7.52898659840386e-05","5","41714","0.000119863834683799","1.9033185377505","0.0634674117983472","4","53128","7.52898659840386e-05","17","60361","0.00028163880651414","FALSE","FALSE","P296Y","1.2870936879423","0.0614336389848861","1"
"1071","P","309","A","C","G","925","missense_variant","CCC","GCC","GCC","1","-2.6581227050496","0.0433756918501355","4","52776","7.57920266787934e-05","0.5","41641","1.20073965562787e-05","-3.19019298876524","0.0389496815639446","4","52776","7.57920266787934e-05","0.5","60213","8.30385464932822e-06","FALSE","FALSE","P309A","-2.92415784690742","0.04116268670704","0"
"1072","P","309","C","CC","TG","925","missense_variant","CCC","TGC","TGC","2","-4.90605021849319","0.0325552431137011","19","52776","0.000360012126724269","0.5","41641","1.20073965562787e-05","-5.43812050220883","0.0281292328275102","19","52776","0.000360012126724269","0.5","60213","8.30385464932822e-06","FALSE","FALSE","P309C","-5.17208536035101","0.0303422379706057","1"
"1073","P","309","D","CCC","GAT","925","missense_variant","CCC","GAT","GAC","2","-3.24308520577076","0.0405599619327177","6","52776","0.00011368804001819","0.5","41641","1.20073965562787e-05","-3.7751554894864","0.0361339516465268","6","52776","0.00011368804001819","0.5","60213","8.30385464932822e-06","FALSE","FALSE","P309D","-3.50912034762858","0.0383469567896222","1"
"1074","P","309","E","CCC","GAG","925","missense_variant","CCC","GAG","GAG","3","-1.98005079993696","0.0466396059421198","10","52776","0.000189480066696983","2","41641","4.80295862251147e-05","-3.5121210836526","0.037400073568707","10","52776","0.000189480066696983","1","60213","1.66077092986564e-05","FALSE","FALSE","P309E","-2.74608594179478","0.0420198397554134","1"
"1075","P","309","H","C","A","926","missense_variant","CCC","CAC","CAC","1","-0.658122705049602","0.0530027360245792","8","52776","0.000151584053357587","4","41641","9.60591724502293e-05","-3.19019298876524","0.0389496815639446","8","52776","0.000151584053357587","1","60213","1.66077092986564e-05","FALSE","FALSE","P309H","-1.92415784690742","0.0459762087942619","1"
"1076","P","309","I","CC","AT","925","missense_variant","CCC","ATC","ATC","2","-4.56501330065812","0.0341968318502583","15","52776","0.000284220100045475","0.5","41641","1.20073965562787e-05","-5.09708358437376","0.0297708215640674","15","52776","0.000284220100045475","0.5","60213","8.30385464932822e-06","FALSE","FALSE","P309I","-4.83104844251594","0.0319838267071628","1"
"1077","P","309","L","C","T","926","missense_variant","CCC","CTC","CTC","1","-1.6581227050496","0.0481892139373573","2","52776","3.78960133393967e-05","0.5","41641","1.20073965562787e-05","-2.19019298876524","0.0437632036511665","2","52776","3.78960133393967e-05","0.5","60213","8.30385464932822e-06","FALSE","FALSE","P309L","-1.92415784690742","0.0459762087942619","0"
"1078","P","309","L","CC","TG","926","missense_variant","CCC","CTG","CTC","1","-4.6581227050496","0.0337486476756918","16","52776","0.000303168106715174","0.5","41641","1.20073965562787e-05","-5.19019298876524","0.0293226373895009","16","52776","0.000303168106715174","0.5","60213","8.30385464932822e-06","FALSE","FALSE","P309L","-4.92415784690742","0.0315356425325964","1"
"1079","P","309","M","CCC","ATG","925","missense_variant","CCC","ATG","ATG","3","1.3418772949504","0.0626297801990228","3","52776","5.6844020009095e-05","6","41641","0.000144088758675344","-0.190192988765241","0.0533902478256101","3","52776","5.6844020009095e-05","3","60213","4.98231278959693e-05","FALSE","FALSE","P309M","0.575842153092579","0.0580100140123165","1"
"1080","P","309","N","CC","AA","925","missense_variant","CCC","AAC","AAC","2","-3.6581227050496","0.0385621697629136","8","52776","0.000151584053357587","0.5","41641","1.20073965562787e-05","-4.19019298876524","0.0341361594767228","8","52776","0.000151584053357587","0.5","60213","8.30385464932822e-06","FALSE","FALSE","P309N","-3.92415784690742","0.0363491646198182","1"
"1081","P","309","R","CCC","AGA","925","missense_variant","CCC","AGA","CGC","1","-3.6581227050496","0.0385621697629136","16","52776","0.000303168106715174","1","41641","2.40147931125573e-05","-3.19019298876524","0.0389496815639446","16","52776","0.000303168106715174","2","60213","3.32154185973129e-05","FALSE","FALSE","P309R","-3.42415784690742","0.0387559256634291","1"
"1082","P","309","S","C","T","925","missense_variant","CCC","TCC","TCC","1","0.467408177034257","0.0584205037853401","11","52776","0.000208428073366682","12","41641","0.000288177517350688","0.25726598820598","0.0555441014943868","11","52776","0.000208428073366682","15","60213","0.000249115639479847","FALSE","FALSE","P309S","0.362337082620119","0.0569823026398635","0"
"1083","P","309","S","CC","AG","925","missense_variant","CCC","AGC","TCC","1","-3.6581227050496","0.0385621697629136","8","52776","0.000151584053357587","0.5","41641","1.20073965562787e-05","-4.19019298876524","0.0341361594767228","8","52776","0.000151584053357587","0.5","60213","8.30385464932822e-06","FALSE","FALSE","P309S","-3.92415784690742","0.0363491646198182","1"
"1084","P","309","T","C","A","925","missense_variant","CCC","ACC","ACC","1","-3.1175543236869","0.0411642076062568","11","52776","0.000208428073366682","1","41641","2.40147931125573e-05","-2.06466210668138","0.0443674493247055","11","52776","0.000208428073366682","3","60213","4.98231278959693e-05","FALSE","FALSE","P309T","-2.59110821518414","0.0427658284654812","1"
"1085","P","309","V","CCC","GTG","925","missense_variant","CCC","GTG","GTC","2","-1.6581227050496","0.0481892139373573","2","52776","3.78960133393967e-05","0.5","41641","1.20073965562787e-05","-2.19019298876524","0.0437632036511665","2","52776","3.78960133393967e-05","0.5","60213","8.30385464932822e-06","FALSE","FALSE","P309V","-1.92415784690742","0.0459762087942619","1"
"1086","P","309","W","CCC","TGG","925","missense_variant","CCC","TGG","TGG","3","-2.24308520577076","0.0453734840199395","3","52776","5.6844020009095e-05","0.5","41641","1.20073965562787e-05","-2.7751554894864","0.0409474737337486","3","52776","5.6844020009095e-05","0.5","60213","8.30385464932822e-06","FALSE","FALSE","P309W","-2.50912034762858","0.0431604788768441","1"
"1087","P","309","Y","CC","TA","925","missense_variant","CCC","TAC","TAC","2","-0.658122705049602","0.0530027360245792","1","52776","1.89480066696983e-05","0.5","41641","1.20073965562787e-05","-1.19019298876524","0.0485767257383883","1","52776","1.89480066696983e-05","0.5","60213","8.30385464932822e-06","FALSE","FALSE","P309Y","-0.924157846907421","0.0507897308814837","1"
"1088","P","310","C","CCG","TGC","928","missense_variant","CCG","TGC","TGC","3","-0.659276889606228","0.0529971803317231","1","52711","1.89713721993512e-05","0.5","41623","1.20125891934748e-05","-1.1912279896396","0.0485717437388193","1","52711","1.89713721993512e-05","0.5","60182","8.30813199960121e-06","FALSE","FALSE","P310C","-0.925252439622915","0.0507844620352712","1"
"1089","P","310","E","CC","GA","928","missense_variant","CCG","GAG","GAG","2","-3.65927688960623","0.0385566140700576","8","52711","0.000151770977594809","0.5","41623","1.20125891934748e-05","-3.1912279896396","0.0389446995643756","8","52711","0.000151770977594809","1","60182","1.66162639992024e-05","FALSE","FALSE","P310E","-3.42525243962291","0.0387506568172166","1"
"1090","P","310","G","CCG","GGT","928","missense_variant","CCG","GGT","GGG","2","-2.65927688960623","0.0433701361572794","4","52711","7.58854887974047e-05","0.5","41623","1.20125891934748e-05","-3.1912279896396","0.0389446995643756","4","52711","7.58854887974047e-05","0.5","60182","8.30813199960121e-06","FALSE","FALSE","P310G","-2.92525243962291","0.0411574178608275","1"
"1091","P","310","H","CG","AC","929","missense_variant","CCG","CAC","CAC","2","-2.24423939032738","0.0453679283270835","3","52711","5.69141165980535e-05","0.5","41623","1.20125891934748e-05","-2.77619049036076","0.0409424917341796","3","52711","5.69141165980535e-05","0.5","60182","8.30813199960121e-06","FALSE","FALSE","P310H","-2.51021494034407","0.0431552100306315","1"
"1092","P","310","L","C","T","929","missense_variant","CCG","CTG","CTG","1","-1.65927688960623","0.0481836582445013","28","52711","0.000531198421581833","7","41623","0.000168176248708647","-2.41362041097605","0.0426877308194637","28","52711","0.000531198421581833","6","60182","9.96975839952145e-05","FALSE","FALSE","P310L","-2.03644865029114","0.0454356945319825","1"
"1093","P","310","M","CC","AT","928","missense_variant","CCG","ATG","ATG","2","-5.46663181166383","0.0298568712332842","28","52711","0.000531198421581833","0.5","41623","1.20125891934748e-05","-4.99858291169721","0.0302449567276022","28","52711","0.000531198421581833","1","60182","1.66162639992024e-05","FALSE","FALSE","P310M","-5.23260736168052","0.0300509139804432","1"
"1094","P","310","Q","C","A","929","missense_variant","CCG","CAG","CAG","1","-2.56616748521475","0.0438183203318459","15","52711","0.000284570582990268","2","41623","4.8050356773899e-05","-2.09811858524812","0.0442064058261639","15","52711","0.000284570582990268","4","60182","6.64650559968097e-05","FALSE","FALSE","P310Q","-2.33214303523143","0.0440123630790049","1"
"1095","P","310","R","CCG","AGA","928","missense_variant","CCG","AGA","CGG","1","-1.65927688960623","0.0481836582445013","2","52711","3.79427443987024e-05","0.5","41623","1.20125891934748e-05","-2.1912279896396","0.0437582216515974","2","52711","3.79427443987024e-05","0.5","60182","8.30813199960121e-06","FALSE","FALSE","P310R","-1.92525243962291","0.0459709399480493","1"
"1096","P","310","S","C","T","928","missense_variant","CCG","TCG","TCG","1","-0.659276889606228","0.0529971803317231","1","52711","1.89713721993512e-05","0.5","41623","1.20125891934748e-05","-1.1912279896396","0.0485717437388193","1","52711","1.89713721993512e-05","0.5","60182","8.30813199960121e-06","FALSE","FALSE","P310S","-0.925252439622915","0.0507844620352712","0"
"1097","P","310","S","CCG","AGC","928","missense_variant","CCG","AGC","TCG","1","-4.74673973085657","0.0333220876646661","17","52711","0.00032251332738897","0.5","41623","1.20125891934748e-05","-5.27869083088994","0.0288966510717622","17","52711","0.00032251332738897","0.5","60182","8.30813199960121e-06","FALSE","FALSE","P310S","-5.01271528087325","0.0311093693682141","1"
"1098","P","310","T","C","A","928","missense_variant","CCG","ACG","ACG","1","-0.659276889606228","0.0529971803317231","2","52711","3.79427443987024e-05","1","41623","2.40251783869495e-05","-2.1912279896396","0.0437582216515974","2","52711","3.79427443987024e-05","0.5","60182","8.30813199960121e-06","FALSE","FALSE","P310T","-1.42525243962291","0.0483777009916603","0"
"1099","P","310","T","CCG","ACC","928","missense_variant","CCG","ACC","ACG","1","-0.0218469689909359","0.0560654633336609","9","52711","0.000170742349794161","7","41623","0.000168176248708647","-1.77619049036076","0.0457560138214015","9","52711","0.000170742349794161","3","60182","4.98487919976073e-05","FALSE","FALSE","P310T","-0.899018729675847","0.0509107385775312","1"
"1100","P","310","V","CC","GT","928","missense_variant","CCG","GTG","GTG","2","-4.24423939032738","0.0357408841526398","12","52711","0.000227656466392214","0.5","41623","1.20125891934748e-05","-4.77619049036076","0.0313154475597359","12","52711","0.000227656466392214","0.5","60182","8.30813199960121e-06","FALSE","FALSE","P310V","-4.51021494034407","0.0335281658561879","1"
"1101","P","310","W","CC","TG","928","missense_variant","CCG","TGG","TGG","2","-4.98120498449359","0.0321934839875982","20","52711","0.000379427443987024","0.5","41623","1.20125891934748e-05","-5.51315608452696","0.0277680473946943","20","52711","0.000379427443987024","0.5","60182","8.30813199960121e-06","FALSE","FALSE","P310W","-5.24718053451028","0.0299807656911463","1"
"1102","P","310","Y","CCG","TAC","928","missense_variant","CCG","TAC","TAC","3","-1.65927688960623","0.0481836582445013","2","52711","3.79427443987024e-05","0.5","41623","1.20125891934748e-05","-2.1912279896396","0.0437582216515974","2","52711","3.79427443987024e-05","0.5","60182","8.30813199960121e-06","FALSE","FALSE","P310Y","-1.92525243962291","0.0459709399480493","1"
"1103","Q","252","A","CAG","GCT","754","missense_variant","CAG","GCT","GCG","2","2.97937789844758","0.0705119255217956","10","53434","0.000187146760489576","61","41330","0.00147592547786112","2.48284318315864","0.0662569664791087","10","53434","0.000187146760489576","63","60221","0.00104614669301406","FALSE","TRUE","Q252A","2.73111054080311","0.0683844460004521","1"
"1104","Q","252","C","CAG","TGC","754","missense_variant","CAG","TGC","TGC","3","1.95553115649321","0.0655836166154681","11","53434","0.000205861436538534","33","41330","0.000798451488023228","2.14941944943345","0.0646520239724185","11","53434","0.000205861436538534","55","60221","0.000913302668504342","FALSE","TRUE","Q252C","2.05247530296333","0.0651178202939433","1"
"1105","Q","252","D","CAG","GAT","754","missense_variant","CAG","GAT","GAT","2","-2.62943134422795","0.043513798349163","8","53434","0.000149717408391661","1","41330","2.41954996370675e-05","-4.17250864545391","0.0342212834538499","8","53434","0.000149717408391661","0.5","60221","8.30275153185766e-06","FALSE","TRUE","Q252D","-3.40096999484093","0.0388675409015064","1"
"1106","Q","252","E","C","G","754","missense_variant","CAG","GAG","GAG","1","2.5722025169417","0.0685519778295441","5","53434","9.3573380244788e-05","23","41330","0.000556496491652553","2.20600297779982","0.0649243900359829","5","53434","9.3573380244788e-05","26","60221","0.000431743079656598","FALSE","TRUE","Q252E","2.38910274737076","0.0667381839327635","1"
"1107","Q","252","F","CAG","TTC","754","missense_variant","CAG","TTC","TTC","3","1.37056865577205","0.0627678866980503","1","53434","1.87146760489576e-05","2","41330","4.8390999274135e-05","-1.17250864545391","0.0486618497155154","1","53434","1.87146760489576e-05","0.5","60221","8.30275153185766e-06","FALSE","TRUE","Q252F","0.0990300051590695","0.0557148682067829","1"
"1108","Q","252","G","CAG","GGT","754","missense_variant","CAG","GGT","GGG","2","-1.27328753400267","0.0500416265331315","25","53434","0.00046786690122394","8","41330","0.00019356399709654","-1.49443674034128","0.0471122417202778","25","53434","0.00046786690122394","10","60221","0.000166055030637153","FALSE","TRUE","Q252G","-1.38386213717197","0.0485769341267047","1"
"1109","Q","252","H","G","C","756","missense_variant","CAG","CAC","CAC","1","-0.181972367256726","0.0552946961923833","22","53434","0.000411722873077067","15","41330","0.000362932494556013","-0.462015262648899","0.0520818253064723","22","53434","0.000411722873077067","18","60221","0.000298899055146876","TRUE","TRUE","Q252H","-0.321993814952813","0.0536882607494278","1"
"1110","Q","252","I","CAG","ATC","754","missense_variant","CAG","ATC","ATC","3","-6.24414118834316","0.0261143126756162","49","53434","0.000917019126398922","0.5","41330","1.20977498185338e-05","-6.78721848956912","0.0216353198675249","49","53434","0.000917019126398922","0.5","60221","8.30275153185766e-06","FALSE","TRUE","Q252I","-6.51567983895614","0.0238748162715706","1"
"1111","Q","252","K","C","A","754","missense_variant","CAG","AAG","AAG","1","-0.214393844949103","0.0551386346934107","6","53434","0.000112288056293746","4","41330","9.678199854827e-05","-0.75747114617507","0.0506596418853194","6","53434","0.000112288056293746","4","60221","6.64220122548613e-05","FALSE","TRUE","Q252K","-0.485932495562087","0.0528991382893651","1"
"1112","Q","252","L","A","T","755","missense_variant","CAG","CTG","CTG","1","-5.58362765461482","0.0292937091591265","31","53434","0.000580154957517685","0.5","41330","1.20977498185338e-05","-6.12670495584079","0.0248147163510352","31","53434","0.000580154957517685","0.5","60221","8.30275153185766e-06","FALSE","TRUE","Q252L","-5.85516630522781","0.0270542127550808","1"
"1113","Q","252","M","CA","AT","754","missense_variant","CAG","ATG","ATG","2","1.37056865577205","0.0627678866980503","9","53434","0.000168432084440618","18","41330","0.000435518993467215","2.08383110780587","0.0643363130413299","9","53434","0.000168432084440618","43","60221","0.000714036631739759","FALSE","TRUE","Q252M","1.72719988178896","0.0635520998696901","1"
"1114","Q","252","N","CAG","AAC","754","missense_variant","CAG","AAC","AAC","2","-0.851823765564395","0.0520703516914729","28","53434","0.000524010929370813","12","41330","0.00029034599564481","0.748056887051681","0.057906534326188","28","53434","0.000524010929370813","53","60221","0.000880091662376912","FALSE","TRUE","Q252N","-0.0518834392563572","0.0549884430088305","1"
"1115","Q","252","P","AG","CT","755","missense_variant","CAG","CCT","CCG","1","-5.53632193983647","0.0295214162620639","30","53434","0.000561440281468728","0.5","41330","1.20977498185338e-05","-6.07939924106243","0.0250424234539726","30","53434","0.000561440281468728","0.5","60221","8.30275153185766e-06","FALSE","TRUE","Q252P","-5.80786059044945","0.0272819198580183","1"
"1116","Q","252","R","CAG","AGA","754","missense_variant","CAG","AGA","CGG","1","-3.95135943911531","0.0371506682667036","10","53434","0.000187146760489576","0.5","41330","1.20977498185338e-05","-3.49443674034128","0.0374851975458341","10","53434","0.000187146760489576","1","60221","1.66055030637153e-05","FALSE","TRUE","Q252R","-3.72289808972829","0.0373179329062688","1"
"1117","Q","252","S","CAG","AGC","754","missense_variant","CAG","AGC","TCG","2","0.592961077108501","0.0590248554429622","6","53434","0.000112288056293746","7","41330","0.000169368497459473","-0.172508645453914","0.0534753718027372","6","53434","0.000112288056293746","6","60221","9.96330183822919e-05","FALSE","TRUE","Q252S","0.210226215827293","0.0562501136228497","1"
"1118","Q","252","T","CAG","ACC","754","missense_variant","CAG","ACC","ACG","2","1.23491355641449","0.0621149078810484","39","53434","0.000729872365909346","71","41330","0.00171788047423179","1.54208913568384","0.0617286260929453","39","53434","0.000729872365909346","128","60221","0.00212550439215556","FALSE","TRUE","Q252T","1.38850134604916","0.0619217669869969","1"
"1119","Q","252","V","CA","GT","754","missense_variant","CAG","GTG","GTG","2","2.95553115649321","0.07039713870269","9","53434","0.000168432084440618","54","41330","0.00130655698040165","3.21215520478141","0.0697675260036663","9","53434","0.000168432084440618","94","60221","0.00156091728798924","FALSE","TRUE","Q252V","3.08384318063731","0.0700823323531781","1"
"1120","Q","252","W","CA","TG","754","missense_variant","CAG","TGG","TGG","2","-0.629431344227947","0.0531408425236067","8","53434","0.000149717408391661","4","41330","9.678199854827e-05","-0.00258364401160206","0.054293309550351","8","53434","0.000149717408391661","9","60221","0.000149449527573438","FALSE","TRUE","Q252W","-0.316007494119774","0.0537170760369788","1"
"1121","Q","252","Y","CAG","TAC","754","missense_variant","CAG","TAC","TAC","2","0.785606155050897","0.0599521567806325","6","53434","0.000112288056293746","8","41330","0.00019356399709654","1.24252885382493","0.0602866860597631","6","53434","0.000112288056293746","16","60221","0.000265688049019445","FALSE","TRUE","Q252Y","1.01406750443791","0.0601194214201978","1"
"1122","Q","300","A","CAG","GCT","898","missense_variant","CAG","GCT","GCG","2","1.67731341063806","0.0642444093507373","23","52850","0.00043519394512772","58","41670","0.00139188864890809","1.37410100683512","0.060920011524341","23","52850","0.00043519394512772","68","60281","0.0011280502977721","FALSE","FALSE","Q300A","1.52570720873659","0.0625822104375391","1"
"1123","Q","300","C","CAG","TGC","898","missense_variant","CAG","TGC","TGC","3","2.23597916765098","0.0669335593114935","7","52850","0.000132450331125828","26","41670","0.00062395008399328","1.81020012164179","0.0630191842456808","7","52850","0.000132450331125828","28","60281","0.00046449129908263","FALSE","FALSE","Q300C","2.02308964464639","0.0649763717785872","1"
"1124","Q","300","D","CAG","GAT","898","missense_variant","CAG","GAT","GAT","2","-0.505102534987453","0.0537393019929638","27","52850","0.000510879848628193","15","41670","0.000359971202303816","-0.696759867078093","0.0509518769681962","27","52850","0.000510879848628193","19","60281","0.000315190524377499","FALSE","FALSE","Q300D","-0.600931201032773","0.05234558948058","1"
"1125","Q","300","E","C","G","898","missense_variant","CAG","GAG","GAG","1","2.3428943715675","0.0674481980070055","7","52850","0.000132450331125828","28","41670","0.000671946244300456","1.86082619471176","0.0632628739665924","7","52850","0.000132450331125828","29","60281","0.000481080274049866","FALSE","FALSE","Q300E","2.10186028313963","0.0653555359867989","1"
"1126","Q","300","F","CAG","TTC","898","missense_variant","CAG","TTC","TTC","3","-2.71599931748607","0.043097101497839","25","52850","0.000473036896877956","3","41670","7.19942404607631e-05","-3.83365606813293","0.0358523578190964","25","52850","0.000473036896877956","2","60281","3.31779499344735e-05","FALSE","FALSE","Q300F","-3.2748276928095","0.0394747296584677","1"
"1127","Q","300","G","CAG","GGT","898","missense_variant","CAG","GGT","GGG","2","2.41328369945889","0.0677870185915154","10","52850","0.000189214758751183","42","41670","0.00100791936645068","1.91453678145653","0.0635214110622059","10","52850","0.000189214758751183","43","60281","0.000713325923591181","FALSE","FALSE","Q300G","2.16391024045771","0.0656542148268607","1"
"1128","Q","300","H","G","C","900","missense_variant","CAG","CAC","CAC","1","-0.487180626990191","0.0538255694929537","32","52850","0.000605487228003784","18","41670","0.000431965442764579","-0.434912376194742","0.0522122856490468","32","52850","0.000605487228003784","27","60281","0.000447902324115393","FALSE","FALSE","Q300H","-0.461046501592466","0.0530189275710003","1"
"1129","Q","300","I","CAG","ATC","898","missense_variant","CAG","ATC","ATC","3","0.699038181792772","0.0595354599293085","25","52850","0.000473036896877956","32","41670","0.000767938564914807","0.921231434030534","0.0587401138330154","25","52850","0.000473036896877956","54","60281","0.000895804648230786","FALSE","FALSE","Q300I","0.810134807911653","0.059137786881162","1"
"1130","Q","300","I","CAG","ATT","898","missense_variant","CAG","ATT","ATC","3","-2.6571056284325","0.0433805875708963","4","52850","7.5685903500473e-05","0.5","41670","1.19990400767939e-05","-3.18979987835821","0.0389515738095716","4","52850","7.5685903500473e-05","0.5","60281","8.29448748361839e-06","FALSE","FALSE","Q300I","-2.92345275339536","0.0411660806902339","0"
"1131","Q","300","K","C","A","898","missense_variant","CAG","AAG","AAG","1","1.30442022375286","0.0624494797594909","19","52850","0.000359508041627247","37","41670","0.000887928965682745","0.954590030976965","0.0589006861762158","19","52850","0.000359508041627247","42","60281","0.000696736948623945","FALSE","FALSE","Q300K","1.12950512736491","0.0606750829678533","1"
"1132","Q","300","L","A","T","899","missense_variant","CAG","CTG","CTG","1","-0.979033723319866","0.0514580237501024","25","52850","0.000473036896877956","10","41670","0.000239980801535877","0.375797297496015","0.0561146545696817","25","52850","0.000473036896877956","37","60281","0.000613792073787761","FALSE","FALSE","Q300L","-0.301618212911925","0.0537863391598921","1"
"1133","Q","300","M","CA","AT","898","missense_variant","CAG","ATG","ATG","2","1.43481686100854","0.0630771468530205","38","52850","0.000719016083254494","81","41670","0.0019438444924406","1.14723510891936","0.0598279875138861","38","52850","0.000719016083254494","96","60281","0.00159254159685473","FALSE","FALSE","Q300M","1.29102598496395","0.0614525671834533","1"
"1134","Q","300","N","CAG","AAC","898","missense_variant","CAG","AAC","AAC","2","-2.24206812915366","0.0453783797407003","12","52850","0.000227057710501419","2","41670","4.79961603071754e-05","-1.452834284192","0.047312496061835","12","52850","0.000227057710501419","5","60281","8.29448748361839e-05","FALSE","FALSE","Q300N","-1.84745120667283","0.0463454379012677","1"
"1135","Q","300","P","AG","CT","899","missense_variant","CAG","CCT","CCG","1","-2.6571056284325","0.0433805875708963","4","52850","7.5685903500473e-05","0.5","41670","1.19990400767939e-05","-3.18979987835821","0.0389515738095716","4","52850","7.5685903500473e-05","0.5","60281","8.29448748361839e-06","FALSE","FALSE","Q300P","-2.92345275339536","0.0411660806902339","1"
"1136","Q","300","R","CAG","AGA","898","missense_variant","CAG","AGA","CGG","1","0.75793187084634","0.0598189460023658","9","52850","0.000170293282876064","12","41670","0.000287976961843053","0.640275120199478","0.0573877244108452","9","52850","0.000170293282876064","16","60281","0.000265423599475788","FALSE","FALSE","Q300R","0.699103495522909","0.0586033352066055","1"
"1137","Q","300","S","CAG","AGC","898","missense_variant","CAG","AGC","TCG","2","2.44723103138223","0.0679504248235307","10","52850","0.000189214758751183","43","41670","0.00103191744660427","2.41900936431731","0.0659497009822042","10","52850","0.000189214758751183","61","60281","0.00101192747300144","FALSE","FALSE","Q300S","2.43312019784977","0.0669500629028675","1"
"1138","Q","300","T","CAG","ACC","898","missense_variant","CAG","ACC","ACG","2","3.47217738851246","0.0728840267517946","4","52850","7.5685903500473e-05","35","41670","0.00083993280537557","3.59155983516645","0.0715937985720189","4","52850","7.5685903500473e-05","55","60281","0.000912393623198023","FALSE","FALSE","Q300T","3.53186861183946","0.0722389126619068","1"
"1139","Q","300","V","CA","GT","898","missense_variant","CAG","GTG","GTG","2","2.51281937300981","0.0682661357546193","2","52850","3.78429517502365e-05","9","41670","0.000215982721382289","1.61755504369939","0.0620918829080105","2","52850","3.78429517502365e-05","7","60281","0.000116122824770657","FALSE","FALSE","Q300V","2.0651872083546","0.0651790093313149","1"
"1140","Q","300","W","CA","TG","898","missense_variant","CAG","TGG","TGG","2","-4.41199313059597","0.0349333978186429","27","52850","0.000510879848628193","1","41670","2.39980801535877e-05","-5.94468738052168","0.0256908619700963","27","52850","0.000510879848628193","0.5","60281","8.29448748361839e-06","FALSE","FALSE","Q300W","-5.17834025555883","0.0303121298943696","1"
"1141","Q","300","Y","CAG","TAC","898","missense_variant","CAG","TAC","TAC","2","-2.32007064115493","0.0450029129263234","19","52850","0.000359508041627247","3","41670","7.19942404607631e-05","-3.4377273918018","0.0377581692475809","19","52850","0.000359508041627247","2","60281","3.31779499344735e-05","FALSE","FALSE","Q300Y","-2.87889901647836","0.0413805410869521","1"
"1142","R","307","A","CGG","GCT","919","missense_variant","CGG","GCT","GCG","2","-1.40107819417589","0.0494265033678471","57","52883","0.00107785110527012","17","41654","0.000408124069717194","-2.02085565979912","0.044578312624336","57","52883","0.00107785110527012","16","60242","0.000265595431758574","FALSE","FALSE","R307A","-1.7109669269875","0.0470024079960916","1"
"1143","R","307","C","CGG","TGC","919","missense_variant","CGG","TGC","TGC","2","0.891836774041008","0.0604635002114807","13","52883","0.000245825690675642","19","41654","0.000456138666154511","0.969575631352102","0.0589728196946118","13","52883","0.000245825690675642","29","60242","0.000481391720062415","FALSE","FALSE","R307C","0.930706202696555","0.0597181599530462","1"
"1144","R","307","D","CGG","GAT","919","missense_variant","CGG","GAT","GAT","3","-5.51363201638906","0.0296306347097354","29","52883","0.000548380386891818","0.5","41654","1.20036491093292e-05","-6.04594664076195","0.025203448284394","29","52883","0.000548380386891818","0.5","60242","8.29985724245543e-06","FALSE","FALSE","R307D","-5.7797893285755","0.0274170414970647","1"
"1145","R","307","E","CG","GA","919","missense_variant","CGG","GAG","GAG","2","-4.74311386251182","0.0333395408620288","17","52883","0.000321464364729686","0.5","41654","1.20036491093292e-05","-5.27542848688472","0.0289123544366875","17","52883","0.000321464364729686","0.5","60242","8.29985724245543e-06","FALSE","FALSE","R307E","-5.00927117469827","0.0311259476493582","1"
"1146","R","307","F","CGG","TTC","919","missense_variant","CGG","TTC","TTC","3","2.34434897873851","0.0674551997907514","1","52883","1.8909668513511e-05","4","41654","9.60291928746339e-05","-0.187965645634378","0.0534009691909664","1","52883","1.8909668513511e-05","1","60242","1.65997144849109e-05","FALSE","FALSE","R307F","1.07819166655207","0.0604280844908589","1"
"1147","R","307","G","CGG","GGT","919","missense_variant","CGG","GGT","GGG","1","-5.46300594331909","0.029874324430647","28","52883","0.000529470718378307","0.5","41654","1.20036491093292e-05","-4.99532056769198","0.0302606600925274","28","52883","0.000529470718378307","1","60242","1.65997144849109e-05","FALSE","FALSE","R307G","-5.22916325550554","0.0300674922615872","1"
"1148","R","307","H","GG","AC","920","missense_variant","CGG","CAC","CAC","2","-1.90357853470507","0.0470077068798734","19","52883","0.000359283701756708","4","41654","9.60291928746339e-05","-1.26596815763565","0.0482119802893676","19","52883","0.000359283701756708","9","60242","0.000149397430364198","FALSE","FALSE","R307H","-1.58477334617036","0.0476098435846205","1"
"1149","R","307","I","CGG","ATC","919","missense_variant","CGG","ATC","ATC","3","2.15170390079612","0.0665278984530811","4","52883","7.56386740540438e-05","14","41654","0.000336102175061219","1.51247407250671","0.0615860733322278","4","52883","7.56386740540438e-05","13","60242","0.000215796288303841","FALSE","FALSE","R307I","1.83208898665142","0.0640569858926545","1"
"1150","R","307","K","CG","AA","919","missense_variant","CGG","AAG","AAG","2","2.58138817603936","0.0685961932024964","7","52883","0.000132367679594577","33","41654","0.00079224084121573","2.52824138836503","0.0664754917425898","7","52883","0.000132367679594577","46","60242","0.0007635868663059","FALSE","FALSE","R307K","2.5548147822022","0.0675358424725431","1"
"1151","R","307","M","CG","AT","919","missense_variant","CGG","ATG","ATG","2","1.16747121665444","0.0617902726889995","26","52883","0.000491651381351285","46","41654","0.00110433571805829","1.45144463910915","0.061292306806598","26","52883","0.000491651381351285","81","60242","0.00134457687327778","FALSE","FALSE","R307M","1.3094579278818","0.0615412897477988","1"
"1152","R","307","N","CGG","AAC","919","missense_variant","CGG","AAC","AAC","3","-0.307727717841179","0.0546893700347587","22","52883","0.000416012707297241","14","41654","0.000336102175061219","0.562056101357275","0.0570112154360074","22","52883","0.000416012707297241","37","60242","0.000614189435941702","FALSE","FALSE","R307N","0.127164191758048","0.0558502927353831","1"
"1153","R","307","P","GG","CT","920","missense_variant","CGG","CCT","CCG","1","-0.655651021261486","0.0530146335290859","1","52883","1.8909668513511e-05","0.5","41654","1.20036491093292e-05","-1.18796564563438","0.0485874471037445","1","52883","1.8909668513511e-05","0.5","60242","8.29985724245543e-06","FALSE","FALSE","R307P","-0.921808333447932","0.0508010403164152","1"
"1154","R","307","Q","G","A","920","missense_variant","CGG","CAG","CAG","1","0.545982839908165","0.0587987246605797","20","52883","0.000378193370270219","23","41654","0.000552167859029145","0.812034354365622","0.0582144912781882","20","52883","0.000378193370270219","40","60242","0.000663988579396434","FALSE","FALSE","R307Q","0.679008597136894","0.0585066079693839","1"
"1155","R","307","T","CGG","ACC","919","missense_variant","CGG","ACC","ACG","2","-0.848296099203881","0.0520873321914156","32","52883","0.000605109392432351","14","41654","0.000336102175061219","-0.940038132190792","0.0497808516657352","32","52883","0.000605109392432351","19","60242","0.000315394575213306","FALSE","FALSE","R307T","-0.894167115697337","0.0509340919285754","1"
"1156","R","307","V","CG","GT","919","missense_variant","CGG","GTG","GTG","2","-2.24061352198264","0.0453853815244462","6","52883","0.000113458011081066","1","41654","2.40072982186585e-05","0.548999948531828","0.056948369356008","6","52883","0.000113458011081066","10","60242","0.000165997144849109","FALSE","FALSE","R307V","-0.845806786725407","0.0511668754402271","1"
"1157","R","307","W","C","T","919","missense_variant","CGG","TGG","TGG","1","-2.53012013917763","0.0439918350281813","22","52883","0.000416012707297241","3","41654","7.20218946559754e-05","-2.32546916938431","0.0431120487678815","22","52883","0.000416012707297241","5","60242","8.29985724245543e-05","FALSE","FALSE","R307W","-2.42779465428097","0.0435519418980314","1"
"1158","R","307","Y","CGG","TAC","919","missense_variant","CGG","TAC","TAC","3","-0.843278024437257","0.0521114868051401","41","52883","0.000775296409053949","18","41654","0.000432131367935853","-1.02195569419545","0.0493865396716944","41","52883","0.000775296409053949","23","60242","0.00038179343315295","FALSE","FALSE","R307Y","-0.932616859316353","0.0507490132384173","1"
"1159","S","265","A","AGC","GCT","793","missense_variant","AGC","GCT","GCC","2","-0.931981576571349","0.0516845102977276","5","54302","9.2077639865935e-05","2","41441","4.82613836538694e-05","0.693164441537094","0.0576423083272819","5","54302","9.2077639865935e-05","9","60454","0.00014887352367089","FALSE","FALSE","S265A","-0.119408567517127","0.0546634093125048","1"
"1160","S","265","C","A","T","793","missense_variant","AGC","TGC","TGC","1","1.38994651831601","0.0628611624674088","15","54302","0.000276232919597805","30","41441","0.00072392075480804","1.96064475240208","0.0637433527987494","15","54302","0.000276232919597805","65","60454","0.00107519767095643","FALSE","FALSE","S265C","1.67529563535905","0.0633022576330791","1"
"1161","S","265","D","AGC","GAT","793","missense_variant","AGC","GAT","GAC","2","0.290410844765099","0.0575685232170832","15","54302","0.000276232919597805","14","41441","0.000337829685577085","0.260205034260988","0.0555582486574879","15","54302","0.000276232919597805","20","60454","0.000330830052601978","FALSE","FALSE","S265D","0.275307939513044","0.0565633859372856","1"
"1162","S","265","E","AGC","GAG","793","missense_variant","AGC","GAG","GAG","3","2.46033584620741","0.0680135051391406","5","54302","9.2077639865935e-05","21","41441","0.000506744528365628","2.69316444153709","0.0672693525017256","5","54302","9.2077639865935e-05","36","60454","0.000595494094683561","FALSE","FALSE","S265E","2.57675014387225","0.0676414288204331","1"
"1163","S","265","F","AG","TT","793","missense_variant","AGC","TTC","TTC","2","1.55987151975833","0.0636791002150226","16","54302","0.000294648447570992","36","41441","0.000868704905769648","1.57308798954534","0.0618778397606863","16","54302","0.000294648447570992","53","60454","0.000876699639395243","FALSE","FALSE","S265F","1.56647975465183","0.0627784699878544","1"
"1164","S","265","G","A","G","793","missense_variant","AGC","GGC","GGC","1","0.389946518316013","0.058047640380187","3","54302","5.5246583919561e-05","3","41441","7.2392075480804e-05","-0.154832465017856","0.0535604564876839","3","54302","5.5246583919561e-05","3","60454","4.96245078902968e-05","FALSE","FALSE","S265G","0.117557026649079","0.0558040484339355","0"
"1165","S","265","G","AGC","GGT","793","missense_variant","AGC","GGT","GGC","1","1.31839325729098","0.0625167392650521","31","54302","0.000570881367168797","59","41441","0.00142371081778915","1.71115018701046","0.062542405197595","31","54302","0.000570881367168797","113","60454","0.00186918979720118","FALSE","FALSE","S265G","1.51477172215072","0.0625295722313235","1"
"1166","S","265","H","AG","CA","793","missense_variant","AGC","CAC","CAC","2","1.2830313143995","0.0623465237718969","14","54302","0.000257817391624618","26","41441","0.000627397987500302","0.792700115088009","0.0581214254903858","14","54302","0.000257817391624618","27","60454","0.000446620571012671","FALSE","FALSE","S265H","1.03786571474376","0.0602339746311413","1"
"1167","S","265","I","G","T","794","missense_variant","AGC","ATC","ATC","1","-2.7799784831263","0.0427891363709077","9","54302","0.000165739751758683","1","41441","2.41306918269347e-05","-2.32475746646017","0.0431154745656264","9","54302","0.000165739751758683","2","60454","3.30830052601978e-05","FALSE","FALSE","S265I","-2.55236797479323","0.0429523054682671","1"
"1168","S","265","K","GC","AG","794","missense_variant","AGC","AAG","AAG","2","1.31594593687224","0.062504959034162","30","54302","0.00055246583919561","57","41441","0.00137544943413528","1.94950419479688","0.0636897274786528","30","54302","0.00055246583919561","129","60454","0.00213385383928276","FALSE","FALSE","S265K","1.63272506583456","0.0630973432564074","1"
"1169","S","265","L","AGC","CTG","793","missense_variant","AGC","CTG","CTC","2","2.75251659770072","0.0694199236399148","7","54302","0.000128908695812309","36","41441","0.000868704905769648","2.24726597855349","0.0651230104014958","7","54302","0.000128908695812309","37","60454","0.00061203559731366","FALSE","FALSE","S265L","2.49989128812711","0.0672714670207053","1"
"1170","S","265","M","GC","TG","794","missense_variant","AGC","ATG","ATG","2","2.6378740317596","0.0688680891166214","16","54302","0.000294648447570992","76","41441","0.00183393257884704","2.87859053651959","0.0681619051054712","16","54302","0.000294648447570992","131","60454","0.00216693684454296","FALSE","FALSE","S265M","2.7582322841396","0.0685149971110463","1"
"1171","S","265","N","G","A","794","missense_variant","AGC","AAC","AAC","1","1.12691211248222","0.0615950405452286","21","54302","0.000386726087436927","35","41441","0.000844574213942714","1.6227751136457","0.0621170098299938","21","54302","0.000386726087436927","72","60454","0.00119098818936712","FALSE","FALSE","S265N","1.37484361306396","0.0618560251876112","1"
"1172","S","265","P","AGC","CCT","793","missense_variant","AGC","CCT","CCC","2","-1.19501598240514","0.0504183883755474","12","54302","0.000220986335678244","4","41441","9.65227673077387e-05","-1.73979496573901","0.0459312044830443","12","54302","0.000220986335678244","4","60454","6.61660105203957e-05","FALSE","FALSE","S265P","-1.46740547407208","0.0481747964292958","1"
"1173","S","265","Q","AGC","CAG","793","missense_variant","AGC","CAG","CAG","3","3.44884020736958","0.0727716927149099","3","54302","5.5246583919561e-05","25","41441","0.000603267295673367","3.11818602938856","0.0693152033023948","3","54302","5.5246583919561e-05","29","60454","0.000479703576272869","FALSE","FALSE","S265Q","3.28351311837907","0.0710434480086523","1"
"1174","S","265","R","A","C","793","missense_variant","AGC","CGC","AGA","1","1.65298092414981","0.0641272843895891","5","54302","9.2077639865935e-05","12","41441","0.000289568301923216","1.22367915823587","0.0601959526337078","5","54302","9.2077639865935e-05","13","60454","0.000215039534191286","FALSE","FALSE","S265R","1.43833004119284","0.0621616185116484","0"
"1175","S","265","R","C","A","795","missense_variant","AGC","AGA","AGA","1","1.49686172223253","0.0633758011629208","13","54302","0.000239401863651431","28","41441","0.000675659371154171","2.25325227361922","0.0651518255650153","13","54302","0.000239401863651431","69","60454","0.00114136368147683","FALSE","FALSE","S265R","1.87505699792587","0.0642638133639681","1"
"1176","S","265","T","G","C","794","missense_variant","AGC","ACC","ACC","1","-0.0954803088542283","0.055711027625873","14","54302","0.000257817391624618","10","41441","0.000241306918269347","0.497244231561838","0.0566992420692329","14","54302","0.000257817391624618","22","60454","0.000363913057862176","FALSE","FALSE","S265T","0.200881961353805","0.056205134847553","1"
"1177","S","265","V","AGC","GTG","793","missense_variant","AGC","GTG","GTC","2","-0.0954803088542283","0.055711027625873","14","54302","0.000257817391624618","10","41441","0.000241306918269347","-0.792262385633147","0.0504921734857461","14","54302","0.000257817391624618","9","60454","0.00014887352367089","FALSE","FALSE","S265V","-0.443871347243688","0.0531016005558096","1"
"1178","S","265","W","AGC","TGG","793","missense_variant","AGC","TGG","TGG","2","1.74358347293071","0.0645634017593046","9","54302","0.000165739751758683","23","41441","0.000555005912019498","2.26020503426099","0.0651852928319316","9","54302","0.000165739751758683","48","60454","0.000793992126244748","FALSE","FALSE","S265W","2.00189425359585","0.0648743472956181","1"
"1179","S","265","Y","AG","TA","793","missense_variant","AGC","TAC","TAC","2","1.03380270809074","0.0611468563706621","16","54302","0.000294648447570992","25","41441","0.000603267295673367","0.237484957760905","0.0554488850674314","16","54302","0.000294648447570992","21","60454","0.000347371555232077","FALSE","FALSE","S265Y","0.635643832925821","0.0582978707190468","1"
"1180","T","240","A","A","G","718","missense_variant","ACG","GCG","GCG","1","0.358431884496215","0.0578959439942247","1","51921","1.92600296604457e-05","1","40499","2.46919677029062e-05","-1.18918152321228","0.0485815944501679","1","51921","1.92600296604457e-05","0.5","59196","8.44651665653085e-06","FALSE","FALSE","T240A","-0.415374819358034","0.0532387692221963","0"
"1181","T","240","K","C","A","719","missense_variant","ACG","AAG","AAG","1","0.773469383775059","0.0598937361640287","3","51921","5.7780088981337e-05","4","40499","9.8767870811625e-05","-1.77414402393344","0.0457658645327501","3","51921","5.7780088981337e-05","1","59196","1.68930333130617e-05","FALSE","FALSE","T240K","-0.50033732007919","0.0528298003483894","1"
"1182","T","240","M","C","T","719","missense_variant","ACG","ATG","ATG","1","-0.126994942674027","0.0555593312399107","7","51921","0.00013482020762312","5","40499","0.000123459838514531","0.46289517336741","0.0565339021189388","7","51921","0.00013482020762312","11","59196","0.000185823366443679","FALSE","FALSE","T240M","0.167950115346692","0.0560466166794247","1"
"1183","T","243","A","A","G","727","missense_variant","ACC","GCC","GCC","1","-0.900440869900172","0.0518363321859359","12","52719","0.000227621919990895","5","41003","0.000121942296905104","0.0393400740429903","0.0544951102931852","12","52719","0.000227621919990895","14","59851","0.000233914220313779","FALSE","FALSE","T243A","-0.430550397928591","0.0531657212395606","0"
"1184","T","243","A","ACC","GCT","727","missense_variant","ACC","GCT","GCC","1","0.822025154570919","0.0601274604392167","8","52719","0.000151747946660597","11","41003","0.00026827305319123","1.1388757475939","0.0597877495435109","8","52719","0.000151747946660597","20","59851","0.000334163171876827","FALSE","FALSE","T243A","0.980450451082412","0.0599576049913638","1"
"1185","T","243","D","ACC","GAT","727","missense_variant","ACC","GAT","GAC","2","1.72516361531833","0.0644747373678439","14","52719","0.000265558906656044","36","41003","0.000877984537716752","1.76448023281241","0.0627991105509752","14","52719","0.000265558906656044","54","59851","0.000902240564067434","FALSE","FALSE","T243D","1.74482192406537","0.0636369239594095","1"
"1186","T","243","E","ACC","GAG","727","missense_variant","ACC","GAG","GAG","3","0.41321960900359","0.0581596659162496","28","52719","0.000531117813312089","29","41003","0.000707265322049606","0.737513185212138","0.0578557819845023","28","52719","0.000531117813312089","53","59851","0.000885532405473593","FALSE","FALSE","T243E","0.575366397107864","0.0580077239503759","1"
"1187","T","243","F","AC","TT","727","missense_variant","ACC","TTC","TTC","2","4.53251853737593","0.0779880022918391","1","52719","1.89684933325746e-05","18","41003","0.000438992268858376","4.62430257476415","0.0765649285594904","1","52719","1.89684933325746e-05","28","59851","0.000467828440627558","FALSE","FALSE","T243F","4.57841055607004","0.0772764654256648","1"
"1188","T","243","G","ACC","GGT","727","missense_variant","ACC","GGT","GGC","2","-0.0524439633452223","0.0559181840255339","20","52719","0.000379369866651492","15","41003","0.000365826890715313","-0.0455488235435228","0.0540864957096926","20","52719","0.000379369866651492","22","59851","0.00036757948906451","FALSE","FALSE","T243G","-0.0489963934443725","0.0550023398676133","1"
"1189","T","243","H","AC","CA","727","missense_variant","ACC","CAC","CAC","2","1.63561203034004","0.0640436788356051","12","52719","0.000227621919990895","29","41003","0.000707265322049606","1.90441049395688","0.0634726679536649","12","52719","0.000227621919990895","51","59851","0.00085211608828591","FALSE","FALSE","T243H","1.77001126214846","0.063758173394635","1"
"1190","T","243","I","C","T","728","missense_variant","ACC","ATC","ATC","1","2.01029179200274","0.0658472081440036","15","52719","0.000284527399988619","47","41003","0.00114625759090798","1.30237447987678","0.0605747543025873","15","52719","0.000284527399988619","42","59851","0.000701742660941338","FALSE","FALSE","T243I","1.65633313593976","0.0632109812232955","1"
"1191","T","243","K","CC","AG","728","missense_variant","ACC","AAG","AAG","2","3.03501887790512","0.0707797546053692","8","52719","0.000151747946660597","51","41003","0.00124381142843207","3.10234987156879","0.0692389756069526","8","52719","0.000151747946660597","78","59851","0.00130323637031963","FALSE","FALSE","T243K","3.06868437473695","0.0700093651061609","1"
"1192","T","243","L","ACC","CTG","727","missense_variant","ACC","CTG","CTC","2","4.82202515457092","0.0793815487881041","1","52719","1.89684933325746e-05","22","41003","0.00053654610638246","4.27637927134384","0.0748901920538176","1","52719","1.89684933325746e-05","22","59851","0.00036757948906451","FALSE","FALSE","T243L","4.54920221295738","0.0771358704209608","1"
"1193","T","243","L","ACC","TTG","727","missense_variant","ACC","TTG","CTC","2","0.893108252632402","0.0604696205017638","9","52719","0.000170716439993171","13","41003","0.000317049971953272","0.454377573321834","0.0564929024629893","9","52719","0.000170716439993171","14","59851","0.000233914220313779","FALSE","FALSE","T243L","0.673742912977118","0.0584812614823765","0"
"1194","T","243","M","CC","TG","728","missense_variant","ACC","ATG","ATG","2","1.7611429124239","0.0646479245091443","11","52719","0.000208653426658321","29","41003","0.000707265322049606","1.44497887531958","0.0612611837097862","11","52719","0.000208653426658321","34","59851","0.000568077392190607","FALSE","FALSE","T243M","1.60306089387174","0.0629545541094652","1"
"1195","T","243","N","C","A","728","missense_variant","ACC","AAC","AAC","1","1.36259353593362","0.0627294982825598","54","52719","0.00102429863995903","108","41003","0.00263395361315026","1.41961215516116","0.0611390804420232","54","52719","0.00102429863995903","164","59851","0.00274013800938998","FALSE","FALSE","T243N","1.39110284554739","0.0619342893622915","1"
"1196","T","243","P","A","C","727","missense_variant","ACC","CCC","CCC","1","0.362593535933622","0.057915976195338","1","52719","1.89684933325746e-05","1","41003","2.43884593810209e-05","-1.18305234729346","0.0486110973738297","1","52719","1.89684933325746e-05","0.5","59851","8.35407929692069e-06","FALSE","FALSE","T243P","-0.410229405679918","0.0532635367845838","0"
"1197","T","243","P","ACC","CCT","727","missense_variant","ACC","CCT","CCC","1","-5.88533397750996","0.0278414391100162","38","52719","0.000720802746637835","0.5","41003","1.21942296905105e-05","-6.43097986073704","0.0233500823757298","38","52719","0.000720802746637835","0.5","59851","8.35407929692069e-06","FALSE","FALSE","T243P","-6.1581569191235","0.025595760742873","1"
"1198","T","243","Q","ACC","CAG","727","missense_variant","ACC","CAG","CAG","3","2.82202515457092","0.0697545046136604","8","52719","0.000151747946660597","44","41003","0.00107309221276492","3.10234987156879","0.0692389756069526","8","52719","0.000151747946660597","78","59851","0.00130323637031963","FALSE","FALSE","T243Q","2.96218751306986","0.0694967401103065","1"
"1199","T","243","R","CC","GA","728","missense_variant","ACC","AGA","AGA","2","0.313683935452675","0.0576805487531457","30","52719","0.000569054799977238","29","41003","0.000707265322049606","0.553913246872749","0.0569720196260931","30","52719","0.000569054799977238","50","59851","0.000835407929692069","FALSE","FALSE","T243R","0.433798591162712","0.0573262841896194","1"
"1200","T","243","S","A","T","727","missense_variant","ACC","TCC","AGC","1","-0.637406464066378","0.0531024541081161","1","52719","1.89684933325746e-05","0.5","41003","1.21942296905105e-05","-1.18305234729346","0.0486110973738297","1","52719","1.89684933325746e-05","0.5","59851","8.35407929692069e-06","FALSE","FALSE","T243S","-0.910229405679918","0.0508567757409729","0"
"1201","T","243","S","ACC","TCT","727","missense_variant","ACC","TCT","AGC","1","-0.637406464066378","0.0531024541081161","1","52719","1.89684933325746e-05","0.5","41003","1.21942296905105e-05","-1.18305234729346","0.0486110973738297","1","52719","1.89684933325746e-05","0.5","59851","8.35407929692069e-06","FALSE","FALSE","T243S","-0.910229405679918","0.0508567757409729","0"
"1202","T","243","S","C","G","728","missense_variant","ACC","AGC","AGC","1","1.18571577384954","0.0618780932680297","13","52719","0.00024659041332347","23","41003","0.000560934565763481","1.02339853017397","0.0592318974068891","13","52719","0.00024659041332347","30","59851","0.000501244757815241","FALSE","FALSE","T243S","1.10455715201176","0.0605549953374594","1"
"1203","T","243","V","ACC","GTG","727","missense_variant","ACC","GTG","GTC","2","2.64799575479587","0.0689168102540172","8","52719","0.000151747946660597","39","41003","0.000951149915859815","2.54486810726974","0.0665555248212757","8","52719","0.000151747946660597","53","59851","0.000885532405473593","FALSE","FALSE","T243V","2.59643193103281","0.0677361675376465","1"
"1204","T","243","W","ACC","TGG","727","missense_variant","ACC","TGG","TGG","3","1.22932700507016","0.0620880168927611","17","52719","0.000322464386653768","31","41003","0.000756042240811648","1.70676473495612","0.062521295727269","17","52719","0.000322464386653768","63","59851","0.00105261399141201","FALSE","FALSE","T243W","1.46804587001314","0.062304656310015","1"
"1205","T","267","A","ACG","GCT","799","missense_variant","ACG","GCT","GCG","1","2.99555113994694","0.0705897757769748","12","54347","0.000220803356211014","73","41454","0.00176098808317653","3.10615054464456","0.0692572702307491","12","54347","0.000220803356211014","115","60485","0.00190129784244027","FALSE","FALSE","T267A","3.05085084229575","0.069923523003862","1"
"1206","T","267","C","ACG","TGC","799","missense_variant","ACG","TGC","TGC","3","2.09594581622695","0.0662595056814663","23","54347","0.000423206432737778","75","41454","0.00180923433203068","1.87664989004196","0.0633390416735658","23","54347","0.000423206432737778","94","60485","0.00155410432338596","FALSE","FALSE","T267C","1.98629785313446","0.064799273677516","1"
"1207","T","267","D","ACG","GAT","799","missense_variant","ACG","GAT","GAT","3","0.731725999623149","0.0596928034624181","15","54347","0.000276004195263768","19","41454","0.00045833936411444","0.331049821591581","0.0558992616060683","15","54347","0.000276004195263768","21","60485","0.000347193519054311","FALSE","FALSE","T267D","0.531387910607365","0.0577960325342432","1"
"1208","T","267","E","AC","GA","799","missense_variant","ACG","GAG","GAG","2","1.67079700098082","0.0642130424689228","7","54347","0.000128801957789758","17","41454","0.000410093115260289","1.62323057308489","0.0621192021940643","7","54347","0.000128801957789758","24","60485","0.000396792593204927","FALSE","FALSE","T267E","1.64701378703285","0.0631661223314935","1"
"1209","T","267","F","ACG","TTC","799","missense_variant","ACG","TTC","TTC","3","-3.51620151382044","0.0392453105515401","15","54347","0.000276004195263768","1","41454","2.41231244270758e-05","-3.06126760118718","0.0395702667646552","15","54347","0.000276004195263768","2","60485","3.30660494337439e-05","FALSE","FALSE","T267F","-3.28873455750381","0.0394077886580977","1"
"1210","T","267","G","ACG","GGT","799","missense_variant","ACG","GGT","GGG","2","-1.54791037354777","0.0487197234293256","23","54347","0.000423206432737778","6","41454","0.000144738746562455","-0.430011448192088","0.0522358763742355","23","54347","0.000423206432737778","19","60485","0.000314127469620567","FALSE","FALSE","T267G","-0.988960910869931","0.0504777999017805","1"
"1211","T","267","H","ACG","CAC","799","missense_variant","ACG","CAC","CAC","3","0.390689081788082","0.058051214725861","6","54347","0.000110401678105507","6","41454","0.000144738746562455","0.72009211233748","0.057771925265437","6","54347","0.000110401678105507","11","60485","0.000181863271885591","FALSE","FALSE","T267H","0.555390597062781","0.057911569995649","1"
"1212","T","267","I","CG","TC","800","missense_variant","ACG","ATC","ATC","2","1.71261717667544","0.0644143448083204","2","54347","3.68005593685024e-05","5","41454","0.000120615622135379","2.01554799586365","0.0640076307738118","2","54347","3.68005593685024e-05","9","60485","0.000148797222451848","FALSE","FALSE","T267I","1.86408258626955","0.0642109877910661","1"
"1213","T","267","K","C","A","800","missense_variant","ACG","AAG","AAG","1","1.54269217523313","0.0635964070607066","18","54347","0.000331205034316522","40","41454","0.000964924977083032","1.4305854951425","0.061191900856394","18","54347","0.000331205034316522","54","60485","0.000892783334711085","FALSE","FALSE","T267K","1.48663883518781","0.0623941539585503","1"
"1214","T","267","L","AC","CT","799","missense_variant","ACG","CTG","CTG","2","1.48183696984628","0.0633034791854546","23","54347","0.000423206432737778","49","41454","0.00118203309692671","2.06352802476547","0.0642385837026762","23","54347","0.000423206432737778","107","60485","0.0017690336447053","FALSE","FALSE","T267L","1.77268249730588","0.0637710314440654","1"
"1215","T","267","M","C","T","800","missense_variant","ACG","ATG","ATG","1","2.6637075761945","0.06899243945335","6","54347","0.000110401678105507","29","41454","0.000699570608385198","2.4305854951425","0.0660054229436158","6","54347","0.000110401678105507","36","60485","0.00059518888980739","FALSE","FALSE","T267M","2.5471465356685","0.0674989311984829","1"
"1216","T","267","N","CG","AC","800","missense_variant","ACG","AAC","AAC","2","1.6637075761945","0.0641789173661282","12","54347","0.000220803356211014","29","41454","0.000699570608385198","1.90451668347491","0.0634731790992553","12","54347","0.000220803356211014","50","60485","0.000826651235843598","FALSE","FALSE","T267N","1.7841121298347","0.0638260482326917","1"
"1217","T","267","P","ACG","CCT","799","missense_variant","ACG","CCT","CCG","1","2.82132343611794","0.069751126876388","23","54347","0.000423206432737778","124","41454","0.0029912674289574","2.82985567856302","0.0679273187902796","23","54347","0.000423206432737778","182","60485","0.0030090104984707","FALSE","FALSE","T267P","2.82558955734048","0.0688392228333338","1"
"1218","T","267","Q","AC","CA","799","missense_variant","ACG","CAG","CAG","2","2.16829666045163","0.0666077680681709","14","54347","0.000257603915579517","48","41454","0.00115790997249964","2.12573091361407","0.064537998682038","14","54347","0.000257603915579517","68","60485","0.00112424568074729","FALSE","FALSE","T267Q","2.14701378703285","0.0655728833751044","1"
"1219","T","267","R","C","G","800","missense_variant","ACG","AGG","AGG","1","-0.609310918211918","0.0532376926386391","1","54347","1.84002796842512e-05","0.5","41454","1.20615622135379e-05","-1.15437700557866","0.0487491267645325","1","54347","1.84002796842512e-05","0.5","60485","8.26651235843598e-06","FALSE","FALSE","T267R","-0.881843961895289","0.0509934097015858","0"
"1220","T","267","R","CG","GA","800","missense_variant","ACG","AGA","AGG","1","2.97565158250924","0.0704939888177225","6","54347","0.000110401678105507","36","41454","0.000868432479374729","2.81524934537782","0.0678570108828793","6","54347","0.000110401678105507","47","60485","0.000777052161692982","FALSE","FALSE","T267R","2.89545046394353","0.0691754998503009","1"
"1221","T","267","S","CG","GC","800","missense_variant","ACG","AGC","TCG","1","1.55115375398133","0.0636371370569038","17","54347","0.00031280475463227","38","41454","0.00091667872822888","1.94798471205102","0.0636824134148944","17","54347","0.00031280475463227","73","60485","0.00120691080433165","FALSE","FALSE","T267S","1.74956923301617","0.0636597752358991","1"
"1222","T","267","W","AC","TG","799","missense_variant","ACG","TGG","TGG","2","-5.46729191333949","0.0298536938192886","29","54347","0.000533608110843285","0.5","41454","1.20615622135379e-05","-6.01235800070623","0.0253651279451819","29","54347","0.000533608110843285","0.5","60485","8.26651235843598e-06","FALSE","FALSE","T267W","-5.73982495702286","0.0276094108822353","1"
"1223","T","267","Y","ACG","TAC","799","missense_variant","ACG","TAC","TAC","3","-0.831703339548366","0.0521672018065054","49","54347","0.000901613704528309","21","41454","0.000506585612968592","-0.559633484064919","0.0516119378415709","49","54347","0.000901613704528309","37","60485","0.000611721914524262","FALSE","FALSE","T267Y","-0.695668411806642","0.0518895698240382","1"
"1224","T","272","A","A","G","814","missense_variant","ACC","GCC","GCC","1","-1.92277741927723","0.0469152926249352","5","54759","9.13091911831845e-05","1","41524","2.40824583373471e-05","-3.46781645362319","0.0376133348839198","5","54759","9.13091911831845e-05","0.5","60586","8.25273165417753e-06","FALSE","FALSE","T272A","-2.69529693645021","0.0422643137544275","0"
"1225","T","272","A","ACC","GCT","814","missense_variant","ACC","GCT","GCC","1","-5.06028094302717","0.0318128501146286","22","54759","0.000401760441206012","0.5","41524","1.20412291686735e-05","-5.60531997737312","0.027324414460835","22","54759","0.000401760441206012","0.5","60586","8.25273165417753e-06","FALSE","FALSE","T272A","-5.33280046020015","0.0295686322877318","1"
"1226","T","272","C","AC","TG","814","missense_variant","ACC","TGC","TGC","2","-3.81030269001882","0.0378296480440312","37","54759","0.000675688014755565","2","41524","4.81649166746942e-05","-2.54798680230717","0.042040955227011","37","54759","0.000675688014755565","7","60586","0.000115538243158485","FALSE","FALSE","T272C","-3.179144746163","0.0399353016355211","1"
"1227","T","272","D","ACC","GAT","814","missense_variant","ACC","GAT","GAC","2","-5.77077432583218","0.0283928745236717","36","54759","0.000657426176518928","0.5","41524","1.20412291686735e-05","-6.31581336017814","0.0239044388698781","36","54759","0.000657426176518928","0.5","60586","8.25273165417753e-06","FALSE","FALSE","T272D","-6.04329384300516","0.0261486566967749","1"
"1228","T","272","E","ACC","GAG","814","missense_variant","ACC","GAG","GAG","3","-5.68831216564021","0.0287898079531157","34","54759","0.000620902500045655","0.5","41524","1.20412291686735e-05","-6.23335119998616","0.0243013722993222","34","54759","0.000620902500045655","0.5","60586","8.25273165417753e-06","FALSE","FALSE","T272E","-5.96083168281319","0.026545590126219","1"
"1229","T","272","F","AC","TT","814","missense_variant","ACC","TTC","TTC","2","-5.64524344374832","0.0289971201972108","33","54759","0.000602640661809018","0.5","41524","1.20412291686735e-05","-6.19028247809428","0.0245086845434172","33","54759","0.000602640661809018","0.5","60586","8.25273165417753e-06","FALSE","FALSE","T272F","-5.9177629609213","0.026752902370314","1"
"1230","T","272","F","ACC","TTT","814","missense_variant","ACC","TTT","TTC","2","-2.18581182511103","0.045649170702755","3","54759","5.47855147099107e-05","0.5","41524","1.20412291686735e-05","-2.73085085945698","0.0411607350489614","3","54759","5.47855147099107e-05","0.5","60586","8.25273165417753e-06","FALSE","FALSE","T272F","-2.458331342284","0.0434049528758582","0"
"1231","T","272","G","ACC","GGT","814","missense_variant","ACC","GGT","GGC","2","-5.2447055141646","0.0309251183680321","25","54759","0.000456545955915923","0.5","41524","1.20412291686735e-05","-5.78974454851055","0.0264366827142386","25","54759","0.000456545955915923","0.5","60586","8.25273165417753e-06","FALSE","FALSE","T272G","-5.51722503133757","0.0286809005411354","1"
"1232","T","272","H","AC","CA","814","missense_variant","ACC","CAC","CAC","2","-3.40820424644748","0.0397651577833994","7","54759","0.000127832867656458","0.5","41524","1.20412291686735e-05","-3.95324328079343","0.0352767221296059","7","54759","0.000127832867656458","0.5","60586","8.25273165417753e-06","FALSE","FALSE","T272H","-3.68072376362045","0.0375209399565026","1"
"1233","T","272","I","C","T","815","missense_variant","ACC","ATC","ATC","1","-4.99316674716863","0.0321359057787598","21","54759","0.000383498602969375","0.5","41524","1.20412291686735e-05","-5.53820578151458","0.0276474701249662","21","54759","0.000383498602969375","0.5","60586","8.25273165417753e-06","FALSE","FALSE","T272I","-5.26568626434161","0.029891687951863","1"
"1234","T","272","K","CC","AG","815","missense_variant","ACC","AAG","AAG","2","-4.77077432583218","0.0332063966108935","18","54759","0.000328713088259464","0.5","41524","1.20412291686735e-05","-4.31581336017814","0.0335314830443218","18","54759","0.000328713088259464","1","60586","1.65054633083551e-05","FALSE","FALSE","T272K","-4.54329384300516","0.0333689398276076","1"
"1235","T","272","L","ACC","CTG","814","missense_variant","ACC","CTG","CTC","2","-5.30128904253096","0.0306527523044677","26","54759","0.000474807794152559","0.5","41524","1.20412291686735e-05","-5.84632807687692","0.0261643166506741","26","54759","0.000474807794152559","0.5","60586","8.25273165417753e-06","FALSE","FALSE","T272L","-5.57380855970394","0.0284085344775709","1"
"1236","T","272","M","CC","TG","815","missense_variant","ACC","ATG","ATG","2","-4.18581182511103","0.0360221265283113","24","54759","0.000438284117679286","1","41524","2.40824583373471e-05","-5.73085085945698","0.0267201687872959","24","54759","0.000438284117679286","0.5","60586","8.25273165417753e-06","FALSE","FALSE","T272M","-4.958331342284","0.0313711476578036","1"
"1237","T","272","N","C","A","815","missense_variant","ACC","AAC","AAC","1","-4.40820424644748","0.0349516356961776","14","54759","0.000255665735312917","0.5","41524","1.20412291686735e-05","-4.95324328079343","0.030463200042384","14","54759","0.000255665735312917","0.5","60586","8.25273165417753e-06","FALSE","FALSE","T272N","-4.68072376362045","0.0327074178692808","1"
"1238","T","272","P","ACC","CCT","814","missense_variant","ACC","CCT","CCC","1","-4.92277741927723","0.0324747263632697","20","54759","0.000365236764732738","0.5","41524","1.20412291686735e-05","-5.46781645362319","0.0279862907094761","20","54759","0.000365236764732738","0.5","60586","8.25273165417753e-06","FALSE","FALSE","T272P","-5.19529693645021","0.0302305085363729","1"
"1239","T","272","Q","ACC","CAG","814","missense_variant","ACC","CAG","CAG","3","-5.12441128044688","0.0315041573189978","23","54759","0.000420022279442649","0.5","41524","1.20412291686735e-05","-5.66945031479284","0.0270157216652042","23","54759","0.000420022279442649","0.5","60586","8.25273165417753e-06","FALSE","FALSE","T272Q","-5.39693079761986","0.029259939492101","1"
"1240","T","272","R","CC","GA","815","missense_variant","ACC","AGA","AGA","2","-4.06028094302717","0.0366263722018504","11","54759","0.000200880220603006","0.5","41524","1.20412291686735e-05","-4.60531997737312","0.0321379365480568","11","54759","0.000200880220603006","0.5","60586","8.25273165417753e-06","FALSE","FALSE","T272R","-4.33280046020015","0.0343821543749536","1"
"1241","T","272","S","C","G","815","missense_variant","ACC","AGC","AGC","1","-4.30128904253096","0.0354662743916895","13","54759","0.00023740389707628","0.5","41524","1.20412291686735e-05","-2.84632807687692","0.0406048829123397","13","54759","0.00023740389707628","2","60586","3.30109266167101e-05","FALSE","FALSE","T272S","-3.57380855970394","0.0380355786520146","1"
"1242","T","272","V","ACC","GTG","814","missense_variant","ACC","GTG","GTC","2","-3.92277741927723","0.0372882484504916","10","54759","0.000182618382366369","0.5","41524","1.20412291686735e-05","-4.46781645362319","0.032799812796698","10","54759","0.000182618382366369","0.5","60586","8.25273165417753e-06","FALSE","FALSE","T272V","-4.19529693645021","0.0350440306235948","1"
"1243","T","272","W","ACC","TGG","814","missense_variant","ACC","TGG","TGG","3","-5.99316674716863","0.0273223836915379","42","54759","0.00076699720593875","0.5","41524","1.20412291686735e-05","-6.53820578151458","0.0228339480377444","42","54759","0.00076699720593875","0.5","60586","8.25273165417753e-06","FALSE","FALSE","T272W","-6.26568626434161","0.0250781658646411","1"
"1244","T","272","Y","AC","TA","814","missense_variant","ACC","TAC","TAC","2","-5.30128904253096","0.0306527523044677","26","54759","0.000474807794152559","0.5","41524","1.20412291686735e-05","-5.84632807687692","0.0261643166506741","26","54759","0.000474807794152559","0.5","60586","8.25273165417753e-06","FALSE","FALSE","T272Y","-5.57380855970394","0.0284085344775709","1"
"1245","T","277","A","ACC","GCT","829","missense_variant","ACC","GCT","GCC","1","2.53069013452095","0.0683521570598686","5","54583","9.16036128464907e-05","22","41562","0.00052932967614648","2.95247101523811","0.0685175304215973","5","54583","9.16036128464907e-05","43","60642","0.000709079515847103","FALSE","FALSE","T277A","2.74158057487953","0.068434843740733","1"
"1246","T","277","C","AC","TG","829","missense_variant","ACC","TGC","TGC","2","1.56311161221333","0.0636946964716194","16","54583","0.00029313156110877","36","41562","0.00086617583369424","1.57605480998658","0.061892120616409","16","54583","0.00029313156110877","53","60642","0.000873981728834801","FALSE","FALSE","T277C","1.56958321109995","0.0627934085440142","1"
"1247","T","277","D","ACC","GAT","829","missense_variant","ACC","GAT","GAC","2","0.30572376952068","0.0576422323186141","17","54583","0.000311452283678068","16","41562","0.00038496703719744","0.667562109781556","0.0575190709378923","17","54583","0.000311452283678068","30","60642","0.000494706638963095","FALSE","FALSE","T277D","0.486642939651118","0.0575806516282532","1"
"1248","T","277","E","ACC","GAG","829","missense_variant","ACC","GAG","GAG","3","2.39318661077102","0.0676902808112275","3","54583","5.49621677078944e-05","12","41562","0.00028872527789808","2.58509994958958","0.0667491816828919","3","54583","5.49621677078944e-05","20","60642","0.000329804425975397","FALSE","FALSE","T277E","2.4891432801803","0.0672197312470597","1"
"1249","T","277","F","AC","TT","829","missense_variant","ACC","TTC","TTC","2","-0.0922402163992226","0.0557266238824698","21","54583","0.000384735173955261","15","41562","0.0003609065973726","0.703744446088202","0.0576932354128716","21","54583","0.000384735173955261","38","60642","0.000626628409353254","FALSE","FALSE","T277F","0.30575211484449","0.0567099296476707","1"
"1250","T","277","G","ACC","GGT","829","missense_variant","ACC","GGT","GGC","2","0.692746892629927","0.0595051766699661","13","54583","0.000238169393400876","16","41562","0.00038496703719744","1.57395939198438","0.0618820342755734","13","54583","0.000238169393400876","43","60642","0.000709079515847103","FALSE","FALSE","T277G","1.13335314230716","0.0606936054727698","1"
"1251","T","277","H","AC","CA","829","missense_variant","ACC","CAC","CAC","2","2.71511470565838","0.0692398888064651","8","54583","0.000146565780554385","40","41562","0.0009624175929936","2.87050216845183","0.0681229715671274","8","54583","0.000146565780554385","65","60642","0.00107186438442004","FALSE","FALSE","T277H","2.79280843705511","0.0686814301867963","1"
"1252","T","277","I","C","T","830","missense_variant","ACC","ATC","ATC","1","0.232721938577773","0.0572908363929628","19","54583","0.000348093728816665","17","41562","0.00040902747702228","0.88560906084204","0.0585686447528733","19","54583","0.000348093728816665","39","60642","0.000643118630652023","FALSE","FALSE","T277I","0.559165499709907","0.0579297405729181","1"
"1253","T","277","K","CC","AG","830","missense_variant","ACC","AAG","AAG","2","1.00324009245501","0.0609997425452563","19","54583","0.000348093728816665","29","41562","0.00069775275492036","1.02647159668189","0.0592466896804005","19","54583","0.000348093728816665","43","60642","0.000709079515847103","FALSE","FALSE","T277K","1.01485584456845","0.0601232161128284","1"
"1254","T","277","L","ACC","CTG","829","missense_variant","ACC","CTG","CTC","2","0.161861064664563","0.0569497460112617","27","54583","0.00049465950937105","23","41562","0.00055339011597132","0.137640972618362","0.0549682838396715","27","54583","0.00049465950937105","33","60642","0.000544177302859404","FALSE","FALSE","T277L","0.149751018641463","0.0559590149254666","1"
"1255","T","277","M","CC","TG","830","missense_variant","ACC","ATG","ATG","2","1.71511470565838","0.0644263667192432","6","54583","0.000109924335415789","15","41562","0.0003609065973726","2.07052677675983","0.064272272349984","6","54583","0.000109924335415789","28","60642","0.000461726196365555","FALSE","FALSE","T277M","1.8928207412091","0.0643493195346136","1"
"1256","T","277","N","C","A","830","missense_variant","ACC","AAC","AAC","1","2.83797145344391","0.069831262475495","9","54583","0.000164886503123683","49","41562","0.00117896155141716","3.2173681650891","0.0697926187032471","9","54583","0.000164886503123683","93","60642","0.00153359058078559","FALSE","FALSE","T277N","3.02766980926651","0.0698119405893711","1"
"1257","T","277","P","ACC","CCT","829","missense_variant","ACC","CCT","CCC","1","-5.65120750858743","0.0289684120393781","33","54583","0.000604583844786838","0.5","41562","1.203021991242e-05","-5.19625976393508","0.0292934348332227","33","54583","0.000604583844786838","1","60642","1.64902212987698e-05","FALSE","FALSE","T277P","-5.42373363626126","0.0291309234363004","1"
"1258","T","277","Q","ACC","CAG","829","missense_variant","ACC","CAG","CAG","3","1.97814911149218","0.0656924886414235","5","54583","9.16036128464907e-05","15","41562","0.0003609065973726","1.69613126197833","0.0624701112702265","5","54583","9.16036128464907e-05","18","60642","0.000296823983377857","FALSE","FALSE","T277Q","1.83714018673525","0.064081299955825","1"
"1259","T","277","R","CC","GA","830","missense_variant","ACC","AGA","AGA","2","1.67329452996375","0.0642250643798456","7","54583","0.000128245057985087","17","41562","0.00040902747702228","2.21070443480809","0.0649470206031344","7","54583","0.000128245057985087","36","60642","0.000593647966755714","FALSE","FALSE","T277R","1.94199948238592","0.06458604249149","1"
"1260","T","277","S","C","G","830","missense_variant","ACC","AGC","AGC","1","1.682693227966","0.0642703052202706","9","54583","0.000164886503123683","22","41562","0.00052932967614648","1.43309685614453","0.0612039893480462","9","54583","0.000164886503123683","27","60642","0.000445235975066785","FALSE","FALSE","T277S","1.55789504205527","0.0627371472841584","1"
"1261","T","277","V","ACC","GTG","829","missense_variant","ACC","GTG","GTC","2","1.682693227966","0.0642703052202706","27","54583","0.00049465950937105","66","41562","0.00158798902843944","2.07052677675982","0.064272272349984","27","54583","0.00049465950937105","126","60642","0.002077767883645","FALSE","FALSE","T277V","1.87661000236291","0.0642712887851273","1"
"1262","T","277","W","ACC","TGG","829","missense_variant","ACC","TGG","TGG","3","0.865255055086242","0.0603355485201756","31","54583","0.000567942399648242","43","41562","0.00103459891246812","1.28625546781526","0.060497165082005","31","54583","0.000567942399648242","84","60642","0.00138517858909667","FALSE","FALSE","T277W","1.07575526145075","0.0604163568010903","1"
"1263","T","277","Y","AC","TA","829","missense_variant","ACC","TAC","TAC","2","1.30007720637954","0.0624285745494392","16","54583","0.00029313156110877","30","41562","0.0007218131947452","1.84813435542338","0.0632017815178503","16","54583","0.00029313156110877","64","60642","0.00105537416312127","FALSE","FALSE","T277Y","1.57410578090146","0.0628151780336447","1"
"1264","T","306","A","A","G","916","missense_variant","ACC","GCC","GCC","1","0.346411512473104","0.0578380836679948","1","52979","1.8875403461749e-05","1","41670","2.39980801535877e-05","-0.185971577084549","0.0534105676839744","1","52979","1.8875403461749e-05","1","60268","1.6592553262096e-05","FALSE","FALSE","T306A","0.0802199676942771","0.0556243256759846","0"
"1265","T","306","A","ACC","GCT","916","missense_variant","ACC","GCT","GCC","1","-2.23855098824805","0.0453953095761333","6","52979","0.000113252420770494","1","41670","2.39980801535877e-05","-3.77093407780571","0.0361542715048911","6","52979","0.000113252420770494","0.5","60268","8.29627663104799e-06","FALSE","FALSE","T306A","-3.00474253302688","0.0407747905405122","1"
"1266","T","306","C","AC","TG","916","missense_variant","ACC","TGC","TGC","2","-3.6535884875269","0.0385839953191075","64","52979","0.00120802582155194","4","41670","9.59923206143508e-05","-5.18597157708455","0.0293429572478652","64","52979","0.00120802582155194","2","60268","3.31851065241919e-05","FALSE","FALSE","T306C","-4.41978003230572","0.0339634762834863","1"
"1267","T","306","D","ACC","GAT","916","missense_variant","ACC","GAT","GAC","2","-6.58432582508978","0.0244768264129028","61","52979","0.00115139961116669","0.5","41670","1.19990400767939e-05","-7.11670891464744","0.0200493104288823","61","52979","0.00115139961116669","0.5","60268","8.29627663104799e-06","FALSE","FALSE","T306D","-6.85051736986861","0.0222630684208926","1"
"1268","T","306","E","ACC","GAG","916","missense_variant","ACC","GAG","GAG","3","-2.97551658241426","0.0418479094110917","20","52979","0.00037750806923498","2","41670","4.79961603071754e-05","-2.92293717125076","0.0402361233444891","20","52979","0.00037750806923498","3","60268","4.97776597862879e-05","FALSE","FALSE","T306E","-2.94922687683251","0.0410420163777904","1"
"1269","T","306","F","AC","TT","916","missense_variant","ACC","TTC","TTC","2","1.19440841902805","0.0619199355075929","15","52979","0.000283131051926235","27","41670","0.000647948164146868","1.19254004616918","0.0600460638299983","15","52979","0.000283131051926235","39","60268","0.000647109577221743","FALSE","FALSE","T306F","1.19347423259862","0.0609829996687956","1"
"1270","T","306","G","ACC","GGT","916","missense_variant","ACC","GGT","GGC","2","-5.40847598969037","0.030136805566854","27","52979","0.000509635893467223","0.5","41670","1.19990400767939e-05","-5.94085907924802","0.0257092895828336","27","52979","0.000509635893467223","0.5","60268","8.29627663104799e-06","FALSE","FALSE","T306G","-5.67466753446919","0.0279230475748438","1"
"1271","T","306","H","AC","CA","916","missense_variant","ACC","CAC","CAC","2","-5.4609434095845","0.0298842524823341","28","52979","0.000528511296928972","0.5","41670","1.19990400767939e-05","-5.99332649914215","0.0254567364983136","28","52979","0.000528511296928972","0.5","60268","8.29627663104799e-06","FALSE","FALSE","T306H","-5.72713495436333","0.0276704944903239","1"
"1272","T","306","I","C","T","917","missense_variant","ACC","ATC","ATC","1","-4.6535884875269","0.0337704732318856","32","52979","0.000604012910775968","1","41670","2.39980801535877e-05","-2.86404348219719","0.0405196094175464","32","52979","0.000604012910775968","5","60268","8.29627663104799e-05","FALSE","FALSE","T306I","-3.75881598486204","0.037145041324716","1"
"1273","T","306","K","CC","AG","917","missense_variant","ACC","AAG","AAG","2","-6.20817733920453","0.0262874254577865","47","52979","0.000887143962702203","0.5","41670","1.19990400767939e-05","-6.74056042876219","0.021859909473766","47","52979","0.000887143962702203","0.5","60268","8.29627663104799e-06","FALSE","FALSE","T306K","-6.47436888398336","0.0240736674657763","1"
"1274","T","306","L","ACC","CTG","916","missense_variant","ACC","CTG","CTC","2","3.19440841902805","0.0715469796820365","5","52979","9.4377017308745e-05","36","41670","0.000863930885529158","2.88441775080685","0.0681899545301499","5","52979","9.4377017308745e-05","42","60268","0.000696887237008031","FALSE","FALSE","T306L","3.03941308491745","0.0698684671060932","1"
"1275","T","306","M","CC","TG","917","missense_variant","ACC","ATG","ATG","2","0.635918129668088","0.0592316301642598","9","52979","0.000169878631155741","11","41670","0.000263978881689465","1.81402842291545","0.0630376118584181","9","52979","0.000169878631155741","36","60268","0.000597331917435455","FALSE","FALSE","T306M","1.22497327629177","0.0611346210113389","1"
"1276","T","306","N","C","A","917","missense_variant","ACC","AAC","AAC","1","-1.82351348896921","0.0473931017459374","18","52979","0.000339757262311482","4","41670","9.59923206143508e-05","-2.77093407780571","0.0409677935921129","18","52979","0.000339757262311482","3","60268","4.97776597862879e-05","FALSE","FALSE","T306N","-2.29722378338746","0.0441804476690251","1"
"1277","T","306","P","ACC","CCT","916","missense_variant","ACC","CCT","CCC","1","-6.71967767798467","0.0238253072794468","67","52979","0.00126465203193718","0.5","41670","1.19990400767939e-05","-7.25206076754232","0.0193977912954264","67","52979","0.00126465203193718","0.5","60268","8.29627663104799e-06","FALSE","FALSE","T306P","-6.9858692227635","0.0216115492874366","1"
"1278","T","306","Q","ACC","CAG","916","missense_variant","ACC","CAG","CAG","3","-0.653588487526897","0.053024561580773","14","52979","0.000264255648464486","7","41670","0.000167986561075114","-0.671398404254791","0.0510739549296604","14","52979","0.000264255648464486","10","60268","0.00016592553262096","FALSE","FALSE","T306Q","-0.662493445890844","0.0520492582552167","1"
"1279","T","306","R","CC","GA","917","missense_variant","ACC","AGA","AGA","2","-5.71967767798467","0.0286388293666687","67","52979","0.00126465203193718","1","41670","2.39980801535877e-05","-7.25206076754232","0.0193977912954264","67","52979","0.00126465203193718","0.5","60268","8.29627663104799e-06","FALSE","FALSE","T306R","-6.4858692227635","0.0240183103310475","1"
"1280","T","306","S","C","G","917","missense_variant","ACC","AGC","AGC","1","1.6094459183069","0.0639177276773969","10","52979","0.00018875403461749","24","41670","0.000575953923686105","1.13595651780281","0.0597736977664338","10","52979","0.00018875403461749","25","60268","0.000414813831552399","FALSE","FALSE","T306S","1.37270121805486","0.0618457127219154","1"
"1281","T","306","S","CC","GT","917","missense_variant","ACC","AGT","AGC","1","-0.653588487526896","0.053024561580773","1","52979","1.8875403461749e-05","0.5","41670","1.19990400767939e-05","-1.18597157708455","0.0485970455967526","1","52979","1.8875403461749e-05","0.5","60268","8.29627663104799e-06","FALSE","FALSE","T306S","-0.919780032305723","0.0508108035887628","0"
"1282","T","306","V","ACC","GTG","916","missense_variant","ACC","GTG","GTC","2","-3.82351348896921","0.0377660575714937","9","52979","0.000169878631155741","0.5","41670","1.19990400767939e-05","-4.35589657852686","0.0333385415874733","9","52979","0.000169878631155741","0.5","60268","8.29627663104799e-06","FALSE","FALSE","T306V","-4.08970503374803","0.0355522995794835","1"
"1283","T","306","W","ACC","TGG","916","missense_variant","ACC","TGG","TGG","3","-5.56047908313541","0.0294051353192302","30","52979","0.00056626210385247","0.5","41670","1.19990400767939e-05","-6.09286217269307","0.0249776193352098","30","52979","0.00056626210385247","0.5","60268","8.29627663104799e-06","FALSE","FALSE","T306W","-5.82667062791424","0.02719137732722","1"
"1284","T","306","Y","AC","TA","916","missense_variant","ACC","TAC","TAC","2","-5.23855098824805","0.0309547433144678","24","52979","0.000453009683081976","0.5","41670","1.19990400767939e-05","-5.77093407780571","0.0265272273304474","24","52979","0.000453009683081976","0.5","60268","8.29627663104799e-06","FALSE","FALSE","T306Y","-5.50474253302688","0.0287409853224576","1"
"1285","T","315","A","A","G","943","missense_variant","ACT","GCT","GCT","1","0.462319428516369","0.0583960089819529","21","52215","0.000402183280666475","23","41508","0.000554110051074492","0.450400790528179","0.0564737601311759","21","52215","0.000402183280666475","33","60049","0.000549551199853453","FALSE","TRUE","T315A","0.456360109522274","0.0574348845565644","1"
"1286","T","315","C","ACT","TGC","943","missense_variant","ACT","TGC","TGT","2","1.04728192923753","0.0612117388993708","14","52215","0.000268122187110983","23","41508","0.000554110051074492","0.514531127947895","0.0567824529268067","14","52215","0.000268122187110983","23","60049","0.000383020533231195","FALSE","TRUE","T315C","0.78090652859271","0.0589970959130887","1"
"1287","T","315","D","AC","GA","943","missense_variant","ACT","GAT","GAT","2","-4.12835672339918","0.0362986879294249","11","52215","0.000210667432730058","0.5","41508","1.20458706755324e-05","-4.66110752468881","0.0318694019568608","11","52215","0.000210667432730058","0.5","60049","8.32653333111293e-06","FALSE","TRUE","T315D","-4.394732124044","0.0340840449431428","1"
"1288","T","315","E","ACT","GAG","943","missense_variant","ACT","GAG","GAG","3","0.553467316574565","0.0588347513543247","18","52215","0.00034472852628555","21","41508","0.000505926568372362","0.0878307111434711","0.0547285210458919","18","52215","0.00034472852628555","22","60049","0.000366367466568969","FALSE","TRUE","T315E","0.320649013859018","0.0567816362001083","1"
"1289","T","315","F","ACT","TTC","943","missense_variant","ACT","TTC","TTT","2","-1.8388501062042","0.0473192786001335","36","52215","0.0006894570525711","8","41508","0.000192733930808519","-3.37160090749383","0.0380764705403476","36","52215","0.0006894570525711","4","60049","6.66122666489034e-05","FALSE","TRUE","T315F","-2.60522550684901","0.0426978745702406","1"
"1290","T","315","G","AC","GG","943","missense_variant","ACT","GGT","GGT","2","-6.81867222426657","0.0233487948444044","71","52215","0.00135976252034856","0.5","41508","1.20458706755324e-05","-7.3514230255562","0.0189195088718404","71","52215","0.00135976252034856","0.5","60049","8.32653333111293e-06","FALSE","TRUE","T315G","-7.08504762491138","0.0211341518581224","1"
"1291","T","315","H","ACT","CAC","943","missense_variant","ACT","CAC","CAT","2","-5.66892510476188","0.0288831279988599","32","52215","0.000612850713396534","0.5","41508","1.20458706755324e-05","-6.20167590605151","0.0244538420262959","32","52215","0.000612850713396534","0.5","60049","8.32653333111293e-06","FALSE","TRUE","T315H","-5.9353005054067","0.0266684850125779","1"
"1292","T","315","I","C","T","944","missense_variant","ACT","ATT","ATT","1","-2.47628002681949","0.0442509955981957","7","52215","0.000134061093555492","1","41508","2.40917413510649e-05","-3.00903082810912","0.0398217096256317","7","52215","0.000134061093555492","1","60049","1.66530666622259e-05","TRUE","TRUE","T315I","-2.7426554274643","0.0420363526119137","0"
"1293","T","315","I","CT","TC","944","missense_variant","ACT","ATC","ATT","1","1.91603739595927","0.0653935125268306","8","52215","0.000153212678349133","24","41508","0.000578201792425557","1.79832409394849","0.0629620187240706","8","52215","0.000153212678349133","32","60049","0.000532898133191227","TRUE","TRUE","T315I","1.85718074495388","0.0641777656254506","1"
"1294","T","315","K","CT","AG","944","missense_variant","ACT","AAG","AAG","2","-6.16077820109156","0.0265155822560086","45","52215","0.000861821315713875","0.5","41508","1.20458706755324e-05","-6.69352900238119","0.0220862962834445","45","52215","0.000861821315713875","0.5","60049","8.32653333111293e-06","FALSE","TRUE","T315K","-6.42715360173637","0.0243009392697265","1"
"1295","T","315","L","ACT","CTG","943","missense_variant","ACT","CTG","CTT","2","0.954926409352868","0.0607671835645291","61","52215","0.00116824667241214","94","41508","0.0022646236870001","0.713076807329975","0.0577381569398348","61","52215","0.00116824667241214","115","60049","0.00191510266615597","FALSE","TRUE","T315L","0.834001608341421","0.059252670252182","1"
"1296","T","315","L","ACT","TTG","943","missense_variant","ACT","TTG","CTT","2","1.65300299012548","0.0641273906046504","6","52215","0.00011490950876185","15","41508","0.000361376120265973","2.16755790361421","0.0647393338222456","6","52215","0.00011490950876185","31","60049","0.000516245066529001","FALSE","TRUE","T315L","1.91028044686984","0.064433362213448","0"
"1297","T","315","M","CT","TG","944","missense_variant","ACT","ATG","ATG","2","0.150502649596296","0.0568950720294548","17","52215","0.000325576941491908","15","41508","0.000361376120265973","-0.588699029160761","0.051472030198275","17","52215","0.000325576941491908","13","60049","0.000216489866608936","FALSE","TRUE","T315M","-0.219098189782233","0.0541835511138649","1"
"1298","T","315","N","C","A","944","missense_variant","ACT","AAT","AAT","1","-1.66892510476188","0.0481372163477473","8","52215","0.000153212678349133","2","41508","4.81834827021297e-05","-0.879747811164151","0.0500710604576426","8","52215","0.000153212678349133","5","60049","8.32653333111292e-05","FALSE","TRUE","T315N","-1.27433645796302","0.049104138402695","0"
"1299","T","315","N","CT","AC","944","missense_variant","ACT","AAC","AAT","1","-4.75638794601222","0.0332756457679121","17","52215","0.000325576941491908","0.5","41508","1.20458706755324e-05","-5.28913874730185","0.028846359795348","17","52215","0.000325576941491908","0.5","60049","8.32653333111293e-06","FALSE","TRUE","T315N","-5.02276334665704","0.03106100278163","1"
"1300","T","315","P","A","C","943","missense_variant","ACT","CCT","CCT","1","-5.36936482290298","0.0303250680320421","52","52215","0.000995882409269367","1","41508","2.40917413510649e-05","-6.90211562419261","0.0210822599722563","52","52215","0.000995882409269367","0.5","60049","8.32653333111293e-06","FALSE","TRUE","T315P","-6.13574022354779","0.0257036640021492","1"
"1301","T","315","Q","ACT","CAG","943","missense_variant","ACT","CAG","CAG","3","-1.99085319964925","0.0465876083525097","5","52215","9.57579239682084e-05","1","41508","2.40917413510649e-05","-3.52360400093888","0.0373448002927238","5","52215","9.57579239682084e-05","0.5","60049","8.32653333111293e-06","FALSE","TRUE","T315Q","-2.75722860029406","0.0419662043226168","1"
"1302","T","315","R","CT","GA","944","missense_variant","ACT","AGA","AGA","2","-5.71331922412034","0.0286694359247852","33","52215","0.000632002298190175","0.5","41508","1.20458706755324e-05","-6.24607002540997","0.0242401499522212","33","52215","0.000632002298190175","0.5","60049","8.32653333111293e-06","FALSE","TRUE","T315R","-5.97969462476515","0.0264547929385032","1"
"1303","T","315","S","CT","GC","944","missense_variant","ACT","AGC","AGT","1","-0.457420999568171","0.0539688181168571","19","52215","0.000363880111079192","11","41508","0.000265009154861713","-1.27967841805279","0.0481459856480282","19","52215","0.000363880111079192","9","60049","0.000149877599960033","FALSE","TRUE","T315S","-0.868549708810479","0.0510574018824426","1"
"1304","T","315","V","ACT","GTG","943","missense_variant","ACT","GTG","GTT","2","1.6186514853347","0.0639620388776106","34","52215","0.000651153882983817","83","41508","0.00199961453213838","1.51821617475575","0.0616137130682306","34","52215","0.000651153882983817","112","60049","0.0018651434661693","FALSE","TRUE","T315V","1.56843383004523","0.0627878759729206","1"
"1305","T","315","W","ACT","TGG","943","missense_variant","ACT","TGG","TGG","3","-3.8388501062042","0.0376922344256898","9","52215","0.000172364263142775","0.5","41508","1.20458706755324e-05","-4.37160090749383","0.0332629484531258","9","52215","0.000172364263142775","0.5","60049","8.32653333111293e-06","FALSE","TRUE","T315W","-4.10522550684901","0.0354775914394078","1"
"1306","T","315","Y","ACT","TAC","943","missense_variant","ACT","TAC","TAT","2","-4.12835672339918","0.0362986879294249","11","52215","0.000210667432730058","0.5","41508","1.20458706755324e-05","-4.66110752468881","0.0318694019568608","11","52215","0.000210667432730058","0.5","60049","8.32653333111293e-06","FALSE","TRUE","T315Y","-4.394732124044","0.0340840449431428","1"
"1307","T","319","A","A","G","955","missense_variant","ACC","GCC","GCC","1","2.34446179848656","0.0674557428511005","18","51941","0.000346547043761191","73","41477","0.00176001157267883","2.01620451065443","0.0640107909222578","18","51941","0.000346547043761191","84","59921","0.00140184576358873","FALSE","FALSE","T319A","2.1803331545705","0.0657332668866791","0"
"1308","T","319","E","ACC","GAG","955","missense_variant","ACC","GAG","GAG","3","-1.67543775895114","0.0481058675429608","2","51941","3.85052270845767e-05","0.5","41477","1.20548737854715e-05","-1.20618791068202","0.0484997338284585","2","51941","3.85052270845767e-05","1","59921","1.66886400427229e-05","FALSE","FALSE","T319E","-1.44081283481658","0.0483028006857097","1"
"1309","T","319","F","AC","TT","955","missense_variant","ACC","TTC","TTC","2","1.25744804519032","0.0622233781404951","22","51941","0.000423557497930344","42","41477","0.0010126093979796","1.14173539273829","0.059801514508575","22","51941","0.000423557497930344","56","59921","0.000934563842392483","FALSE","FALSE","T319F","1.1995917189643","0.0610124463245351","1"
"1310","T","319","H","AC","CA","955","missense_variant","ACC","CAC","CAC","2","2.17255914760381","0.0666282856442244","5","51941","9.62630677114418e-05","18","41477","0.000433975456276973","2.27923891648823","0.065276912844438","5","51941","9.62630677114418e-05","28","59921","0.000467281921196242","FALSE","FALSE","T319H","2.22589903204602","0.0659525992443312","1"
"1311","T","319","I","C","T","956","missense_variant","ACC","ATC","ATC","1","1.98060783983149","0.0657043237845913","33","51941","0.000635336246895516","104","41477","0.00250741374737806","1.61978268954294","0.0621026057304809","33","51941","0.000635336246895516","117","59921","0.00195257088499858","FALSE","FALSE","T319I","1.80019526468721","0.0639034647575361","1"
"1312","T","319","K","CC","AG","956","missense_variant","ACC","AAG","AAG","2","2.82706258157804","0.0697787523798219","3","51941","5.77578406268651e-05","17","41477","0.00040986570870603","2.20884958859683","0.0649380922599281","3","51941","5.77578406268651e-05","16","59921","0.000267018240683567","FALSE","FALSE","T319K","2.51795608508743","0.067358422319875","1"
"1313","T","319","M","CC","TG","956","missense_variant","ACC","ATG","ATG","2","2.25056165960508","0.0670037524586013","5","51941","9.62630677114418e-05","19","41477","0.000458085203847916","2.37877459003914","0.0657560300075418","5","51941","9.62630677114418e-05","30","59921","0.000500659201281688","FALSE","FALSE","T319M","2.31466812482211","0.0663798912330716","1"
"1314","T","319","N","C","A","956","missense_variant","ACC","AAC","AAC","1","1.35430958444291","0.0626896232990898","24","51941","0.000462062725014921","49","41477","0.0011813776309762","1.47563612929173","0.0614087530789146","24","51941","0.000462062725014921","77","59921","0.00128502528328966","FALSE","FALSE","T319N","1.41497285686732","0.0620491881890022","1"
"1315","T","319","P","ACC","CCT","955","missense_variant","ACC","CCT","CCC","1","0.909524741770011","0.0605486416348223","2","51941","3.85052270845767e-05","3","41477","7.23292427128288e-05","0.37877459003914","0.0561289858330982","2","51941","3.85052270845767e-05","3","59921","5.00659201281688e-05","FALSE","FALSE","T319P","0.644149665904576","0.0583388137339602","1"
"1316","T","319","R","CC","GA","956","missense_variant","ACC","AGA","AGA","2","-0.205952475649925","0.0551792674109787","13","51941","0.000250283976049749","9","41477","0.000216987728138486","-1.32166512810195","0.0479438816918367","13","51941","0.000250283976049749","6","59921","0.000100131840256338","FALSE","FALSE","T319R","-0.763808801875938","0.0515615745514077","1"
"1317","T","319","S","A","T","955","missense_variant","ACC","TCC","AGC","1","-0.675437758951145","0.0529193896301827","1","51941","1.92526135422884e-05","0.5","41477","1.20548737854715e-05","-0.206187910682016","0.0533132559156803","1","51941","1.92526135422884e-05","1","59921","1.66886400427229e-05","FALSE","FALSE","T319S","-0.44081283481658","0.0531163227729315","0"
"1318","T","319","S","C","G","956","missense_variant","ACC","AGC","AGC","1","2.75082699575095","0.0694117907036109","8","51941","0.000154020908338307","43","41477","0.00103671914555055","3.26954552028438","0.0700437755549325","8","51941","0.000154020908338307","89","59921","0.00148528896380234","FALSE","FALSE","T319S","3.01018625801767","0.0697277831292717","1"
"1319","T","319","V","ACC","GTG","955","missense_variant","ACC","GTG","GTC","2","1.32456224104886","0.0625464338046264","1","51941","1.92526135422884e-05","2","41477","4.82194951418859e-05","0.793812089317984","0.0581267780029022","1","51941","1.92526135422884e-05","2","59921","3.33772800854458e-05","FALSE","FALSE","T319V","1.05918716518342","0.0603366059037643","1"
"1320","T","319","Y","AC","TA","955","missense_variant","ACC","TAC","TAC","2","1.64649033593622","0.0640960417998639","14","51941","0.000269536589592037","35","41477","0.000843841164983003","1.27185938612263","0.060427869224808","14","51941","0.000269536589592037","39","59921","0.000650856961666194","FALSE","FALSE","T319Y","1.45917486102942","0.062261955512336","1"
"1321","V","256","A","TG","CT","767","missense_variant","GTG","GCT","GCG","1","-6.26327190374969","0.0260222265544625","50","53844","0.000928608572914345","0.5","41359","1.20892671486255e-05","-6.80706111529414","0.0215398069503291","50","53844","0.000928608572914345","0.5","60293","8.29283664770371e-06","FALSE","FALSE","V256A","-6.53516650952191","0.0237810167523958","1"
"1322","V","256","C","GTG","TGC","766","missense_variant","GTG","TGC","TGC","3","-6.01173313675372","0.0272330139651901","42","53844","0.00078003120124805","0.5","41359","1.20892671486255e-05","-6.55552234829817","0.0227505943610567","42","53844","0.00078003120124805","0.5","60293","8.29283664770371e-06","FALSE","FALSE","V256C","-6.28362774252595","0.0249918041631234","1"
"1323","V","256","D","TG","AT","767","missense_variant","GTG","GAT","GAT","2","-6.04568046867706","0.0270696077331749","43","53844","0.000798603372706337","0.5","41359","1.20892671486255e-05","-6.58946968022151","0.0225871881290415","43","53844","0.000798603372706337","0.5","60293","8.29283664770371e-06","FALSE","FALSE","V256D","-6.31757507444929","0.0248283979311082","1"
"1324","V","256","E","T","A","767","missense_variant","GTG","GAG","GAG","1","-3.47739670910254","0.03943209833614","29","53844","0.00053859297229032","2","41359","4.83570685945018e-05","-4.02118592064698","0.0349496787320066","29","53844","0.00053859297229032","2","60293","3.31713465908149e-05","FALSE","FALSE","V256E","-3.74929131487476","0.0371908885340733","1"
"1325","V","256","F","GTG","TTC","766","missense_variant","GTG","TTC","TTC","2","-2.94134380886233","0.0420124008113656","20","53844","0.000371443429165738","2","41359","4.83570685945018e-05","-5.48513302040677","0.0279029370327885","20","53844","0.000371443429165738","0.5","60293","8.29283664770371e-06","FALSE","FALSE","V256F","-4.21323841463455","0.034957668922077","1"
"1326","V","256","G","TG","GT","767","missense_variant","GTG","GGT","GGG","1","-3.94134380886233","0.0371988787241437","10","53844","0.000185721714582869","0.5","41359","1.20892671486255e-05","-4.48513302040677","0.0327164591200103","10","53844","0.000185721714582869","0.5","60293","8.29283664770371e-06","FALSE","FALSE","V256G","-4.21323841463455","0.034957668922077","1"
"1327","V","256","H","GTG","CAC","766","missense_variant","GTG","CAC","CAC","3","-5.37430321613843","0.0303012969671279","27","53844","0.000501448629373746","0.5","41359","1.20892671486255e-05","-5.91809242768288","0.0258188773629945","27","53844","0.000501448629373746","0.5","60293","8.29283664770371e-06","FALSE","FALSE","V256H","-5.64619782191066","0.0280600871650612","1"
"1328","V","256","I","GTG","ATC","766","missense_variant","GTG","ATC","ATC","2","-1.59342050544202","0.0485006594042603","55","53844","0.00102146943020578","14","41359","0.000338499480161513","-1.94456463904407","0.0449455411377972","55","53844","0.00102146943020578","16","60293","0.000265370772726519","FALSE","FALSE","V256I","-1.76899257224304","0.0467231002710287","1"
"1329","V","256","K","GT","AA","766","missense_variant","GTG","AAG","AAG","2","-4.61941571397496","0.0339349646321595","16","53844","0.00029715474333259","0.5","41359","1.20892671486255e-05","-5.16320492551941","0.0294525450280261","16","53844","0.00029715474333259","0.5","60293","8.29283664770371e-06","FALSE","FALSE","V256K","-4.89131031974719","0.0316937548300928","1"
"1330","V","256","L","G","C","766","missense_variant","GTG","CTG","CTG","1","-5.97696771859305","0.027400358073378","41","53844","0.000761459029789763","0.5","41359","1.20892671486255e-05","-6.52075693013749","0.0229179384692446","41","53844","0.000761459029789763","0.5","60293","8.29283664770371e-06","FALSE","FALSE","V256L","-6.24886232436527","0.0251591482713113","1"
"1331","V","256","L","G","T","766","missense_variant","GTG","TTG","CTG","1","-0.619415713974963","0.0531890529810468","4","53844","7.42886858331476e-05","2","41359","4.83570685945018e-05","-3.16320492551941","0.0390795892024698","4","53844","7.42886858331476e-05","0.5","60293","8.29283664770371e-06","FALSE","FALSE","V256L","-1.89131031974719","0.0461343210917583","0"
"1332","V","256","M","G","A","766","missense_variant","GTG","ATG","ATG","1","-3.82886907960391","0.0377402783176834","37","53844","0.000687170343956615","2","41359","4.83570685945018e-05","-3.37265829114836","0.0380713808007719","37","53844","0.000687170343956615","4","60293","6.63426931816297e-05","FALSE","FALSE","V256M","-3.60076368537614","0.0379058295592276","1"
"1333","V","256","N","GTG","AAC","766","missense_variant","GTG","AAC","AAC","3","-5.90481793283721","0.0277476526607021","78","53844","0.00144862937374638","1","41359","2.41785342972509e-05","-7.44860714438166","0.0184517109693468","78","53844","0.00144862937374638","0.5","60293","8.29283664770371e-06","FALSE","FALSE","V256N","-6.67671253860943","0.0230996818150245","1"
"1334","V","256","P","GT","CC","766","missense_variant","GTG","CCG","CCG","2","-1.61941571397496","0.048375530893825","2","53844","3.71443429165738e-05","0.5","41359","1.20892671486255e-05","-2.16320492551941","0.0438931112896916","2","53844","3.71443429165738e-05","0.5","60293","8.29283664770371e-06","FALSE","FALSE","V256P","-1.89131031974719","0.0461343210917583","0"
"1335","V","256","P","GTG","CCT","766","missense_variant","GTG","CCT","CCG","2","-5.47739670910254","0.0298050541616963","29","53844","0.00053859297229032","0.5","41359","1.20892671486255e-05","-6.02118592064698","0.0253226345575629","29","53844","0.00053859297229032","0.5","60293","8.29283664770371e-06","FALSE","FALSE","V256P","-5.74929131487476","0.0275638443596296","1"
"1336","V","256","Q","GT","CA","766","missense_variant","GTG","CAG","CAG","2","-6.40077542749962","0.0253603503058214","55","53844","0.00102146943020578","0.5","41359","1.20892671486255e-05","-6.94456463904407","0.0208779307016879","55","53844","0.00102146943020578","0.5","60293","8.29283664770371e-06","FALSE","FALSE","V256Q","-6.67267003327185","0.0231191405037546","1"
"1337","V","256","R","GTG","AGA","766","missense_variant","GTG","AGA","AGG","2","-5.26327190374969","0.0308357486416843","25","53844","0.000464304286457173","0.5","41359","1.20892671486255e-05","-5.80706111529414","0.0263533290375509","25","53844","0.000464304286457173","0.5","60293","8.29283664770371e-06","FALSE","FALSE","V256R","-5.53516650952191","0.0285945388396176","1"
"1338","V","256","S","GTG","AGC","766","missense_variant","GTG","AGC","TCG","2","-4.78934071541728","0.0331170268845457","18","53844","0.000334299086249164","0.5","41359","1.20892671486255e-05","-5.33312992696172","0.0286346072804123","18","53844","0.000334299086249164","0.5","60293","8.29283664770371e-06","FALSE","FALSE","V256S","-5.0612353211895","0.030875817082479","1"
"1339","V","256","S","GTG","AGT","766","missense_variant","GTG","AGT","TCG","2","-2.61941571397496","0.0435620088066032","4","53844","7.42886858331476e-05","0.5","41359","1.20892671486255e-05","-3.16320492551941","0.0390795892024698","4","53844","7.42886858331476e-05","0.5","60293","8.29283664770371e-06","FALSE","FALSE","V256S","-2.89131031974719","0.0413207990045365","0"
"1340","V","256","T","GTG","ACC","766","missense_variant","GTG","ACC","ACG","2","-4.31985543211606","0.0353769046653417","13","53844","0.00024143822895773","0.5","41359","1.20892671486255e-05","-4.8636446436605","0.0308944850612083","13","53844","0.00024143822895773","0.5","60293","8.29283664770371e-06","FALSE","FALSE","V256T","-4.59175003788828","0.033135694863275","1"
"1341","V","256","W","GT","TG","766","missense_variant","GTG","TGG","TGG","2","-4.78934071541728","0.0331170268845457","18","53844","0.000334299086249164","0.5","41359","1.20892671486255e-05","-5.33312992696172","0.0286346072804123","18","53844","0.000334299086249164","0.5","60293","8.29283664770371e-06","FALSE","FALSE","V256W","-5.0612353211895","0.030875817082479","1"
"1342","V","256","Y","GTG","TAC","766","missense_variant","GTG","TAC","TAC","3","-5.20437821469612","0.0311192347147417","24","53844","0.000445732114998886","0.5","41359","1.20892671486255e-05","-5.74816742624057","0.0266368151106083","24","53844","0.000445732114998886","0.5","60293","8.29283664770371e-06","FALSE","FALSE","V256Y","-5.47627282046834","0.028878024912675","1"
"1343","V","260","A","T","C","779","missense_variant","GTG","GCG","GCG","1","-2.42321912513793","0.0445064054204078","7","54025","0.00012956964368348","1","41396","2.41569233742391e-05","-1.96734446214773","0.0448358899561447","7","54025","0.00012956964368348","2","60361","3.31339772369576e-05","FALSE","FALSE","V260A","-2.19528179364283","0.0446711476882763","0"
"1344","V","260","A","TG","CT","779","missense_variant","GTG","GCT","GCG","1","0.384135796919679","0.0580196703444031","29","54025","0.000536788523831559","29","41396","0.000700550777852933","0.536618316459942","0.0568887700965541","29","54025","0.000536788523831559","47","60361","0.000778648465068504","FALSE","FALSE","V260A","0.460377056689811","0.0574542202204786","1"
"1345","V","260","C","GTG","TGC","778","missense_variant","GTG","TGC","TGC","3","2.43476186998965","0.0678904042397583","14","54025","0.00025913928736696","58","41396","0.00140110155570587","2.33643628602938","0.0655522336460553","14","54025","0.00025913928736696","79","60361","0.00130879210085983","FALSE","FALSE","V260C","2.38559907800951","0.0667213189429068","1"
"1346","V","260","E","T","A","779","missense_variant","GTG","GAG","GAG","1","1.38413579691968","0.0628331924316249","7","54025","0.00012956964368348","14","41396","0.000338196927239347","0.840010459909877","0.0583491548801399","7","54025","0.00012956964368348","14","60361","0.000231937840658703","FALSE","FALSE","V260E","1.11207312841478","0.0605911736558824","1"
"1347","V","260","F","GTG","TTC","778","missense_variant","GTG","TTC","TTC","2","1.16174337558323","0.0617627015994912","14","54025","0.00025913928736696","24","41396","0.000579766160981737","1.07704965721073","0.0594901482918849","14","54025","0.00025913928736696","33","60361","0.000546710624409801","FALSE","FALSE","V260F","1.11939651639698","0.060626424945688","1"
"1348","V","260","G","TG","GT","779","missense_variant","GTG","GGT","GGG","1","-1.83825662441677","0.0473221353378256","14","54025","0.00025913928736696","3","41396","7.24707701227172e-05","-1.64541636726036","0.0463854979513823","14","54025","0.00025913928736696","5","60361","8.28349430923941e-05","FALSE","FALSE","V260G","-1.74183649583857","0.0468538166446039","1"
"1349","V","260","H","GTG","CAC","778","missense_variant","GTG","CAC","CAC","3","-1.20082670380148","0.0503904183397634","6","54025","0.00011105969458584","2","41396","4.83138467484781e-05","0.255047959188721","0.0555334249627221","6","54025","0.00011105969458584","8","60361","0.000132535908947831","FALSE","FALSE","V260H","-0.472889372306378","0.0529619216512428","1"
"1350","V","260","I","GTG","ATC","778","missense_variant","GTG","ATC","ATC","2","3.13545668406296","0.071263214203702","15","54025","0.0002776492364646","101","41396","0.00243984926079814","2.63355958244245","0.0669824431959678","15","54025","0.0002776492364646","104","60361","0.0017229668163218","FALSE","FALSE","V260I","2.8845081332527","0.0691228286998349","1"
"1351","V","260","I","GTG","ATT","778","missense_variant","GTG","ATT","ATC","2","-0.615864203080321","0.0532061482571812","1","54025","1.850994909764e-05","0.5","41396","1.20784616871195e-05","-0.159989540090123","0.0535356327929181","1","54025","1.850994909764e-05","1","60361","1.65669886184788e-05","FALSE","FALSE","V260I","-0.387926871585222","0.0533708905250496","0"
"1352","V","260","K","GT","AA","778","missense_variant","GTG","AAG","AAG","2","1.03621249349937","0.0611584559259521","14","54025","0.00025913928736696","22","41396","0.000531452314233259","0.733095255993365","0.057834516184628","14","54025","0.00025913928736696","26","60361","0.000430741704080449","FALSE","FALSE","V260K","0.884653874746369","0.05949648605529","1"
"1353","V","260","L","G","C","778","missense_variant","GTG","CTG","CTG","1","1.96909829764083","0.0656489223490427","3","54025","5.55298472929199e-05","9","41396","0.000217412310368152","2.77860991524573","0.0676806461766753","3","54025","5.55298472929199e-05","23","60361","0.000381040738225013","FALSE","FALSE","V260L","2.37385410644328","0.066664784262859","1"
"1354","V","260","M","G","A","778","missense_variant","GTG","ATG","ATG","1","1.00304562956417","0.0609988064938361","28","54025","0.000518278574733919","43","41396","0.00103874770509228","1.07704965721073","0.0594901482918849","28","54025","0.000518278574733919","66","60361","0.0010934212488196","FALSE","FALSE","V260M","1.04004764338745","0.0602444773928605","1"
"1355","V","260","N","GTG","AAC","778","missense_variant","GTG","AAC","AAC","3","2.04124808339667","0.0659962169363667","13","54025","0.00024062933826932","41","41396","0.000990433858343801","2.42497296063103","0.0659784068847796","13","54025","0.00024062933826932","78","60361","0.00129222511224135","FALSE","FALSE","V260N","2.23311052201385","0.0659873119105732","1"
"1356","V","260","P","GTG","CCT","778","missense_variant","GTG","CCT","CCG","2","-5.47384519820789","0.0298221494378307","29","54025","0.000536788523831559","0.5","41396","1.20784616871195e-05","-6.0179705352177","0.0253381118863457","29","54025","0.000536788523831559","0.5","60361","8.28349430923941e-06","FALSE","FALSE","V260P","-5.74590786671279","0.0275801306620882","1"
"1357","V","260","Q","GT","CA","778","missense_variant","GTG","CAG","CAG","2","0.969098297640835","0.0608354002618209","10","54025","0.0001850994909764","15","41396","0.000362353850613586","1.7660098784661","0.0628064735341149","10","54025","0.0001850994909764","38","60361","0.000629545567502195","FALSE","FALSE","V260Q","1.36755408805347","0.0618209368979679","1"
"1358","V","260","R","GTG","AGA","778","missense_variant","GTG","AGA","AGG","2","1.30167363672771","0.0624362590021808","9","54025","0.00016658954187876","17","41396","0.000410667697362064","1.67008545846756","0.062344739219748","9","54025","0.00016658954187876","32","60361","0.000530143635791322","FALSE","FALSE","V260R","1.48587954759764","0.0623904991109644","1"
"1359","V","260","S","GTG","AGC","778","missense_variant","GTG","AGC","TCG","2","0.931623592222172","0.060655014939576","13","54025","0.00024062933826932","19","41396","0.000458981544110542","0.78342693154351","0.0580767888165755","13","54025","0.00024062933826932","25","60361","0.00041417471546197","FALSE","FALSE","V260S","0.857525261882841","0.0593659018780757","1"
"1360","V","260","T","GTG","ACC","778","missense_variant","GTG","ACC","ACG","2","1.70606389180704","0.0643828004268625","6","54025","0.00011105969458584","15","41396","0.000362353850613586","1.89890414896345","0.0634461630404191","6","54025","0.00011105969458584","25","60361","0.00041417471546197","FALSE","FALSE","V260T","1.80248402038524","0.0639144817336408","1"
"1361","V","260","W","GT","TG","778","missense_variant","GTG","TGG","TGG","2","1.25860491483582","0.0622289467580858","18","54025","0.00033317908375752","33","41396","0.000797178471349889","2.29944207854717","0.0653741612112405","18","54025","0.00033317908375752","99","60361","0.0016401318732294","FALSE","FALSE","V260W","1.7790234966915","0.0638015539846631","1"
"1362","V","260","Y","GTG","TAC","778","missense_variant","GTG","TAC","TAC","3","1.49961301433961","0.0633890445682467","6","54025","0.00011105969458584","13","41396","0.000314040003865108","2.11302895431629","0.0644768575204071","6","54025","0.00011105969458584","29","60361","0.000480442669935886","FALSE","FALSE","V260Y","1.80632098432795","0.0639329510443269","1"
"1363","V","268","A","TG","CT","803","missense_variant","GTG","GCT","GCG","1","-2.19078255176783","0.0456252440002029","3","54547","5.49984417108182e-05","0.5","41506","1.20464511155014e-05","-2.73482695809919","0.0411415960103262","3","54547","5.49984417108182e-05","0.5","60518","8.26200469281867e-06","FALSE","FALSE","V268A","-2.46280475493351","0.0433834200052646","1"
"1364","V","268","C","GTG","TGC","802","missense_variant","GTG","TGC","TGC","3","1.43682428636182","0.063086809639297","50","54547","0.000916640695180303","103","41506","0.00248156892979328","1.99418191223867","0.0639047846583655","50","54547","0.000916640695180303","221","60518","0.00365180607422585","FALSE","FALSE","V268C","1.71550309930025","0.0634957971488312","1"
"1365","V","268","D","TG","AT","803","missense_variant","GTG","GAT","GAT","2","-6.12938200710369","0.0266667085292239","46","54547","0.000843309439565879","0.5","41506","1.20464511155014e-05","-6.67342641343505","0.0221830605393471","46","54547","0.000843309439565879","0.5","60518","8.26200469281867e-06","FALSE","FALSE","V268D","-6.40140421026937","0.0244248845342855","1"
"1366","V","268","E","T","A","803","missense_variant","GTG","GAG","GAG","1","-4.99813747382544","0.0321119790762077","21","54547","0.000384989091975727","0.5","41506","1.20464511155014e-05","-2.95721937943564","0.0400711051781924","21","54547","0.000384989091975727","3","60518","4.9572028156912e-05","FALSE","FALSE","V268E","-3.97767842663054","0.0360915421272001","1"
"1367","V","268","F","GTG","TTC","802","missense_variant","GTG","TTC","TTC","2","-0.798465128989072","0.0523271946671723","16","54547","0.000293325022457697","7","41506","0.000168650315617019","-1.34250953532043","0.0478435466772955","16","54547","0.000293325022457697","7","60518","0.000115668065699461","FALSE","FALSE","V268F","-1.07048733215475","0.0500853706722339","1"
"1368","V","268","G","T","G","803","missense_variant","GTG","GGG","GGG","1","-0.605820051046677","0.0532544960048426","1","54547","1.83328139036061e-05","0.5","41506","1.20464511155014e-05","-1.14986445737803","0.0487708480149658","1","54547","1.83328139036061e-05","0.5","60518","8.26200469281867e-06","FALSE","FALSE","V268G","-0.877842254212355","0.0510126720099042","0"
"1369","V","268","G","TG","GT","803","missense_variant","GTG","GGT","GGG","1","-2.41317497310428","0.0445547531680692","28","54547","0.00051331878930097","4","41506","9.6371608924011e-05","-4.95721937943564","0.0304440610037488","28","54547","0.00051331878930097","1","60518","1.65240093856373e-05","FALSE","FALSE","V268G","-3.68519717626996","0.037499407085909","1"
"1370","V","268","H","GTG","CAC","802","missense_variant","GTG","CAC","CAC","3","-5.06525166968397","0.0317889234120765","22","54547","0.000403321905879333","0.5","41506","1.20464511155014e-05","-5.60929607601533","0.0273052754221998","22","54547","0.000403321905879333","0.5","60518","8.26200469281867e-06","FALSE","FALSE","V268H","-5.33727387284965","0.0295470994171381","1"
"1371","V","268","I","GTG","ATC","802","missense_variant","GTG","ATC","ATC","2","1.37455114220439","0.0627870564844545","37","54547","0.000678314114433424","73","41506","0.0017587818628632","0.810607178435329","0.0582076215353254","37","54547","0.000678314114433424","72","60518","0.00118972867576589","FALSE","FALSE","V268I","1.09257916031986","0.0604973390098899","1"
"1372","V","268","K","GT","AA","802","missense_variant","GTG","AAG","AAG","2","-5.19078255176783","0.0311846777385374","24","54547","0.000439987533686546","0.5","41506","1.20464511155014e-05","-5.73482695809919","0.0267010297486607","24","54547","0.000439987533686546","0.5","60518","8.26200469281867e-06","FALSE","FALSE","V268K","-5.46280475493351","0.028942853743599","1"
"1373","V","268","L","G","C","802","missense_variant","GTG","CTG","CTG","1","-5.69328289229702","0.0287658812505637","34","54547","0.000623315672722606","0.5","41506","1.20464511155014e-05","-6.23732729862837","0.0242822332606869","34","54547","0.000623315672722606","0.5","60518","8.26200469281867e-06","FALSE","FALSE","V268L","-5.96530509546269","0.0265240572556253","1"
"1374","V","268","L","G","T","802","missense_variant","GTG","TTG","CTG","1","-2.92774814593404","0.0420778438351613","5","54547","9.16640695180303e-05","0.5","41506","1.20464511155014e-05","-3.4717925522654","0.0375941958452846","5","54547","9.16640695180303e-05","0.5","60518","8.26200469281867e-06","FALSE","FALSE","V268L","-3.19977034909972","0.0398360198402229","0"
"1375","V","268","L","GTG","CTA","802","missense_variant","GTG","CTA","CTG","1","-2.60582005104668","0.0436274518303989","4","54547","7.33312556144243e-05","0.5","41506","1.20464511155014e-05","-3.14986445737803","0.0391438038405221","4","54547","7.33312556144243e-05","0.5","60518","8.26200469281867e-06","FALSE","FALSE","V268L","-2.87784225421235","0.0413856278354605","0"
"1376","V","268","M","G","A","802","missense_variant","GTG","ATG","ATG","1","-2.14187295128689","0.0458606714423952","29","54547","0.000531651603204576","5","41506","0.000120464511155014","-2.68591735761824","0.0413770234525184","29","54547","0.000531651603204576","5","60518","8.26200469281867e-05","FALSE","FALSE","V268M","-2.41389515445256","0.0436188474474568","1"
"1377","V","268","N","GTG","AAC","802","missense_variant","GTG","AAC","AAC","3","-3.41317497310428","0.0397412310808473","28","54547","0.00051331878930097","2","41506","4.81858044620055e-05","-5.95721937943564","0.0256305389165269","28","54547","0.00051331878930097","0.5","60518","8.26200469281867e-06","FALSE","FALSE","V268N","-4.68519717626996","0.0326858849986871","1"
"1378","V","268","P","GTG","CCT","802","missense_variant","GTG","CCT","CCG","2","-6.16040890272431","0.0265173598818561","47","54547","0.000861642253469485","0.5","41506","1.20464511155014e-05","-6.70445330905567","0.0220337118919793","47","54547","0.000861642253469485","0.5","60518","8.26200469281867e-06","FALSE","FALSE","V268P","-6.43243110588999","0.0242755358869177","1"
"1379","V","268","Q","GT","CA","802","missense_variant","GTG","CAG","CAG","2","-4.41317497310428","0.0349277089936255","14","54547","0.000256659394650485","0.5","41506","1.20464511155014e-05","-4.95721937943564","0.0304440610037488","14","54547","0.000256659394650485","0.5","60518","8.26200469281867e-06","FALSE","FALSE","V268Q","-4.68519717626996","0.0326858849986871","1"
"1380","V","268","R","GTG","AGA","802","missense_variant","GTG","AGA","AGG","2","-5.73510306799164","0.0285645789111661","35","54547","0.000641648486626212","0.5","41506","1.20464511155014e-05","-5.279147474323","0.0288944530085112","35","54547","0.000641648486626212","1","60518","1.65240093856373e-05","FALSE","FALSE","V268R","-5.50712527115732","0.0287295159598386","1"
"1381","V","268","S","GTG","AGC","802","missense_variant","GTG","AGC","TCG","2","-5.60582005104668","0.0291868855687334","32","54547","0.000586650044915394","0.5","41506","1.20464511155014e-05","-6.14986445737803","0.0247032375788566","32","54547","0.000586650044915394","0.5","60518","8.26200469281867e-06","FALSE","FALSE","V268S","-5.87784225421236","0.026945061573795","1"
"1382","V","268","T","GTG","ACC","802","missense_variant","GTG","ACC","ACG","2","-4.5127106466552","0.0344485918305217","15","54547","0.000274992208554091","0.5","41506","1.20464511155014e-05","-5.05675505298655","0.0299649438406449","15","54547","0.000274992208554091","0.5","60518","8.26200469281867e-06","FALSE","FALSE","V268T","-4.78473284982087","0.0322067678355833","1"
"1383","V","268","W","GT","TG","802","missense_variant","GTG","TGG","TGG","2","-5.41317497310428","0.0301141869064037","28","54547","0.00051331878930097","0.5","41506","1.20464511155014e-05","-5.95721937943564","0.0256305389165269","28","54547","0.00051331878930097","0.5","60518","8.26200469281867e-06","FALSE","FALSE","V268W","-5.68519717626996","0.0278723629114653","1"
"1384","V","268","Y","GTG","TAC","802","missense_variant","GTG","TAC","TAC","3","-3.60582005104668","0.0388139297431771","8","54547","0.000146662511228849","0.5","41506","1.20464511155014e-05","-4.14986445737803","0.0343302817533003","8","54547","0.000146662511228849","0.5","60518","8.26200469281867e-06","FALSE","FALSE","V268Y","-3.87784225421235","0.0365721057482387","1"
"1385","V","270","A","T","C","809","missense_variant","GTG","GCG","GCG","1","-2.18852240239039","0.0456361232791516","3","54647","5.48977985982762e-05","0.5","41517","1.20432593877207e-05","-0.148175262100943","0.0535925010809636","3","54647","5.48977985982762e-05","3","60558","4.95392846527296e-05","FALSE","FALSE","V270A","-1.16834883224567","0.0496143121800576","0"
"1386","V","270","A","TG","CT","809","missense_variant","GTG","GCT","GCG","1","-4.06299152030653","0.0366133247782471","11","54647","0.000201291928193679","0.5","41517","1.20432593877207e-05","-4.60760688073824","0.0321269284881975","11","54647","0.000201291928193679","0.5","60558","8.2565474421216e-06","FALSE","FALSE","V270A","-4.33529920052239","0.0343701266332223","1"
"1387","V","270","C","GTG","TGC","808","missense_variant","GTG","TGC","TGC","3","-1.22504827841551","0.0502738272553715","40","54647","0.000731970647977016","13","41517","0.000313124744080738","-0.112551352370221","0.0537639775572856","40","54647","0.000731970647977016","41","60558","0.000677036890253971","FALSE","FALSE","V270C","-0.668799815392864","0.0520189024063285","1"
"1388","V","270","D","TG","AT","809","missense_variant","GTG","GAT","GAT","2","-4.12712185772625","0.0363046319826163","23","54647","0.000420883122586784","1","41517","2.40865187754414e-05","-3.0867747174368","0.0394474876972064","23","54647","0.000420883122586784","3","60558","4.95392846527296e-05","FALSE","FALSE","V270D","-3.60694828758152","0.0378760598399113","1"
"1389","V","270","E","T","A","809","missense_variant","GTG","GAG","GAG","1","-4.06299152030653","0.0366133247782471","11","54647","0.000201291928193679","0.5","41517","1.20432593877207e-05","-4.60760688073824","0.0321269284881975","11","54647","0.000201291928193679","0.5","60558","8.2565474421216e-06","FALSE","FALSE","V270E","-4.33529920052239","0.0343701266332223","1"
"1390","V","270","F","GTG","TTC","808","missense_variant","GTG","TTC","TTC","2","-4.30399961981033","0.0354532269680862","13","54647","0.00023789046059253","0.5","41517","1.20432593877207e-05","-4.84861498024203","0.0309668306780366","13","54647","0.00023789046059253","0.5","60558","8.2565474421216e-06","FALSE","FALSE","V270F","-4.57630730002618","0.0332100288230614","1"
"1391","V","270","G","T","G","809","missense_variant","GTG","GGG","GGG","1","-2.18852240239039","0.0456361232791516","3","54647","5.48977985982762e-05","0.5","41517","1.20432593877207e-05","-2.7331377628221","0.0411497269891021","3","54647","5.48977985982762e-05","0.5","60558","8.2565474421216e-06","FALSE","FALSE","V270G","-2.46083008260625","0.0433929251341269","0"
"1392","V","270","G","TG","GC","809","missense_variant","GTG","GGC","GGG","1","-2.60355990166924","0.0436383311093476","4","54647","7.31970647977016e-05","0.5","41517","1.20432593877207e-05","-3.14817526210094","0.0391519348192981","4","54647","7.31970647977016e-05","0.5","60558","8.2565474421216e-06","FALSE","FALSE","V270G","-2.87586758188509","0.0413951329643228","0"
"1393","V","270","G","TG","GT","809","missense_variant","GTG","GGT","GGG","1","-5.12712185772625","0.0314911098953944","23","54647","0.000420883122586784","0.5","41517","1.20432593877207e-05","-5.67173721815796","0.0270047136053449","23","54647","0.000420883122586784","0.5","60558","8.2565474421216e-06","FALSE","FALSE","V270G","-5.3994295379421","0.0292479117503696","1"
"1394","V","270","H","GTG","CAC","808","missense_variant","GTG","CAC","CAC","3","-5.64795402102769","0.0289840727736074","33","54647","0.000603875784581038","0.5","41517","1.20432593877207e-05","-6.1925693814594","0.0244976764835579","33","54647","0.000603875784581038","0.5","60558","8.2565474421216e-06","FALSE","FALSE","V270H","-5.92026170124354","0.0267408746285826","1"
"1395","V","270","I","GTG","ATC","808","missense_variant","GTG","ATC","ATC","2","1.61883251966721","0.0639629102903687","24","54647","0.00043918238878621","56","41517","0.00134884505142472","1.49568092767378","0.0615052391586606","24","54647","0.00043918238878621","75","60558","0.00123848211631824","FALSE","FALSE","V270I","1.5572567236705","0.0627340747245146","1"
"1396","V","270","K","GT","AA","808","missense_variant","GTG","AAG","AAG","2","-5.85148741511282","0.0280043602856914","38","54647","0.000695372115578165","0.5","41517","1.20432593877207e-05","-6.39610277554453","0.0235179639956418","38","54647","0.000695372115578165","0.5","60558","8.2565474421216e-06","FALSE","FALSE","V270K","-6.12379509532868","0.0257611621406666","1"
"1397","V","270","L","G","C","808","missense_variant","GTG","CTG","CTG","1","-4.30399961981033","0.0354532269680862","26","54647","0.00047578092118506","1","41517","2.40865187754414e-05","-3.26365247952088","0.0385960826826763","26","54647","0.00047578092118506","3","60558","4.95392846527296e-05","FALSE","FALSE","V270L","-3.7838260496656","0.0370246548253812","1"
"1398","V","270","L","G","T","808","missense_variant","GTG","TTG","CTG","1","0.396440098330762","0.0580788973710131","1","54647","1.82992661994254e-05","1","41517","2.40865187754414e-05","-1.14817526210094","0.0487789789937417","1","54647","1.82992661994254e-05","0.5","60558","8.2565474421216e-06","FALSE","FALSE","V270L","-0.37586758188509","0.0534289381823774","0"
"1399","V","270","M","G","A","808","missense_variant","GTG","ATG","ATG","1","-2.34052549583544","0.0449044530315279","60","54647","0.00109795597196552","9","41517","0.000216778668978972","-1.10086954732259","0.0490066860966792","60","54647","0.00109795597196552","31","60558","0.000511905941411539","FALSE","FALSE","V270M","-1.72069752157901","0.0469555695641035","1"
"1400","V","270","N","GTG","AAC","808","missense_variant","GTG","AAC","AAC","3","-5.96111190628732","0.0274766803761225","41","54647","0.000750269914176441","0.5","41517","1.20432593877207e-05","-6.50572726671903","0.0229902840860729","41","54647","0.000750269914176441","0.5","60558","8.2565474421216e-06","FALSE","FALSE","V270N","-6.23341958650317","0.0252334822310977","1"
"1401","V","270","P","GTG","CCT","808","missense_variant","GTG","CCT","CCG","2","-6.94340990455386","0.0227483672652327","81","54647","0.00148224056215346","0.5","41517","1.20432593877207e-05","-7.48802526498557","0.0182619709751831","81","54647","0.00148224056215346","0.5","60558","8.2565474421216e-06","FALSE","FALSE","V270P","-7.21571758476972","0.0205051691202079","1"
"1402","V","270","Q","GT","CA","808","missense_variant","GTG","CAG","CAG","2","-5.77348490311155","0.0283798271000683","36","54647","0.000658773583179314","0.5","41517","1.20432593877207e-05","-6.31810026354326","0.0238934308100188","36","54647","0.000658773583179314","0.5","60558","8.2565474421216e-06","FALSE","FALSE","V270Q","-6.0457925833274","0.0261366289550435","1"
"1403","V","270","R","GTG","AGA","808","missense_variant","GTG","AGA","AGG","2","-5.77348490311155","0.0283798271000683","36","54647","0.000658773583179314","0.5","41517","1.20432593877207e-05","-6.31810026354326","0.0238934308100188","36","54647","0.000658773583179314","0.5","60558","8.2565474421216e-06","FALSE","FALSE","V270R","-6.0457925833274","0.0261366289550435","1"
"1404","V","270","S","GTG","AGC","808","missense_variant","GTG","AGC","TCG","2","-7.09541299799891","0.0220166970176089","90","54647","0.00164693395794829","0.5","41517","1.20432593877207e-05","-7.64002835843062","0.0175303007275593","90","54647","0.00164693395794829","0.5","60558","8.2565474421216e-06","FALSE","FALSE","V270S","-7.36772067821476","0.0197734988725841","1"
"1405","V","270","T","GTG","ACC","808","missense_variant","GTG","ACC","ACG","2","-4.30399961981033","0.0354532269680862","13","54647","0.00023789046059253","0.5","41517","1.20432593877207e-05","-4.84861498024203","0.0309668306780366","13","54647","0.00023789046059253","0.5","60558","8.2565474421216e-06","FALSE","FALSE","V270T","-4.57630730002618","0.0332100288230614","1"
"1406","V","270","W","GT","TG","808","missense_variant","GTG","TGG","TGG","2","-5.69102274291958","0.0287767605295124","34","54647","0.000622175050780464","0.5","41517","1.20432593877207e-05","-6.23563810335128","0.0242903642394628","34","54647","0.000622175050780464","0.5","60558","8.2565474421216e-06","FALSE","FALSE","V270W","-5.96333042313543","0.0265335623844876","1"
"1407","V","270","Y","GTG","TAC","808","missense_variant","GTG","TAC","TAC","3","-3.41091482372684","0.0397521103597961","7","54647","0.000128094863395978","0.5","41517","1.20432593877207e-05","-3.95553018415855","0.0352657140697465","7","54647","0.000128094863395978","0.5","60558","8.2565474421216e-06","FALSE","FALSE","V270Y","-3.68322250394269","0.0375089122147713","1"
"1408","V","280","A","T","C","839","missense_variant","GTG","GCG","GCG","1","-3.21806961314487","0.0406803750403473","6","105429","5.69103377628546e-05","0.5","81755","6.11583389395144e-06","-2.75751700213753","0.0410323769821876","6","105429","5.69103377628546e-05","1","118824","8.41580825422474e-06","FALSE","FALSE","V280A","-2.9877933076412","0.0408563760112675","0"
"1409","V","280","A","TG","CT","839","missense_variant","GTG","GCT","GCG","1","3.77782598852239","0.0743552730388708","11","105429","0.0001043356192319","117","81755","0.00143110513118464","3.81922499177866","0.0726896698318626","11","105429","0.0001043356192319","175","118824","0.00147276644448933","FALSE","FALSE","V280A","3.79852549015053","0.0735224714353667","1"
"1410","V","280","C","GTG","TGC","838","missense_variant","GTG","TGC","TGC","3","1.68882098246365","0.0642998013018901","6","105429","5.69103377628546e-05","15","81755","0.000183475016818543","0.412407999304786","0.0562908809914669","6","105429","5.69103377628546e-05","9","118824","7.57422742880226e-05","FALSE","FALSE","V280C","1.05061449088422","0.0602953411466785","1"
"1411","V","280","D","TG","AT","839","missense_variant","GTG","GAT","GAT","2","2.76378304014487","0.0694741549094641","15","105429","0.000142275844407137","79","81755","0.000966301755244328","2.49041051130606","0.0662933919802875","15","105429","0.000142275844407137","95","118824","0.00079950178415135","FALSE","FALSE","V280D","2.62709677572546","0.0678837734448758","1"
"1412","V","280","E","T","A","839","missense_variant","GTG","GAG","GAG","1","2.52217111305419","0.0683111505618769","11","105429","0.0001043356192319","49","81755","0.000599351721607241","3.08225939761246","0.069142269666821","11","105429","0.0001043356192319","105","118824","0.000883659866693597","FALSE","FALSE","V280E","2.80221525533332","0.0687267101143489","1"
"1413","V","280","F","GTG","TTC","838","missense_variant","GTG","TTC","TTC","2","2.62992729341008","0.0688298373160546","10","105429","9.4850562938091e-05","48","81755","0.000587120053819338","2.43625474125915","0.0660327119850162","10","105429","9.4850562938091e-05","61","118824","0.000513364303507709","FALSE","FALSE","V280F","2.53309101733462","0.0674312746505354","1"
"1414","V","280","G","TG","GT","839","missense_variant","GTG","GGT","GGG","1","1.59821843368274","0.0638636839321746","23","105429","0.000218156294757609","54","81755","0.000660510060546756","1.64373354541124","0.0622178937042108","23","105429","0.000218156294757609","81","118824","0.000681680468592204","FALSE","FALSE","V280G","1.62097598954699","0.0630407888181927","1"
"1415","V","280","H","GTG","CAC","838","missense_variant","GTG","CAC","CAC","3","1.00432280819158","0.0610049542213684","9","105429","8.53655066442819e-05","14","81755","0.00017124334903064","0.82744549858363","0.0582886731612709","9","105429","8.53655066442819e-05","18","118824","0.000151484548576045","FALSE","FALSE","V280H","0.915884153387603","0.0596468136913197","1"
"1416","V","280","I","GTG","ATA","838","missense_variant","GTG","ATA","ATC","2","0.951855388297439","0.0607524011368485","4","105429","3.79402251752364e-05","6","81755","7.33900067274173e-05","0.149373593470992","0.0550247590692867","4","105429","3.79402251752364e-05","5","118824","4.20790412711237e-05","FALSE","FALSE","V280I","0.550614490884216","0.0578885801030676","0"
"1417","V","280","I","GTG","ATC","838","missense_variant","GTG","ATC","ATC","2","2.28306129677281","0.0671601901799349","31","105429","0.000294036745108082","117","81755","0.00143110513118464","2.20416606631137","0.064915548021961","31","105429","0.000294036745108082","161","118824","0.00135494512893018","FALSE","FALSE","V280I","2.24361368154209","0.066037869100948","1"
"1418","V","280","K","GT","AA","838","missense_variant","GTG","AAG","AAG","2","1.2737834831848","0.062302009132086","16","105429","0.000151760900700946","30","81755","0.000366950033637086","1.52788521672472","0.0616602552153105","16","105429","0.000151760900700946","52","118824","0.000437622029219686","FALSE","FALSE","V280K","1.40083434995476","0.0619811321736983","1"
"1419","V","280","L","G","C","838","missense_variant","GTG","CTG","CTG","1","2.02985790029871","0.0659413900384472","24","105429","0.000227641351051418","76","81755","0.000929606751880619","1.90069448061427","0.0634547808413638","24","105429","0.000227641351051418","101","118824","0.000849996633676698","FALSE","FALSE","V280L","1.96527619045649","0.0646980854399055","1"
"1420","V","280","L","G","T","838","missense_variant","GTG","TTG","CTG","1","-1.26113833503676","0.050100106970696","34","105429","0.00032249191398951","11","81755","0.000134548345666932","-1.80058572402941","0.0456385868253144","34","105429","0.00032249191398951","11","118824","9.25738907964721e-05","FALSE","FALSE","V280L","-1.53086202953309","0.0478693468980052","0"
"1421","V","280","M","G","A","838","missense_variant","GTG","ATG","ATG","1","-0.59128693672909","0.0533244514716064","68","105429","0.000644983827979019","35","81755","0.000428108372576601","-0.282737419166793","0.0529447831658229","68","105429","0.000644983827979019","63","118824","0.000530195920016158","FALSE","FALSE","V280M","-0.437012177947942","0.0531346173187146","1"
"1422","V","280","N","GTG","AAC","838","missense_variant","GTG","AAC","AAC","3","3.06733260571738","0.0709352974479139","2","105429","1.89701125876182e-05","13","81755","0.000159011681242737","2.82744549858363","0.0679157173357146","2","105429","1.89701125876182e-05","16","118824","0.000134652932067596","FALSE","FALSE","V280N","2.9473890521505","0.0694255073918143","1"
"1423","V","280","P","GTG","CCT","838","missense_variant","GTG","CCT","CCG","2","2.95185538829744","0.0703794453112921","3","105429","2.84551688814273e-05","18","81755","0.000220170020182252","2.41240799930479","0.0659179251659106","3","105429","2.84551688814273e-05","18","118824","0.000151484548576045","FALSE","FALSE","V280P","2.68213169380111","0.0681486852386014","1"
"1424","V","280","Q","GT","CA","838","missense_variant","GTG","CAG","CAG","2","1.74540451083001","0.0645721673654545","10","105429","9.4850562938091e-05","26","81755","0.000318023362485475","1.36349839882384","0.0608689756364965","10","105429","9.4850562938091e-05","29","118824","0.000244058439372517","FALSE","FALSE","V280Q","1.55445145482693","0.0627205715009755","1"
"1425","V","280","R","GTG","AGA","838","missense_variant","GTG","AGA","AGG","2","-4.44046203448132","0.0347963621209917","14","105429","0.000132790788113327","0.5","81755","6.11583389395144e-06","-4.97990942347398","0.0303348419756102","14","105429","0.000132790788113327","0.5","118824","4.20790412711237e-06","FALSE","FALSE","V280R","-4.71018572897765","0.032565602048301","1"
"1426","V","280","S","GTG","AGC","838","missense_variant","GTG","AGC","TCG","2","2.95185538829744","0.0703794453112922","2","105429","1.89701125876182e-05","12","81755","0.000146780013454835","1.41240799930479","0.0611044030786888","2","105429","1.89701125876182e-05","6","118824","5.04948495253484e-05","FALSE","FALSE","V280S","2.18213169380111","0.0657419241949905","1"
"1427","V","280","T","GTG","ACC","838","missense_variant","GTG","ACC","ACG","2","0.259977683659771","0.0574220325239187","14","105429","0.000132790788113327","13","81755","0.000159011681242737","-0.172554501416371","0.0534751510740491","14","105429","0.000132790788113327","14","118824","0.000117821315559146","FALSE","FALSE","V280T","0.0437115911217003","0.0554485917989839","1"
"1428","V","280","W","GT","TG","838","missense_variant","GTG","TGG","TGG","2","0.267357214025369","0.0574575540563268","15","105429","0.000142275844407137","14","81755","0.00017124334903064","0.0904799044174234","0.0547412729962293","15","105429","0.000142275844407137","18","118824","0.000151484548576045","FALSE","FALSE","V280W","0.178918559221396","0.0560994135262781","1"
"1429","V","280","Y","GTG","TAC","838","missense_variant","GTG","TAC","TAC","3","1.88146606040604","0.0652271026395604","7","105429","6.63953940566637e-05","20","81755","0.000244633355758058","1.47952219516332","0.0614274587428199","7","105429","6.63953940566637e-05","22","118824","0.000185147781592944","FALSE","FALSE","V280Y","1.68049412778468","0.0633272806911902","1"
"1430","V","289","A","T","C","866","missense_variant","GTC","GCC","GCC","1","0.366030947343342","0.0579325222510815","2","53899","3.71064398226312e-05","2","41821","4.78228641113316e-05","-1.1681781646858","0.048682694580341","2","53899","3.71064398226312e-05","1","60563","1.65117315852913e-05","FALSE","FALSE","V289A","-0.401073608671229","0.0533076084157112","0"
"1431","V","289","A","TC","CT","866","missense_variant","GTC","GCT","GCC","1","-2.0490065519355","0.0463076859068338","16","53899","0.00029685151858105","3","41821","7.17342961669974e-05","-2.1681781646858","0.0438691724931191","16","53899","0.00029685151858105","4","60563","6.60469263411654e-05","FALSE","FALSE","V289A","-2.10859235831065","0.0450884291999765","1"
"1432","V","289","C","GT","TG","865","missense_variant","GTC","TGC","TGC","2","1.17338586940095","0.0618187430006331","16","53899","0.00029685151858105","28","41821","0.000669520097558643","1.35538379137121","0.0608299157942942","16","53899","0.00029685151858105","46","60563","0.000759539652923402","FALSE","FALSE","V289C","1.26438483038608","0.0613243293974636","1"
"1433","V","289","D","T","A","866","missense_variant","GTC","GAC","GAC","1","-2.63396905265666","0.043491955989416","4","53899","7.42128796452624e-05","0.5","41821","1.19557160278329e-05","-3.1681781646858","0.0390556504058973","4","53899","7.42128796452624e-05","0.5","60563","8.25586579264567e-06","FALSE","FALSE","V289D","-2.90107360867123","0.0412738031976566","0"
"1434","V","289","D","TC","AT","866","missense_variant","GTC","GAT","GAC","1","-4.721431893907","0.0334439074968026","17","53899","0.000315404738492365","0.5","41821","1.19557160278329e-05","-5.25564100593614","0.0290076019132839","17","53899","0.000315404738492365","0.5","60563","8.25586579264567e-06","FALSE","FALSE","V289D","-4.98853644992157","0.0312257547050433","1"
"1435","V","289","E","TC","AG","866","missense_variant","GTC","GAG","GAG","2","-3.21893155337781","0.0406762260719982","6","53899","0.000111319319467894","0.5","41821","1.19557160278329e-05","-3.75314066540696","0.0362399204884795","6","53899","0.000111319319467894","0.5","60563","8.25586579264567e-06","FALSE","FALSE","V289E","-3.48603610939239","0.0384580732802388","1"
"1436","V","289","F","G","T","865","missense_variant","GTC","TTC","TTC","1","1.12684328346392","0.0615947092352288","36","53899","0.000667915916807362","61","41821","0.00145859735539561","1.03693626521881","0.0592970615935384","36","53899","0.000667915916807362","83","60563","0.00137047372157918","FALSE","FALSE","V289F","1.08188977434136","0.0604458854143836","1"
"1437","V","289","G","TC","GT","866","missense_variant","GTC","GGT","GGC","1","-6.12582214898633","0.0266838439848991","45","53899","0.000834894896009202","0.5","41821","1.19557160278329e-05","-6.66003126101548","0.0222475384013804","45","53899","0.000834894896009202","0.5","60563","8.25586579264567e-06","FALSE","FALSE","V289G","-6.3929267050009","0.0244656911931398","1"
"1438","V","289","H","GT","CA","865","missense_variant","GTC","CAC","CAC","2","-0.633969052656658","0.0531190001638597","34","53899","0.000630809476984731","17","41821","0.000406494344946319","-0.448286083878535","0.0521479110117228","34","53899","0.000630809476984731","28","60563","0.000462328484388158","FALSE","FALSE","V289H","-0.541127568267597","0.0526334555877913","1"
"1439","V","289","I","G","A","865","missense_variant","GTC","ATC","ATC","1","0.610449675009789","0.0591090371952346","65","53899","0.00120595929423551","77","41821","0.00184118026828627","0.740191359848632","0.0578686734372685","65","53899","0.00120595929423551","122","60563","0.00201443125340554","FALSE","FALSE","V289I","0.67532051742921","0.0584888553162516","1"
"1440","V","289","K","GTC","AAG","865","missense_variant","GTC","AAG","AAG","3","-4.44132397471426","0.0347922131526426","14","53899","0.000259745078758419","0.5","41821","1.19557160278329e-05","-4.9755330867434","0.0303559075691239","14","53899","0.000259745078758419","0.5","60563","8.25586579264567e-06","FALSE","FALSE","V289K","-4.70842853072883","0.0325740603608833","1"
"1441","V","289","L","GTC","CTG","865","missense_variant","GTC","CTG","CTC","1","2.59869170413362","0.0686794841171649","10","53899","0.000185532199113156","47","41821","0.00112383730661629","3.03345569648385","0.0689073519735003","10","53899","0.000185532199113156","92","60563","0.0015190793058468","FALSE","FALSE","V289L","2.81607370030873","0.0687934180453326","1"
"1442","V","289","M","GTC","ATG","865","missense_variant","GTC","ATG","ATG","2","2.64613886653608","0.0689078720813652","7","53899","0.000129872539379209","34","41821","0.000812988689892638","2.45073166795869","0.0661023969914395","7","53899","0.000129872539379209","43","60563","0.000710004458167528","FALSE","FALSE","V289M","2.54843526724739","0.0675051345364024","1"
"1443","V","289","N","GT","AA","865","missense_variant","GTC","AAC","AAC","2","2.42492463639691","0.0678430524985825","18","53899","0.000333957958403681","75","41821","0.00179335740417494","2.2766066779871","0.065264242506274","18","53899","0.000333957958403681","98","60563","0.00161814969535855","FALSE","FALSE","V289N","2.350765657192","0.0665536475024283","1"
"1444","V","289","P","GTC","CCT","865","missense_variant","GTC","CCT","CCC","2","-5.09340067129396","0.0316534275710936","22","53899","0.000408170838048943","0.5","41821","1.19557160278329e-05","-5.6276097833231","0.0272171219875749","22","53899","0.000408170838048943","0.5","60563","8.25586579264567e-06","FALSE","FALSE","V289P","-5.36050522730853","0.0294352747793343","1"
"1445","V","289","Q","GTC","CAG","865","missense_variant","GTC","CAG","CAG","3","-2.95589714754402","0.0419423479941784","5","53899","9.2766099556578e-05","0.5","41821","1.19557160278329e-05","-3.49010625957316","0.0375060424106597","5","53899","9.2766099556578e-05","0.5","60563","8.25586579264567e-06","FALSE","FALSE","V289Q","-3.22300170355859","0.0397241952024191","1"
"1446","V","289","R","GTC","AGA","865","missense_variant","GTC","AGA","CGC","2","0.164397086173691","0.0569619532068096","46","53899","0.000853448115920518","40","41821","0.000956457282226633","0.922969723372395","0.0587484811271564","46","53899","0.000853448115920518","98","60563","0.00161814969535855","FALSE","FALSE","V289R","0.543683404773043","0.057855217166983","1"
"1447","V","289","S","GT","AG","865","missense_variant","GTC","AGC","AGC","2","-2.26623726815617","0.0452620410562826","31","53899","0.000575149817250784","5","41821","0.000119557160278329","-4.12237447507268","0.0344626053903045","31","53899","0.000575149817250784","2","60563","3.30234631705827e-05","FALSE","FALSE","V289S","-3.19430587161442","0.0398623232232935","1"
"1448","V","289","T","GT","AC","865","missense_variant","GTC","ACC","ACC","2","0.422614475709709","0.058204888314646","25","53899","0.00046383049778289","26","41821","0.000621697233447311","0.614230400241573","0.0572623575760723","25","53899","0.00046383049778289","43","60563","0.000710004458167528","FALSE","FALSE","V289T","0.518422437975641","0.0577336229453591","1"
"1449","V","289","W","GTC","TGG","865","missense_variant","GTC","TGG","TGG","3","-5.91937127151891","0.0276775998435149","39","53899","0.000723575576541309","0.5","41821","1.19557160278329e-05","-6.45358038354805","0.0232412942599962","39","53899","0.000723575576541309","0.5","60563","8.25586579264567e-06","FALSE","FALSE","V289W","-6.18647582753348","0.0254594470517556","1"
"1450","V","289","Y","GT","TA","865","missense_variant","GTC","TAC","TAC","2","-2.37093464682286","0.0447580779115962","20","53899","0.000371064398226312","3","41821","7.17342961669974e-05","-2.90514375885201","0.0403217723280775","20","53899","0.000371064398226312","3","60563","4.95351947558741e-05","FALSE","FALSE","V289Y","-2.63803920283744","0.0425399251198369","1"
"1451","V","299","A","TG","CT","896","missense_variant","GTG","GCT","GCG","1","-1.24060641819618","0.0501989378059011","6","52915","0.000113389398091278","2","41679","4.79857962043235e-05","-3.77325234170004","0.0361431124904317","6","52915","0.000113389398091278","0.5","60292","8.29297419226431e-06","FALSE","TRUE","V299A","-2.50692937994811","0.0431710251481664","1"
"1452","V","299","C","GTG","TGC","895","missense_variant","GTG","TGC","TGC","3","-0.857277778644677","0.052044098679047","23","52915","0.000434659359349901","10","41679","0.000239928981021618","-0.904496874978294","0.0499519302923352","23","52915","0.000434659359349901","14","60292","0.000232203277383401","FALSE","TRUE","V299C","-0.880887326811486","0.0509980144856911","1"
"1453","V","299","D","TG","AT","896","missense_variant","GTG","GAT","GAT","2","-5.56253451308354","0.0293952414617762","30","52915","0.000566946990456392","0.5","41679","1.19964490510809e-05","-6.0951804365874","0.0249664603207504","30","52915","0.000566946990456392","0.5","60292","8.29297419226431e-06","FALSE","TRUE","V299D","-5.82885747483548","0.0271808508912633","1"
"1454","V","299","E","T","A","896","missense_variant","GTG","GAG","GAG","1","-3.24060641819618","0.0405718936314574","6","52915","0.000113389398091278","0.5","41679","1.19964490510809e-05","-3.77325234170004","0.0361431124904317","6","52915","0.000113389398091278","0.5","60292","8.29297419226431e-06","FALSE","TRUE","V299E","-3.50692937994811","0.0383575030609445","1"
"1455","V","299","F","GTG","TTC","895","missense_variant","GTG","TTC","TTC","2","-3.82556891891734","0.0377561637140396","9","52915","0.000170084097136918","0.5","41679","1.19964490510809e-05","-4.3582148424212","0.0333273825730139","9","52915","0.000170084097136918","0.5","60292","8.29297419226431e-06","FALSE","TRUE","V299F","-4.09189188066927","0.0355417731435267","1"
"1456","V","299","G","TG","GT","896","missense_variant","GTG","GGT","GGG","1","-5.35608363561612","0.030388997320392","26","52915","0.00049135405839554","0.5","41679","1.19964490510809e-05","-5.88872955911998","0.0259602161793662","26","52915","0.00049135405839554","0.5","60292","8.29297419226431e-06","FALSE","TRUE","V299G","-5.62240659736805","0.0281746067498791","1"
"1457","V","299","H","GTG","CAC","895","missense_variant","GTG","CAC","CAC","3","-2.46299883953263","0.0443149248865455","28","52915","0.000529150524425966","4","41679","9.5971592408647e-05","-2.99564476303649","0.0398861437455198","28","52915","0.000529150524425966","4","60292","6.63437935381145e-05","FALSE","TRUE","V299H","-2.72932180128456","0.0421005343160327","1"
"1458","V","299","I","GTG","ATC","895","missense_variant","GTG","ATC","ATC","2","1.8495913907754","0.0650736732132703","31","52915","0.000585845223471605","88","41679","0.00211137503299024","1.69040386279898","0.0624425423077744","31","52915","0.000585845223471605","114","60292","0.00189079811583626","FALSE","TRUE","V299I","1.76999762678719","0.0637581077605224","1"
"1459","V","299","K","GT","AA","895","missense_variant","GTG","AAG","AAG","2","-6.11507553611232","0.026735573043331","44","52915","0.000831522252669375","0.5","41679","1.19964490510809e-05","-6.64772145961618","0.0223067919023052","44","52915","0.000831522252669375","0.5","60292","8.29297419226431e-06","FALSE","TRUE","V299K","-6.38139849786425","0.0245211824728181","1"
"1460","V","299","L","G","C","895","missense_variant","GTG","CTG","CTG","1","3.19235298907992","0.0715370858245825","5","52915","9.44911650760654e-05","36","41679","0.000863744331677823","3.29713698619136","0.0701765876854945","5","52915","9.44911650760654e-05","56","60292","0.000928813109533603","FALSE","TRUE","V299L","3.24474498763564","0.0708568367550385","1"
"1461","V","299","M","G","A","895","missense_variant","GTG","ATG","ATG","1","-3.24060641819618","0.0405718936314574","6","52915","0.000113389398091278","0.5","41679","1.19964490510809e-05","-3.77325234170004","0.0361431124904317","6","52915","0.000113389398091278","0.5","60292","8.29297419226431e-06","FALSE","TRUE","V299M","-3.50692937994811","0.0383575030609445","1"
"1462","V","299","N","GTG","AAC","895","missense_variant","GTG","AAC","AAC","3","-1.46299883953263","0.0491284469737674","21","52915","0.000396862893319475","6","41679","0.000143957388612971","-1.12117564512035","0.0489089422464244","21","52915","0.000396862893319475","11","60292","0.000182445432229815","FALSE","TRUE","V299N","-1.29208724232649","0.0490186946100959","1"
"1463","V","299","P","GTG","CCT","895","missense_variant","GTG","CCT","CCG","2","-3.65564391747503","0.0385741014616534","8","52915","0.000151185864121705","0.5","41679","1.19964490510809e-05","-4.18828984097889","0.0341453203206276","8","52915","0.000151185864121705","0.5","60292","8.29297419226431e-06","FALSE","TRUE","V299P","-3.92196687922696","0.0363597108911405","1"
"1464","V","299","Q","GT","CA","895","missense_variant","GTG","CAG","CAG","2","-4.35608363561612","0.0352025194076138","13","52915","0.00024567702919777","0.5","41679","1.19964490510809e-05","-4.88872955911998","0.030773738266588","13","52915","0.00024567702919777","0.5","60292","8.29297419226431e-06","FALSE","TRUE","V299Q","-4.62240659736805","0.0329881288371009","1"
"1465","V","299","R","GTG","AGA","895","missense_variant","GTG","AGA","AGG","2","-4.74310675872537","0.0333395750562619","17","52915","0.000321269961258622","0.5","41679","1.19964490510809e-05","-5.27575268222922","0.0289107939152361","17","52915","0.000321269961258622","0.5","60292","8.29297419226431e-06","FALSE","TRUE","V299R","-5.00942972047729","0.031125184485749","1"
"1466","V","299","S","GTG","AGC","895","missense_variant","GTG","AGC","TCG","2","-4.97757201236239","0.032210971379194","20","52915","0.000377964660304262","0.5","41679","1.19964490510809e-05","-5.51021793586625","0.0277821902381682","20","52915","0.000377964660304262","0.5","60292","8.29297419226431e-06","FALSE","TRUE","V299S","-5.24389497411432","0.0299965808086811","1"
"1467","V","299","T","GTG","ACC","895","missense_variant","GTG","ACC","ACG","2","-0.203131712777519","0.0551928452153678","19","52915","0.000359066427289048","13","41679","0.000311907675328103","-0.628862432364867","0.051278702769854","19","52915","0.000359066427289048","14","60292","0.000232203277383401","FALSE","TRUE","V299T","-0.415997072571193","0.0532357739926109","1"
"1468","V","299","W","GT","TG","895","missense_variant","GTG","TGG","TGG","2","-6.04796134025379","0.0270586287074622","42","52915","0.000793725786638949","0.5","41679","1.19964490510809e-05","-6.58060726375765","0.0226298475664364","42","52915","0.000793725786638949","0.5","60292","8.29297419226431e-06","FALSE","TRUE","V299W","-6.31428430200572","0.0248442381369493","1"
"1469","V","299","Y","GTG","TAC","895","missense_variant","GTG","TAC","TAC","3","-4.90357143091861","0.0325671748124409","19","52915","0.000359066427289048","0.5","41679","1.19964490510809e-05","-5.43621735442247","0.0281383936714151","19","52915","0.000359066427289048","0.5","60292","8.29297419226431e-06","FALSE","TRUE","V299Y","-5.16989439267054","0.030352784241928","1"
"1470","V","304","A","TC","CT","911","missense_variant","GTC","GCT","GCC","1","-0.0757964289973304","0.0558057764163264","4","52667","7.59488863994532e-05","3","41631","7.20616848021907e-05","0.391810745509008","0.0561917356553848","4","52667","7.59488863994532e-05","6","60212","9.9647910715472e-05","FALSE","FALSE","V304A","0.158007158255839","0.0559987560358556","1"
"1471","V","304","C","GT","TG","910","missense_variant","GTC","TGC","TGC","2","-2.24572143043964","0.045360794494269","3","52667","5.69616647995899e-05","0.5","41631","1.20102808003651e-05","-2.7781142559333","0.0409332316461055","3","52667","5.69616647995899e-05","0.5","60212","8.30399255962267e-06","FALSE","FALSE","V304C","-2.51191784318647","0.0431470130701872","1"
"1472","V","304","D","TC","AT","911","missense_variant","GTC","GAT","GAC","1","-6.72684812017626","0.0237907921975825","67","52667","0.00127214384719084","0.5","41631","1.20102808003651e-05","-7.25924094566992","0.019363229349419","67","52667","0.00127214384719084","0.5","60212","8.30399255962267e-06","FALSE","FALSE","V304D","-6.99304453292309","0.0215770107735007","1"
"1473","V","304","E","TC","AG","911","missense_variant","GTC","GAG","GAG","2","-5.51873992484606","0.0296060476795581","29","52667","0.000550629426396036","0.5","41631","1.20102808003651e-05","-6.05113275033972","0.0251784848313947","29","52667","0.000550629426396036","0.5","60212","8.30399255962267e-06","FALSE","FALSE","V304E","-5.78493633759289","0.0273922662554764","1"
"1474","V","304","F","G","T","910","missense_variant","GTC","TTC","TTC","1","-2.98268702460585","0.0418133943292274","10","52667","0.000189872215998633","1","41631","2.40205616007302e-05","-4.51507985009951","0.0325723093938421","10","52667","0.000189872215998633","0.5","60212","8.30399255962267e-06","FALSE","FALSE","V304F","-3.74888343735268","0.0371928518615347","1"
"1475","V","304","G","TC","GT","911","missense_variant","GTC","GGT","GGC","1","-6.01831093433657","0.0272013515912398","41","52667","0.000778476085594395","0.5","41631","1.20102808003651e-05","-6.55070375983023","0.0227737887430764","41","52667","0.000778476085594395","0.5","60212","8.30399255962267e-06","FALSE","FALSE","V304G","-6.2845073470834","0.0249875701671581","1"
"1476","V","304","H","GT","CA","910","missense_variant","GTC","CAC","CAC","2","2.00220608300394","0.065808287405147","6","52667","0.00011392332959918","19","41631","0.000456390670413874","2.61420316684546","0.0668892706619622","6","52667","0.00011392332959918","42","60212","0.000697535375008304","FALSE","FALSE","V304H","2.3082046249247","0.0663487790335546","1"
"1477","V","304","I","G","A","910","missense_variant","GTC","ATC","ATC","1","-3.66075892971849","0.0385494802372431","8","52667","0.000151897772798906","0.5","41631","1.20102808003651e-05","-3.19315175521215","0.0389354394763015","8","52667","0.000151897772798906","1","60212","1.66079851192453e-05","FALSE","FALSE","V304I","-3.42695534246532","0.0387424598567723","1"
"1478","V","304","K","GTC","AAG","910","missense_variant","GTC","AAG","AAG","3","-6.41564643188195","0.0252887683977678","54","52667","0.00102530996639262","0.5","41631","1.20102808003651e-05","-5.94803925737562","0.0256747276368262","54","52667","0.00102530996639262","1","60212","1.66079851192453e-05","FALSE","FALSE","V304K","-6.18184284462879","0.025481748017297","1"
"1479","V","304","L","GTC","CTG","910","missense_variant","GTC","CTG","CTC","1","0.846201059001397","0.0602438316891714","19","52667","0.000360757210397403","27","41631","0.000648555163219716","0.91647273596235","0.0587172077347578","19","52667","0.000360757210397403","41","60212","0.000680927389889059","FALSE","FALSE","V304L","0.881336897481873","0.0594805197119646","1"
"1480","V","304","M","GTC","ATG","910","missense_variant","GTC","ATG","ATG","2","0.56751005795463","0.0589023464001228","35","52667","0.000664552755995215","41","41631","0.000984843025629939","0.962967446705134","0.0589410110518571","35","52667","0.000664552755995215","78","60212","0.00129542283930114","FALSE","FALSE","V304M","0.765238752329882","0.05892167872599","1"
"1481","V","304","N","GT","AA","910","missense_variant","GTC","AAC","AAC","2","-4.24572143043964","0.0357337503198253","12","52667","0.000227846659198359","0.5","41631","1.20102808003651e-05","-4.7781142559333","0.0313061874716618","12","52667","0.000227846659198359","0.5","60212","8.30399255962267e-06","FALSE","FALSE","V304N","-4.51191784318647","0.0335199688957436","1"
"1482","V","304","P","GTC","CCT","910","missense_variant","GTC","CCT","CCC","2","-5.46811385177609","0.0298497374004697","28","52667","0.000531642204796172","0.5","41631","1.20102808003651e-05","-6.00050667726975","0.0254221745523063","28","52667","0.000531642204796172","0.5","60212","8.30399255962267e-06","FALSE","FALSE","V304P","-5.73431026452292","0.027635955976388","1"
"1483","V","304","Q","GTC","CAG","910","missense_variant","GTC","CAG","CAG","3","-0.535228047634628","0.0535942921724477","22","52667","0.000417718875196992","12","41631","0.000288246739208763","-0.845228451791841","0.050237220156418","22","52667","0.000417718875196992","14","60212","0.000232511791669435","FALSE","FALSE","V304Q","-0.690228249713234","0.0519157561644329","1"
"1484","V","304","R","GTC","AGA","910","missense_variant","GTC","AGA","CGC","2","-5.36119864785958","0.0303643760959817","26","52667","0.000493667761596446","0.5","41631","1.20102808003651e-05","-5.89359147335324","0.0259368132478182","26","52667","0.000493667761596446","0.5","60212","8.30399255962267e-06","FALSE","FALSE","V304R","-5.62739506060641","0.0281505946718999","1"
"1485","V","304","S","GT","AG","910","missense_variant","GTC","AGC","AGC","2","-1.66075892971849","0.0481765244116868","2","52667","3.79744431997266e-05","0.5","41631","1.20102808003651e-05","-2.19315175521215","0.0437489615635233","2","52667","3.79744431997266e-05","0.5","60212","8.30399255962267e-06","FALSE","FALSE","V304S","-1.92695534246532","0.0459627429876051","1"
"1486","V","304","T","GT","AC","910","missense_variant","GTC","ACC","ACC","2","2.95395091439672","0.0703895321724554","8","52667","0.000151897772798906","49","41631","0.00117700751843578","3.16440024940594","0.0695376564711921","8","52667","0.000151897772798906","82","60212","0.00136185477977812","FALSE","FALSE","V304T","3.05917558190133","0.0699635943218238","1"
"1487","V","304","W","GTC","TGG","910","missense_variant","GTC","TGG","TGG","3","-4.46811385177609","0.0346632594876915","14","52667","0.000265821102398086","0.5","41631","1.20102808003651e-05","-5.00050667726975","0.0302356966395281","14","52667","0.000265821102398086","0.5","60212","8.30399255962267e-06","FALSE","FALSE","V304W","-4.73431026452292","0.0324494780636098","1"
"1488","V","304","Y","GT","TA","910","missense_variant","GTC","TAC","TAC","2","-1.03927055297222","0.0511680724401066","13","52667","0.000246833880798223","5","41631","0.000120102808003651","-1.30862897263208","0.0480066315141234","13","52667","0.000246833880798223","6","60212","9.9647910715472e-05","FALSE","FALSE","V304Y","-1.17394976280215","0.049587351977115","1"
"1489","W","261","A","TGG","GCT","781","missense_variant","TGG","GCT","GCG","2","-4.61399399298294","0.0339610622059053","16","54099","0.000295754080482079","0.5","41399","1.20775864151308e-05","-5.15865996630529","0.0294744222895888","16","54099","0.000295754080482079","0.5","60388","8.27979068689144e-06","FALSE","FALSE","W261A","-4.88632697964412","0.031717742247747","1"
"1490","W","261","C","G","C","783","missense_variant","TGG","TGC","TGC","1","-0.613993992982945","0.0532151505547927","56","54099","0.00103513928168728","28","41399","0.000676344839247325","-0.966014888362891","0.0496558119761464","56","54099","0.00103513928168728","32","60388","0.000529906603961052","FALSE","FALSE","W261C","-0.790004440672918","0.0514354812654696","1"
"1491","W","261","C","G","T","783","missense_variant","TGG","TGT","TGC","1","-2.93592208787031","0.0420384983851114","5","54099","9.24231501506497e-05","0.5","41399","1.20775864151308e-05","-3.48058806119265","0.0375518584687949","5","54099","9.24231501506497e-05","0.5","60388","8.27979068689144e-06","FALSE","FALSE","W261C","-3.20825507453148","0.0397951784269532","0"
"1492","W","261","D","TGG","GAT","781","missense_variant","TGG","GAT","GAT","3","-6.10584708931262","0.0267799943758321","45","54099","0.000831808351355848","0.5","41399","1.20775864151308e-05","-6.65051306263496","0.0222933544595156","45","54099","0.000831808351355848","0.5","60388","8.27979068689144e-06","FALSE","FALSE","W261D","-6.37818007597379","0.0245366744176739","1"
"1493","W","261","E","TG","GA","781","missense_variant","TGG","GAG","GAG","2","-4.07342561162024","0.0365631000492484","11","54099","0.000203330930331429","0.5","41399","1.20775864151308e-05","-4.61809158494258","0.0320764601329319","11","54099","0.000203330930331429","0.5","60388","8.27979068689144e-06","FALSE","FALSE","W261E","-4.34575859828141","0.0343197800910902","1"
"1494","W","261","F","GG","TC","782","missense_variant","TGG","TTC","TTC","2","1.97096850773821","0.0656579246466542","1","54099","1.84846300301299e-05","3","41399","7.24655184907848e-05","0.841340033694714","0.0583555548129198","1","54099","1.84846300301299e-05","2","60388","3.31191627475657e-05","FALSE","FALSE","W261F","1.40615427071646","0.062006739729787","1"
"1495","W","261","G","TGG","GGT","781","missense_variant","TGG","GGT","GGG","1","-6.16858284466058","0.0264780144318062","47","54099","0.000868777611416107","0.5","41399","1.20775864151308e-05","-6.71324881798292","0.0219913745154896","47","54099","0.000868777611416107","0.5","60388","8.27979068689144e-06","FALSE","FALSE","W261G","-6.44091583132175","0.0242346944736479","1"
"1496","W","261","H","TGG","CAC","781","missense_variant","TGG","CAC","CAC","3","1.41348674343916","0.0629744738609773","26","54099","0.000480600380783379","53","41399","0.00128022416000386","2.04779091116214","0.0641628327587575","26","54099","0.000480600380783379","120","60388","0.00198714976485394","FALSE","FALSE","W261H","1.73063882730065","0.0635686533098674","1"
"1497","W","261","I","TGG","ATC","781","missense_variant","TGG","ATC","ATC","3","2.45639533490845","0.0679945374009682","10","54099","0.000184846300301299","42","41399","0.00101451725887099","2.27429944097082","0.0652531365699357","10","54099","0.000184846300301299","54","60388","0.000894217394184275","FALSE","FALSE","W261I","2.36534738793964","0.0666238369854519","1"
"1498","W","261","K","TG","AA","781","missense_variant","TGG","AAG","AAG","2","-2.1989564937041","0.045585898550153","3","54099","5.54538900903898e-05","0.5","41399","1.20775864151308e-05","-2.74362246702644","0.0410992586338365","3","54099","5.54538900903898e-05","0.5","60388","8.27979068689144e-06","FALSE","FALSE","W261K","-2.47128948036527","0.0433425785919948","1"
"1499","W","261","L","G","T","782","missense_variant","TGG","TTG","TTG","1","-3.1989564937041","0.0407723764629312","6","54099","0.00011090778018078","0.5","41399","1.20775864151308e-05","-3.74362246702644","0.0362857365466146","6","54099","0.00011090778018078","0.5","60388","8.27979068689144e-06","FALSE","FALSE","W261L","-3.47128948036527","0.0385290565047729","0"
"1500","W","261","L","TG","CT","781","missense_variant","TGG","CTG","TTG","1","2.70793410190442","0.0692053248116958","9","54099","0.00016636167027117","45","41399","0.00108698277736177","2.69378284528086","0.0672723292018051","9","54099","0.00016636167027117","65","60388","0.00107637278929589","FALSE","FALSE","W261L","2.70085847359264","0.0682388270067504","1"
"1501","W","261","M","TG","AT","781","missense_variant","TGG","ATG","ATG","2","1.79318138852293","0.0648021424214879","23","54099","0.000425146490692989","61","41399","0.00147346554264596","2.28356236229979","0.0652977238463449","23","54099","0.000425146490692989","125","60388","0.00206994767172286","FALSE","FALSE","W261M","2.03837187541136","0.0650499331339164","1"
"1502","W","261","N","TGG","AAC","781","missense_variant","TGG","AAC","AAC","3","-0.613993992982944","0.0532151505547927","8","54099","0.00014787704024104","4","41399","9.66206913210464e-05","-3.15865996630529","0.0391014664640325","8","54099","0.00014787704024104","1","60388","1.65595813737829e-05","FALSE","FALSE","W261N","-1.88632697964412","0.0461583085094126","1"
"1503","W","261","P","TGG","CCT","781","missense_variant","TGG","CCT","CCG","2","-5.25785018275767","0.0308618462154302","25","54099","0.000462115750753249","0.5","41399","1.20775864151308e-05","-5.80251615608001","0.0263752062991136","25","54099","0.000462115750753249","0.5","60388","8.27979068689144e-06","FALSE","FALSE","W261P","-5.53018316941884","0.0286185262572719","1"
"1504","W","261","Q","TG","CA","781","missense_variant","TGG","CAG","CAG","2","-2.57746811695783","0.043763924491351","39","54099","0.000720900571175068","5","41399","0.000120775864151308","-1.53717158955902","0.0469065365796741","39","54099","0.000720900571175068","15","60388","0.000248393720606743","FALSE","FALSE","W261Q","-2.05731985325842","0.0453352305355126","1"
"1505","W","261","R","TGG","AGA","781","missense_variant","TGG","AGA","AGG","1","-5.52088458859146","0.0295957242932499","30","54099","0.000554538900903898","0.5","41399","1.20775864151308e-05","-6.06555056191381","0.0251090843769334","30","54099","0.000554538900903898","0.5","60388","8.27979068689144e-06","FALSE","FALSE","W261R","-5.79321757525263","0.0273524043350917","1"
"1506","W","261","S","TGG","AGC","781","missense_variant","TGG","AGC","TCG","1","-0.0290314922617884","0.0560308804722105","20","54099","0.000369692600602599","15","41399","0.000362327592453924","0.163268128582076","0.0550916407209356","20","54099","0.000369692600602599","25","60388","0.000413989534344572","FALSE","FALSE","W261S","0.0671183181601437","0.055561260596573","1"
"1507","W","261","T","TGG","ACC","781","missense_variant","TGG","ACC","ACG","2","-4.42134891504055","0.0348883635435756","14","54099","0.000258784820421819","0.5","41399","1.20775864151308e-05","-4.96601488836289","0.0304017236272591","14","54099","0.000258784820421819","0.5","60388","8.27979068689144e-06","FALSE","FALSE","W261T","-4.69368190170172","0.0326450435854173","1"
"1508","W","261","V","TG","GT","781","missense_variant","TGG","GTG","GTG","2","-2.93592208787031","0.0420384983851114","5","54099","9.24231501506497e-05","0.5","41399","1.20775864151308e-05","-1.48058806119265","0.0471789026432386","5","54099","9.24231501506497e-05","2","60388","3.31191627475657e-05","FALSE","FALSE","W261V","-2.20825507453148","0.044608700514175","1"
"1509","W","261","Y","GG","AC","782","missense_variant","TGG","TAC","TAC","2","-1.61399399298294","0.0484016284675708","4","54099","7.39385201205198e-05","1","41399","2.41551728302616e-05","-0.57369746558413","0.051544240555894","4","54099","7.39385201205198e-05","3","60388","4.96787441213486e-05","FALSE","FALSE","W261Y","-1.09384572928354","0.0499729345117324","1"
"1510","Y","253","A","TAC","GCT","757","missense_variant","TAC","GCT","GCC","2","-2.98415606906779","0.0418063230512627","41","53544","0.000765725384730315","4","41334","9.67726326994726e-05","-3.20547705844294","0.0388761113569684","41","53544","0.000765725384730315","5","60234","8.30095959092871e-05","FALSE","TRUE","Y253A","-3.09481656375537","0.0403412172041155","1"
"1511","Y","253","C","A","G","758","missense_variant","TAC","TGC","TGC","1","-4.98415606906779","0.032179278876819","41","53544","0.000765725384730315","1","41334","2.41931581748681e-05","-6.5274051533303","0.0228859371000653","41","53544","0.000765725384730315","0.5","60234","8.30095959092871e-06","FALSE","TRUE","Y253C","-5.75578061119905","0.0275326079884421","1"
"1512","Y","253","D","TAC","GAT","757","missense_variant","TAC","GAT","GAC","1","-6.3270437825908","0.0257152592071172","52","53544","0.00097116390258479","0.5","41334","1.20965790874341e-05","-6.87029286685331","0.0212354395175853","52","53544","0.00097116390258479","0.5","60234","8.30095959092871e-06","FALSE","TRUE","Y253D","-6.59866832472206","0.0234753493623512","1"
"1513","Y","253","E","TAC","GAG","757","missense_variant","TAC","GAG","GAG","2","-4.62660406444971","0.0339003633483786","16","53544","0.000298819662333782","0.5","41334","1.20965790874341e-05","-5.16985314871222","0.0294205436588467","16","53544","0.000298819662333782","0.5","60234","8.30095959092871e-06","FALSE","TRUE","Y253E","-4.89822860658096","0.0316604535036126","1"
"1514","Y","253","F","A","T","758","missense_variant","TAC","TTC","TTC","1","-0.367869796049541","0.0543998748129314","112","53544","0.00209173763633647","67","41334","0.00162094159771617","-0.438049259661791","0.0521971861911932","112","53544","0.00209173763633647","93","60234","0.00154397848391274","TRUE","TRUE","Y253F","-0.402959527855666","0.0532985305020623","1"
"1515","Y","253","G","TAC","GGT","757","missense_variant","TAC","GGT","GGC","2","-1.94853215933707","0.0467913216148066","15","53544","0.00028014343343792","3","41334","7.25794745246044e-05","-1.07674374432074","0.0491228161823005","15","53544","0.00028014343343792","8","60234","0.000132815353454859","FALSE","TRUE","Y253G","-1.5126379518289","0.0479570688985535","1"
"1516","Y","253","H","T","C","757","missense_variant","TAC","CAC","CAC","1","-0.0972338896918702","0.0557025867257793","97","53544","0.00181159420289855","70","41334","0.00169352107224077","-0.887122941537505","0.0500355601046944","97","53544","0.00181159420289855","59","60234","0.000979513231729588","TRUE","TRUE","Y253H","-0.492178415614688","0.0528690734152368","1"
"1517","Y","253","I","TA","AT","757","missense_variant","TAC","ATC","ATC","2","-6.05286881915181","0.027035006449394","43","53544","0.000803077842522038","0.5","41334","1.20965790874341e-05","-6.59611790341432","0.0225551867598621","43","53544","0.000803077842522038","0.5","60234","8.30095959092871e-06","FALSE","TRUE","Y253I","-6.32449336128306","0.0247950966046281","1"
"1518","Y","253","K","TAC","AAG","757","missense_variant","TAC","AAG","AAG","2","-2.17680114701019","0.0456925438008142","41","53544","0.000765725384730315","7","41334","0.000169352107224077","-4.5274051533303","0.032512981274509","41","53544","0.000765725384730315","2","60234","3.32038383637148e-05","FALSE","TRUE","Y253K","-3.35210315017025","0.0391027625376616","1"
"1519","Y","253","L","TAC","CTG","757","missense_variant","TAC","CTG","CTC","2","-4.79652906589202","0.0330824256007648","18","53544","0.000336172120125504","0.5","41334","1.20965790874341e-05","-5.33977815015453","0.0286026059112329","18","53544","0.000336172120125504","0.5","60234","8.30095959092871e-06","FALSE","TRUE","Y253L","-5.06815360802328","0.0308425157559989","1"
"1520","Y","253","M","TAC","ATG","757","missense_variant","TAC","ATG","ATG","3","-0.764107588199644","0.0524925754486248","44","53544","0.000821754071417899","20","41334","0.000483863163497363","-0.459359765907204","0.052094607598691","44","53544","0.000821754071417899","36","60234","0.000597669090546867","FALSE","TRUE","Y253M","-0.611733677053424","0.0522935915236579","1"
"1521","Y","253","N","T","A","757","missense_variant","TAC","AAC","AAC","1","-2.21156656517087","0.0455251996926263","12","53544","0.000224114746750336","2","41334","4.83863163497363e-05","-2.16985314871222","0.0438611099205122","12","53544","0.000224114746750336","3","60234","4.98057575455723e-05","FALSE","TRUE","Y253N","-2.19070985694154","0.0446931548065693","1"
"1522","Y","253","P","TAC","CCT","757","missense_variant","TAC","CCT","CCC","2","-2.94853215933707","0.0419777995275847","5","53544","9.33811444793067e-05","0.5","41334","1.20965790874341e-05","-3.49178124359958","0.0374979798380528","5","53544","9.33811444793067e-05","0.5","60234","8.30095959092871e-06","FALSE","TRUE","Y253P","-3.22015670146833","0.0397378896828188","1"
"1523","Y","253","Q","TAC","CAG","757","missense_variant","TAC","CAG","CAG","2","-1.01126791468503","0.0513028637580024","94","53544","0.00175556551621097","36","41334","0.000870953694295253","-1.6800478810314","0.0462187983949314","94","53544","0.00175556551621097","33","60234","0.000547863333001295","FALSE","TRUE","Y253Q","-1.34565789785822","0.0487608310764669","1"
"1524","Y","253","R","TAC","AGA","757","missense_variant","TAC","AGA","CGC","2","-5.62660406444971","0.0290868412611568","32","53544","0.000597639324667563","0.5","41334","1.20965790874341e-05","-5.16985314871222","0.0294205436588467","32","53544","0.000597639324667563","1","60234","1.66019191818574e-05","FALSE","TRUE","Y253R","-5.39822860658096","0.0292536924600017","1"
"1525","Y","253","S","TA","AG","757","missense_variant","TAC","AGC","TCC","1","-0.726139738000623","0.0526753345341621","15","53544","0.00028014343343792","7","41334","0.000169352107224077","-0.906818742878425","0.0499407539299143","15","53544","0.00028014343343792","9","60234","0.000149417272636717","FALSE","TRUE","Y253S","-0.816479240439524","0.0513080442320382","1"
"1526","Y","253","T","TA","AC","757","missense_variant","TAC","ACC","ACC","2","-5.58080037483658","0.0293073183327858","31","53544","0.000578963095771702","0.5","41334","1.20965790874341e-05","-6.12404945909909","0.0248274986432539","31","53544","0.000578963095771702","0.5","60234","8.30095959092871e-06","FALSE","TRUE","Y253T","-5.85242491696784","0.0270674084880198","1"
"1527","Y","253","W","AC","GG","758","missense_variant","TAC","TGG","TGG","2","-4.94853215933707","0.032350755353141","20","53544","0.000373524577917227","0.5","41334","1.20965790874341e-05","-0.791341525458489","0.0504966060665361","20","53544","0.000373524577917227","13","60234","0.000215824949364146","FALSE","TRUE","Y253W","-2.86993684239778","0.0414236807098386","1"
"1528","Y","257","A","TAC","GCT","769","missense_variant","TAC","GCT","GCC","2","-5.01057412612498","0.0320521149756728","21","53899","0.000389617618137628","0.5","41368","1.20866370141172e-05","-5.55443222986681","0.0275693637574256","21","53899","0.000389617618137628","0.5","60309","8.2906365550747e-06","FALSE","FALSE","Y257A","-5.2825031779959","0.0298107393665492","1"
"1529","Y","257","C","A","G","770","missense_variant","TAC","TGC","TGC","1","-5.47623769847379","0.0298106330849571","29","53899","0.000538043377428153","0.5","41368","1.20866370141172e-05","-6.02009580221563","0.0253278818667099","29","53899","0.000538043377428153","0.5","60309","8.2906365550747e-06","FALSE","FALSE","Y257C","-5.74816675034471","0.0275692574758335","1"
"1530","Y","257","D","TAC","GAT","769","missense_variant","TAC","GAT","GAC","1","-4.52514729895474","0.0343887277299867","15","53899","0.000278298298669734","0.5","41368","1.20866370141172e-05","-5.06900540269657","0.0299059765117396","15","53899","0.000278298298669734","0.5","60309","8.2906365550747e-06","FALSE","FALSE","Y257D","-4.79707635082565","0.0321473521208631","1"
"1531","Y","257","E","TAC","GAG","769","missense_variant","TAC","GAG","GAG","2","-6.47623769847379","0.0249971109977353","58","53899","0.00107608675485631","0.5","41368","1.20866370141172e-05","-7.02009580221563","0.0205143597794881","58","53899","0.00107608675485631","0.5","60309","8.2906365550747e-06","FALSE","FALSE","Y257E","-6.74816675034471","0.0227557353886117","1"
"1532","Y","257","F","A","T","770","missense_variant","TAC","TTC","TTC","1","1.96670579737494","0.0656374059961691","4","53899","7.42128796452624e-05","12","41368","0.000290079288338813","2.59277269507541","0.0667861146127576","4","53899","7.42128796452624e-05","27","60309","0.000447694373974034","FALSE","FALSE","Y257F","2.27973924622518","0.0662117603044634","1"
"1533","Y","257","G","TAC","GGT","769","missense_variant","TAC","GGT","GGC","2","-5.70571954459656","0.0287060171500287","34","53899","0.000630809476984731","0.5","41368","1.20866370141172e-05","-6.24957764833839","0.0242232659317816","34","53899","0.000630809476984731","0.5","60309","8.2906365550747e-06","FALSE","FALSE","Y257G","-5.97764859646747","0.0264646415409052","1"
"1534","Y","257","H","T","C","769","missense_variant","TAC","CAC","CAC","1","-4.26211289312094","0.035654849652167","50","53899","0.00092766099556578","2","41368","4.83465480564688e-05","-4.22100849614162","0.0339878283513376","50","53899","0.00092766099556578","3","60309","4.97438193304482e-05","FALSE","FALSE","Y257H","-4.24156069463128","0.0348213390017523","1"
"1535","Y","257","I","TA","AT","769","missense_variant","TAC","ATC","ATC","2","-3.78818170478853","0.0379361278950283","9","53899","0.00016697897920184","0.5","41368","1.20866370141172e-05","-4.33203980853037","0.0334533766767812","9","53899","0.00016697897920184","0.5","60309","8.2906365550747e-06","FALSE","FALSE","Y257I","-4.06011075665945","0.0356947522859048","1"
"1536","Y","257","K","TAC","AAG","769","missense_variant","TAC","AAG","AAG","2","-5.47623769847379","0.0298106330849571","29","53899","0.000538043377428153","0.5","41368","1.20866370141172e-05","-6.02009580221563","0.0253278818667099","29","53899","0.000538043377428153","0.5","60309","8.2906365550747e-06","FALSE","FALSE","Y257K","-5.74816675034471","0.0275692574758335","1"
"1537","Y","257","L","TAC","CTG","769","missense_variant","TAC","CTG","CTC","2","-3.42561162540382","0.0396813669803124","7","53899","0.000129872539379209","0.5","41368","1.20866370141172e-05","-3.96946972914566","0.0351986157620652","7","53899","0.000129872539379209","0.5","60309","8.2906365550747e-06","FALSE","FALSE","Y257L","-3.69754067727474","0.0374399913711888","1"
"1538","Y","257","M","TAC","ATG","769","missense_variant","TAC","ATG","ATG","3","-4.52514729895474","0.0343887277299867","15","53899","0.000278298298669734","0.5","41368","1.20866370141172e-05","-5.06900540269657","0.0299059765117396","15","53899","0.000278298298669734","0.5","60309","8.2906365550747e-06","FALSE","FALSE","Y257M","-4.79707635082565","0.0321473521208631","1"
"1539","Y","257","N","T","A","769","missense_variant","TAC","AAC","AAC","1","-5.52514729895474","0.0295752056427649","30","53899","0.000556596597339468","0.5","41368","1.20866370141172e-05","-6.06900540269657","0.0250924544245177","30","53899","0.000556596597339468","0.5","60309","8.2906365550747e-06","FALSE","FALSE","Y257N","-5.79707635082565","0.0273338300336413","1"
"1540","Y","257","P","TAC","CCT","769","missense_variant","TAC","CCT","CCC","2","-5.42561162540382","0.0300543228058687","28","53899","0.000519490157516837","0.5","41368","1.20866370141172e-05","-5.96946972914566","0.0255715715876215","28","53899","0.000519490157516837","0.5","60309","8.2906365550747e-06","FALSE","FALSE","Y257P","-5.69754067727474","0.0278129471967451","1"
"1541","Y","257","Q","TAC","CAG","769","missense_variant","TAC","CAG","CAG","2","-3.94018479823358","0.0372044576474045","10","53899","0.000185532199113156","0.5","41368","1.20866370141172e-05","-4.48404290197542","0.0327217064291574","10","53899","0.000185532199113156","0.5","60309","8.2906365550747e-06","FALSE","FALSE","Y257Q","-4.2121138501045","0.034963082038281","1"
"1542","Y","257","R","TAC","AGA","769","missense_variant","TAC","AGA","CGC","2","-0.618256703346217","0.0531946319043076","42","53899","0.000779235236275256","21","41368","0.000507638754592922","-0.647541634258296","0.0511887900189683","42","53899","0.000779235236275256","30","60309","0.000497438193304482","FALSE","FALSE","Y257R","-0.632899168802256","0.052191710961638","1"
"1543","Y","257","S","TA","AG","769","missense_variant","TAC","AGC","TCC","1","-4.20321920406737","0.0359383357252243","12","53899","0.000222638638935787","0.5","41368","1.20866370141172e-05","-4.74707730780921","0.0314555845069771","12","53899","0.000222638638935787","0.5","60309","8.2906365550747e-06","FALSE","FALSE","Y257S","-4.47514825593829","0.0336969601161007","1"
"1544","Y","257","T","TA","AC","769","missense_variant","TAC","ACC","ACC","2","-5.14181865940323","0.0314203665159108","23","53899","0.000426724057960259","0.5","41368","1.20866370141172e-05","-5.68567676314507","0.0269376152976636","23","53899","0.000426724057960259","0.5","60309","8.2906365550747e-06","FALSE","FALSE","Y257T","-5.41374771127415","0.0291789909067872","1"
"1545","Y","257","V","TAC","GTG","769","missense_variant","TAC","GTG","GTC","2","-4.20321920406737","0.0359383357252243","12","53899","0.000222638638935787","0.5","41368","1.20866370141172e-05","-4.74707730780921","0.0314555845069771","12","53899","0.000222638638935787","0.5","60309","8.2906365550747e-06","FALSE","FALSE","Y257V","-4.47514825593829","0.0336969601161007","1"
"1546","Y","257","W","AC","GG","770","missense_variant","TAC","TGG","TGG","2","0.574388374596179","0.0589354553291998","7","53899","0.000129872539379209","8","41368","0.000193386192225875","0.489961889491639","0.0566641883548313","7","53899","0.000129872539379209","11","60309","0.000182394004211643","FALSE","FALSE","Y257W","0.532175132043909","0.0577998218420155","1"
"1547","Y","264","A","TAC","GCT","790","missense_variant","TAC","GCT","GCC","2","1.50804361277046","0.063429625440002","41","54270","0.000755481850009213","89","41419","0.00214877230256646","1.68681932892898","0.0624252880748187","41","54270","0.000755481850009213","147","60438","0.0024322446143155","FALSE","FALSE","Y264A","1.59743147084972","0.0629274567574104","1"
"1548","Y","264","C","A","G","791","missense_variant","TAC","TGC","TGC","1","4.55978718786445","0.0781192605432543","1","54270","1.84263865855906e-05","18","41419","0.000434583162316811","4.54513870685179","0.0761838715327844","1","54270","1.84263865855906e-05","26","60438","0.000430192924980972","FALSE","FALSE","Y264C","4.55246294735812","0.0771515660380194","1"
"1549","Y","264","D","TAC","GAT","790","missense_variant","TAC","GAT","GAC","1","0.612254607758589","0.0591177252788869","30","54270","0.000552791597567717","35","41419","0.000845022815616022","1.58166458287691","0.0619191233821209","30","54270","0.000552791597567717","100","60438","0.00165458817300374","FALSE","FALSE","Y264D","1.09695959531775","0.0605184243305039","1"
"1550","Y","264","E","TAC","GAG","790","missense_variant","TAC","GAG","GAG","2","3.9044353592519","0.0749647100413266","7","54270","0.000128984706099134","80","41419","0.00193148072140805","3.54513870685179","0.0713703494455625","7","54270","0.000128984706099134","91","60438","0.0015056752374334","FALSE","FALSE","Y264E","3.72478703305185","0.0731675297434446","1"
"1551","Y","264","F","A","T","791","missense_variant","TAC","TTC","TTC","1","-0.610137813577859","0.0532337123595314","4","54270","7.37055463423623e-05","2","41419","4.82870180352012e-05","-2.1553010112893","0.0439311569554137","4","54270","7.37055463423623e-05","1","60438","1.65458817300374e-05","FALSE","FALSE","Y264F","-1.38271941243358","0.0485824346574725","1"
"1552","Y","264","F","AC","TT","791","missense_variant","TAC","TTT","TTC","1","1.38986218642214","0.062860756533975","3","54270","5.52791597567717e-05","6","41419","0.000144861054105604","1.25973648798955","0.0603695153868833","3","54270","5.52791597567717e-05","8","60438","0.000132367053840299","FALSE","FALSE","Y264F","1.32479933720584","0.0616151359604292","0"
"1553","Y","264","G","TAC","GGT","790","missense_variant","TAC","GGT","GGC","2","0.711790281309504","0.0595968424419908","8","54270","0.000147411092684725","10","41419","0.000241435090176006","-0.347946089231695","0.0526308997921871","8","54270","0.000147411092684725","7","60438","0.000115821172110262","FALSE","FALSE","Y264G","0.181922096038905","0.0561138711170889","1"
"1554","Y","264","H","T","C","790","missense_variant","TAC","CAC","CAC","1","2.62252294321242","0.0687941963128366","10","54270","0.000184263865855906","47","41419","0.00113474492382723","2.47696720421021","0.0662286823246564","10","54270","0.000184263865855906","62","60438","0.00102584466726232","FALSE","FALSE","Y264H","2.54974507371132","0.0675114393187465","1"
"1555","Y","264","I","TA","AT","790","missense_variant","TAC","ATC","ATC","2","1.12682778058835","0.0615946346117948","6","54270","0.000110558319513543","10","41419","0.000241435090176006","0.719168106626842","0.0577674775435402","6","54270","0.000110558319513543","11","60438","0.000182004699030411","FALSE","FALSE","Y264I","0.922997943607595","0.0596810560776675","1"
"1556","Y","264","K","TAC","AAG","790","missense_variant","TAC","AAG","AAG","2","2.73563702326387","0.0693386734355401","12","54270","0.000221116639027087","61","41419","0.00147275405007364","2.44956104686956","0.0660967621809713","12","54270","0.000221116639027087","73","60438","0.00120784936629273","FALSE","FALSE","Y264K","2.59259903506672","0.0677177178082557","1"
"1557","Y","264","L","TAC","CTG","790","missense_variant","TAC","CTG","CTC","2","2.46025151431354","0.0680130992057068","5","54270","9.21319329279528e-05","21","41419","0.000507013689369613","1.69269589526565","0.0624535750566773","5","54270","9.21319329279528e-05","18","60438","0.000297825871140673","FALSE","FALSE","Y264L","2.0764737047896","0.0652333371311921","1"
"1558","Y","264","M","TAC","ATG","790","missense_variant","TAC","ATG","ATG","3","0.804899685700985","0.0600450266165572","12","54270","0.000221116639027087","16","41419","0.00038629614428161","0.581664582876907","0.057105601294899","12","54270","0.000221116639027087","20","60438","0.000330917634600748","FALSE","FALSE","Y264M","0.693282134288946","0.0585753139557281","1"
"1559","Y","264","Q","TAC","CAG","790","missense_variant","TAC","CAG","CAG","2","3.06793409153478","0.0709381927131812","5","54270","9.21319329279528e-05","32","41419","0.00077259228856322","2.61023373507368","0.0668701637144551","5","54270","9.21319329279528e-05","34","60438","0.000562559978821271","FALSE","FALSE","Y264Q","2.83908391330423","0.0689041782138181","1"
"1560","Y","264","R","TAC","AGA","790","missense_variant","TAC","AGA","CGC","2","1.76837380967587","0.0646827305927771","5","54270","9.21319329279528e-05","13","41419","0.000313865617228808","2.27765839598681","0.0652693049740951","5","54270","9.21319329279528e-05","27","60438","0.00044673880671101","FALSE","FALSE","Y264R","2.02301610283134","0.0649760177834361","1"
"1561","Y","264","S","TA","AG","790","missense_variant","TAC","AGC","TCC","1","1.7035226653259","0.0643705681770669","35","54270","0.00064492353049567","87","41419","0.00210048528453125","1.89532506178067","0.0634289350252127","35","54270","0.00064492353049567","145","60438","0.00239915285085542","FALSE","FALSE","Y264S","1.79942386355329","0.0638997516011398","1"
"1562","Y","264","T","TA","AC","790","missense_variant","TAC","ACC","ACC","2","2.19721710847975","0.0667469772835266","4","54270","7.37055463423623e-05","14","41419","0.000338009126246409","2.93216182996104","0.0684197717096926","4","54270","7.37055463423623e-05","34","60438","0.000562559978821271","FALSE","FALSE","Y264T","2.56468946922039","0.0675833744966096","1"
"1563","Y","264","V","TAC","GTG","790","missense_variant","TAC","GTG","GTC","2","-0.277562474490988","0.0548345710998913","27","54270","0.000497512437810945","17","41419","0.00041043965329921","0.259736487989545","0.0555559932996615","27","54270","0.000497512437810945","36","60438","0.000595651742281346","FALSE","FALSE","Y264V","-0.00891299325072117","0.0551952821997764","1"
"1564","Y","264","W","AC","GG","791","missense_variant","TAC","TGG","TGG","2","2.09030190456323","0.0662323385880146","4","54270","7.37055463423623e-05","13","41419","0.000313865617228808","3.05415235433965","0.0690069757932208","4","54270","7.37055463423623e-05","37","60438","0.000612197624011384","FALSE","FALSE","Y264W","2.57222712945144","0.0676196571906177","1"
"1565","Y","312","A","TA","GC","934","missense_variant","TAT","GCT","GCT","2","-1.84853156203435","0.0472726766986586","41","52625","0.000779097387173397","9","41602","0.000216335753088794","-3.2285122720236","0.038765230847614","41","52625","0.000779097387173397","5","60153","8.31213738300667e-05","FALSE","FALSE","Y312A","-2.53852191702897","0.0430189537731363","1"
"1566","Y","312","C","A","G","935","missense_variant","TAT","TGT","TGT","1","0.339095441141424","0.0578028675970481","1","52625","1.90023752969121e-05","1","41602","2.40373058987549e-05","-0.192888362292874","0.0533772735856016","1","52625","1.90023752969121e-05","1","60153","1.66242747660133e-05","FALSE","FALSE","Y312C","0.0731035394242751","0.0555900705913248","0"
"1567","Y","312","C","AT","GC","935","missense_variant","TAT","TGC","TGT","1","-5.98283265374594","0.0273721270784795","40","52625","0.000760095011876485","0.5","41602","1.20186529493774e-05","-6.51481645718024","0.0229465330670329","40","52625","0.000760095011876485","0.5","60153","8.31213738300667e-06","FALSE","FALSE","Y312C","-6.24882455546309","0.0251593300727562","1"
"1568","Y","312","D","T","G","934","missense_variant","TAT","GAT","GAT","1","1.66102353602879","0.0641659976795075","2","52625","3.80047505938242e-05","5","41602","0.000120186529493774","1.39207413842828","0.0610065255902412","2","52625","3.80047505938242e-05","6","60153","9.974564859608e-05","FALSE","FALSE","Y312D","1.52654883722853","0.0625862616348744","1"
"1569","Y","312","E","TAT","GAG","934","missense_variant","TAT","GAG","GAG","2","-6.21549341053621","0.0262522093868397","47","52625","0.000893111638954869","0.5","41602","1.20186529493774e-05","-6.74747721397051","0.0218266153753932","47","52625","0.000893111638954869","0.5","60153","8.31213738300667e-06","FALSE","FALSE","Y312E","-6.48148531225336","0.0240394123811165","1"
"1570","Y","312","F","A","T","935","missense_variant","TAT","TTT","TTT","1","-0.660904558858576","0.0529893455098263","1","52625","1.90023752969121e-05","0.5","41602","1.20186529493774e-05","-1.19288836229287","0.0485637514983797","1","52625","1.90023752969121e-05","0.5","60153","8.31213738300667e-06","FALSE","FALSE","Y312F","-0.926896460575725","0.050776548504103","0"
"1571","Y","312","F","AT","TC","935","missense_variant","TAT","TTC","TTT","1","1.99117213772112","0.0657551752658189","7","52625","0.000133016627078385","22","41602","0.000528820729772607","1.70019643379061","0.0624896790645333","7","52625","0.000133016627078385","26","60153","0.000432231143916347","FALSE","FALSE","Y312F","1.84568428575587","0.0641224271651761","1"
"1572","Y","312","G","TA","GG","934","missense_variant","TAT","GGT","GGT","2","-3.56779515446709","0.0389969634227272","15","52625","0.000285035629453682","1","41602","2.40373058987549e-05","-5.09977895790139","0.0297578473240588","15","52625","0.000285035629453682","0.5","60153","8.31213738300667e-06","FALSE","FALSE","Y312G","-4.33378705618424","0.034377405373393","1"
"1573","Y","312","H","TAT","CAC","934","missense_variant","TAT","CAC","CAT","1","-4.24586705957973","0.0357330493307429","12","52625","0.000228028503562945","0.5","41602","1.20186529493774e-05","-4.77785086301403","0.0313074553192964","12","52625","0.000228028503562945","0.5","60153","8.31213738300667e-06","FALSE","FALSE","Y312H","-4.51185896129688","0.0335202523250197","1"
"1574","Y","312","I","TAT","ATC","934","missense_variant","TAT","ATC","ATT","2","-5.18446651491559","0.0312150801214294","23","52625","0.000437054631828979","0.5","41602","1.20186529493774e-05","-4.71645031834989","0.0316030081972047","23","52625","0.000437054631828979","1","60153","1.66242747660133e-05","FALSE","FALSE","Y312I","-4.95045841663274","0.031409044159317","1"
"1575","Y","312","K","TAT","AAG","934","missense_variant","TAT","AAG","AAG","2","-3.46825948091618","0.039476080585831","7","52625","0.000133016627078385","0.5","41602","1.20186529493774e-05","-4.00024328435048","0.0350504865743845","7","52625","0.000133016627078385","0.5","60153","8.31213738300667e-06","FALSE","FALSE","Y312K","-3.73425138263333","0.0372632835801078","1"
"1576","Y","312","L","TAT","CTG","934","missense_variant","TAT","CTG","CTT","2","-3.05322198163734","0.0414738727556351","21","52625","0.000399049881235154","2","41602","4.80746117975097e-05","-2.26327769018427","0.0434114088266479","21","52625","0.000399049881235154","5","60153","8.31213738300667e-05","FALSE","FALSE","Y312L","-2.6582498359108","0.0424426407911415","1"
"1577","Y","312","M","TAT","ATG","934","missense_variant","TAT","ATG","ATG","3","-3.83082956030089","0.037730841500547","36","52625","0.000684085510688836","2","41602","4.80746117975097e-05","-6.36281336373519","0.0236782033146567","36","52625","0.000684085510688836","0.5","60153","8.31213738300667e-06","FALSE","FALSE","Y312M","-5.09682146201804","0.0307045224076018","1"
"1578","Y","312","N","T","A","934","missense_variant","TAT","AAT","AAT","1","-1.66090455885858","0.0481758234226044","2","52625","3.80047505938242e-05","0.5","41602","1.20186529493774e-05","-2.19288836229287","0.0437502294111579","2","52625","3.80047505938242e-05","0.5","60153","8.31213738300667e-06","FALSE","FALSE","Y312N","-1.92689646057572","0.0459630264168811","0"
"1579","Y","312","N","TAT","AAC","934","missense_variant","TAT","AAC","AAT","1","-6.33332990083007","0.0256850008381295","51","52625","0.000969121140142518","0.5","41602","1.20186529493774e-05","-6.86531370426437","0.021259406826683","51","52625","0.000969121140142518","0.5","60153","8.31213738300667e-06","FALSE","FALSE","Y312N","-6.59932180254722","0.0234722038324063","1"
"1580","Y","312","P","TA","CC","934","missense_variant","TAT","CCT","CCT","2","-1.66090455885858","0.0481758234226044","2","52625","3.80047505938242e-05","0.5","41602","1.20186529493774e-05","-2.19288836229287","0.0437502294111579","2","52625","3.80047505938242e-05","0.5","60153","8.31213738300667e-06","FALSE","FALSE","Y312P","-1.92689646057572","0.0459630264168811","1"
"1581","Y","312","Q","TAT","CAG","934","missense_variant","TAT","CAG","CAG","2","-5.41579206102204","0.0301015894959073","27","52625","0.000513064133016627","0.5","41602","1.20186529493774e-05","-5.94777586445634","0.0256759954844608","27","52625","0.000513064133016627","0.5","60153","8.31213738300667e-06","FALSE","FALSE","Y312Q","-5.68178396273919","0.027888792490184","1"
"1582","Y","312","R","TAT","AGA","934","missense_variant","TAT","AGA","CGT","2","-1.66090455885858","0.0481758234226044","2","52625","3.80047505938242e-05","0.5","41602","1.20186529493774e-05","-2.19288836229287","0.0437502294111579","2","52625","3.80047505938242e-05","0.5","60153","8.31213738300667e-06","FALSE","FALSE","Y312R","-1.92689646057572","0.0459630264168811","1"
"1583","Y","312","S","TAT","AGC","934","missense_variant","TAT","AGC","TCT","1","-5.36134427699967","0.0303636751068993","26","52625","0.000494061757719715","0.5","41602","1.20186529493774e-05","-5.89332808043397","0.0259380810954528","26","52625","0.000494061757719715","0.5","60153","8.31213738300667e-06","FALSE","FALSE","Y312S","-5.62733617871682","0.028150878101176","1"
"1584","Y","312","T","TAT","ACC","934","missense_variant","TAT","ACC","ACT","2","-2.24586705957973","0.0453600935051866","6","52625","0.000114014251781473","1","41602","2.40373058987549e-05","-3.77785086301403","0.0361209774065182","6","52625","0.000114014251781473","0.5","60153","8.31213738300667e-06","FALSE","FALSE","Y312T","-3.01185896129688","0.0407405354558524","1"
"1585","Y","312","V","TAT","GTG","934","missense_variant","TAT","GTG","GTT","2","-4.74836740010891","0.0333142528427692","17","52625","0.000323040380047506","0.5","41602","1.20186529493774e-05","-5.28035120354321","0.0288886588313227","17","52625","0.000323040380047506","0.5","60153","8.31213738300667e-06","FALSE","FALSE","Y312V","-5.01435930182606","0.0311014558370459","1"
"1586","Y","312","W","AT","GG","935","missense_variant","TAT","TGG","TGG","2","-6.15275765518825","0.0265541893308657","45","52625","0.000855106888361045","0.5","41602","1.20186529493774e-05","-6.68474145862255","0.0221285953194192","45","52625","0.000855106888361045","0.5","60153","8.31213738300667e-06","FALSE","FALSE","Y312W","-6.4187495569054","0.0243413923251424","1"
"1587","Y","320","C","A","G","959","missense_variant","TAC","TGC","TGC","1","1.7273072557155","0.0644850558282427","34","51808","0.000656269302038295","90","41418","0.00217296827466319","1.57544885862892","0.0618892038561651","34","51808","0.000656269302038295","117","59820","0.00195586760280843","FALSE","FALSE","Y320C","1.65137805717221","0.0631871298422039","1"
"1588","Y","320","D","TAC","GAT","958","missense_variant","TAC","GAT","GAC","1","0.467306909971339","0.058420016334096","19","51808","0.000366738727609636","21","41418","0.000507025930754744","-0.207453019704149","0.0533071662854596","19","51808","0.000366738727609636","19","59820","0.000317619525242394","FALSE","FALSE","Y320D","0.129926945133595","0.0558635913097778","1"
"1589","Y","320","E","TAC","GAG","958","missense_variant","TAC","GAG","GAG","2","1.64484509552353","0.0640881223987986","4","51808","7.72081531809759e-05","10","41418","0.000241440919407021","1.25197859893315","0.0603321726165601","4","51808","7.72081531809759e-05","11","59820","0.000183884988298228","FALSE","FALSE","Y320E","1.44841184722834","0.0622101475076794","1"
"1590","Y","320","F","A","T","959","missense_variant","TAC","TTC","TTC","1","0.944405377382434","0.060716540344759","13","51808","0.000250926497838172","20","41418","0.000482881838814042","1.67706976287592","0.0623783583232815","13","51808","0.000250926497838172","48","59820","0.000802407221664995","FALSE","FALSE","Y320F","1.31073757012917","0.0615474493340203","1"
"1591","Y","320","H","T","C","958","missense_variant","TAC","CAC","CAC","1","1.90787950135732","0.0653542443209789","3","51808","5.79061148857319e-05","9","41418","0.000217296827466319","1.52951257446206","0.061668088537723","3","51808","5.79061148857319e-05","10","59820","0.000167168171180207","FALSE","FALSE","Y320H","1.71869603790969","0.063511166429351","1"
"1592","Y","320","I","TA","AT","958","missense_variant","TAC","ATC","ATC","2","-1.48443792142144","0.0490252494795658","7","51808","0.000135114268066708","2","41418","4.82881838814042e-05","-1.01480794176175","0.049420945535908","7","51808","0.000135114268066708","4","59820","6.68672684720829e-05","FALSE","FALSE","Y320I","-1.2496229315916","0.0492230975077369","1"
"1593","Y","320","K","TAC","AAG","958","missense_variant","TAC","AAG","AAG","2","1.05988259480237","0.0612723924813808","3","51808","5.79061148857319e-05","5","41418","0.000120720459703511","1.66701609821199","0.0623299647863642","3","51808","5.79061148857319e-05","11","59820","0.000183884988298228","FALSE","FALSE","Y320K","1.36344934650718","0.0618011786338725","1"
"1594","Y","320","M","TAC","ATG","958","missense_variant","TAC","ATG","ATG","3","-0.677082999363836","0.0529114702291174","1","51808","1.9302038295244e-05","0.5","41418","1.20720459703511e-05","-1.20745301970415","0.0484936441982377","1","51808","1.9302038295244e-05","0.5","59820","8.35840855901036e-06","FALSE","FALSE","Y320M","-0.942268009533992","0.0507025572136776","1"
"1595","Y","320","N","T","A","958","missense_variant","TAC","AAC","AAC","1","2.54530942197261","0.0684225273229166","9","51808","0.000173718344657196","42","41418","0.00101405186150949","1.42997690091114","0.0611889713746192","9","51808","0.000173718344657196","28","59820","0.00046807087930458","FALSE","FALSE","Y320N","1.98764316144188","0.0648057493487679","1"
"1596","Y","320","Q","TAC","CAG","958","missense_variant","TAC","CAG","CAG","2","0.248916419192387","0.0573687888830923","20","51808","0.00038604076590488","19","41418","0.00045873774687334","0.0555813861296453","0.0545732882076398","20","51808","0.00038604076590488","24","59820","0.000401203610832497","FALSE","FALSE","Y320Q","0.152248902661016","0.0559710385453661","1"
"1597","Y","320","S","TA","AG","958","missense_variant","TAC","AGC","TCC","1","1.4383942180561","0.0630943665401828","12","51808","0.000231624459542928","26","41418","0.000627746390458255","1.79254698029585","0.0629342104599033","12","51808","0.000231624459542928","48","59820","0.000802407221664995","FALSE","FALSE","Y320S","1.61547059917598","0.0630142885000431","1"
"1598","Y","320","T","TA","AC","958","missense_variant","TAC","ACC","ACC","2","-0.570167795447324","0.0534261089246293","13","51808","0.000250926497838172","7","41418","0.000169008643584915","-0.907892737845241","0.04993558423142","13","51808","0.000250926497838172","8","59820","0.000133734536944166","FALSE","FALSE","Y320T","-0.739030266646283","0.0516808465780247","1"
"1599","Y","320","W","AC","GG","959","missense_variant","TAC","TGG","TGG","2","1.71523442341492","0.0644269429833086","24","51808","0.000463248919085855","63","41418","0.00152107779226423","1.16178078996157","0.0598980034708564","24","51808","0.000463248919085855","62","59820","0.00103644266131729","FALSE","FALSE","Y320W","1.43850760668825","0.0621624732270825","1"
