"","experiment","wt_netgr_obs","netgr_wo_drug","drug_effect_wt"
"1","Enu_3",-0.00894984607872448,0.055,0.0639498460787245
"2","Enu_4",-0.00380596331879454,0.055,0.0588059633187945
"3","M3",-0.0361846052911366,0.055,0.0911846052911366
"4","M4",-0.0263136622398908,0.055,0.0813136622398908
"5","M5",-0.0284170479364321,0.055,0.0834170479364321
"6","M6",-0.0429625512920943,0.055,0.0979625512920943
"7","M7",-0.0361434961895258,0.055,0.0911434961895258
